{
  "KT": {
    "theta": [
      -0.3999256720134792,
      0.37169308872590173,
      1.935215473907806,
      -0.94191990224869,
      1.3356759456962572,
      1.1013058439464503,
      1.2642520715536265,
      -1.0046393813015568,
      -2.652105260106885,
      -0.30155913666050976,
      1.1446743203539036,
      2.6068521666107585,
      -1.5871813858613035,
      34.46042550507085,
      -0.43715238772057174,
      3.872827685956033,
      0.14674576413068166,
      -0.327093883240172,
      1.359962402630698,
      1.2681971504325429,
      -0.6929418945416386,
      -0.7928516678234794,
      -1.5125204271958188,
      1.0918061490042892,
      -0.6814531259059976,
      0.39889894768562817,
      1.5814310269494625,
      1.8620942990819964,
      3.6685850454502202,
      -1.8056332302262954,
      -1.4360294001824234,
      4.618024984186339
    ],
    "boundary": 0.5,
    "sr_formula": "compiled"
  },
  "KQ": {
    "theta": [
      71.93595756685227,
      -42.53588279604564,
      -91.59874212221911,
      -55.925092280561245,
      -22.95552533277264,
      -12.784854631513333,
      -1.124983896284533,
      0.9943905808224757,
      0.6523603202324455,
      107.74325536417851,
      55.5802959354781,
      34.647338066414136,
      178.1584897731351,
      198.4499300457727,
      30.783021682374972,
      5.998770105178228,
      -269.76017281172375,
      27.07259509889827,
      -2.2158646376217925,
      -0.03879558930665351,
      0.022409693026918927,
      0.1194531351900128,
      -1.1573311268626016,
      1.048355706106615,
      0.40304663720178874,
      80.659784498538,
      37.14690616049326,
      10.271194676155057,
      -1.1931589450200055,
      0.5157195384298675,
      3.480208293147774,
      6.450948491162046
    ],
    "boundary": 0.5,
    "sr_formula": "compiled"
  }
}