timestamp,x,y,z,vx,vy,vz,roll,pitch,yaw,buoyancy_x,buoyancy_y,buoyancy_z,damping_x,damping_y,damping_z,wave_x,wave_y,wave_z,added_mass_x,added_mass_y,added_mass_z,coriolis_x,coriolis_y,coriolis_z,surface_z,z_over_l,phase_name,robot_type
1781495866.1814253,-8.059780953119928,0.00014559285118311553,0.7821757879936554,4.172842131139864e-05,5.057937726560984e-06,1.212372817877089e-06,-0.0012476480475904742,0.0020734878995608184,-0.001302104436763424,0.0,0.0,0.0,0.0,0.0,0.0,0.0,0.0,0.0,0.0,0.0,0.0,0.0,0.0,0.0,0.0,0.0,SUBMERGED,UGV
1781495867.1314452,-7.653938930774481,0.07479437405568813,0.7823677192674725,0.6545532968927406,-0.0004171390748508724,-0.03985776359164126,0.02725221670094533,0.012200291067910702,9.432237010051598,0.0,0.0,0.0,0.0,0.0,0.0,0.0,0.0,0.0,0.0,0.0,0.0,0.0,0.0,0.0,0.0,0.0,SUBMERGED,UGV
1781495867.9314618,-7.285121274801266,0.1294695325220293,0.7824339398765056,0.5694856120256856,-0.0041278643382767904,-0.06267582084859245,0.008887370377908535,0.015630158307126257,8.552260371696995,0.0,0.0,0.0,0.0,0.0,0.0,0.0,0.0,0.0,0.0,0.0,0.0,0.0,0.0,0.0,0.0,0.0,SUBMERGED,UGV
1781495868.7316132,-6.891485768359017,0.1718684969969262,0.7821993384953535,0.7904489703280544,-0.005916436329392254,-0.0025482529610441297,0.004888706555867006,-0.002772502548062307,3.2622791441903956,0.0,0.0,0.0,0.0,0.0,0.0,0.0,0.0,0.0,0.0,0.0,0.0,0.0,0.0,0.0,0.0,0.0,SUBMERGED,UGV
1781495869.331445,-6.4945070479906235,0.17992637442709358,0.7829332111362814,0.6365972627744858,0.12385254378054568,-0.16149361297801262,-0.13880134804431923,0.05342593488107207,-1.1172479724765538,0.0,0.0,0.0,0.0,0.0,0.0,0.0,0.0,0.0,0.0,0.0,0.0,0.0,0.0,0.0,0.0,0.0,SUBMERGED,UGV
1781495870.2315202,-6.100111213633945,0.15184350630601662,0.7821912499295839,0.7046996310952665,0.003926113823393432,-0.0085825836474663,0.004495145485293433,-0.004083945083192696,-12.320842597901684,0.0,0.0,0.0,0.0,0.0,0.0,0.0,0.0,0.0,0.0,0.0,0.0,0.0,0.0,0.0,0.0,0.0,SUBMERGED,UGV
1781495870.9815097,-5.702571436292299,0.04840826756427561,0.7822966617591002,0.638077908188871,0.062434755696892,-0.024378200763795578,-0.018790660559310005,0.00762795432658631,-16.66720671325954,0.0,0.0,0.0,0.0,0.0,0.0,0.0,0.0,0.0,0.0,0.0,0.0,0.0,0.0,0.0,0.0,0.0,SUBMERGED,UGV
1781495871.731774,-5.3513595511299386,-0.06541687515145791,0.7821330086209473,0.7675452620071683,-0.10603710716854603,-0.0020672481485284866,0.0026166356242700705,-0.02219453253525577,-22.223950349403864,0.0,0.0,0.0,0.0,0.0,0.0,0.0,0.0,0.0,0.0,0.0,0.0,0.0,0.0,0.0,0.0,0.0,SUBMERGED,UGV
1781495872.6315148,-4.984267684337345,-0.23555889980236458,0.7823039035634826,0.44187740105550943,0.06522212871311595,-0.0346803556503192,0.0035063583074856144,-0.01176685656643311,-28.164806454475446,0.0,0.0,0.0,0.0,0.0,0.0,0.0,0.0,0.0,0.0,0.0,0.0,0.0,0.0,0.0,0.0,0.0,SUBMERGED,UGV
1781495873.4815114,-4.6358798764336555,-0.41629493042861937,0.7821122742610136,0.37129831457430257,-0.0008569998087380043,0.002934881225166033,0.0020209055266014147,0.003698787391695856,-28.17781789861858,0.0,0.0,0.0,0.0,0.0,0.0,0.0,0.0,0.0,0.0,0.0,0.0,0.0,0.0,0.0,0.0,0.0,SUBMERGED,UGV
1781495874.0815167,-4.289435351827025,-0.5712578917884548,0.7821212936012505,0.555020555960269,-0.03987625516905351,0.0022147698242660978,-0.0002935674944525541,0.004715970187059074,-22.701647618852984,0.0,0.0,0.0,0.0,0.0,0.0,0.0,0.0,0.0,0.0,0.0,0.0,0.0,0.0,0.0,0.0,0.0,SUBMERGED,UGV
1781495874.781493,-4.023428146297151,-0.7717001875229694,0.7822303647156704,-0.14345769171683803,-0.20067398009562548,-0.009917678588309097,0.010825316915622527,0.0060699735441320955,3.672516187946348,0.0,0.0,0.0,0.0,0.0,0.0,0.0,0.0,0.0,0.0,0.0,0.0,0.0,0.0,0.0,0.0,0.0,SUBMERGED,UGV
1781495876.6316755,-3.689517940264317,-0.6429667679669546,0.7820873644889252,0.4925698757787581,0.0025026515333201466,-0.008232672607380018,0.005223300535559125,0.003290298267261569,27.187701172750057,0.0,0.0,0.0,0.0,0.0,0.0,0.0,0.0,0.0,0.0,0.0,0.0,0.0,0.0,0.0,0.0,0.0,SUBMERGED,UGV
1781495877.3314912,-3.3487550389011074,-0.4592277837949687,0.7823332110128981,0.6128206830295407,0.002399743922212455,-0.024331822600941574,-0.02454249155717074,-5.151594173206074e-05,28.86781286297475,0.0,0.0,0.0,0.0,0.0,0.0,0.0,0.0,0.0,0.0,0.0,0.0,0.0,0.0,0.0,0.0,0.0,SUBMERGED,UGV
1781495878.131499,-2.997746131478229,-0.2731897769663114,0.7822924656168582,0.6140136020405231,-0.024334546240298238,-0.0349635434917591,0.03615075479781745,0.01256486630176763,27.053097842442103,0.0,0.0,0.0,0.0,0.0,0.0,0.0,0.0,0.0,0.0,0.0,0.0,0.0,0.0,0.0,0.0,0.0,SUBMERGED,UGV
1781495878.8314579,-2.647095037303639,-0.11277245725135916,0.7831999380992402,0.5523444744801406,0.01997869314841695,-0.22787119919162338,-0.06075847269940544,0.03187547898922065,22.745201403071036,0.0,0.0,0.0,0.0,0.0,0.0,0.0,0.0,0.0,0.0,0.0,0.0,0.0,0.0,0.0,0.0,0.0,SUBMERGED,UGV
1781495879.781516,-2.262917202674424,0.030601755600252505,0.7821174941997369,0.39307759148054977,0.0014267669974871028,0.00015899322389394176,0.001209272872391365,0.004463754320766429,17.42330838140851,0.0,0.0,0.0,0.0,0.0,0.0,0.0,0.0,0.0,0.0,0.0,0.0,0.0,0.0,0.0,0.0,0.0,SUBMERGED,UGV
1781495880.381506,-1.8835841697737985,0.13588464020142363,0.7822270564620774,0.7213470897390972,0.00039565902514360207,-0.006003468692999405,-0.00687226082363963,0.003635051828738251,15.430350185903015,0.0,0.0,0.0,0.0,0.0,0.0,0.0,0.0,0.0,-0.0,0.0,0.0,0.0,0.0,0.0,0.0,0.0,SUBMERGED,UGV
1781495881.1815674,-1.5040895758727715,0.23599120142364655,0.7821834944013425,0.6880392019610194,0.00558328715078335,-0.004102531859687301,-0.009880420825330414,-0.009918323522924953,12.076950942421085,0.0,0.0,0.0,0.0,0.0,0.0,0.0,0.0,0.0,0.0,0.0,0.0,0.0,0.0,0.0,0.0,0.0,SUBMERGED,UGV
1781495881.9814277,-1.1313693314710873,0.3154038901520985,0.7821952300316003,0.522448758901581,-0.011651507134872348,-0.0012898111858321833,-0.0009802710408617454,-0.015221310579758443,12.753404101509025,0.0,0.0,0.0,0.0,0.0,0.0,0.0,0.0,0.0,0.0,0.0,0.0,0.0,0.0,0.0,0.0,0.0,SUBMERGED,UGV
1781495882.8314962,-0.7482221674371073,0.4009805081397825,0.7834652878705618,0.13929354141191264,0.20128403702340514,-0.23842608586837477,-0.2710367281311106,0.07660440952022605,8.443546814240559,0.0,0.0,0.0,0.0,0.0,0.0,0.0,0.0,0.0,0.0,0.0,0.0,0.0,0.0,0.0,0.0,0.0,SUBMERGED,UGV
1781495886.6815417,-0.4931993218381605,0.38415883205710516,0.7006481364881345,0.00010495259303236872,2.813564303549484e-05,-1.254404247460697,-0.0011384325122349077,0.0026024370591425272,-2.9878264387073235,0.0,0.0,0.0,0.0,0.0,0.0,0.0,0.0,0.0,0.0,0.0,0.0,0.0,0.0,0.0,0.0,0.0,SUBMERGED,UGV
1781495886.8815172,-0.4806273542327477,0.38539002762714863,0.33132851247082995,0.5769720017736854,0.09025598753970845,-1.0778560197549059,-1.425376472100313,10.311886171771926,-4.169090882699304,0.0,0.0,0.0,0.0,0.0,0.0,0.0,0.0,0.0,0.0,0.0,0.0,0.0,0.0,0.0,0.0,0.0,SUBMERGED,UGV
1781495891.4814918,-0.1971998952630472,0.36100240470066874,0.26504458143404624,0.3006018057744774,4.878914679405655e-05,4.4539497890373666e-05,-1.6441848776246062,11.35062802401264,-8.295906855557863,0.0,0.0,0.0,0.0,0.0,0.0,0.0,0.0,0.0,0.0,0.0,0.0,0.0,0.0,0.0,0.0,0.0,SUBMERGED,UGV
1781495893.0814643,-0.1595587152567396,0.35560515841393914,-0.21042968616655627,0.5951841501420008,0.0849275832305531,-2.958027878957278,-1.6436096773080608,11.361772689689968,-8.292449057339478,0.0,0.0,0.0,0.0,0.0,0.0,0.0,0.0,0.0,0.0,0.0,0.0,0.0,0.0,0.0,0.0,0.0,SUBMERGED,UGV
1781495893.2815754,-0.15535629793186587,0.23642913046015004,-0.31877842146785496,-12.794881404923585,-2.3273952095304375,-5.13012595738926,-0.9050855943713272,6.328052511258715,-8.247212786149483,0.0,0.0,48.357119999999995,9387.495326254386,-17.002339681066506,-47.00624645133082,0.0,0.0,0.0,-12187.253150920831,-4846.371183879801,-9847.264052250332,7.1789160776449625,41.83844526293991,170.2545693485706,0.0,0.0,SUBMERGED,UGV
1781495893.43147,-0.294842290980931,0.24001712859940297,-0.3057066763966202,-10.511933880488632,7.181571063637215,-2.9935482387028873,-5.719927085498421,6.971418936671029,-5.848217429050395,0.0,0.0,48.357119999999995,2625.4981136312663,5828.42267406847,395.89578300977985,0.0,0.0,0.0,5511.489570967899,-14455.121777499568,-15780.37998035914,-76.56528735589332,33.789754343485995,75.2808517206719,0.0,0.0,SUBMERGED,UGV
1781495893.5814898,-0.2934199372228318,0.40638673728480734,-0.3171688376314714,8.885083266278565,12.272063378992339,-1.0728933138626984,-7.456685356655015,14.655148974262673,-4.90525993233508,0.0,0.0,48.357119999999995,-3602.049646411398,6637.878232873935,-154.85004625494864,0.0,0.0,0.0,13969.002509253223,414.941717858866,-13361.06314233142,-9.890001198257512,21.712945289615597,264.267899654104,0.0,0.0,SUBMERGED,UGV
1781495893.7314646,-0.13877127051807459,0.42843670181564764,-0.35238116512051837,12.287913285109292,-7.28685962015272,1.082176049102506,3.030278755151089,16.689025989774315,-2.5308590381934652,0.0,0.0,48.357119999999995,-6654.2799675342985,-2488.294217724096,156.7037211999205,0.0,0.0,0.0,-464.3160513392695,13417.049147571011,-15011.724582426323,32.15515935533765,-15.662635080617552,207.8497329273112,0.0,0.0,SUBMERGED,UGV
1781495893.8814895,-0.11758651556987852,0.27365914179672624,-0.36384643957606083,-6.502224180740059,-12.514256905219124,3.178977353342547,8.25902584934666,8.417793985525865,-0.34832493300000544,0.0,0.0,48.357119999999995,2016.2251537190566,-6889.998982612447,860.3350226507848,0.0,0.0,0.0,-12986.10321565633,-87.61148314468392,-16464.607272616915,0.11663860863712472,72.70315154730693,228.82273401207408,0.0,0.0,SUBMERGED,UGV
1781495893.9814694,-0.20632472343713382,0.21731606914159524,-0.23807169525791208,-17.296740088215515,0.10897133689495853,-18.742495735652508,-7.106076353638864,10.690985670253431,0.4249144089056496,0.0,0.0,48.357119999999995,12831.34682459937,5.954972365405277,-22571.347067391394,0.0,0.0,0.0,-9936.078741809815,-10112.959810567922,18968.124183224238,828.6203859987556,-139.91820055292118,611.1625471389918,0.0,0.0,SUBMERGED,UGV
1781495894.1314797,-0.3281014850613578,0.359629935161937,-0.2449018531349762,-2.977029758837523,16.960387899580297,-18.50056917420147,0.19722736187888867,16.11588391717961,2.370496139559528,0.0,0.0,48.357119999999995,503.2716334453986,12353.807932036483,-22001.702036377847,0.0,0.0,0.0,8620.741128102463,-8315.692377560663,15801.277220533608,294.3654201226016,1185.709250676879,907.7862277749988,0.0,0.0,SUBMERGED,UGV
1781495894.2814448,-0.23121894971789347,0.47188781971802174,-0.2819103436648208,17.019555952843376,0.9137288306942046,-17.63528879647575,7.165354219234774,11.13133926772992,5.09210401905764,0.0,0.0,48.357119999999995,-12438.196731471266,79.18021591564887,-20061.28511007687,0.0,0.0,0.0,11189.551335327276,9699.07596357004,12363.850716352572,-882.3609464193925,558.8049242902978,704.6198757203251,0.0,0.0,SUBMERGED,UGV
1781495894.431456,-0.11465379727341356,0.37987074948122096,-0.2964474036514756,8.215164158154614,-17.077380962480053,-18.651368596325444,0.9976824416372589,4.19412796695161,7.314734253432852,0.0,0.0,48.357119999999995,-1162.297832418726,-11917.106126599789,-17711.26159105453,0.0,0.0,0.0,-7613.828871658386,7986.0969250140615,8538.265054725503,-691.8854469760388,-1016.2428067165976,988.5622435200128,0.0,0.0,SUBMERGED,UGV
1781495894.5814836,-0.14393254594519664,0.24514551734754664,-0.301392235468407,-14.58516078442142,-4.926890817494891,-18.017968585450806,-6.341523154223476,7.377866083588417,8.7135230735554,0.0,0.0,48.357119999999995,11644.172459917387,-131.25181172382727,-15230.25905582891,0.0,0.0,0.0,-12366.995998137698,-9623.555352998625,5619.074099580277,717.6617781045021,-543.2796177497457,654.770613838134,0.0,0.0,SUBMERGED,UGV
1781495894.7314603,-0.3101136592647552,0.3199956872668303,-0.30756774626586925,-9.609427167224762,16.80699914823664,-17.11393481910396,-1.7822402087915257,14.877940639056375,9.9205592862245,0.0,0.0,48.357119999999995,4173.420063445671,12138.516869269115,-18922.327975315344,0.0,0.0,0.0,3870.5595687395758,-11733.393568048265,10088.927048415659,838.6860258860371,1057.1638451680383,1207.8973390147346,0.0,0.0,SUBMERGED,UGV
1781495894.8814468,-0.3120218444640139,0.4510277281845073,-0.31460805917169166,12.887574883481378,5.038253939138314,-15.857112502100936,6.9279952296517004,16.0004611209953,12.229731946292583,0.0,0.0,48.357119999999995,-7287.82703401072,1267.4703760008356,-16347.187544437576,0.0,0.0,0.0,14440.518690713168,7589.273287998329,6944.556522106864,-389.0635450081608,820.2838285280703,461.6021987701041,0.0,0.0,SUBMERGED,UGV
1781495895.0314841,-0.17114510721763446,0.42323903588748163,-0.34657877740651694,13.611528065762842,-14.919509621570139,-17.496663509625343,4.840005798954643,8.225771370449623,14.05709535979028,0.0,0.0,48.357119999999995,-5056.17617096974,-11671.380403264611,-13482.333575969078,0.0,0.0,0.0,-2788.413221460887,11781.442806007744,3291.8600478404014,-765.9273750883931,-817.0450711573721,1205.2221861968778,0.0,0.0,SUBMERGED,UGV
1781495895.18153,-0.09634563070503593,0.2939143633032454,-0.35662784236986733,-6.548170540738121,-8.472119889884091,-16.506977565673232,-4.146693224276216,4.028857572032665,15.840735823861811,0.0,0.0,48.357119999999995,2042.7568150578395,-3294.777503926433,-17660.72446420581,0.0,0.0,0.0,-12922.896517503608,-4892.219067479638,8617.39797624754,-37.81690975172127,-924.2376123649506,367.58572166452467,0.0,0.0,SUBMERGED,UGV
1781495897.2828908,-0.399192417321201,0.3676420595476724,-0.5068277367816411,-9.141456219529703,11.869760777478879,2.7027380860060215,-7.011998224152726,3.5050402588308263,28.647580121459274,0.0,0.0,48.357119999999995,3799.7372662559696,6229.350457876613,654.4008641612116,0.0,0.0,0.0,4042.78885913705,914.327204490814,-15888.879224773678,-96.99468539684186,-57.177380479455906,463.3879077675779,0.0,0.0,SUBMERGED,UUV
1781495897.683156,-0.11103708871625688,0.2974597484383024,-0.4449488046100527,-2.080330718830087,-0.11095288663517855,-17.784625325132765,-6.1891141668256715,2.9728917636473424,28.182243192504714,0.0,0.0,48.357119999999995,277.16854296022046,-6.039692443060671,-20400.46289990326,0.0,0.0,0.0,-11028.196127737014,-10027.108785770031,13526.693032134872,-198.53603452869623,-394.3792530952635,-16.612194304857578,0.0,0.0,SUBMERGED,UUV
1781495898.133024,-0.3153286780869652,0.3439048235732624,-0.48301994083072397,16.683845650180455,-16.94495063305668,-17.39107810454226,2.2993977761501094,10.992369790365686,27.376744782307128,0.0,0.0,48.357119999999995,-11969.473075242458,-12333.124056518089,-19518.995296848138,0.0,0.0,0.0,12378.86026724149,11477.703184070097,11182.866219852775,-880.6346424331899,-1024.561510829937,1475.2929003518861,0.0,0.0,SUBMERGED,UUV
1781495898.5330312,-0.366946922268854,0.39546289252167327,-0.331443888684407,-12.47126507577973,9.80174108378613,1.355926206829356,5.9419799428055695,15.428064802988303,25.258173866487038,0.0,0.0,48.357119999999995,6844.617972241981,4332.820186747,219.14327724297135,0.0,0.0,0.0,358.28432905334057,3606.367758995259,12959.351109887997,39.446971122272885,62.71776334669971,-652.2310397614094,0.0,0.0,SUBMERGED,UUV
1781495898.9830096,-0.13392901222903372,0.29792084215030323,-0.42376066524744105,-5.167259342861456,11.522751580179719,-5.641609062854448,1.6318867195256563,11.256076610682628,20.433618003887343,0.0,0.0,48.357119999999995,1326.3857996732943,5887.484605830246,-2362.1616283500985,0.0,0.0,0.0,-13028.66090489923,-15396.819503908864,18626.455079777836,67.9111967759239,91.4439262781896,199.12810551163457,0.0,0.0,SUBMERGED,UUV
1781495899.3830223,-0.29134581753851124,0.27177441647695044,-0.45457202084614895,16.305406996648777,-16.447861221803603,16.93286982316843,-0.6016052465540184,7.652831534695362,16.685879262845468,0.0,0.0,48.357119999999995,-11449.295204365597,-11645.208381006521,18577.812572355226,0.0,0.0,0.0,13368.379646682808,6450.769181044104,-9655.996017538317,-781.1126082885925,-1072.8319286603144,-1434.659673370446,0.0,0.0,SUBMERGED,UUV
1781495899.7830074,-0.36481528767961935,0.387871551429707,-0.6310963062227495,-15.34013885797069,7.700244208051959,-4.959083806163506,-4.47480805346796,5.542789367727716,12.489549158781053,0.0,0.0,48.357119999999995,10179.324008459791,2756.78526431682,-1870.5491001375738,0.0,0.0,0.0,-5001.878325156482,5530.091552383319,-10011.995752119818,197.28688489666249,218.73171365729866,760.3119284944677,0.0,0.0,SUBMERGED,UUV
1781495900.1829627,-0.16656152599122642,0.21879499012732148,-0.5182496603052144,8.199746391036998,6.812827009645857,-17.284998139734125,-6.679506017524073,6.2334338942965815,7.615831337134546,0.0,0.0,48.357119999999995,-3099.4673821923348,2197.3276909127376,-19311.884255156805,0.0,0.0,0.0,-4968.659026657803,-13294.46864837829,22706.55640500938,-108.18877701445203,199.6162897691693,103.99506925881579,0.0,0.0,SUBMERGED,UUV
1781495900.5829644,-0.40038854964103165,0.31618738022787657,-0.4789635378811469,-1.4193564667261034,-16.114750618536863,12.719859209699159,-8.423017727605073,7.430357895765899,2.460741493235501,0.0,0.0,48.357119999999995,-401.3591850722147,-12199.155721076035,5214.200063190999,0.0,0.0,0.0,11426.448524515294,10146.250118969794,5824.101109963799,219.84282628858355,-457.1466259496549,-657.2329490269577,0.0,0.0,SUBMERGED,UUV
1781495901.0329554,-0.258738141937138,0.4086702278576426,-0.5072766899718576,-16.66093732746025,5.415819776826117,7.747687979692482,-5.209055117016898,17.826372849767495,-3.3936984157419317,0.0,0.0,48.357119999999995,11936.143085901156,1443.7670257551852,4224.286670304203,0.0,0.0,0.0,-11921.91511152042,7741.327618947225,7102.0836148799335,254.63753718230032,372.4791534756016,-646.0980432606734,0.0,0.0,SUBMERGED,UUV
1781495901.3828912,-0.2970926531031068,0.13901577214065752,-0.6414229076034281,16.027434733192337,1.0138378941631239,-15.883361587193148,-11.199943454513068,14.132522261739684,-8.648799546811745,0.0,0.0,48.357119999999995,-11077.223406215162,91.6798530163195,-16396.181528876485,0.0,0.0,0.0,5856.191605978969,-10655.04588089194,6988.71830847608,-910.9633109278338,-555.7281665474524,707.3093884833098,0.0,0.0,SUBMERGED,UUV
1781495901.832925,-0.4414354670996244,0.254197136064456,-0.6718582567670479,-1.7740437317553541,-15.51168498262515,-11.335465230035648,-1.3895104466983694,18.32146014814925,-13.900710308088536,0.0,0.0,48.357119999999995,214.5249271734141,-10399.671446041177,-8607.74065652488,0.0,0.0,0.0,9452.200170762131,5159.233702784393,-2196.4714546841806,383.7149280978727,-683.1948138017776,796.3586707218325,0.0,0.0,SUBMERGED,UUV
1781495902.2329628,-0.18961820267672172,0.33537058120854635,-0.5858356651919175,-12.926751483758958,4.739969070581267,-9.5405087362206,1.1525207500017045,14.937600055802553,-18.05423213633162,0.0,0.0,48.357119999999995,7330.454702114922,1135.575497719909,-6226.566880251653,0.0,0.0,0.0,-15492.282743800792,7635.024885258239,20937.626085210795,121.81094207905652,-154.07325808192294,70.79034124170315,0.0,0.0,SUBMERGED,UUV
1781495902.6329558,-0.3491965181682097,0.139845458572888,-0.6326418224681875,17.26117787588365,4.227427553373306,17.704518600216772,0.6294038947183036,12.71952012129735,-22.4533415515297,0.0,0.0,48.357119999999995,-12781.551797894093,925.9508663876605,20230.144071217,0.0,0.0,0.0,10792.225045691495,-11446.770150159102,-12553.039973568795,-853.2371084247457,-169.478561562739,-633.033242282774,0.0,0.0,SUBMERGED,UUV
1781495903.0829275,-0.43690233924460714,0.23497148031180573,-0.5851307392095786,-5.350123119647365,-14.970558112088789,13.864427692439072,-6.985587478748136,10.592167690549834,-26.670738969461127,0.0,0.0,48.357119999999995,1412.4659641319417,-9711.933702363722,12657.877459283312,0.0,0.0,0.0,7436.487104703161,3316.685669851018,-2192.7527744385307,572.7865694346566,-933.0386100544222,-982.1277230894389,0.0,0.0,SUBMERGED,UUV
1781495903.482933,-0.23161631220869258,0.2860108440134489,-0.830295988769647,-8.069347815796323,2.5185221935360245,5.367580267916163,-9.790647909862232,12.324344340592083,-29.6043530256951,0.0,0.0,48.357119999999995,3008.025265635068,379.63326492762553,2156.622846368775,0.0,0.0,0.0,-13535.45397218797,8773.99094578893,-18314.33961366884,47.09141390325217,-68.43421443785513,-30.959596374222357,0.0,0.0,SUBMERGED,UUV
1781495903.8829415,-0.3824998850847916,0.17655483363426142,-0.7535701161855335,16.934523531267235,13.11671949032268,-16.93328399501713,-12.018371612081884,15.566663541746477,-31.829192461663617,0.0,0.0,48.357119999999995,-12319.294670532201,7537.781259681631,-18547.219461667097,0.0,0.0,0.0,9381.198604132385,-14488.94579874865,9882.820896185256,-979.5714596862796,490.22621682804856,1087.9035704490675,0.0,0.0,SUBMERGED,UUV
1781495904.282944,-0.4121096223464698,0.23712740797333104,-0.6015956359115905,-9.525574719541844,-15.164972052558003,0.35353074754288094,-13.230936675062367,19.918324679432192,-33.86409366530253,0.0,0.0,48.357119999999995,4105.780664979924,-9956.77344681239,36.03599212165956,0.0,0.0,0.0,3873.3371137055337,4259.818799431004,13742.077002559563,-21.11560283283275,-34.678741810267,-730.5771625655784,0.0,0.0,SUBMERGED,UUV
1781495904.6829922,-0.20496304186868064,0.27465104146144564,-0.8280661167611254,2.8881546588451723,7.694413178018491,16.63294340826245,-14.827578185273454,21.115042169292835,-34.391043714702064,0.0,0.0,48.357119999999995,35.90743115324315,1137.34582706595,21841.488041644767,0.0,0.0,0.0,-9882.46816986085,7168.848850709977,-18412.386575689598,-214.7923150861954,502.0285912216489,-98.65099362355792,0.0,0.0,SUBMERGED,UUV
1781495905.082995,-0.5135323561504649,0.19686875169954696,-0.8085199304183137,11.015062257082693,6.243120081936292,-9.269773786190001,-11.77890165291054,21.44047721682469,-33.95821404787752,0.0,0.0,48.357119999999995,-5403.849372573666,1871.1958662120371,-5897.516223324385,0.0,0.0,0.0,14295.533733494216,-13029.737572103597,-4985.537378573816,3.114828322634658,-254.49261666998558,-140.07643528477595,0.0,0.0,SUBMERGED,UUV
1781495905.532968,-0.4498233048996597,0.24584681621878196,-0.88365175530531,-14.504659036520607,-15.267419134703154,-8.547135191303,0.5123437491221606,13.012602829494988,-31.70916999887857,0.0,0.0,48.357119999999995,9140.015375526975,-10086.786092174958,-5060.141952425547,0.0,0.0,0.0,-2980.652952642194,4826.662837663715,-6018.173782748763,386.51631079378103,-486.4591111393073,1220.7480701477157,0.0,0.0,SUBMERGED,UUV
1781495905.9329836,-0.20008861399171352,0.2825699203526395,-0.7733496916318632,5.164627435200073,4.8110046304271,-12.689185208587698,3.129131706526871,10.76886077140336,-30.061584960790544,0.0,0.0,48.357119999999995,-1325.1091837714018,1166.2447673997783,-10679.201918037545,0.0,0.0,0.0,-7307.714501176114,7506.91107034253,22121.014647638513,118.76319952525385,-127.09806493409478,-77.20548876317307,0.0,0.0,SUBMERGED,UUV
1781495906.3330326,-0.5108888128849942,0.21048363116567811,-0.7536487587538532,5.65652661177935,8.306672914644693,13.009953736919192,4.009147935394883,10.29676038014832,-28.280953304374762,0.0,0.0,48.357119999999995,-1562.649800507075,3175.4255771873068,11196.097378196944,0.0,0.0,0.0,12215.964180286393,-13165.340064598597,-1000.6809269452742,281.91907451669596,-157.58106229449777,178.55165501196777,0.0,0.0,SUBMERGED,UUV
1781495906.7829978,-0.39517228524682496,0.20731043039636352,-0.7653113105759581,-16.789914134360767,-14.686111856914323,11.794876430842528,-4.949626425571459,22.21658251823481,-25.407884015232774,0.0,0.0,48.357119999999995,12115.09264684238,-9360.282196481401,9303.920897801188,0.0,0.0,0.0,-8691.684380275285,2848.7801480719495,1421.7717617973824,573.2203203507362,-776.2187240255657,-1424.8389308803958,0.0,0.0,SUBMERGED,UUV
1781495907.1829767,-0.30242015558282637,0.34744025802703443,-1.005609166561787,9.619410501604014,2.5312240924653886,7.728422970331597,-5.449787371949183,25.55072431243885,-21.558188794610064,0.0,0.0,48.357119999999995,-4182.323421282091,382.82287536321377,4200.087414975066,0.0,0.0,0.0,-3525.343614252483,8675.443100521847,-19544.647066258225,119.47301458083246,-157.62631162159187,160.3034029929705,0.0,0.0,SUBMERGED,UUV
1781495907.5831594,-0.5283643638319866,0.22843722927064364,-0.8557338840889139,-3.590167780988347,9.307066726015355,-18.210611621845242,-6.229964702703883,24.73927127449045,-16.698529032514585,0.0,0.0,48.357119999999995,-4.769971449430806,7559.97320249664,-15988.21389701101,0.0,0.0,0.0,10208.317844056975,-14370.394369682253,6685.438571631916,329.35297216554704,293.8227223602677,172.07453099792554,0.0,0.0,SUBMERGED,UUV
1781495907.983015,-0.278946088730544,0.2570634170654821,-0.8583023408570026,-9.070549515935095,-16.62885765601585,2.5657603355343084,-5.019777170960296,24.070597852700413,-10.738199678745584,0.0,0.0,48.357119999999995,3744.732626328814,-11892.552935443739,601.0612448102346,0.0,0.0,0.0,-14144.816066229567,8806.177324221771,12098.732772882731,-83.36968775813527,-126.52851474027958,-419.9070357216303,0.0,0.0,SUBMERGED,UUV
1781495908.3829756,-0.38446621283425,0.41146148997271625,-0.9506477109382143,17.262052164407077,7.705613710515136,18.50293468343094,-5.135560175482556,22.469271361531785,-4.790595652496915,0.0,0.0,48.357119999999995,-12782.180057112017,2760.84425639784,22027.381639679246,0.0,0.0,0.0,10640.846283310773,5159.084610667072,-20626.00692865288,-742.229396800964,370.96239207842746,-677.4740171227338,0.0,0.0,SUBMERGED,UUV
1781495908.7831087,-0.4955043331580426,0.20105315379769095,-1.0101922678479465,-12.864399269507667,2.567292618113601,-10.71384928687511,-1.0504749688757034,18.05886399402665,1.1170745475447834,0.0,0.0,48.357119999999995,7262.686558977369,392.16205909236413,-7739.189975723977,0.0,0.0,0.0,3483.634376483691,-13303.836809208362,-8514.667589643263,523.207559371979,-280.8182432471813,448.8857013080334,0.0,0.0,SUBMERGED,UUV
1781495909.23298,-0.3436199274184258,0.3073088870496024,-1.1035532912365749,-3.02819428714999,-14.798822937219363,-5.530366084758436,12.648470678271677,15.562945572113465,7.061367378532133,0.0,0.0,48.357119999999995,518.1324644746032,-9500.333204375014,-2275.7916144370856,0.0,0.0,0.0,-11601.796772185047,3810.527615945566,-9439.792242517833,-161.02105793904943,-276.52463419043596,521.6639354447607,0.0,0.0,SUBMERGED,UUV
1781495909.6329432,-0.46230256860559626,0.4422697798252756,-0.9206566232060654,16.432566852187893,3.86232737361288,-17.103192754910594,14.701163304611029,18.927502716020502,12.983471172271353,0.0,0.0,48.357119999999995,-11623.057949946467,789.8956408839947,-18920.19389066193,0.0,0.0,0.0,14181.135879646752,8063.109284376416,23010.109287006617,-478.9603391796188,64.38278330972597,379.7721284398867,0.0,0.0,SUBMERGED,UUV
1781495910.0329556,-0.4146693642448209,0.21804541651980916,-0.9544547173670912,-16.083647149317834,5.824098432523862,13.262569786805967,16.185506826596292,22.190678387396293,17.866776187268847,0.0,0.0,48.357119999999995,11150.759656008457,1648.387618391075,11622.753859406223,0.0,0.0,0.0,-5824.761295129859,-12328.30232699779,-1310.1043972303898,770.7542012988691,-381.0761798592148,-613.6197315666345,0.0,0.0,SUBMERGED,UUV
1781495910.4830158,-0.27610231590507966,0.32778759561481025,-0.9869310302916473,1.007634241798879,-13.15080484830252,8.187719070323721,5.161094173053315,21.58981897955478,22.236582429540828,0.0,0.0,48.357119999999995,-90.95844159451156,-7575.680172221947,4681.212434000675,0.0,0.0,0.0,-10224.0630503693,422.26771362306226,6592.255178463315,-317.5076051056957,-433.6883865904344,-588.2635968682164,0.0,0.0,SUBMERGED,UUV
1781495910.8331141,-0.5968040616707959,0.40003012597076604,-1.0163563849060682,5.561395937592625,8.443674779682185,-16.533245324187376,15.41349264389827,24.963739797110026,26.831225330082646,0.0,0.0,48.357119999999995,-1515.0868883771277,3273.9131879168726,-17714.85521832177,0.0,0.0,0.0,12547.085466608012,4990.963365359809,8598.166617694305,95.34092277650275,956.4955790822509,365.22457139568166,0.0,0.0,SUBMERGED,UUV
1781495911.283432,-0.4932569985486356,0.28963242066778344,-1.1304880491719285,-15.210939307575067,14.390651404642728,-11.936041258372656,2.6385214057989783,16.74523498563459,28.789288505876165,0.0,0.0,48.357119999999995,10014.479748737942,9002.974215770562,-9494.813536332455,0.0,0.0,0.0,-4241.890540788096,-13904.18103095275,-1055.906544068015,604.9384333396001,456.9324860807303,1057.897413522327,0.0,0.0,SUBMERGED,UUV
1781495911.6830173,-0.3469155389433306,0.3969038140525524,-1.010071327569301,9.266783582268571,-16.307168213651387,-2.0501013585129093,2.837302685186062,13.103259583530813,30.99421036641421,0.0,0.0,48.357119999999995,-3898.102747479672,-11452.72309127463,-415.8321267642625,0.0,0.0,0.0,-4113.912018627084,7246.5275274818005,15550.929661949342,17.845678058845067,83.35569827162074,-595.2838599248284,0.0,0.0,SUBMERGED,UUV
1781495912.0829663,-0.635019477842666,0.39612378577464896,-1.0447685229401236,1.016424503332674,6.7011800115545315,18.175707292042148,2.64145578890759,12.150459822110301,32.78697707709595,0.0,0.0,48.357119999999995,-92.0648734328199,2131.124596251428,21280.733254315375,0.0,0.0,0.0,10087.180309718755,6004.4245043486335,-14990.027297645851,198.24872877530368,763.027216400678,-216.15445372110926,0.0,0.0,SUBMERGED,UUV
1781495912.483002,-0.42313005410077803,0.3156780531124327,-1.23070960284921,-14.649376605631897,8.469415983608988,-2.53064320034577,4.761192380802071,13.39442524673846,34.39237026552069,0.0,0.0,48.357119999999995,9316.690860976429,3292.7673978309667,-587.0312273757802,0.0,0.0,0.0,-14178.147774029647,-13831.875038121667,-12234.337601999494,-14.590598121123655,-4.566844309677336,-79.77000614936956,0.0,0.0,SUBMERGED,UUV
1781495912.9329705,-0.4384611701448265,0.34412107224861843,-1.284990872634531,9.30902432694812,-11.871946354609555,2.6665225777608192,18.424467485833905,23.8997348557596,36.47339138583664,0.0,0.0,48.357119999999995,-3931.910073446096,-6231.304004371342,639.7862358394359,0.0,0.0,0.0,-3862.0616544518875,-963.1240135698922,-15804.9205755125,21.29765070094654,111.58971635477462,457.0063797754566,0.0,0.0,SUBMERGED,UUV
1781495913.2831972,-0.6335248880203244,0.39412180130622804,-0.9998632856765521,-4.9719328766366555,6.603209205368926,7.165034070096677,9.02112725563493,17.90778168981192,35.12752297700717,0.0,0.0,48.357119999999995,1237.2843541601123,2074.099938274662,3655.4375153718547,0.0,0.0,0.0,7888.578003605338,6763.910507740433,7949.520026940672,257.20336558523553,318.6393467817253,-377.57778499731353,0.0,0.0,SUBMERGED,UUV
1781495913.7329388,-0.36474953745094674,0.322169888259756,-1.1527061835263939,-10.378157356037754,10.655188088736248,6.671460867616501,16.55586868873801,26.495358959983214,34.37232744871175,0.0,0.0,48.357119999999995,4827.1863321930405,5074.11746993604,3203.684058411777,0.0,0.0,0.0,-14080.966699946552,-14155.092545280411,8099.909007681458,-66.21887688293779,-117.67975273782282,232.79030443411085,0.0,0.0,SUBMERGED,UUV
1781495914.1329567,-0.5031660838801312,0.31911036300549184,-1.239140329207472,17.04682423958549,-16.220081273101922,16.22702688982169,13.437067682284527,24.705198272178905,31.27373806637568,0.0,0.0,48.357119999999995,-12475.978062316583,-11335.103744369439,17100.17238287765,0.0,0.0,0.0,8911.340031489573,5974.318884988441,-23617.0910072415,-489.4027470062911,-297.08749037068173,-648.8134023179157,0.0,0.0,SUBMERGED,UUV
1781495914.5329537,-0.6672600597747078,0.3865558546904421,-1.2232934892469465,-11.810010615748329,8.288390892482706,-14.784683745783187,10.060712177584174,21.588522014204056,27.55847660716088,0.0,0.0,48.357119999999995,6169.174788051206,3161.736869849016,-14283.694130909924,0.0,0.0,0.0,1477.2310363827849,5084.708770089103,3936.294150182835,812.5052826294177,783.2650541352102,870.909397423485,0.0,0.0,SUBMERGED,UUV
1781495914.9829934,-0.4412691615457645,0.3019046250818893,-1.336573055613053,-5.363916171174628,14.176131831319482,-9.982183639772547,-2.7346405967102445,16.754762848975297,23.15330402385982,0.0,0.0,48.357119999999995,1418.943633053017,8747.467535234859,-6775.883411195679,0.0,0.0,0.0,-12588.680112264767,-14039.406858478409,-3937.5110392474267,-252.16709076230723,272.25383498430716,200.93886454657536,0.0,0.0,SUBMERGED,UUV
1781495915.383267,-0.5247729502439681,0.27109065592319653,-1.1748477799747614,16.67294887759244,-14.695468693306408,-11.646121278741873,-4.586850002649371,18.733173471039485,18.970460484520178,0.0,0.0,48.357119999999995,-11953.16002178424,-9372.842065178855,-9069.901316554055,0.0,0.0,0.0,13358.965583924033,3117.3065272294552,22287.08356590399,-239.95085592967195,126.98812947336941,146.62586876982468,0.0,0.0,SUBMERGED,UUV
1781495915.7829921,-0.611389235365901,0.4095897938146248,-1.211012557332571,-16.12871230951982,6.762098044250518,17.088529505546227,-4.812686265515803,21.2959764169974,13.717167855633406,0.0,0.0,48.357119999999995,11211.65874591495,2166.305484290043,18908.393190613962,0.0,0.0,0.0,-5628.886273117289,6209.262621040168,-10126.867713231391,934.6257538272198,1014.6271369533507,-1026.2585633278422,0.0,0.0,SUBMERGED,UUV
1781495916.1829798,-0.49317278894566563,0.2153753426036538,-1.4120895309546926,6.158451054765121,9.251953112297572,0.08125628957392297,-5.263984211110459,26.036970709431987,7.843135535571379,0.0,0.0,48.357119999999995,-1825.0180132278751,3886.5878613892332,6.790356403806777,0.0,0.0,0.0,-6634.550798351641,-14116.88051782349,-14383.283198982916,-7.916364356399946,-5.6874329032187365,38.63710187979237,0.0,0.0,SUBMERGED,UUV
1781495916.633017,-0.6591341398019744,0.20188438441148862,-1.358454183017705,12.334919124448833,-11.268230530741434,7.06793953284103,6.172283181384515,26.96304092931818,1.1074782225829936,0.0,0.0,48.357119999999995,-6702.697264906258,-5642.488807270972,3561.7180812580764,0.0,0.0,0.0,14616.861429145287,-1684.0030520322355,-19324.234994215025,-106.38087311540255,183.32496054653853,85.30992195697505,0.0,0.0,SUBMERGED,UUV
1781495916.9829865,-0.45922903261559417,0.3849855952254993,-1.2795111964371115,-12.881464441667974,8.979511255991365,8.6110093822506,-4.017594091021186,29.668437859622333,-3.9885949985978773,0.0,0.0,48.357119999999995,7281.590642988747,3674.164195036401,5139.685364544487,0.0,0.0,0.0,-14266.591927546062,4732.9148394233835,5996.660919292322,-46.16608446549119,461.4814435368432,-329.6668961392107,0.0,0.0,SUBMERGED,UUV
1781495917.4330819,-0.47364285522670474,0.1685416659307102,-1.2740080546401025,10.248116830641418,12.288872065753008,3.140206551507896,0.8585113024331085,18.755693130618496,-10.37004027198969,0.0,0.0,48.357119999999995,-4713.460808064971,6655.19091494692,842.9800957190193,0.0,0.0,0.0,-3184.4725823672193,-14548.114145274965,11603.214108922148,-99.19204237153198,-22.773118689409717,-187.66373314455686,0.0,0.0,SUBMERGED,UUV
1781495917.8331678,-0.7184759788728977,0.2632843673753613,-1.3634827083930925,-0.22173378258934373,-15.586230374019406,18.42767009619694,-2.0330392876932706,17.666249933360408,-15.240028404262693,0.0,0.0,48.357119999999995,13.099065195544137,-10496.246190083299,21854.842109533078,0.0,0.0,0.0,9566.778195706376,4275.874305696532,-21377.19417084378,-35.28742562621891,-852.5429695936946,-576.4393251711888,0.0,0.0,SUBMERGED,UUV
1781495918.23295,-0.5103002403879106,0.3220618841190539,-1.4924719097379824,-9.985790839043787,6.450554883461985,-11.172703489094726,-6.055464738626549,17.40054409969078,-19.40144872694261,0.0,0.0,48.357119999999995,4488.019239040225,1986.9847471642836,-8381.160902930189,0.0,0.0,0.0,-14045.632244863948,6571.718592057034,-2368.1786312182753,-44.85805945578831,513.1094023199612,204.95607272321814,0.0,0.0,SUBMERGED,UUV
1781495918.68307,-0.6434070485323841,0.15593733609566407,-1.4680379916161614,15.32233862922079,12.680618109112867,-10.203024077665022,-16.81429720882711,25.576538912222478,-25.010962757179957,0.0,0.0,48.357119999999995,-7464.852623093036,10358.053847431962,-2663.46360999126,0.0,0.0,0.0,4648.139022158649,-14408.394433367088,-3699.0798188900885,-568.8188810381228,28.64524446083341,712.0859374463588,0.0,0.0,SUBMERGED,UUV
1781495919.0330012,-0.691571847062172,0.26296277312288757,-1.3020752878946285,-13.264206978928978,-17.178223773646895,17.622576200021467,-12.824988204062825,20.059380303852137,-26.58415926598687,0.0,0.0,48.357119999999995,4536.553881628885,-12127.137728042455,13852.546369215135,0.0,0.0,0.0,3667.8943019625417,7980.201087295625,-3563.1541574510265,718.516387414729,-999.536143017564,-1320.6182203509059,0.0,0.0,SUBMERGED,UUV
1781495919.4830244,-0.4664639029095417,0.29116035919209926,-1.4545517630083271,-4.806676442387873,4.905397817355918,14.02127526036651,-15.498599406639682,29.08894754688137,-30.87407787089579,0.0,0.0,48.357119999999995,1164.6659054804857,1208.0006658460968,12924.108480584038,0.0,0.0,0.0,-11910.21314561792,7797.204531154957,-2862.68530996658,-323.54882808878506,740.828095848418,-118.59335626373317,0.0,0.0,SUBMERGED,UUV
1781495919.9329488,-0.5773885223374944,0.19575452475547134,-1.3744723823787386,15.279506142590838,16.43226426033042,9.050332761228486,-4.256162800856704,17.735151159261218,-30.671045617630778,0.0,0.0,48.357119999999995,-10102.808818708305,11623.39487877945,5645.388121827954,0.0,0.0,0.0,4173.40823379141,-12313.004666612305,5322.152276322854,-483.1271263737368,366.19991534108493,-1183.7030548504565,0.0,0.0,SUBMERGED,UUV
1781495920.2830834,-0.7567667746726826,0.24404508895027588,-1.4645618806197562,-12.27153881281297,-15.619090778268054,-17.23976443834307,-10.20394616137555,24.959671414568128,-32.58807655628131,0.0,0.0,48.357119999999995,6636.365327034484,-10538.069661184109,-19187.04033847637,0.0,0.0,0.0,844.9079260693111,4698.064853578558,10165.12894954485,939.6056689894795,-1187.8067362203747,1396.824741692877,0.0,0.0,SUBMERGED,UUV
1781495920.6829402,-0.4637901959359239,0.273866280794569,-1.4471952171630058,0.7353915278790308,4.436483715458172,0.4811449384785086,-7.493698574249189,22.524779700529614,-32.189182998128715,0.0,0.0,48.357119999999995,-58.39261155833311,1008.9998050958054,52.26555759395983,0.0,0.0,0.0,-10298.04745460969,8101.703137821534,13941.00425247173,-18.39424743759578,13.559736424854329,-122.72110804384143,0.0,0.0,SUBMERGED,UUV
1781495921.1329815,-0.7268210715883509,0.2065373933566715,-1.3871324581202806,14.469605651003707,13.153473735417633,-0.4086413511462774,-3.0650699681804907,16.318675351040202,-31.955710613973675,0.0,0.0,48.357119999999995,-9098.335457081534,7578.103421722318,-42.82827783491245,0.0,0.0,0.0,14403.612393542313,-14918.940344056471,14620.220636352979,-6.674943410561263,1.8033575158445507,234.9964701407334,0.0,0.0,SUBMERGED,UUV
1781495921.5329728,-0.757736968987187,0.22513492146109804,-1.469818625381937,-15.424954382902015,-15.508110707142999,18.837731685566972,-4.72463630550574,19.384593656892903,-31.13875072298846,0.0,0.0,48.357119999999995,10288.511503023732,-10393.734321296422,22822.967762562217,0.0,0.0,0.0,-3951.0298286456937,3930.415454720249,-17175.18701897274,859.1344624417246,-1277.682235925413,-1403.4240827984895,0.0,0.0,SUBMERGED,UUV
1781495921.9329543,-0.5967734540250723,0.3186727004844028,-1.6759565724085743,8.00711960167257,6.01620076497731,-8.750869299741758,-7.023656839238907,24.129699790083965,-29.27482771225715,0.0,0.0,48.357119999999995,-2965.1899651441,1748.6972581394189,-5292.09285668834,0.0,0.0,0.0,-5363.373540629212,6947.905766908518,-6044.769861800252,-357.6893028501032,359.5576443960971,459.728948403967,0.0,0.0,SUBMERGED,UUV
1781495922.3830564,-0.8276151204082068,0.25997592338955156,-1.5886438286548437,10.145979592827743,15.418599408672467,-3.7349125045102793,-13.292844895798403,28.8566331804265,-26.227009717398957,0.0,0.0,48.357119999999995,-4625.05418906945,10280.183100439963,-1135.819016441936,0.0,0.0,0.0,14302.186933074532,-13541.859926430923,-11168.114735990477,-10.439595261513517,16.830423350020496,78.2695393234813,0.0,0.0,SUBMERGED,UUV
1781495922.7331133,-0.6471442229436545,0.23187161029887834,-1.5136559198634971,-11.800350358060909,-17.16609169887112,16.312520233715443,-9.174016302618051,28.613018733727397,-22.693058955199035,0.0,0.0,48.357119999999995,9836.306101003633,-11893.29993981363,10859.971156280195,0.0,0.0,0.0,-14107.242048489166,11746.754535570348,-8175.946450636138,307.1176920407501,-864.9275660026984,-1187.8907726752795,0.0,0.0,SUBMERGED,UUV
1781495923.1829872,-0.5734253654826396,0.37842357774351676,-1.5612540384124416,12.785353935154443,4.53502250401968,12.064404609102427,-5.603077702732106,25.596132833691936,-15.524673356918141,0.0,0.0,48.357119999999995,-7178.146177318257,1049.7237827282763,9707.195281859264,0.0,0.0,0.0,-220.05010486155743,8188.453230728017,1095.1145984342304,-651.694656694248,514.9720132202874,-707.0636396955305,0.0,0.0,SUBMERGED,UUV
1781495923.5829933,-0.8585513228720971,0.24547934836334476,-1.6375416973419843,-2.1514497563209174,11.139952884070246,8.4625801362197,-2.660052106185819,22.572634429801376,-9.97685392111,0.0,0.0,48.357119999999995,292.76545600353234,5520.706585270716,4971.976743792657,0.0,0.0,0.0,8909.879884590042,-14363.86153359649,-20527.449881295033,-144.18208275910544,89.21142210357706,-64.63311763208354,0.0,0.0,SUBMERGED,UUV
1781495923.983046,-0.635924514227466,0.2868237624585269,-1.6870499424444947,-6.257116019389631,-16.936554362131897,-18.145916160687968,2.4371597563127576,20.093303808349646,-4.242148053374752,0.0,0.0,48.357119999999995,1878.8740560630938,-12320.910312258899,-21195.19089190467,0.0,0.0,0.0,-12821.571982285242,8684.645887892953,14200.696886870104,9.117901110739158,-1181.053591633914,884.6747825012403,0.0,0.0,SUBMERGED,UUV
1781495924.3830476,-0.7262621428773893,0.4148903794857591,-1.5213657459813152,15.964219621810065,7.147710241322572,2.4508327589331578,7.282879659873769,19.595821831715796,1.2977558003584915,0.0,0.0,48.357119999999995,-10992.44072712731,2400.9890328244487,556.4427933464797,0.0,0.0,0.0,12992.18681518122,6117.984668941603,12310.46232119455,-24.242863793919177,61.8174607269756,-270.56582698251543,0.0,0.0,SUBMERGED,UUV
1781495924.832958,-0.7643489712512254,0.221672047409708,-1.541397905516201,-10.113732273178405,10.740200773924347,1.0942236107493346,11.663876067615773,31.301997687879737,8.374844222819267,0.0,0.0,48.357119999999995,4596.933785719496,5150.978658838614,159.39471538126293,0.0,0.0,0.0,3324.837520652819,-14923.481471647385,13355.597649905572,37.1452869111375,-16.801632379018063,-142.71371308493596,0.0,0.0,SUBMERGED,UUV
1781495925.2329528,-0.6393456539659625,0.31284098060294835,-1.749161658002143,0.34717350227682164,-16.59651620760855,18.69683340923856,12.231489606855941,32.15021635630195,14.106529579412225,0.0,0.0,48.357119999999995,-22.131156830965782,-11848.200852549224,22480.658384691316,0.0,0.0,0.0,-9497.88961081022,6396.878552210272,-18971.902246691458,-309.51800890165526,-1058.4423405531184,-756.0579591282285,0.0,0.0,SUBMERGED,UUV
1781495925.6329818,-0.8942886253164677,0.4358777019859379,-1.732337159417941,13.545806286623256,4.200634066263378,-5.141130096480719,9.466591532042052,31.05035323607702,19.149963191586306,0.0,0.0,48.357119999999995,-8016.858417107236,915.8903921461927,-1997.336451511806,0.0,0.0,0.0,14505.424455758166,8138.106058877169,-9969.73840695168,1.024851593873212,164.9712421640954,105.67141120247611,0.0,0.0,SUBMERGED,UUV
1781495926.0829651,-0.8463753538194784,0.26487528722588505,-1.7894442230279373,-12.801363472534868,13.981241608442732,-4.2444764208036325,4.442827941811376,21.082690630933694,22.898379775096203,0.0,0.0,48.357119999999995,7194.805165237446,8518.261126090296,-1419.956607764187,0.0,0.0,0.0,-222.7412037181084,-14352.085175132237,-10622.827483164405,111.91886880718937,62.00806339486332,433.5310376140059,0.0,0.0,SUBMERGED,UUV
1781495926.4331415,-0.6488471020360892,0.3933039188409304,-1.7125941778245153,9.776048593569858,-16.964672186582757,12.867831496057454,7.284878439217223,26.873748111975498,26.92396629531651,0.0,0.0,48.357119999999995,-4311.613109019022,-12361.76087533124,10978.439096509053,0.0,0.0,0.0,-4001.141584292887,9501.330520833619,-381.7832796842208,-706.7720095005523,-766.1811897492946,-1236.8696154736133,0.0,0.0,SUBMERGED,UUV
1781495926.8829882,-0.9105770658479567,0.4118162997634909,-1.6237064067590994,4.865784482415258,6.212214609136435,12.404008110911418,9.498341106631576,17.31528276950476,29.993487109023842,0.0,0.0,48.357119999999995,-1190.2427579438838,1854.004893258809,10229.176109008875,0.0,0.0,0.0,11920.942151438598,7096.762310452057,385.63856899655434,264.10560021498793,610.4234621341678,-161.62944749118117,0.0,0.0,SUBMERGED,UUV
1781495927.2832248,-0.7528306140348092,0.2999710705509376,-1.890034502203019,-16.60473279945545,9.082646930560706,8.436631364329799,11.137796825146351,19.449828210953232,32.56570136738731,0.0,0.0,48.357119999999995,11858.90081476074,3753.9370450392694,4944.109479796093,0.0,0.0,0.0,-12501.167508642167,-13876.876081321472,-20556.04792844996,41.56183189225726,82.15322150561357,-136.21703669473942,0.0,0.0,SUBMERGED,UUV
1781495927.6832175,-0.7648818346180478,0.38558348185939423,-1.8769612231240802,14.756247696116528,-17.173925939068745,-18.33309605633797,14.827159201845541,22.384482773988537,35.600190312185504,0.0,0.0,48.357119999999995,-6350.723526606368,-11218.17141757636,-16045.939047807407,0.0,0.0,0.0,-1184.7194538978683,6261.49887429616,6145.844579301405,-882.2076234900876,-1032.6634875967645,1387.9394487820236,0.0,0.0,SUBMERGED,UUV
1781495928.082994,-0.9097734304151062,0.3816483277820452,-1.628748622565959,-4.571560908987873,9.097524092604653,3.05420283807775,17.83759424499858,23.99338775817473,36.92458106376989,0.0,0.0,48.357119999999995,1064.4853256837148,3765.3273555952555,804.3836853926041,0.0,0.0,0.0,8028.954843852525,4377.01558509552,11811.466992685271,89.71029012126999,124.41294251829562,-403.7779472295147,0.0,0.0,SUBMERGED,UUV
1781495928.4829676,-0.7329748266178808,0.322922932097623,-1.8980315604124611,-8.629607903444699,3.6676550765327898,18.283601129896766,18.18681775283622,26.95481095477102,37.84036451391069,0.0,0.0,48.357119999999995,3410.3726798374105,721.4725946385954,21515.940610244543,0.0,0.0,0.0,-13520.372070913723,-11355.22176656267,-21749.24761979559,167.26748051691436,-22.89240828907974,-59.49135540754091,0.0,0.0,SUBMERGED,UUV
1781495928.8829727,-0.8948247997994552,0.36971916417461465,-1.913740621169822,16.495053615841947,-16.396599856986708,-7.373275547695563,21.367031775119447,30.546968333525665,38.74119589745428,0.0,0.0,48.357119999999995,-11709.148775230848,-11574.190548864462,-3846.028064739867,0.0,0.0,0.0,9392.248154138615,10962.081282089004,-7306.8562987428395,-363.63792961277494,-316.2297340233227,1214.4080126860615,0.0,0.0,SUBMERGED,UUV
1781495929.3330977,-1.0280958699481133,0.381363396592205,-1.886607632448162,-7.564844594576385,7.107096999658559,-6.7667654790102825,9.499946899563081,23.197493641760044,34.06786817765655,0.0,0.0,48.357119999999995,920.6093115096783,745.392258641096,-482.33375120485215,0.0,0.0,0.0,8039.579129295998,8312.156993643357,-12647.62418899282,58.25196888315925,72.3845961673082,183.76220321879356,0.0,0.0,SUBMERGED,UUV
1781495929.732955,-0.7072943908674232,0.3134326986729304,-1.8796341281965943,-4.50170412309861,7.448621825102551,-15.36488085867406,7.372052057682695,22.1325904402622,31.408195902474656,0.0,0.0,48.357119999999995,1035.7091657150988,2591.966402696493,-15397.317476514318,0.0,0.0,0.0,-12366.396839831186,-13696.835184244796,23437.19420033529,135.3912224349108,240.19920660434792,124.8806851197858,0.0,0.0,SUBMERGED,UUV
1781495930.1329515,-0.8528074377883823,0.320664005915931,-1.7981845038376236,15.531579762150098,-16.860550450431973,10.881953263283329,3.013516151339714,21.339490850900862,28.5776609758942,0.0,0.0,48.357119999999995,-10425.390033937274,-12214.975795152928,7983.923961573418,0.0,0.0,0.0,13513.218299287408,9494.56828721813,2698.4764513696937,-377.29837311239373,-589.8663029866437,-1161.3353204011482,0.0,0.0,SUBMERGED,UUV
1781495930.5829756,-0.962424032692925,0.4154541857653445,-1.7569424111772667,-8.986280546329763,1.9486764826918979,6.134068445817124,5.28337627983677,27.72722140468854,25.968410301114318,0.0,0.0,48.357119999999995,3679.1251778147675,249.29527764249346,2749.6319033573973,0.0,0.0,0.0,4569.529190091327,9888.34855499139,9037.24759220353,246.66215134107267,226.63249514488547,-346.57348686852845,0.0,0.0,SUBMERGED,UUV
1781495930.9331467,-0.7662065784744262,0.23101650178338626,-1.9807393467306735,8.640982400879723,1.2143343817381198,-17.862184226221967,-2.450622007545045,21.777974538203587,19.979230896050023,0.0,0.0,48.357119999999995,-3419.0300329705033,119.61718732118906,-20565.14142839718,0.0,0.0,0.0,-4695.159508788502,-10625.703570728594,13215.879324910497,-827.7516978479138,-370.2684070338249,300.28825055926785,0.0,0.0,SUBMERGED,UUV
1781495931.3829532,-0.9852380074416268,0.25758174109169296,-1.9571376061468382,7.132107196440423,-17.02091362033179,-17.243080200839167,4.71805830389948,34.6397685578697,15.12995705028895,0.0,0.0,48.357119999999995,-5710.554500177428,-10817.477082147843,-12893.900041967177,0.0,0.0,0.0,14261.884086750175,5647.233700781443,2731.5323627407415,-223.3238507540707,-887.908464356264,947.4458660357669,0.0,0.0,SUBMERGED,UUV
1781495931.7829676,-0.8558896428192723,0.4131291988945206,-1.8745533510340067,-16.866654068109895,5.0917518935373325,-4.807677280969288,5.543443746650327,35.05780609191812,8.741445775577809,0.0,0.0,48.357119999999995,12222.638791786158,1291.5375963012934,-1772.1216584141328,0.0,0.0,0.0,-9715.697951441647,7512.893083800377,17654.279502260048,-29.417990175752635,-113.79782577128067,-178.94018127776755,0.0,0.0,SUBMERGED,UUV
1781495932.182999,-0.8338728311912479,0.18704677132792782,-2.014520600092455,13.821852683440898,4.224989964982922,18.75467908550344,2.319218062226171,32.28948419519088,1.7250653969999756,0.0,0.0,48.357119999999995,-8333.431878953425,925.0797388428224,22611.28436620345,0.0,0.0,0.0,1111.5393012197383,-11510.532430223533,-18278.15272697436,-889.785796806726,-23.86675092235508,-520.2444023688512,0.0,0.0,SUBMERGED,UUV
1781495932.5829685,-1.0635869138425822,0.29532785755530233,-2.027326964343623,-2.3822723824754437,-16.424746060279514,-4.502005471431395,2.6689482607685338,28.777868109024435,-4.231631337211567,0.0,0.0,48.357119999999995,346.09292221868344,-11611.889147251399,-1574.4677226279791,0.0,0.0,0.0,9102.019577043244,10121.848638907457,-10502.681237748384,98.19408121076489,-204.5450775516957,638.9624492253319,0.0,0.0,SUBMERGED,UUV
1781495933.0329893,-0.9193026974960145,0.36312618654087847,-2.134822690275353,-16.03127436079149,2.514968037084369,1.6118739069182775,-10.342660435644289,22.96518000124109,-10.652547923336524,0.0,0.0,48.357119999999995,11081.555167060445,378.763682876034,284.50042396921634,0.0,0.0,0.0,-13223.615843308937,8895.439393779136,-15497.799164548745,-12.01316180788665,10.206615542817872,82.9066327497644,0.0,0.0,SUBMERGED,UUV
1781495933.4332654,-0.9058217854713715,0.16341616106061613,-2.019151607194257,15.888648945351626,9.33886033336608,-18.446833007905905,-13.06736265078507,23.603958033370255,-15.940930468335736,0.0,0.0,48.357119999999995,-8019.243857125085,7715.697487165099,-21859.970878325617,0.0,0.0,0.0,1056.457225632414,-14657.70823432165,15268.286961591497,-799.0748757697147,263.4422313968259,657.3964482513884,0.0,0.0,SUBMERGED,UUV
1781495933.832975,-1.0023587873110453,0.27241440337690936,-1.9004034862290147,-6.280060347457453,-16.471890862599583,7.3138181205732335,-17.139945391961188,25.962396283356085,-21.154739695227732,0.0,0.0,48.357119999999995,1891.6028013782882,-11675.553615548077,3799.468738190285,0.0,0.0,0.0,6951.914014895477,7742.664038981977,7585.622650196692,245.74963598214237,-409.9737655797706,-906.8155279167773,0.0,0.0,SUBMERGED,UUV
1781495934.232978,-0.8760085353153375,0.3083277934828919,-2.1867708221250606,-6.661839331794427,7.043488030907732,14.714669347457432,-21.13412922589494,28.94914200480233,-25.6969025120957,0.0,0.0,48.357119999999995,2108.3784520951476,2336.5630129464407,14164.747337218467,0.0,0.0,0.0,-12916.05622850814,5670.374550596061,-23032.538768741775,80.34312002169699,18.993688663775256,-36.378197142714825,0.0,0.0,SUBMERGED,UUV
1781495934.6330304,-1.0469645926408766,0.1467802576510853,-2.1139712303632505,16.555017899450334,7.294454810176695,-11.214900464572494,-20.342206852561297,30.90242782107962,-30.273918775671305,0.0,0.0,48.357119999999995,-11791.063019654952,2492.666909171309,-8439.357797844108,0.0,0.0,0.0,10986.824170450598,-13343.23345429462,-2099.909753717491,-560.0894941468152,-275.0163016110278,518.4925950650193,0.0,0.0,SUBMERGED,UUV
1781495935.0830176,-1.1165938417278318,0.2552831917359249,-2.130327304378467,-8.827023807172747,-14.928386972963146,-10.467170019314118,-9.798357390690912,24.83795087332305,-30.63436497471908,0.0,0.0,48.357119999999995,3557.716380853158,-9660.32744377927,-7403.041302861474,0.0,0.0,0.0,4714.117032735231,3867.2406349510466,-3608.325598477552,446.99080202169534,-615.7535933806257,1004.6656549934763,0.0,0.0,SUBMERGED,UUV
1781495935.4329958,-0.8480039441946965,0.2617473007378069,-2.1692765265850067,5.2862576564984405,12.225236908630487,17.775939425976027,-18.56494197261551,31.492935603257315,-34.59158908654693,0.0,0.0,48.357119999999995,-1381.8637681104526,6590.750034406105,20399.669098199363,0.0,0.0,0.0,-7026.504467414699,1254.3742462011685,-12761.17914027117,-715.6692087857988,1114.5830962804682,-783.1726313949174,0.0,0.0,SUBMERGED,UUV
1781495935.883198,-1.0851312732725538,0.17609242981503515,-2.0653379403453553,12.539129589426386,4.989389888188491,17.50398728941732,-6.922392342525372,20.87873951501333,-33.50425589013823,0.0,0.0,48.357119999999995,-10483.580123398748,3926.782033565317,13458.63086284064,0.0,0.0,0.0,13673.01227297268,-13429.292435790172,-3577.5444439341322,-470.1241609798658,-16.457867549273658,-400.3954506326566,0.0,0.0,SUBMERGED,UUV
1781495936.332986,-1.0764358246350212,0.23085411286896818,-2.0295693590454382,-12.437891077681337,-14.60046869976123,13.658446468457477,-14.067584974648067,23.11516726384332,-34.93133257700164,0.0,0.0,48.357119999999995,6809.679899055088,-9255.547263984598,12302.638418101724,0.0,0.0,0.0,786.3054173275996,2595.6049895286815,-1681.5926195515435,694.486099183484,-933.1548626684768,-1302.947069610866,0.0,0.0,SUBMERGED,UUV
1781495936.7329776,-0.9340402747068706,0.2846743128424157,-2.324668405649168,0.8118849077539152,1.9161640164217388,5.374657794063861,-16.596809677979646,27.109543741293002,-35.477110668863915,0.0,0.0,48.357119999999995,-66.9638667599676,242.65910789841791,2161.640604603682,0.0,0.0,0.0,-9689.868984918812,9106.166710167321,-18212.088540446162,76.72523363009509,-101.05013988824105,38.107210951275235,0.0,0.0,SUBMERGED,UUV
1781495937.1329358,-1.1215230488900003,0.23263204417622868,-2.168048671680988,12.700035083351779,13.642657212440945,-17.033345206610495,-18.04239889558615,29.738452972466806,-34.720984402484,0.0,0.0,48.357119999999995,-7087.090731199906,8127.027455309014,-18766.54285988798,0.0,0.0,0.0,14492.290533322868,-14448.860220929848,10393.587723489421,-491.4523372560758,568.4536525065348,657.4645523495767,0.0,0.0,SUBMERGED,UUV
1781495937.5329854,-1.0218443007722802,0.21260818015618463,-2.085699838036526,-16.434830231208732,-14.643713714978869,0.6423178788189723,-18.461182497964213,30.917466663569108,-32.76733515247673,0.0,0.0,48.357119999999995,11625.813199666703,-9309.167180646378,76.59250211604726,0.0,0.0,0.0,-7781.021941694418,3250.518832965112,13508.055082869501,-12.028420485853136,-62.23682529642615,-884.8965619881519,0.0,0.0,SUBMERGED,UUV
1781495937.9330258,-0.9653015479445197,0.33356221952829296,-2.3170344703265426,11.791813134405578,7.065191678710853,16.660571647071485,-19.17232024791395,32.64334481129187,-29.525391819116084,0.0,0.0,48.357119999999995,-3717.6147828099247,874.3837688175554,21941.67508561375,0.0,0.0,0.0,-4222.025099734847,7507.619067354547,-18557.48511435159,-544.0286526679506,416.3664785397462,-286.7436161845832,0.0,0.0,SUBMERGED,UUV
1781495938.332936,-1.2119655736474795,0.21526425201486818,-2.2317339029402636,-1.461043237331399,7.288805815188551,-9.38388505080072,-13.961391361453902,31.186712793484617,-24.32549938862841,0.0,0.0,48.357119999999995,158.43787814545635,2489.7126883239907,-6033.0719161415955,0.0,0.0,0.0,9578.251770148116,-13365.929975645036,-4976.4841811484785,277.08891199799075,-172.73650571535416,-72.83477317769783,0.0,0.0,SUBMERGED,UUV
1781495938.782943,-1.0964056780451852,0.2218047764241695,-2.3573258649572995,-16.358771412188872,-12.606878707512546,-4.358384035376504,0.592336073181976,20.89930395740818,-17.054307163578883,0.0,0.0,48.357119999999995,11521.848409008,-6987.645491892355,-1486.8306158286093,0.0,0.0,0.0,-11652.534430573845,21.145756979296493,-10450.611235958058,98.35004647616336,-228.99386233796545,825.7064002026361,0.0,0.0,SUBMERGED,UUV
1781495939.1330397,-1.026676495756557,0.3871334404247011,-2.2280606958811147,17.071525066044742,11.681174961504372,16.504606895555952,-5.635245362427996,25.1321934782888,-11.891087613694003,0.0,0.0,48.357119999999995,-11744.560763941738,3081.3489423940646,11247.528071211715,0.0,0.0,0.0,7390.443442868906,5544.310423712359,-624.1000466460275,-751.7947289075685,631.0881070716562,-1078.399206009375,0.0,0.0,SUBMERGED,UUV
1781495939.5829914,-1.1542008153885546,0.21530323752364935,-2.1789082158361657,-7.0196458553257886,9.872820402904912,12.383617155042398,6.826093047665614,26.33691221230862,-6.294090179456839,0.0,0.0,48.357119999999995,2321.7395436285296,4392.733105685371,10195.369128282624,0.0,0.0,0.0,6403.385164408264,-13700.584927535303,378.7219321319594,605.365770336089,-123.64269927538245,-195.60868704261142,0.0,0.0,SUBMERGED,UUV
1781495939.9829886,-1.027850622512299,0.28987256572948567,-2.434764066155828,-5.585717107557355,-15.663622050733094,8.376159421057695,10.217715493882157,29.964872133828,0.2698387492274783,0.0,0.0,48.357119999999995,1527.2848442275604,-10597.261284758328,4878.912660352619,0.0,0.0,0.0,-12615.349908161832,5328.858948003012,-20309.651552450163,44.603279759174846,130.75384140049374,171.83103631340518,0.0,0.0,SUBMERGED,UUV
1781495940.3830395,-1.1322102070632818,0.43261962553032296,-2.349515768368265,14.76007588437724,8.61757117363175,-18.197990362025084,10.982926466745326,32.22155924611914,6.338694469987558,0.0,0.0,48.357119999999995,-11767.286956724818,1318.3996397442115,-15592.48999232066,0.0,0.0,0.0,12244.065966289563,7527.2900889446955,5908.045012160403,-613.0512048776558,992.8635900560276,774.1944736005846,0.0,0.0,SUBMERGED,UUV
1781495940.8332686,-1.1962387217075876,0.26642190556024986,-2.3560658519599573,-10.388885359133067,14.856235566174002,-14.625583255410469,0.7420801025999698,30.66964839987886,12.198872976329548,0.0,0.0,48.357119999999995,2369.375380481952,11471.309183641753,-7784.518776801825,0.0,0.0,0.0,6130.154638040603,-11445.655866040051,-3057.0538796297487,432.29159265767186,591.8952071714225,947.8156934211063,0.0,0.0,SUBMERGED,UUV
1781495941.2329922,-0.9332848243134071,0.3124246316426863,-2.3434811827790534,-1.4037264291020966,-13.702572634701532,-4.035139541506487,1.6738089493462731,28.527548396473644,17.160649098284466,0.0,0.0,48.357119999999995,149.05460248278683,-8195.58883230252,-1299.843768174719,0.0,0.0,0.0,-11240.647778015309,1572.8015443438794,17061.20324890957,41.69403467772049,119.72479171351007,-313.6324365613178,0.0,0.0,SUBMERGED,UUV
1781495941.5830252,-1.2715848210026428,0.40751306677437327,-2.3951816505297523,6.166615391707854,7.530048278399945,-6.230248080265668,8.679209825951517,33.52272784112896,22.036075401390708,0.0,0.0,48.357119999999995,-1829.4579330630509,2644.6115598099286,-2826.680393645638,0.0,0.0,0.0,13038.887154263803,5762.1036565114255,-8875.92709757665,117.01921169517588,245.8485536645557,145.07285618807862,0.0,0.0,SUBMERGED,UUV
1781495942.0330675,-1.1494071318576264,0.2537074713412335,-2.4856973890539584,-16.054355490155228,9.396408964455727,-5.378238826406084,5.625286893876377,21.412543693334396,25.202298984343333,0.0,0.0,48.357119999999995,11111.994331460011,4001.8191207445466,-2164.314635784873,0.0,0.0,0.0,-7084.879982168916,-14087.005702612663,-9515.832406238986,197.16244059097968,-15.38039175750179,449.4955848511626,0.0,0.0,SUBMERGED,UUV
1781495942.4829993,-1.0764212771615544,0.33760177919045165,-2.584462925710228,2.158302618105142,-11.31261162577013,0.1568368824349392,19.67025076114291,29.833483414928132,30.881249642145928,0.0,0.0,48.357119999999995,-294.28516565193974,-5684.649915319552,13.978236480221106,0.0,0.0,0.0,-9129.033016823701,-1670.285286316519,-14231.774845657455,-37.16918662698329,13.01644128645903,342.85102353078776,0.0,0.0,SUBMERGED,UUV
1781495942.8330612,-1.2461142777825411,0.41242165422772353,-2.282932402335807,1.9947692801285948,6.164445645718482,9.416622568696766,11.50202948134567,22.48646799032832,32.16930806636117,0.0,0.0,48.357119999999995,-258.9276600070291,1828.013690685051,6077.075311749892,0.0,0.0,0.0,11088.980782213726,7163.278706796031,5062.734106784502,277.28269832370154,429.65057073177394,-177.9500954885144,0.0,0.0,SUBMERGED,UUV
1781495943.282972,-1.093662684566121,0.30160994179740014,-2.372312359001799,-16.65509788367827,11.54081463603006,8.793474524780548,22.07104630550946,32.60768236007709,36.09213146940907,0.0,0.0,48.357119999999995,11707.806297683981,9693.021831075854,1565.793386333548,0.0,0.0,0.0,-8034.748206465059,-13995.515074654188,10376.377558009634,190.3238812113543,6.876507234264695,-578.2982937323984,0.0,0.0,SUBMERGED,UUV
1781495943.6831892,-1.124774183424703,0.36206064873561117,-2.5731945338374858,11.668482992731322,-15.42949055292154,13.149307548354276,21.94454486962671,35.04259885288024,38.15317969085164,0.0,0.0,48.357119999999995,-6029.500509797541,-10294.241010840333,11424.856183943255,0.0,0.0,0.0,-4203.764783372011,664.5293193203065,-22293.06885507237,-247.97647392264952,-385.0172070472125,-337.8100934589448,0.0,0.0,SUBMERGED,UUV
1781495944.0829844,-1.3374834171883452,0.3908494392525633,-2.4553989672136827,-1.5565288832598807,4.232205018629176,-12.886587215386875,19.06046150496409,32.67593303913494,37.22242453233768,0.0,0.0,48.357119999999995,174.72409109560473,927.8852287763864,-10988.184959429931,0.0,0.0,0.0,9534.381457493631,8082.146812706286,400.46494036247054,477.1348808471306,582.5587457892457,199.20700828258737,0.0,0.0,SUBMERGED,UUV
1781495944.5329976,-1.208054994241627,0.3333812958427349,-2.5889858772718286,-16.51176535169199,16.309270143819425,-8.047801621635951,4.189400420038753,21.363256874641262,33.70250350799929,0.0,0.0,48.357119999999995,11730.351517654706,11454.729218587365,-4523.4356756641555,0.0,0.0,0.0,-10587.769792936382,-11184.826306718947,-6499.943159375945,320.3669426619006,423.2019014697503,1212.8457903950207,0.0,0.0,SUBMERGED,UUV
1781495944.8829844,-1.1075083089458684,0.3305594197847156,-2.497403519155764,16.52186752769081,-16.178111346474964,16.25544057379023,11.745930855476349,28.534754118763487,33.18984930161213,0.0,0.0,48.357119999999995,-11745.018902956563,-11280.33055015562,17179.293356863654,0.0,0.0,0.0,6822.283472067267,5769.634789607342,-7646.556547134349,-1030.504014359554,-1030.2256807330584,-1657.0292075727184,0.0,0.0,SUBMERGED,UUV
1781495945.333305,-1.3217219653519556,0.4065334396832226,-2.437360705671567,-5.7629284638772535,2.6102047486095863,15.943315967397456,2.532707269073394,24.50588806426252,30.721061738571436,0.0,0.0,48.357119999999995,292.2406933889908,-121.47441827094985,10158.725560751956,0.0,0.0,0.0,9173.797469752279,10608.82271811733,312.9298305141549,491.78180235327795,472.81595518022345,-30.876955520650057,0.0,0.0,SUBMERGED,UUV
1781495945.7333393,-1.1688849219827404,0.3306717154709386,-2.6587315638000444,-11.0732732511555,16.139377857816086,8.151764942637882,3.0460902242741525,27.270255899313177,27.609438872028107,0.0,0.0,48.357119999999995,5458.399630133189,11226.253246743665,4637.961922585062,0.0,0.0,0.0,-14326.882973897564,-13554.404299395232,-20395.755884760256,35.527090083844975,73.2712255414279,-154.68452045880397,0.0,0.0,SUBMERGED,UUV
1781495946.1330128,-1.2082642626257527,0.262902865233332,-2.5950220205871477,17.130113472244258,-14.485099165721582,-18.43881949980214,3.557057930455857,31.467092386121355,23.486373511068585,0.0,0.0,48.357119999999995,-12595.040642687094,-9117.853012174815,-21850.929563698213,0.0,0.0,0.0,11294.27125436549,2440.527022144241,14871.997938884899,-924.4699387196441,-1204.9969804631135,1445.2474227208588,0.0,0.0,SUBMERGED,UUV
1781495946.5330336,-1.253331688444301,0.43267084796944244,-2.4480977060457034,-11.747701921827574,1.6901643606212398,3.0495180518051748,3.5517876824781953,36.929241631306034,19.019457545351788,0.0,0.0,48.357119999999995,6107.285030188043,198.75829377351693,802.345937942526,0.0,0.0,0.0,1400.858404383974,9951.052238827495,11822.282676717641,117.52122873609622,96.87238829197872,-404.9971233446866,0.0,0.0,SUBMERGED,UUV
1781495946.983302,-1.0714498659735359,0.30997444567174104,-2.5983583862724076,-1.0712786149559983,15.29790257910518,2.0299333563236774,7.659313757013739,33.5841085776418,10.48600401965741,0.0,0.0,48.357119999999995,1521.7768553869616,12126.314796373606,-861.5559971288341,0.0,0.0,0.0,-13261.343598061649,-11463.337506574855,16715.23647498597,41.94588085533485,-15.427962411896322,-6.368496741709762,0.0,0.0,SUBMERGED,UUV
1781495947.383022,-1.268099205709887,0.2151250094229401,-2.6026473806994748,14.124762083267731,-13.061239368119933,18.801148864310022,2.4825993120859904,30.679308102342134,3.902114049020045,0.0,0.0,48.357119999999995,-8685.938611130532,-7477.469279761723,22721.66413181247,0.0,0.0,0.0,14550.644293067904,116.05806721953786,-20112.602173137446,-532.0534768994132,-774.1668781919442,-749.8848748118318,0.0,0.0,SUBMERGED,UUV
1781495947.7830253,-1.3202953818259044,0.39398124191003003,-2.7179481352869233,-15.027785452059359,-0.4491176933830472,-6.138852500977442,-2.37522588516329,28.103089040799468,-2.363479548749451,0.0,0.0,48.357119999999995,9784.424884372995,-30.54138158337441,-2750.433000390088,0.0,0.0,0.0,-4271.774220623129,10456.462283308716,-8881.071906191448,272.6835417596138,148.87234398518456,525.4816354621995,0.0,0.0,SUBMERGED,UUV
1781495948.1829417,-1.1226932868389785,0.22880067072303978,-2.684524058310031,10.046178576447984,13.748089810276253,-11.46623874131087,-7.412643411280571,26.735413666803076,-8.26226870043243,0.0,0.0,48.357119999999995,-2262.1653053872565,11794.052260182196,-17956.011353568138,0.0,0.0,0.0,-5980.304010108613,-14243.64251079627,23203.937838288846,-66.61438267600623,491.5595010849565,413.32950416908454,0.0,0.0,SUBMERGED,UUV
1781495948.5829864,-1.326539634697014,0.23816046709981153,-2.5557195966763793,-0.07278333184577268,-15.017555782680535,13.802536234964316,-11.902551649580017,25.931745913906976,-13.453416344743411,0.0,0.0,48.357119999999995,3.8694616273456837,-9770.82291690015,12547.692319733327,0.0,0.0,0.0,9833.769283737054,3419.0380419022285,-2218.151702991172,399.153605620827,-906.1413558527066,-789.9453867994112,0.0,0.0,SUBMERGED,UUV
1781495949.032996,-1.1967834190173094,0.38000471092763316,-2.6526083864771692,-16.867789740888302,-3.39127798931345,8.841018243351007,-20.348348978703758,36.319955880436176,-21.516619348256334,0.0,0.0,48.357119999999995,12223.715793766876,-629.7813920633056,5401.310053174194,0.0,0.0,0.0,-9786.053042684234,11875.89656990058,5586.5751771878195,413.71815142480847,334.46303299534935,-528.5773617672238,0.0,0.0,SUBMERGED,UUV
1781495949.383015,-1.2684894906772077,0.16741971800149502,-2.7616930955899304,15.12570958081513,13.178716999399139,-16.703687161350377,-21.08887331507383,31.395577756235546,-24.67230791522565,0.0,0.0,48.357119999999995,-9909.12091354638,7606.154308073865,-18064.666259412,0.0,0.0,0.0,3671.1535804044515,-14458.41369571547,9086.091328841501,-1006.150263943374,498.75573410184427,1044.1090047670089,0.0,0.0,SUBMERGED,UUV
1781495949.833311,-1.4394508968125317,0.20374559174887166,-2.705262339522573,0.22749928722391277,-9.782188937250321,-12.671937726260197,-17.99454452505632,35.41325046692367,-30.340213640551003,0.0,0.0,48.357119999999995,-13.459269485469523,-4316.469126114553,-10640.940407903963,0.0,0.0,0.0,10392.76201570329,-3792.25783783275,-32.71356257841262,410.71728096176105,-689.9137058857394,420.30285706476576,0.0,0.0,SUBMERGED,UUV
1781495950.2329807,-1.127134435090669,0.3129656696682999,-2.745744349381788,-10.76912334021587,-0.0745298034981361,-1.558979223954124,-17.429855625732,32.833258615527185,-32.32645925047885,0.0,0.0,48.357119999999995,5177.390675993235,-3.966059360114008,-270.89462141124693,0.0,0.0,0.0,-15037.200756370145,10730.16632422088,15545.796659800872,21.423411384396314,-35.581030241764935,119.6562220642818,0.0,0.0,SUBMERGED,UUV
1781495950.633018,-1.2841269460569356,0.18394187989991423,-2.7474837082971617,17.156125226446274,15.12376544548836,18.401359341549103,-14.89014714431053,30.578024099836256,-34.61262834622773,0.0,0.0,48.357119999999995,-12631.803481576406,9906.008775173499,21801.560306993528,0.0,0.0,0.0,8910.459782488806,-14313.947279383265,-15051.209485612642,-960.3704061573223,674.5365621418381,-1159.499797534257,0.0,0.0,SUBMERGED,UUV
1781495951.0330207,-1.4389558121858907,0.24613466426960395,-2.8226796428777456,-11.186613132160433,-15.10984641247881,-7.861028542475335,-12.392330159854547,26.634918787553175,-35.07168636465282,0.0,0.0,48.357119999999995,5564.618807106099,-9887.560383778184,-4331.547834458463,0.0,0.0,0.0,2100.1606316151347,4480.046598649639,-6914.434144248247,318.76026419677964,-434.0596568577543,1030.972854979476,0.0,0.0,SUBMERGED,UUV
1781495951.4830139,-1.2497550540027451,0.2782933168420178,-2.953199936811809,-5.8960697483032565,-1.5144990787177859,-2.505142560560204,-15.369582194859108,24.5637693775131,-36.2779438600191,0.0,0.0,48.357119999999995,1685.3302594710278,-167.47972319979587,-577.3789950039932,0.0,0.0,0.0,-12808.023443449123,10928.068610414219,-12435.538971334872,-40.51305220021186,59.46927099089366,-104.99643987406431,0.0,0.0,SUBMERGED,UUV
1781495951.8830318,-1.3508691957304408,0.2192927043908508,-2.7983487776503235,17.23259956904566,16.899272391980737,-18.820249019755668,-17.7347738470092,27.965435871687195,-37.84994209856133,0.0,0.0,48.357119999999995,-12741.231266119798,12268.500572592746,-22746.658947741813,0.0,0.0,0.0,12199.639066786529,-13472.75841430248,21074.039609558346,-816.8974532236784,776.1076005143525,1156.220973214267,0.0,0.0,SUBMERGED,UUV
1781495952.2830954,-1.373912868834673,0.20619569589464312,-2.678441691951059,-11.914633283290563,-11.50131772913927,7.2430986996950955,-21.104227708681986,31.73736560326929,-38.03073566223078,0.0,0.0,48.357119999999995,6273.785990591002,-5865.716914163114,3731.233945007337,0.0,0.0,0.0,1251.4935814051655,-1822.696908943931,7676.067156433911,303.18595335839456,-383.88726784179244,-886.0893298690016,0.0,0.0,SUBMERGED,UUV
1781495952.6830456,-1.2854278992518,0.2885118848504672,-3.0073023122330675,5.189022298701065,2.3234999138606884,8.458593902610648,-21.142679120768506,33.96414758470399,-36.645950848424626,0.0,0.0,48.357119999999995,-1336.4845271670486,332.10137961999794,4967.12983459262,0.0,0.0,0.0,-7091.79333440586,8772.371897741952,-20082.598729383004,106.55420094029253,-142.27876280488246,83.58035849185856,0.0,0.0,SUBMERGED,UUV
1781495953.0830119,-1.4848786773904865,0.24613502551890354,-2.8261641072243826,7.357941670877738,13.403101446501395,-15.31438736820468,-22.38092637950498,36.2992781460064,-34.34657435876371,0.0,0.0,48.357119999999995,-2533.602859986875,7855.826437609331,-15295.508999654667,0.0,0.0,0.0,13216.58575759312,-14326.282619858717,5867.737279121155,-29.47312308030768,484.65692268646046,350.68128467982433,0.0,0.0,SUBMERGED,UUV
1781495953.4830039,-1.2997293037157882,0.19809539917544683,-2.8148154026917998,-16.49859935843078,-15.113925903436542,-2.6338769413294014,-20.843280036318152,38.37362808022973,-30.416235514701615,0.0,0.0,48.357119999999995,11713.381538673668,-9892.893548248769,-626.6438184292657,0.0,0.0,0.0,-12512.716977958891,4167.637781595342,16037.12686665781,-34.510433563598916,49.38943563290877,-399.78571949954085,0.0,0.0,SUBMERGED,UUV
1781495953.8830118,-1.264298342010296,0.3539717560169545,-2.9563558719259966,13.413866977717836,4.443967479089972,17.99644625734433,-18.27160856730707,35.994159668251285,-24.04821474187756,0.0,0.0,48.357119999999995,-7868.202048216075,1012.6931827638488,20887.612840230497,0.0,0.0,0.0,457.9496016669332,7381.694932144483,-13677.829898420068,-1014.5590764849,644.834254879918,-732.1220395186758,0.0,0.0,SUBMERGED,UUV
1781495954.2829843,-1.54289525955386,0.206546936930614,-2.91960186941036,-5.546487348973233,7.096121456556915,-6.518606602542589,-12.148217999010747,33.371960013688856,-17.029461066436934,0.0,0.0,48.357119999999995,1507.8825119430487,2369.123925553884,-3070.587532172604,0.0,0.0,0.0,7232.496546317882,-13350.845585403795,-8539.346028323522,201.27889818948097,-104.33941847186927,46.14501477432624,0.0,0.0,SUBMERGED,UUV
1781495954.7329671,-1.3971353242048057,0.2186886788183362,-3.06306541368452,-13.01512236563994,-12.534367350318078,-1.061129076137238,4.117456832567415,30.300122895060028,-9.745410003860908,0.0,0.0,48.357119999999995,7426.337181024527,-6911.193757430367,-152.38253695452053,0.0,0.0,0.0,-14581.578176985075,-42.20409383590777,-13256.881913136804,-43.35294012328575,-77.76693785024867,309.59640273735124,0.0,0.0,SUBMERGED,UUV
1781495955.132955,-1.3459809666254723,0.41816970630005046,-2.97218946690749,16.16873775423156,0.3344904813301239,-18.700704523696192,7.837086092976947,33.36046794573995,-2.9261971683864076,0.0,0.0,48.357119999999995,-11266.32225202446,21.241250226356218,-22472.072488731617,0.0,0.0,0.0,6019.847669471861,9900.77265883057,18803.360151435503,-912.3444404688424,262.081157811195,634.9347558281777,0.0,0.0,SUBMERGED,UUV
1781495955.532995,-1.4367332179858692,0.22408648249739496,-2.839083148303676,-10.741757291028222,10.273315817482363,9.499221377104693,11.462585399411193,36.296604875362625,3.2878806040014843,0.0,0.0,48.357119999999995,2518.4696126359904,8650.916470059017,2028.1478310614855,0.0,0.0,0.0,6053.926228677022,-14357.750661482285,9851.415322454435,207.72688763636413,-13.695340792785466,-205.27209400996747,0.0,0.0,SUBMERGED,UUV
1781495955.9829972,-1.258471066861075,0.23954476059013188,-2.981231072671348,-7.650306012081738,-9.981101441919764,4.006721808024131,2.8941900823288824,39.69899792061347,10.363442539481401,0.0,0.0,48.357119999999995,6489.168366589743,-2091.225156068992,-91.5135158674191,0.0,0.0,0.0,-14997.231745643714,-6472.066494867854,14727.308131113796,0.9684197220083064,7.234217740646537,-39.345835922581216,0.0,0.0,SUBMERGED,UUV
1781495956.33294,-1.521641854550262,0.4195702756116517,-3.0075683644642615,14.121624680213948,4.824242572127733,-12.899637975868593,15.247815385728751,41.396447575103956,16.83426625076563,0.0,0.0,48.357119999999995,-8682.923314680149,1172.3339157703185,-11010.560648137389,0.0,0.0,0.0,14183.719090025214,7753.165042435154,546.1811622462608,-355.61750214799946,630.985135278987,500.3736961398313,0.0,0.0,SUBMERGED,UUV
1781495956.7829494,-1.5136614345981139,0.25621663202312006,-3.0609779001380515,-13.076189739818346,14.621567779143508,-11.961752665084179,4.521064837248086,32.909894407121286,20.514849228696804,0.0,0.0,48.357119999999995,7492.515095469914,9282.447919830438,-9533.987364558374,0.0,0.0,0.0,-303.88066119292125,-13786.473454014662,-1079.397162888406,584.4837599743454,483.0177799656634,983.8866065077193,0.0,0.0,SUBMERGED,UUV
1781495957.1829548,-1.2939196423475334,0.354867683460089,-3.0149166895496085,6.063302736846034,-16.15911976779496,-2.0993427173723056,6.138610395323729,29.155832542508985,24.390688513925408,0.0,0.0,48.357119999999995,-385.0697902014833,-8875.706147460161,-4468.83516382601,0.0,0.0,0.0,-9040.792606006617,2485.2996752757726,19784.346950439798,103.69228751473331,174.88993941349918,-276.52510559548614,0.0,0.0,SUBMERGED,UUV
1781495957.633023,-1.5167121410889046,0.40091589472729755,-2.8892776937331157,4.999713642940348,5.31330397436879,1.5338182207895432,17.470063168265913,31.075810533357924,29.53432606132706,0.0,0.0,48.357119999999995,-1249.9348884626907,1394.9130422486671,263.73695551500117,0.0,0.0,0.0,12993.819531258046,7513.4887474032585,13184.60378213476,30.930015867217037,48.785086831944454,-54.55484019236091,0.0,0.0,SUBMERGED,UUV
1781495958.0330107,-1.4243481917004401,0.28189365537880895,-3.11028969644117,-16.53228326361745,9.476094015632402,18.880922713736858,20.172816147445264,32.546571791213196,32.626330693454335,0.0,0.0,48.357119999999995,11758.931102040931,4065.7172726445774,22900.7321939405,0.0,0.0,0.0,-13101.8375121113,-13766.795277435154,-19964.53227459513,621.7011283901587,186.65616811045103,-510.42101992108906,0.0,0.0,SUBMERGED,UUV
1781495958.4331489,-1.4888617051882744,0.3526896849910578,-3.222230186028368,12.037685580785363,-15.83379920641204,-6.178268662743164,24.915404946179827,35.69992299847103,35.89559068261005,0.0,0.0,48.357119999999995,-6398.647688603608,-10820.437316544318,-2780.8919180661183,0.0,0.0,0.0,-930.7391135018561,6399.179238135048,-8669.913605080708,-293.9602359946112,-279.4943749430038,1032.0036892782537,0.0,0.0,SUBMERGED,UUV
1781495958.832924,-1.5471134580536834,0.3794604418704064,-2.9480845561517715,-4.931191425536534,9.800844090876451,-10.210294791452153,25.885347995878956,38.40539382607494,38.40879282730644,0.0,0.0,48.357119999999995,1219.2378504802634,4332.332993408597,-7073.6951800491115,0.0,0.0,0.0,7482.292198460245,3466.6550187303565,20963.7766996642,-164.18761557546728,-158.93717638067696,-185.4628528331067,0.0,0.0,SUBMERGED,UUV
1781495959.232964,-1.3512213818776555,0.2919939920420406,-3.1910324226764155,-6.018851898193381,2.309245617266758,14.456264663049424,26.153437010371928,39.28981040494586,38.52735454757998,0.0,0.0,48.357119999999995,1750.177031606736,328.7085587981878,13697.277358490093,0.0,0.0,0.0,-12338.592083583222,-10776.037886323506,-4001.3346991624903,-213.91281829672636,-498.6979536929471,134.96747621563705,0.0,0.0,SUBMERGED,UUV
1781495959.682976,-1.3960647462522968,0.33215643965765224,-3.09899704524011,14.796671269705534,-15.20612301799584,9.480239393954403,10.178558346354887,30.134319126770155,33.65730190758075,0.0,0.0,48.357119999999995,-9497.502770017369,-10010.480627002384,6159.684703103831,0.0,0.0,0.0,3146.7787012887297,4092.057305082705,4827.177480608012,-535.2016848603952,-488.42239789988093,-1294.060832353721,0.0,0.0,SUBMERGED,UUV
1781495960.0329616,-1.6320428540478973,0.3700279636578184,-3.1179453909705828,-11.960777599232726,11.20168186413351,-17.678514939970526,19.866334043453225,38.04066334131985,34.97228751436173,0.0,0.0,48.357119999999995,6319.979062207515,5578.188142093836,-20143.623349689336,0.0,0.0,0.0,1177.9433847338173,2122.246043061731,11639.350701104344,972.635384975657,1074.9679154271682,1071.900040100701,0.0,0.0,SUBMERGED,UUV
1781495960.4329808,-1.3334556293257174,0.276178842833899,-3.192857903931928,4.338548070705629,-1.506433548021228,5.57467007899191,14.50932494627152,36.40131426148483,30.80765990024427,0.0,0.0,48.357119999999995,-969.8702259051295,-166.07485390939812,2311.0318258966495,0.0,0.0,0.0,-8307.96335992519,-10077.651343475754,9623.541482458611,-189.6581737779124,-180.75207337163073,-157.14013365529192,0.0,0.0,SUBMERGED,UUV
1781495960.8830035,-1.5406209140991165,0.3192032427194158,-3.0785589757210836,14.29439515834349,-16.8229057180269,0.3243406103422408,2.906175694179135,29.952907372199615,26.87248073275176,0.0,0.0,48.357119999999995,-8887.77296033976,-12161.29094473546,32.27988569038339,0.0,0.0,0.0,14438.210106566257,10933.034857910145,14032.384830480489,-22.408638830952516,14.556592681326435,-185.96057566052346,0.0,0.0,SUBMERGED,UUV
1781495961.2829058,-1.625664088931688,0.38567734669696,-3.1625163638103846,-15.75530452067484,9.633898989153664,18.76453922405664,0.910997479865412,33.91029041828216,22.906331191255923,0.0,0.0,48.357119999999995,10716.87730544131,4193.313202883554,22642.24992386333,0.0,0.0,0.0,-4666.947459812313,3686.0244431364704,-18063.14892717454,837.6832575103113,865.7960869391416,-917.9357690051197,0.0,0.0,SUBMERGED,UUV
1781495961.6830342,-1.5065681059006437,0.21586734935869412,-3.3773721688830767,5.550455694153989,4.980275445784754,-4.646459591374622,-0.0041314963370445434,40.06631516205948,17.868982650529798,0.0,0.0,48.357119999999995,-1509.8809055743486,1241.114162728515,-1667.263649427642,0.0,0.0,0.0,-7199.332709436152,-12571.982421206812,-10480.361397458171,-153.15754367483393,-104.57264896168624,56.69653305014512,0.0,0.0,SUBMERGED,UUV
1781495962.1329677,-1.6942625769615542,0.24226062385766023,-3.262424975194204,8.750952112977572,-15.562462812452367,-3.8415497809175694,8.776257481566867,43.84356489212948,10.489854513901035,0.0,0.0,48.357119999999995,-3500.800334802696,-10465.69454906786,-1191.5558296649103,0.0,0.0,0.0,13926.672008535486,5699.667714715792,-10988.958025022874,28.425883250164773,-158.87605828034825,463.3642520753942,0.0,0.0,SUBMERGED,UUV
1781495962.5332763,-1.5224031326098253,0.3836619757935502,-3.2370407895544475,-16.70096752218231,9.431046208910988,-14.032372883714158,3.6411719698653213,41.51641130535697,2.90145233903869,0.0,0.0,48.357119999999995,12900.817409111418,1864.177869108226,-20911.668271024108,0.0,0.0,0.0,-10514.418493272178,6511.207137426794,22095.842913616652,252.15453715601805,-78.88456082732223,197.66058840772357,0.0,0.0,SUBMERGED,UUV
1781495962.9329627,-1.4843055488362185,0.14561205134471095,-3.2622058312811983,13.645732393803184,3.50775818661295,11.859489797548134,-0.5948715934930611,38.42527365280931,-4.615741470959907,0.0,0.0,48.357119999999995,-8130.877470926633,667.3172092130129,9394.268090367663,0.0,0.0,0.0,1056.5522557758582,-11458.977286818492,1200.5412853424791,-609.8289754364758,-313.9428824095273,-486.9047011846215,0.0,0.0,SUBMERGED,UUV
1781495963.3829718,-1.6231952508353187,0.22820660868864576,-3.140929303810204,2.9321175155640247,-14.33474456563331,6.535722618177331,-17.21236191626077,35.55407846526197,-11.380571024542558,0.0,0.0,48.357119999999995,-490.45727131790056,-8935.614997299914,3088.7182995954995,0.0,0.0,0.0,11820.65261016749,2488.4775573806933,8397.10211842342,143.8482440733052,-330.6304025071002,-528.2194275218981,0.0,0.0,SUBMERGED,UUV
1781495963.7334745,-1.5497981017205675,0.3152631960670302,-3.4255783164176266,-10.028462572115805,9.708039191438646,-15.240337946752726,-10.916649534222042,32.51828582713881,-16.065383389497175,0.0,0.0,48.357119999999995,4524.440822355163,4255.219815394453,-15147.53381062438,0.0,0.0,0.0,-14016.282914129119,3751.9290548512063,5350.377108132088,126.51560732878761,866.3535822694798,508.22729313078037,0.0,0.0,SUBMERGED,UUV
1781495964.1829824,-1.651398295848134,0.12661261674740237,-3.3660896588042224,15.667735005699827,8.91641923803773,-14.24761945409102,-25.332551123675525,38.47036709787947,-24.729840644398564,0.0,0.0,48.357119999999995,-10603.485523717422,3625.505045577548,-13312.855071146438,0.0,0.0,0.0,5100.359464935894,-13768.949659723017,3294.060663388327,-835.126040964371,-102.74266886030816,683.4707728122482,0.0,0.0,SUBMERGED,UUV
1781495964.5829504,-1.6338079301842232,0.27556331515739396,-3.2061816788461823,-6.5025247525749394,-16.87512768437195,-4.515205801463707,-29.212433876609524,41.15190476695039,-31.117844354366312,0.0,0.0,48.357119999999995,2016.447475664729,-12234.146965964157,-1584.7125644286364,0.0,0.0,0.0,6490.347662509623,9220.202000548621,17500.060891090274,-137.76589147065562,46.25735377354928,-296.99670305287896,0.0,0.0,SUBMERGED,UUV
1781495964.9829602,-1.5162701730824162,0.27289269081785394,-3.44543202101279,-3.9359707367792223,8.24537042795941,17.281476361340275,-28.809924888808062,40.39922545716246,-35.418605814519594,0.0,0.0,48.357119999999995,816.731955057013,3132.031206467819,19311.65619512254,0.0,0.0,0.0,-11420.93221526574,5148.7259274118,-11202.393651968758,-283.7215853936353,997.3387898885854,-328.907598067191,0.0,0.0,SUBMERGED,UUV
1781495965.383061,-1.7971617577494934,0.15730236390434899,-3.3623437812080965,14.035594413464228,2.662630141727961,-5.098950663519129,-28.869592765655437,39.241764107029724,-38.788894919358945,0.0,0.0,48.357119999999995,-11425.448840949104,2341.673255460354,-31.637597013974858,0.0,0.0,0.0,12771.857167180402,-13338.086850241247,-14156.795562027386,-16.3601003991891,-151.32883779721593,-27.185454363557803,0.0,0.0,SUBMERGED,UUV
1781495965.8329608,-1.8108131890937145,0.23503675357434425,-3.4196067876706215,-9.532070179401853,-15.034590669309228,0.16239209332268456,-13.814788767076356,29.162249300317477,-37.05711502349,0.0,0.0,48.357119999999995,4110.963058356063,-9793.33309694923,14.711291666709188,0.0,0.0,0.0,3690.922676027225,4371.689637300569,-14103.11427267726,-35.596667997919994,-13.379840305343826,674.8134955107837,0.0,0.0,SUBMERGED,UUV
1781495966.1829548,-1.5001550553330047,0.22667685832052098,-3.428502237431327,5.868696424043703,11.084163645314742,9.318044674185584,-22.734263280041684,34.34663183695729,-40.623336438481346,0.0,0.0,48.357119999999995,-1671.023013454203,5468.958501753661,5959.914499047945,0.0,0.0,0.0,-7353.219408312483,2429.586965869883,5259.62949212658,-420.78966009150275,466.9968874365059,-656.1491153385259,0.0,0.0,SUBMERGED,UUV
1781495966.6329732,-1.7368330070282392,0.1720308940937405,-3.2822743720013783,13.625896133462092,9.252528033712753,4.426064327201185,-16.198779701666794,25.902886092342246,-39.268697225405916,0.0,0.0,48.357119999999995,-8107.886201292552,3886.9507832610198,1529.0806536212165,0.0,0.0,0.0,14272.177785298965,-14106.954831425754,10516.462489352292,41.337277096745794,-59.82954995293437,201.89427277439358,0.0,0.0,SUBMERGED,UUV
1781495967.0329628,-1.7455980943971798,0.22864852899443133,-3.4681426976653387,-16.92706084721389,-17.093163436770137,13.757075557972453,-17.544106663230107,27.74360734993018,-40.497899696103076,0.0,0.0,48.357119999999995,12307.441002337478,-12541.613014911187,12455.951433467937,0.0,0.0,0.0,-9108.95233195747,11491.927228477767,-23319.3619394811,105.51069806288352,-282.19676059387837,-384.3619043221405,0.0,0.0,SUBMERGED,UUV
1781495967.4329762,-1.654394933977376,0.25003967656709913,-3.5951353153161953,9.126986550315223,9.109235968255872,-12.841787143813065,-21.10612527983296,31.483670116915093,-41.0750655942237,0.0,0.0,48.357119999999995,-3788.8173770540166,3774.960060200865,-10912.803978307187,0.0,0.0,0.0,-4330.763420928472,4412.973458321468,117.21066322783713,-604.5956857518299,684.0696613161717,732.3174862314347,0.0,0.0,SUBMERGED,UUV
1781495967.8329713,-1.7979069595837922,0.18325801421453763,-3.27751548395306,-1.5719803160516514,1.2294482365195165,-1.0100414962860382,-21.49361517422465,33.4454004420958,-40.45637544626766,0.0,0.0,48.357119999999995,177.3990361981176,121.9089484007064,-142.26203558712763,0.0,0.0,0.0,9753.521772275935,-11347.677611460378,15191.88234365497,-26.50978753286367,25.979034687920542,-7.6977334208469514,0.0,0.0,SUBMERGED,UUV
1781495968.2830694,-1.6657026557081143,0.21208163673071004,-3.4428208753558187,-13.860182110954867,-16.570573431795175,-1.7532990302947558,-28.46005681910945,39.39612802539372,-38.64415785199692,0.0,0.0,48.357119999999995,11585.89575748728,-12139.857260890121,-4283.728428767919,0.0,0.0,0.0,-13391.535242548198,8994.875834070843,19971.623589071743,57.486368170725285,2.188120643643799,92.84627978955136,0.0,0.0,SUBMERGED,UUV
1781495968.6830075,-1.6589486669525162,0.29943584219656705,-3.5421047981180993,16.088285616050086,11.252246704591359,18.358758236668116,-22.443326591619574,38.68399013418341,-33.10786776228241,0.0,0.0,48.357119999999995,-11157.68023755726,5628.667122389292,21715.08753961665,0.0,0.0,0.0,5416.8715874518375,2252.4538292466905,-14784.802516652784,-1080.1591381611163,987.6732544300106,-1240.906319111833,0.0,0.0,SUBMERGED,UUV
1781495969.0830436,-1.9246062382123887,0.18763041234082445,-3.513098674362922,-6.150292553784252,2.974182217164058,-3.006827680501353,-16.79574862003441,34.93360585939543,-26.313625595634655,0.0,0.0,48.357119999999995,1820.5997419345101,502.5054328810843,-783.231029777851,0.0,0.0,0.0,6716.02878481394,-11570.273883842056,-12003.888655866684,88.89244908812685,-55.146388906437664,101.80769909578319,0.0,0.0,SUBMERGED,UUV
1781495969.533017,-1.7807161653397086,0.2105989490951061,-3.6474789262284575,-12.169409155321258,-14.954994755196894,3.00310553408778,-0.8677364651008158,34.196784005209004,-20.074299440414375,0.0,0.0,48.357119999999995,6532.162462124986,-9693.903768957607,781.4882374635033,0.0,0.0,0.0,-14564.698771936404,4065.9881087456724,-16368.648849893507,-18.325089236392152,62.6876630199033,309.1187318529585,0.0,0.0,SUBMERGED,UUV
1781495969.8830223,-1.75933283261311,0.3482981832257285,-3.4506599650692595,12.666164815159343,13.417064747130599,11.36725435978452,-4.17900413663486,34.21366422588133,-13.557008460726811,0.0,0.0,48.357119999999995,-7050.037664785157,7871.628706600396,8667.979029273323,0.0,0.0,0.0,14080.15543109531,-737.2635538484437,2084.3723359466635,-136.55185495142825,620.8244139977234,-707.6952199140613,0.0,0.0,SUBMERGED,UUV
1781495970.3330317,-1.7924041396979136,0.16654521091392396,-3.443764597290141,-11.243835250086637,6.222741686191746,6.150600529394348,3.510884830740704,43.359308541650485,-7.184017175643373,0.0,0.0,48.357119999999995,5618.788311554658,1860.1277099211409,2763.273194416022,0.0,0.0,0.0,2123.6020061736294,-13239.340583272402,8829.784605863126,275.9559690094803,-172.93394234018092,-263.5152908434335,0.0,0.0,SUBMERGED,UUV
1781495970.732932,-1.732501882257559,0.27100867062468437,-3.698098305249037,1.4335314972992887,-17.319310492535617,16.428522288050377,6.893638607866059,45.118030417530456,0.38824095814693,0.0,0.0,48.357119999999995,-153.83383677583979,-12864.470182008352,17508.011265629822,0.0,0.0,0.0,-9082.28018088854,10222.224805058813,-23294.66442061973,-47.113673010216374,-465.1697561087227,-395.60522104809417,0.0,0.0,SUBMERGED,UUV
1781495971.1329648,-1.9225324063754026,0.3768262459288191,-3.573656284371148,8.3082646658355,10.766182553550205,-13.928179858111644,7.172740655838882,46.05698256480469,7.673652210002692,0.0,0.0,48.357119999999995,-3176.4989005984016,5174.703737031489,-12747.368578527105,0.0,0.0,0.0,13573.12867517308,2777.956262053376,2431.0778326137315,37.68345540647685,805.3822063183609,480.17873408566095,0.0,0.0,SUBMERGED,UUV
1781495971.582964,-1.889772641993756,0.20028045329866082,-3.667963948477864,-13.969212566415928,10.75642574708872,-8.978892675109979,2.9376390762398565,37.362712830883055,13.486418040628271,0.0,0.0,48.357119999999995,8503.571995521232,5166.243177435237,-5552.955803928998,0.0,0.0,0.0,-1964.0731399937013,-14268.08788652419,-5436.628317789793,387.0313475268769,2.679817197823425,484.38537140274707,0.0,0.0,SUBMERGED,UUV
1781495971.9330163,-1.7202362158732978,0.34965548574223543,-3.6634477654733697,11.870273425921644,-16.77240181411242,16.701909024632464,8.637628428141493,42.32152575952069,18.79152027315925,0.0,0.0,48.357119999999995,-6230.089530845808,-12092.633813144199,18092.1104085452,0.0,0.0,0.0,-1660.1663824098785,12820.672847694615,-8949.215479394132,-973.3508860154108,-880.8624733991049,-1260.4703315995357,0.0,0.0,SUBMERGED,UUV
1781495972.3829448,-1.9269417816410321,0.37733218281458636,-3.5336624953151596,2.7548602977517107,9.588680337811546,16.36328888905672,9.923610622308454,31.460879298367686,22.365356498323095,0.0,0.0,48.357119999999995,-441.13756498618187,4156.659149107581,17386.035303256307,0.0,0.0,0.0,10849.797697989728,4115.54808102155,-8117.606923882049,250.79669826431183,987.7149207728447,-429.0834077125194,0.0,0.0,SUBMERGED,UUV
1781495972.832957,-1.7857820966414935,0.23286039723951782,-3.6581453665667296,-17.119351152326356,8.4379854387028,15.545236579360278,23.051795718184387,40.86148765041956,28.817225443759952,0.0,0.0,48.357119999999995,11533.308001864742,6929.907919265816,9356.812350862012,0.0,0.0,0.0,-11070.187027240296,-13184.786360790851,-6231.948965478778,661.5657846214183,56.32049830253956,-779.4384920374602,0.0,0.0,SUBMERGED,UUV
1781495973.2329795,-1.8685007021229567,0.33892303448811745,-3.8215700213469592,10.844065341441777,-15.994779475552265,2.1676628290391156,27.58786314393056,42.49415072717667,33.53738471232306,0.0,0.0,48.357119999999995,-5246.149650494144,-11033.213754771863,455.73285511903,0.0,0.0,0.0,-2256.618966013625,6603.324723430096,-15550.885565585722,12.007123578766986,101.27330009479881,645.5357402705922,0.0,0.0,SUBMERGED,UUV
1781495973.6329753,-1.992619692741505,0.36517872226562104,-3.5993489705170303,-0.33666594399483163,7.193600640066705,-18.180387049362643,26.654588237588666,42.39800765463846,35.22799902405623,0.0,0.0,48.357119999999995,21.38538033016502,2429.454778543366,-21279.29589046563,0.0,0.0,0.0,9897.896416138236,5968.909561702922,14717.301350948583,248.10135328050973,813.1006421250527,261.09432519929544,0.0,0.0,SUBMERGED,UUV
1781495974.0329611,-1.7189493475834234,0.26859096601268734,-3.754042485429318,-8.245870670819686,3.141022885516577,7.058347326813471,24.38832711980691,42.74028093779533,36.12496046435688,0.0,0.0,48.357119999999995,3132.0877127631097,551.6817657721283,3554.2599833842814,0.0,0.0,0.0,-13576.49640840858,-12000.72132840578,7754.936270811691,-126.246740739486,-233.35154423324187,201.0521836898542,0.0,0.0,SUBMERGED,UUV
1781495974.4830208,-1.7577359804700703,0.3186422982519984,-3.694893566109415,13.46135647069553,-15.101865781066493,1.9142297617350623,9.89704177127948,31.412084105570475,31.85534053048857,0.0,0.0,48.357119999999995,-7921.259357599792,-9878.250319559964,373.9641305364221,0.0,0.0,0.0,1064.5384316284149,4197.3878485454725,12450.67283309158,-115.44298713239743,-41.57102557536474,-910.345591381062,0.0,0.0,SUBMERGED,UUV
1781495974.8330045,-2.0614924773434193,0.3534097809741278,-3.73477385217994,-9.79856149096112,10.09768088225244,-11.352716046720788,15.928090667426604,36.6907345680983,32.525029431950756,0.0,0.0,48.357119999999995,4330.095766099229,4583.171321412691,-8633.723653933503,0.0,0.0,0.0,3754.9823953698533,3436.2064625072717,-2397.665012487923,527.3349494070842,603.2762628544677,793.7233249331882,0.0,0.0,SUBMERGED,UUV
1781495975.2831554,-1.8622366174684384,0.2628628978134076,-3.90254996618769,-3.9035458803444416,6.052245185410499,-10.709112850010468,8.559013428889989,32.68745193124488,30.105278692115785,0.0,0.0,48.357119999999995,3201.5613739283312,4900.458384917064,-3030.233284422005,0.0,0.0,0.0,-13711.542908132156,-14320.112979056774,-8372.455701222112,-139.4584952221246,-36.902793578600004,-191.56835443145144,0.0,0.0,SUBMERGED,UUV
1781495975.733018,-1.9606020855901873,0.2538470700276762,-3.8934049472372703,15.749415072154465,-13.071152602706398,-5.853071442965736,19.7658536502361,44.0935108775342,30.744442536946398,0.0,0.0,48.357119999999995,-10710.063152643943,-7488.001734014976,-2520.5785095139177,0.0,0.0,0.0,6022.61314432374,628.5893090873924,-8999.33659171901,-289.0822059163542,-229.28737447640617,1032.674647506311,0.0,0.0,SUBMERGED,UUV
1781495976.0829647,-1.9824576336660031,0.3836281762584201,-3.6821221613655624,-14.3442747767702,9.200980763057027,14.678958738816675,8.32932351792361,37.820042860915734,25.20535171225057,0.0,0.0,48.357119999999995,8947.133009318028,3845.4051939200563,14119.830963581693,0.0,0.0,0.0,-2108.2079900342164,4629.99712894051,-3737.5939324366736,799.0951302134395,934.56316087453,-1092.5658186792662,0.0,0.0,SUBMERGED,UUV
1781495976.5328991,-1.7981635817781711,0.25136577649332,-3.847673124256477,-1.7614605076881087,12.774843359353316,10.12563449772304,14.774024199633054,44.95147867674359,19.760049960341583,0.0,0.0,48.357119999999995,212.15172989737775,7166.630528697589,6962.424962278531,0.0,0.0,0.0,-10980.74117278698,-14105.71806600655,3759.9451249638187,-292.5668289340081,35.63986174069529,4.74043579455887,0.0,0.0,SUBMERGED,UUV
1781495976.8832963,-2.041128020814213,0.25693537876290784,-3.78758913324193,4.490412777338706,-16.85385709749699,-18.800684895926643,6.057702958185746,46.31630598032593,14.71708358506486,0.0,0.0,48.357119999999995,-3587.658109392386,-12452.000448013932,-19840.825957734014,0.0,0.0,0.0,13777.35346844526,9552.772498005537,11748.759481668392,-242.1532157054216,-1126.4449680946122,973.4102253985536,0.0,0.0,SUBMERGED,UUV
1781495977.3329864,-2.0526233716443665,0.37739849123554187,-3.86321725924879,-14.600537469082484,2.816325220194232,-13.724891639541239,4.708275604842113,39.55517306501531,4.920168257879198,0.0,0.0,48.357119999999995,9256.595807232556,457.8403646250962,-12388.833289095912,0.0,0.0,0.0,-2884.885515548004,8871.270500400844,1945.5842026153182,772.2105154905117,555.0113231206245,748.6101348597551,0.0,0.0,SUBMERGED,UUV
1781495977.7329779,-1.8305446861064976,0.16659803800519749,-3.837807137122464,8.554680939910508,9.375980081641806,-0.08435677932902101,-1.3853229831820415,35.60944064864707,-1.7504954641983976,0.0,0.0,48.357119999999995,-3355.0960179712683,3985.38576650609,-7.221921793567191,0.0,0.0,0.0,-4813.385788234311,-14635.18574017666,14268.950368484187,0.10699443860459379,-0.8029410988080519,-79.59219722833237,0.0,0.0,SUBMERGED,UUV
1781495978.132942,-2.072420725938768,0.22465019177458545,-3.797092278103287,1.2100606781701724,-17.000389395386883,18.735225460917146,-6.084322358313428,34.719262769394284,-8.200138717493983,0.0,0.0,48.357119999999995,-118.96577622041347,-12410.012052855363,22570.639938738186,0.0,0.0,0.0,10172.134022341412,8023.102560133368,-17458.90038116441,68.25202828795503,-1104.0967696818834,-797.7390174205826,0.0,0.0,SUBMERGED,UUV
1781495978.5330153,-1.9679776891144078,0.31062292042522355,-4.037957083875068,-11.092790910791493,8.582530892482664,-8.383988429044535,-13.07175550670233,34.60415025672022,-13.852580864407445,0.0,0.0,48.357119999999995,5476.560003792512,3375.6077117188397,-4886.879963690354,0.0,0.0,0.0,-14302.476840365256,4864.633400765738,-6286.250650824278,-59.992380410039054,401.66640074514464,265.4856796505778,0.0,0.0,SUBMERGED,UUV
1781495978.982962,-2.035664530100674,0.13003795684904843,-4.014007151201432,12.318131084252816,12.556112413203582,-3.0857846990272555,-22.6132316860752,43.0226563364816,-22.88987667555153,0.0,0.0,48.357119999999995,-6685.606260218823,6933.88061248358,-818.039188337536,0.0,0.0,0.0,-485.02787466423024,-14701.426815340667,-11643.56757397871,-156.82316137600887,-63.481362648307744,294.21540184387237,0.0,0.0,SUBMERGED,UUV
1781495979.382964,-2.098760546548569,0.2204592808828043,-3.81872042334926,-2.0313773027280355,-15.292765846569392,-18.3411203932577,-24.87338930822917,43.32018045972309,-28.732307194132648,0.0,0.0,48.357119999999995,266.63997104648297,-10119.249743124605,-21644.35560201753,0.0,0.0,0.0,9087.379936485839,4036.021243541317,21461.489705070424,27.676101149431815,-891.7435822435671,597.3706131660816,0.0,0.0,SUBMERGED,UUV
1781495979.7829995,-1.8675333273863535,0.2789730324913504,-3.9946746557076067,-5.828656436666096,6.958170647453974,11.313921233394838,-23.516644422080233,43.114190250359826,-32.7906290781689,0.0,0.0,48.357119999999995,1650.4582677816989,2284.7581577910764,8589.582087945328,0.0,0.0,0.0,-12496.340702099622,6619.559167599921,2154.9898330526175,-284.37274214149636,592.5976178098703,-174.32664224366448,0.0,0.0,SUBMERGED,UUV
1781495980.232948,-1.9663228242935995,0.12596904542967788,-3.8961145060995683,14.748779942354735,14.467009101700153,6.227940746181468,-13.189819268593018,30.484277840603458,-32.685554138925426,0.0,0.0,48.357119999999995,-9438.926168136313,9095.224722247842,2827.038197813708,0.0,0.0,0.0,3230.813232781,-13963.468310810622,8627.682961478726,-268.2070491145151,45.08483979262865,-591.7416010743829,0.0,0.0,SUBMERGED,UUV
1781495980.5829802,-2.163542134875998,0.2355813272364718,-3.9646000410151605,-11.427818659214282,-16.342701149038874,-14.8956839379487,-19.741511330624665,35.87554569993252,-36.486091032442836,0.0,0.0,48.357119999999995,5794.499946348771,-11499.555225513257,-14485.682284055043,0.0,0.0,0.0,1975.6623131057506,7269.535122735387,4289.784724779482,779.0127841041505,-994.560123218551,1351.9105208036353,0.0,0.0,SUBMERGED,UUV
1781495981.033213,-1.969937529006163,0.23400811344895345,-4.12282756858285,-2.563958372426381,4.8286952029909695,-14.271474671443315,-16.001464210774895,28.45015807083443,-37.17946264835303,0.0,0.0,48.357119999999995,2273.053923579628,118.92330186133151,-7252.053574553887,0.0,0.0,0.0,-13174.988563440675,9717.817236170798,-3566.9540359633274,-172.81299355725756,366.07656267603704,-58.49374906121947,0.0,0.0,SUBMERGED,UUV
1781495981.4829676,-2.1383416920967995,0.17707287672035538,-4.073932438197773,16.156072591921408,16.294960512351107,-9.475525700456057,-31.723462573256093,37.370536922018594,-43.0058833339238,0.0,0.0,48.357119999999995,-11249.5967221366,11436.306097455661,-6136.832119649285,0.0,0.0,0.0,7232.802266319128,-11628.226885840588,-4704.0659789733545,-503.60063117365286,441.524545985077,1295.3374583762416,0.0,0.0,SUBMERGED,UUV
1781495981.832898,-2.119965916476565,0.21790572868249947,-3.9802865128076177,-16.683493346869056,-17.381507637678865,18.976422776137575,-19.852998353494577,30.296208666702533,-39.519889356294215,0.0,0.0,48.357119999999995,9453.613048811021,-11821.977124514548,19698.65956532285,0.0,0.0,0.0,-2735.4273929135475,6705.789307652399,-10962.661895298044,930.832457917393,-1269.0760986829368,-1593.074537138812,0.0,0.0,SUBMERGED,UUV
1781495982.2329946,-2.063983799505447,0.23827946611053052,-4.203481435570798,7.015544152960075,7.878800315617418,-5.514404459196401,-24.714543372819303,35.23485702614367,-41.518133870057966,0.0,0.0,48.357119999999995,-2319.716824018509,2877.004460147632,-2264.9499554978406,0.0,0.0,0.0,-6126.2800372277725,5431.639491766787,-9623.628130938823,-212.3518969291419,198.72309171436754,443.3616475417731,0.0,0.0,SUBMERGED,UUV
1781495982.6831956,-2.248663215923121,0.19433960248498544,-4.049014227035133,11.588315681559532,12.848972208117313,-0.00352766653458092,-27.09357667482721,38.75455121542383,-40.41755000757188,0.0,0.0,48.357119999999995,-5950.938606073015,7246.201412477803,-0.3562392583488466,0.0,0.0,0.0,14604.302544914663,-14682.729831433899,-14374.017165162637,-45.040487568448505,-40.69595540402275,-172.35991385761122,0.0,0.0,SUBMERGED,UUV
1781495983.1329813,-2.2596925474077274,0.18823589629998083,-4.110800854987563,-15.900780841215516,-14.150657918842397,-4.480461616293449,-10.06105867806102,27.92312385793537,-32.80165062834678,0.0,0.0,48.357119999999995,8734.328051998178,-6081.142426346593,0.4244527903768465,0.0,0.0,0.0,-2510.4497263393,-1115.429351949844,-13912.785520549633,-29.59850029618439,-35.37619088412791,700.8354239225107,0.0,0.0,SUBMERGED,UUV
1781495983.5329762,-1.9917829996831506,0.29085955850348666,-4.124458403155835,9.381617782234208,2.9759279645601815,-17.299577209644266,-7.724087035876131,29.99245116134061,-29.845710640651784,0.0,0.0,48.357119999999995,-3989.6575219081888,503.0106301308221,-19343.114767632254,0.0,0.0,0.0,-3923.2464593821537,8545.177882101458,22295.029692415173,-130.84319759973226,64.1413838962743,65.58735512805815,0.0,0.0,SUBMERGED,UUV
1781495983.9329672,-2.2120542325379433,0.18501720353778672,-3.9548807079519537,1.3567456294968196,11.134259183602058,8.657307419093586,-5.330413745827311,33.13961371812157,-26.703106873453304,0.0,0.0,48.357119999999995,-141.49573082442924,5515.634020813842,5190.116440586159,0.0,0.0,0.0,10962.028406123382,-14110.806114823044,5856.410671681088,298.8581128556397,-82.46114766953337,122.31005216021902,0.0,0.0,SUBMERGED,UUV
1781495984.3829553,-2.1031403242324838,0.14786036612784081,-4.021459628619664,-16.797328754172298,-9.438705137000891,3.480424188852071,-15.244243975665064,43.41903374825592,-22.810135032378085,0.0,0.0,48.357119999999995,12125.617886050622,-4035.1349663620013,1006.250534971144,0.0,0.0,0.0,-10339.08184349645,-4062.2461767377167,11306.246271947928,91.85254077576083,-165.1720251521242,-712.551797978027,0.0,0.0,SUBMERGED,UUV
1781495984.7330363,-2.152841435921902,0.35834936862568545,-4.2255131926947,14.892828601032349,4.277289146610104,-12.397160910781427,-1.4273523581786958,41.00750002258723,-15.18122740705314,0.0,0.0,48.357119999999995,-9617.17223642424,945.9098846227768,-10204.191834901503,0.0,0.0,0.0,3489.9856301105483,8089.453762876792,-516.0521505381428,-652.9471325344787,575.5759280242207,786.7904176747589,0.0,0.0,SUBMERGED,UUV
1781495985.1829486,-2.304505037340453,0.22698795938385705,-4.1312703442530765,-4.2193913611412155,15.098522734941076,-11.427798082743877,-8.877957937731798,43.79088745666702,-7.18470544624798,0.0,0.0,48.357119999999995,922.9241959216185,9873.260731130145,-8743.934893572452,0.0,0.0,0.0,8067.367243936556,-13478.494148093481,-1940.951828742708,412.636417587673,485.04312529020785,634.766145444006,0.0,0.0,SUBMERGED,UUV
1781495985.582991,-2.024283149586712,0.23896770939612116,-4.172697702030215,-4.873517954080887,-15.791141178437648,-3.269979478900282,-4.185900277852934,40.9700237034945,0.7356536829911443,0.0,0.0,48.357119999999995,1193.8625327604586,-10764.220608596605,-902.9910070136639,0.0,0.0,0.0,-12951.738662747177,5709.49085677938,16667.284836989886,17.659250316291903,88.11170486161615,-319.3854581396381,0.0,0.0,SUBMERGED,UUV
1781495985.98293,-2.2011725919815377,0.39775080718753786,-4.143901245602418,16.408506206234907,5.362607194008415,17.67616960995768,-0.6137936614598621,36.948256773904795,7.389427660135584,0.0,0.0,48.357119999999995,-11589.59690380513,1418.9257489163558,20172.030028975034,0.0,0.0,0.0,13341.594283583885,6899.825394138288,-12529.810307864283,-733.016897504077,693.4424181538704,-712.4791119996069,0.0,0.0,SUBMERGED,UUV
1781495986.4329863,-2.2379863558232445,0.22778290918986555,-4.12216387482352,-12.18097255372343,14.687392295042471,17.14929846878747,14.691037719571511,36.12238599077393,14.274657143867335,0.0,0.0,48.357119999999995,6543.341960106821,9362.461051063376,19031.37467326678,0.0,0.0,0.0,1184.2591514287537,-14340.330229111838,-10269.200452814477,954.2643717158687,619.081846374357,-966.0048517541603,0.0,0.0,SUBMERGED,UUV
1781495986.8330228,-2.185047211830923,0.2765807100020982,-4.387446305302398,0.191835448710439,-13.13902600282675,-0.396244011269187,21.396010459270315,38.88356856048474,20.703413413587302,0.0,0.0,48.357119999999995,-11.074867070783396,-7562.369310672701,-41.10582824769778,0.0,0.0,0.0,-10118.554326961257,835.5605648991573,-13824.349802777982,-50.45850441384656,-13.925824798950991,389.0837270963533,0.0,0.0,SUBMERGED,UUV
1781495987.2330163,-2.2952122214972324,0.40113591977661905,-4.1603496715762285,13.619797007243504,1.6502585900295297,-18.62661402412623,23.800585514722172,39.17545079988577,26.45725678490322,0.0,0.0,48.357119999999995,-8101.015217828503,191.51885366764924,-22306.459271998345,0.0,0.0,0.0,14777.131722526443,9271.959214663742,18171.76167595787,-518.2375336785655,352.7723222828966,328.1649972135981,0.0,0.0,SUBMERGED,UUV
1781495987.632964,-2.1799493376893624,0.21727496164007404,-4.169806837753612,-15.595408139659531,12.951383920453365,4.796884773662349,26.518111536169886,41.11209311309953,31.19659957047111,0.0,0.0,48.357119999999995,10507.835704865018,7357.179456775733,1765.5536315087065,0.0,0.0,0.0,-5157.957547214512,-14537.534676433794,10069.355030216659,224.1282912564945,-57.127345966642885,-459.3543991560398,0.0,0.0,SUBMERGED,UUV
1781495988.0830061,-2.0593488227653385,0.30094792074347076,-4.271501368198257,3.5673778865651196,-11.23426582782792,3.766015994339054,13.153088603613176,35.75541888217825,32.16218238010229,0.0,0.0,48.357119999999995,20.26789597845667,-2980.4232250077403,-132.58021340695507,0.0,0.0,0.0,-10808.06280890177,-5272.773529820256,14882.645820509042,5.908180778668655,29.830088568830003,-197.50512683448937,0.0,0.0,SUBMERGED,UUV
1781495988.433062,-2.4166139080348503,0.35514927521361733,-4.224406663811433,0.4317088227990955,6.446837274121158,-13.042622892492458,24.74914827140006,39.86514999247119,37.0546927114289,0.0,0.0,48.357119999999995,-29.04568802931298,1984.5708627910897,-11243.371556638167,0.0,0.0,0.0,10466.118889008249,6604.462379076465,692.0463872030973,422.1930207262833,645.7868864259227,244.24233000193135,0.0,0.0,SUBMERGED,UUV
1781495988.8831532,-2.2688679336323054,0.25613551363756054,-4.376786015256367,-16.381756022953756,12.8617995174668,-12.193459639076117,11.592832288102183,29.16851933951454,34.399724141614755,0.0,0.0,48.357119999999995,11552.724919140102,7260.280903854003,-9891.26246541951,0.0,0.0,0.0,-8283.432977187904,-13119.772049716988,-6412.05488164003,344.8926438274954,333.8973268776345,1063.4714650202368,0.0,0.0,SUBMERGED,UUV
1781495989.283199,-2.149183470572811,0.3158524953176993,-4.321105566266018,12.947306214646161,-15.60026963672782,-7.5869094412124864,11.009383356241544,27.870801126547203,35.43930448244554,0.0,0.0,48.357119999999995,-7352.582079713859,-10514.896882025905,-4060.4437861567794,0.0,0.0,0.0,-3194.4400005668376,939.7843684373174,22694.79653710341,81.392723025089,55.14426861159959,-91.81088071088737,0.0,0.0,SUBMERGED,UUV
1781495989.6829958,-2.4089537141804294,0.3567584608781226,-4.201123146686727,-3.43566337503525,5.018846778181424,15.988095567898572,12.037819989150519,27.934812481095154,35.5033768909285,0.0,0.0,48.357119999999995,644.0194632829803,1258.0891283135231,16628.13199166166,0.0,0.0,0.0,8145.173302247349,7366.529369164585,-7358.153967046275,571.3243016017168,835.3290735269468,-307.8474245839342,0.0,0.0,SUBMERGED,UUV
1781495990.1330302,-2.2208190743246097,0.30063493397855856,-4.343308146566102,-13.63221798411804,14.834768229149885,15.382760036261516,23.96253614052922,38.0924136889197,37.86996174707627,0.0,0.0,48.357119999999995,11212.845162386715,11978.997950413579,9013.630167133353,0.0,0.0,0.0,-12955.226606144095,-12115.413129709475,1520.6706874622655,381.81734750532405,632.2432206045244,-1151.7180588965157,0.0,0.0,SUBMERGED,UUV
1781495990.5829937,-2.1497365420418557,0.24556647260208972,-4.376561335717363,11.10943762929392,-8.193899651693174,10.997174242901773,17.584188501015525,36.107759278480366,32.49852677267279,0.0,0.0,48.357119999999995,-5492.38271101068,-3095.728250873447,8143.582438620779,0.0,0.0,0.0,-2420.459115061979,-5528.019288171188,2886.96709670917,-572.6523250172567,-519.0047988145735,-771.8142761996304,0.0,0.0,SUBMERGED,UUV
1781495990.9330134,-2.4388251403827717,0.3689274863483405,-4.2880603964329,-7.660137947830215,1.637258004398332,-18.180641583069985,23.202956400515802,41.83238999059995,33.03042474421363,0.0,0.0,48.357119999999995,2729.999799934183,188.9955026846728,-21280.896729466345,0.0,0.0,0.0,5542.951240237351,9302.083290987826,14773.292889667026,648.5790609566066,433.43527310832235,249.86154627379372,0.0,0.0,SUBMERGED,UUV
1781495991.333369,-2.1724392343191634,0.25794086158857055,-4.403149894870319,-4.421845440353069,13.190380932121672,2.6786254607088558,19.256419697126226,38.94023909546952,26.223546061603606,0.0,0.0,48.357119999999995,1003.2149714218921,7619.1733788846595,644.4372701463337,0.0,0.0,0.0,-12760.384532885508,-14569.978717333375,12148.015042199218,-43.07849419025285,-27.898677596610153,166.85326638098016,0.0,0.0,SUBMERGED,UUV
1781495991.7830625,-2.2684085550679383,0.20088286684963044,-4.317591118144418,16.648229164478586,-10.907735355586965,1.7402747551515634,1.3660032239671753,32.28814362233222,18.55172532537959,0.0,0.0,48.357119999999995,-11918.837016512034,-5304.665168800458,321.1951927982925,0.0,0.0,0.0,11487.458917360023,-2373.6849671138425,12782.784174990402,-49.80934026405432,-33.30509314695001,-547.9157671538435,0.0,0.0,SUBMERGED,UUV
1781495992.1829793,-2.4421246525144547,0.366315538442535,-4.38812242524151,-12.480634263118459,-0.7151794482242444,18.60170175387246,-2.296737418126143,34.366653811417834,13.072917457257,0.0,0.0,48.357119999999995,6854.550142774232,-56.2570976447068,22251.438228663214,0.0,0.0,0.0,583.8666743627091,9922.26805431809,-20048.803480048675,598.8599286855438,234.03907075277772,-314.22023652787476,0.0,0.0,SUBMERGED,UUV
1781495992.5832992,-2.3184365194786545,0.2185049808318382,-4.589155819109425,1.8408119372174703,15.881550670035944,-5.7761748883859285,-7.395725548068688,37.61940915052308,6.113849725993706,0.0,0.0,48.357119999999995,-227.6388437276314,10883.258463652737,-2462.786404159185,0.0,0.0,0.0,-9333.113393185453,-12811.31069130388,-9249.770090483446,-209.72563451781778,178.65424399705557,446.5652832554376,0.0,0.0,SUBMERGED,UUV
1781495993.0330248,-2.4819116754529547,0.14920482060307008,-4.491283266652344,14.314919270422624,-8.024282786892602,-4.799450780409841,-1.3511781444482216,44.88620035760232,-1.164588942116779,0.0,0.0,48.357119999999995,-8912.52573512857,-2976.8700635240516,-1765.9034282567486,0.0,0.0,0.0,14326.109905868681,-5284.42269273485,-10238.440728713274,-29.27620967301678,-157.29019826489332,280.25268330213083,0.0,0.0,SUBMERGED,UUV
1781495993.433033,-2.3796578621708093,0.3426451012833511,-4.43680767510903,-15.682391776259493,-6.55674622438335,-17.649059412488427,-3.2704213029280607,44.36080280650318,-8.063636098703943,0.0,0.0,48.357119999999995,10621.187823932505,-2047.6101774496483,-20100.358144393984,0.0,0.0,0.0,-5006.172446357084,13237.575944963006,22908.91209257995,525.7106635409432,-261.0161761922289,451.2849638619867,0.0,0.0,SUBMERGED,UUV
1781495993.833314,-2.2571591443209527,0.18243483833794194,-4.506350308002079,9.529193413390093,15.913452059745238,12.54072024850004,-5.550080706632932,40.42845562356139,-13.845114260913538,0.0,0.0,48.357119999999995,-1715.6874888156979,12138.567745814382,5027.271508365676,0.0,0.0,0.0,-7256.905729109449,-10387.45719946768,6142.141564568727,-645.0873204852285,533.595357140937,-933.43643653456,0.0,0.0,SUBMERGED,UUV
1781495994.2329457,-2.555119226133943,0.17558252268972016,-4.509254674707282,2.8431483719992383,-11.608597012935892,7.207631828995325,-4.064318812885636,35.71061036751389,-18.38325211511136,0.0,0.0,48.357119999999995,-465.4617114873628,-5971.023464492009,3692.3177130396803,0.0,0.0,0.0,11448.203163358505,-1267.3996742485672,-19369.638210986326,-136.8308257117588,157.79255708600445,160.16856005942813,0.0,0.0,SUBMERGED,UUV
1781495994.632948,-2.373031001390432,0.3202570187249502,-4.602699387924146,-15.627809908746208,-0.22282536009766485,-15.974034481976352,-8.186939470191556,32.983598024378196,-22.507615509152043,0.0,0.0,48.357119999999995,10550.407167755018,-13.177856361037666,-16581.333528346222,0.0,0.0,0.0,-13597.740486762941,10278.730506046242,7439.484410058702,636.223354048988,456.75243098281453,492.9346159008539,0.0,0.0,SUBMERGED,UUV
1781495995.0833127,-2.398347551067897,0.18643273108132752,-4.675785686986675,12.017800900086364,16.73459778499986,-15.149812049243065,-21.56024300587842,35.42924036408658,-28.521021970858637,0.0,0.0,48.357119999999995,-3592.9078648221075,11101.638935141445,-8773.407329800932,0.0,0.0,0.0,-4599.118372885456,-6761.666224134593,-2041.7918774914995,-550.8488971527325,670.9373698907708,1094.2879700731705,0.0,0.0,SUBMERGED,UUV
1781495995.4829826,-2.4795908171306484,0.17251873639293597,-4.375956959638084,-1.0501245896530325,-9.352192908622458,-2.736012740245196,-25.66700386169564,35.719710283349954,-32.25986919046154,0.0,0.0,48.357119999999995,96.61425753164635,-3966.1010563570817,-668.3345769070112,0.0,0.0,0.0,9957.821079590682,-3981.026428804287,16136.158842592413,-67.62584173108161,80.69284826633157,-241.35477988116,0.0,0.0,SUBMERGED,UUV
1781495995.8329675,-2.3794714314319845,0.2554827373759498,-4.729270152755903,-3.8683396984150207,3.9921373016490156,-7.366654275615855,-16.800122049537563,29.711581065546724,-31.70471874865817,0.0,0.0,48.357119999999995,791.934819627954,837.1355760111544,-3844.695284825136,0.0,0.0,0.0,-12002.498214379302,8199.915412228918,-7613.09306398305,-170.08319107335285,275.3992088263947,47.95527878264936,0.0,0.0,SUBMERGED,UUV
1781495996.2829843,-2.5388182442194527,0.14636676430834328,-4.6383375806716725,16.513941307227327,14.619347406249972,-6.545986517177296,-28.41945241125787,40.23086382830092,-38.48687140780531,0.0,0.0,48.357119999999995,-11734.910224822022,9279.814818951607,-3092.5614774667206,0.0,0.0,0.0,9547.667591491407,-14034.055696513204,-8255.460754313619,-333.4380095433788,36.43211515221911,738.3375011747792,0.0,0.0,SUBMERGED,UUV
1781495996.7330606,-2.652564222263132,0.17524067261462445,-4.608387412014265,-7.504993698756527,-10.30149722783691,-5.917573906482259,-14.848094012126094,31.956574723490696,-34.17178276299649,0.0,0.0,48.357119999999995,902.7829328267611,-2442.931228000832,-224.65442823833845,0.0,0.0,0.0,8041.383276646602,-5810.196671908288,-13241.741358654413,23.33506081358169,-52.661927282509176,276.63381186831265,0.0,0.0,SUBMERGED,UUV
1781495997.082977,-2.3237770266902578,0.24829756202698916,-4.67997703217947,4.317370402685469,6.239233287742257,14.756396952145437,-24.11410238560911,38.67648595553866,-36.963067717613406,0.0,0.0,48.357119999999995,-961.432056587859,1869.632865329835,14258.143141412336,0.0,0.0,0.0,-7935.207481461302,6906.6281047305765,-4271.675228234143,-671.1747657628858,774.7972547634475,-419.0200841384418,0.0,0.0,SUBMERGED,UUV
1781495997.5329683,-2.4789620605734917,0.1875923412578123,-4.5439491954727425,15.665955835616892,15.758407480795968,10.209210261585046,-10.661926496659554,29.559592169856245,-32.463199259827405,0.0,0.0,48.357119999999995,-10600.1990076048,10721.39813884487,7074.198690323636,0.0,0.0,0.0,13408.072002652318,-13318.539046982258,3667.1939237246024,-313.92079654348186,361.2300387477291,-831.2005498578735,0.0,0.0,SUBMERGED,UUV
1781495997.9330394,-2.5979108271756908,0.18642836197693624,-4.70757109807801,-15.586198965152853,-14.090611523991118,4.122215363175375,-5.98692002244985,27.897901467680775,-30.051600377121822,0.0,0.0,48.357119999999995,10496.238275314834,-8646.433358676582,1349.9339434115172,0.0,0.0,0.0,-1498.2100120601835,-1132.5941415908133,-20927.14001583436,-140.59886707245641,79.54475929205537,642.6408382254517,0.0,0.0,SUBMERGED,UUV
1781495998.3330235,-2.4057188779537197,0.29077311226446584,-4.75825879120664,8.026227795467156,3.738214341349953,-17.505128551036673,-6.323981762632153,30.186228562372005,-27.3369505338421,0.0,0.0,48.357119999999995,-2978.3144041389623,746.1414724261136,-19774.102737687517,0.0,0.0,0.0,-5249.723161951914,8253.110628182065,11761.078926623348,-793.9333491405459,708.1587495603301,412.3656293637889,0.0,0.0,SUBMERGED,UUV
1781495998.7829778,-2.617196784357195,0.25070888608832353,-4.68533923278975,12.198125509139242,16.643967541674744,-13.571418481776558,-16.991601331047647,42.7287210828172,-26.174205554178183,0.0,0.0,48.357119999999995,-6561.993399266677,11913.298525759577,-12127.264458690459,0.0,0.0,0.0,14337.414829544821,-10407.061829162638,1994.8966781586164,-276.6612275910406,804.1695823114035,988.3346454853316,0.0,0.0,SUBMERGED,UUV
1781495999.1831036,-2.4856550980438126,0.13608470164379083,-4.611461438960391,-16.726616262598263,-9.065185148561637,-5.173983967145706,-16.190657731488834,43.8852822928918,-20.737159756370563,0.0,0.0,48.357119999999995,12027.531597129926,-3740.2301001729084,-2020.5450114755793,0.0,0.0,0.0,-8865.717958839652,-4212.353424311151,17810.72629238081,-51.2159457594082,116.92528979417192,-296.3097861554238,0.0,0.0,SUBMERGED,UUV
1781495999.5831065,-2.46131652309915,0.35302398335889096,-4.781827707048616,13.421061985818014,0.8335897592258315,18.65392575044699,-12.294544299120258,41.43104832499076,-12.596959951424207,0.0,0.0,48.357119999999995,-4821.407525320398,-466.18006671837435,18723.086605684042,0.0,0.0,0.0,-3293.9469013344483,10812.791426400698,-10095.753061634698,-889.3897110622354,335.27230942259024,-388.944561347698,0.0,0.0,SUBMERGED,UUV
1781495999.9831328,-2.6903190779830357,0.1775718468040719,-4.728845579408466,-5.69991782625161,11.821087927329849,-8.78001943328843,-6.802236527457404,39.04298889295526,-5.1754953551338945,0.0,0.0,48.357119999999995,305.94631164530887,9721.017327157624,-1489.8161983728264,0.0,0.0,0.0,9175.216389366986,-13851.10287370089,-10682.671141758756,66.80454413260361,59.903994636815725,191.68025512001162,0.0,0.0,SUBMERGED,UUV
1781496000.3829908,-2.4669469222801546,0.20709328825630305,-4.786883000362849,-11.372750451401162,-13.677225069956268,-17.91624594576621,-3.1033989966099877,37.237232213105145,2.3419722775184972,0.0,0.0,48.357119999999995,5742.340916710108,-8166.434775693748,-20689.552344993423,0.0,0.0,0.0,-14791.513681285556,1339.4823415702554,22661.916663285127,316.5495654325772,-607.1921142376954,531.6162565320485,0.0,0.0,SUBMERGED,UUV
1781496000.7829874,-2.4941793493016484,0.39809958688280117,-4.700896726465609,16.633754038171627,4.764589921201694,12.159728449431997,4.263201770395792,33.44867392461962,8.978021196608978,0.0,0.0,48.357119999999995,-11800.904220699902,72.92659832767013,4566.731385764499,0.0,0.0,0.0,8311.482932798483,10299.583606412198,6674.639050022744,-375.20406481395855,250.914484407969,-636.4826632256073,0.0,0.0,SUBMERGED,UUV
1781496001.182968,-2.667603206735227,0.19595757725931953,-4.823491816728687,-12.066300446972708,10.988184583991627,7.941421793480135,7.269202784157135,29.6985640160728,14.029845167903437,0.0,0.0,48.357119999999995,6427.1973626397785,5378.896453067046,4418.156458669412,0.0,0.0,0.0,714.4204588745952,-14341.965044502354,-19980.286125643594,-168.07327862152383,89.73204196687607,104.98825772649005,0.0,0.0,SUBMERGED,UUV
1781496001.5829616,-2.5055287233798964,0.31031782663039936,-4.885237708807421,6.232119712302368,-16.973709411703627,-18.16143432422945,12.988453303728289,30.964756866092575,19.75692320259571,0.0,0.0,48.357119999999995,-1865.470847935228,-12373.639811191737,-21224.557175406142,0.0,0.0,0.0,-6607.65332760978,8775.76414414504,14125.01664757137,-647.3147581634407,-1166.756969303014,1050.580956942874,0.0,0.0,SUBMERGED,UUV
1781496002.0329626,-2.688606564694986,0.39431337743946404,-4.800184371885944,14.81776257881129,1.8945359918173228,-14.752890543168713,23.216379830582277,40.98201245439114,28.148087199577166,0.0,0.0,48.357119999999995,-9523.529830672234,238.42450007892916,-14231.656789377976,0.0,0.0,0.0,14004.006086124531,9390.188941214852,4442.354075059283,-511.80778257850585,670.8763239566006,480.3225452611598,0.0,0.0,SUBMERGED,UUV
1781496002.4329689,-2.5217058008800883,0.21525393295725104,-4.78019698560076,-15.361521666061499,14.182750005575912,-3.662916304170792,23.854210386127217,40.26342542396661,32.43601757918005,0.0,0.0,48.357119999999995,10206.75967506852,8755.138459025797,-1097.9108129833635,0.0,0.0,0.0,-4606.352910260286,-15208.855238722244,16910.632450318088,-115.16371268692949,58.77680964998793,-204.3200844408942,0.0,0.0,SUBMERGED,UUV
1781496002.8330479,-2.536322830896822,0.31341826109093895,-4.922972746242832,9.47657579311553,-16.88290879607056,18.714462394313273,23.741337309953032,40.06918560191486,35.93126994985176,0.0,0.0,48.357119999999995,-4065.7260568353854,-12246.549413766668,22524.43960049769,0.0,0.0,0.0,-3835.2567681288756,7295.286281982565,-19423.917850470265,-598.3849202372453,-981.4584549369713,-950.4603402496914,0.0,0.0,SUBMERGED,UUV
1781496003.2330976,-2.805658032464879,0.35083793889688375,-4.848312284776176,2.5370157835599305,5.134964763198752,-5.778978428462637,19.228660354113774,37.15246204104099,37.52943486092735,0.0,0.0,48.357119999999995,-384.3084852582345,1311.5101785434022,-2465.8404886326084,0.0,0.0,0.0,11453.983653733501,7526.852034837983,-9427.015847053535,137.39996584260138,210.88678003050234,101.66185003650207,0.0,0.0,SUBMERGED,UUV
1781496003.6831565,-2.6465828154508957,0.24774171072408327,-4.9827295825264475,-16.489673023451772,12.6875030791285,-5.149772794413781,12.335255325252561,25.73172728937231,36.025732882064936,0.0,0.0,48.357119999999995,11700.404566741892,7073.642671580274,-2002.186708471408,0.0,0.0,0.0,-7018.033177970911,-13622.604385328299,-13726.847770357299,-37.072945472240534,60.441567453160836,518.8736431441089,0.0,0.0,SUBMERGED,UUV
1781496004.0830557,-2.561315781517796,0.3213226210146484,-4.914234404161361,12.184395128132874,-15.419569369284202,-17.20246627171006,12.272500224004899,25.785757070976256,37.416143544262454,0.0,0.0,48.357119999999995,-6547.658071820229,-10281.649030880408,-19127.35860570404,0.0,0.0,0.0,-804.9101619543862,4518.767203841563,23140.67922723803,-244.31510555185804,-606.5386752190475,573.4492747148145,0.0,0.0,SUBMERGED,UUV
1781496004.4830334,-2.7519917192117878,0.3530648983940325,-4.746571545778824,-1.455663261562104,3.770034691591046,9.444253177472671,16.531944485084008,28.93227272700012,39.21682064307315,0.0,0.0,48.357119999999995,157.50578625518568,756.90932473711,6110.433760230798,0.0,0.0,0.0,9813.06766154112,8795.413342291962,5088.358423816568,329.94988871727384,407.02639616063465,-170.60269047721243,0.0,0.0,SUBMERGED,UUV
1781496004.933014,-2.587110441845203,0.3030013275953306,-4.876889006055488,-16.391988744549163,16.433711053134672,4.64836541167171,26.758380200155944,37.73391838827442,41.09520803770098,0.0,0.0,48.357119999999995,11567.443703104898,11624.089814069597,1669.2068400595324,0.0,0.0,0.0,-12253.344512970716,-12391.36752787289,10239.03761984529,87.38940437894131,140.24681667956006,-642.9954994337766,0.0,0.0,SUBMERGED,UUV
1781496005.283017,-2.6884729860265977,0.27169131043655625,-5.032840193432028,15.829804462253358,-14.854059697186948,-13.519033186310782,19.762096509785312,34.36824526972598,38.22923192779498,0.0,0.0,48.357119999999995,-10816.063505006307,-9569.119841027052,-12031.531512038078,0.0,0.0,0.0,5676.319838661744,3357.8885582968683,1537.4928934379732,-775.5348083320281,-816.5193354195951,1445.264101506083,0.0,0.0,SUBMERGED,UUV
1781496005.7329988,-2.847433987695006,0.345251077796316,-4.919245890565473,-5.623259320791091,1.5677240365872533,-13.134954647727206,22.060975450486296,38.007850642888556,35.237574536101384,0.0,0.0,48.357119999999995,1545.954491553475,176.58726050294072,-11395.152237448225,0.0,0.0,0.0,7132.668944932417,9553.917911442073,858.6546856294228,571.1005532988702,522.3555136267148,245.532303964558,0.0,0.0,SUBMERGED,UUV
1781496006.1329794,-2.552606958929995,0.2834853071621595,-4.987296304995661,-7.69657391602273,14.617478700975862,-6.917263551005825,16.764824907568972,35.761034517024704,29.727263621732728,0.0,0.0,48.357119999999995,2754.3354240802996,9278.11136135584,-3425.4745636508483,0.0,0.0,0.0,-14080.193427814847,-15241.866608346314,19522.740637400897,76.25493256373525,102.64159268546899,241.35646546694312,0.0,0.0,SUBMERGED,UUV
1781496006.532936,-2.65796752781795,0.20750819996791073,-4.95852428929324,17.00861264911768,-14.54796353482639,16.37669360060632,11.255294899704934,32.521176090980546,23.440716550279376,0.0,0.0,48.357119999999995,-12421.80960303968,-9194.764320166283,17422.984587898118,0.0,0.0,0.0,11909.492288260968,2293.1282045274556,-7995.779993035621,-877.1699404825247,-1022.4634415472734,-1454.5859365525794,0.0,0.0,SUBMERGED,UUV
1781496006.9330914,-2.845313585807428,0.35366373085955854,-5.063037612680158,-11.95561831269429,1.1934663078309413,0.7090739210473318,4.51621838810227,31.083983110964432,18.004705647736994,0.0,0.0,48.357119999999995,6315.2256984080705,116.68412508578396,86.80801671460357,0.0,0.0,0.0,854.941504670717,9622.6837428287,-14731.671461327422,-24.1409140987573,5.053134462630879,319.0554546027695,0.0,0.0,SUBMERGED,UUV
1781496007.3829923,-2.6802537817859236,0.22799360987499864,-5.17930335366363,-0.6433049890921068,15.905117860489671,2.339942111762704,-3.2344029955183133,38.55343389371885,11.848850194587529,0.0,0.0,48.357119999999995,48.71720778571468,10914.26026900572,515.2746570816854,0.0,0.0,0.0,-10473.863189034922,-13615.779046564336,-16092.083158437354,-5.456904521264896,-2.7273599292015493,16.03937719347358,0.0,0.0,SUBMERGED,UUV
1781496007.7829845,-2.7801019639501963,0.16609996587899628,-5.028339874439764,13.833637809521015,-12.153428950593053,-18.280120721992454,-6.031470764147918,40.6902826701597,4.608797569111527,0.0,0.0,48.357119999999995,-8346.529497849653,-6516.3964221271135,-21496.36893304459,0.0,0.0,0.0,14628.445808273871,-1003.6014656822845,14409.212309503819,-549.7763014962721,-1153.7963836547935,946.899947728377,0.0,0.0,SUBMERGED,UUV
1781496008.183381,-2.706734264420015,0.37093891135922846,-4.969945130735674,-16.86111357083253,2.3312251049700756,6.868868688771709,-6.479024620362857,42.71160929661979,-1.9646562723638081,0.0,0.0,48.357119999999995,10916.566856546677,-228.95668338992436,551.7754340038048,0.0,0.0,0.0,-5930.697123949475,11801.573966069522,12325.063331689485,95.16327982038503,67.17637674645245,-455.9375740949654,0.0,0.0,SUBMERGED,UUV
1781496008.5830154,-2.711296822409239,0.16052342225198604,-5.1701066974851635,10.699695907466944,13.570951732421644,15.908064665519452,-9.242768892483683,44.51792571608046,-9.651782531507079,0.0,0.0,48.357119999999995,-5114.288595559323,8045.405939362804,16454.76407536018,0.0,0.0,0.0,-2508.0784415569806,-14681.514969764066,-23390.71123019994,-32.19278964171816,286.3259318399635,-212.7436599305664,0.0,0.0,SUBMERGED,UUV
1781496008.9830377,-2.9015769895209376,0.18505358974520472,-5.0877265608330635,0.05097062936981733,-13.599525504545273,-10.62366880310564,-8.542297577726854,41.34989367371382,-14.683331785499332,0.0,0.0,48.357119999999995,-2.6671293092725303,-8077.611250187703,-7615.24330076666,0.0,0.0,0.0,10346.501161997043,1251.6300177895355,-3325.096800906224,327.805364016327,-601.1962602698285,614.6787974859217,0.0,0.0,SUBMERGED,UUV
1781496009.4329722,-2.7973252140353613,0.3132236394219884,-5.2102793585781,-16.445246379450413,-4.4862436948669515,-5.422059856610203,-7.8846582705841,28.25631998454132,-18.80179694038076,0.0,0.0,48.357119999999995,11639.692308754058,-1029.4950315919261,-2196.14430241172,0.0,0.0,0.0,-9263.568279908814,12301.071141475,-9546.95044076968,213.29254825517307,79.88380895825264,464.82835327901216,0.0,0.0,SUBMERGED,UUV
1781496009.7831373,-2.715592416687516,0.127392725272706,-5.094520263711792,15.581074557807822,12.563111285837206,14.113044351722468,-9.270860325134963,33.245524533720676,-23.045773926763673,0.0,0.0,48.357119999999995,-10490.75882487797,6941.555011394863,13087.64134605512,0.0,0.0,0.0,4529.348205004942,-14127.945419747384,-2953.09810751065,-792.1037382875861,244.06272562998544,-873.1626536908249,0.0,0.0,SUBMERGED,UUV
1781496010.2332964,-2.859739689001088,0.15136802369455626,-4.987244471146731,0.01670069060464696,-9.631762326897155,9.428614258329192,-16.191230643072302,29.518013842980352,-27.282035213314092,0.0,0.0,48.357119999999995,-0.8499138355272011,-4192.021238091014,6092.650893801826,0.0,0.0,0.0,10389.865451155369,-4041.195557111831,5069.423064847992,292.55904555444624,-482.96389470394246,-394.10643655702586,0.0,0.0,SUBMERGED,UUV
1781496010.6330175,-2.7540266428768283,0.2588800656979899,-5.307984869435798,-9.65434218071611,-0.4628005383573377,6.293814680359854,-19.880665037383853,30.107694039833643,-30.02340729466674,0.0,0.0,48.357119999999995,4210.966136990888,-31.711708018245265,2878.5616802939335,0.0,0.0,0.0,-14017.334898399356,10308.526322293726,-19073.41564277744,60.558550911324005,-66.69156695816176,-78.26305669982074,0.0,0.0,SUBMERGED,UUV
1781496011.0329804,-2.8428617526312068,0.14909039980403638,-5.212046217916787,16.648203797992974,15.40747433783284,-16.608008590130826,-22.43513155625755,32.73314603974374,-33.07251851671623,0.0,0.0,48.357119999999995,-11920.443882665584,10266.391914806452,-17861.820206236876,0.0,0.0,0.0,7883.024757092656,-13780.808681899316,8864.863278798066,-983.8340827035473,750.7387324457725,1346.8532147745245,0.0,0.0,SUBMERGED,UUV
1781496011.432966,-2.84399566449402,0.17343420006983343,-5.027191234590947,-8.529143605285416,-12.784976609701655,-0.024832198534455396,-25.92905532438081,35.991125855046306,-36.21067129087281,0.0,0.0,48.357119999999995,3336.2979355143316,-7177.169904871631,-1.9333196548140894,0.0,0.0,0.0,4826.41174252527,130.17134832485,14001.762968930134,-22.63276327210688,-13.720227291920738,-593.9722742653933,0.0,0.0,SUBMERGED,UUV
1781496011.8330503,-2.7146171321156203,0.2481091885253921,-5.319029220627907,1.9606364577278832,4.919913222479037,16.852995695269055,-27.149711875820397,36.84131002330302,-36.45523734993635,0.0,0.0,48.357119999999995,173.80512373509265,214.925177269357,21914.91912375104,0.0,0.0,0.0,-10353.97758032078,8722.044743318,-18103.6570637794,-167.67232101836527,392.4024749770092,-18.93026524757805,0.0,0.0,SUBMERGED,UUV
1781496012.2829845,-2.8450927792375422,0.18469812049903808,-5.195800576665643,17.018998114910552,16.707383900564544,18.552828136029397,-14.786449551346779,31.176575417947824,-32.6297200332894,0.0,0.0,48.357119999999995,-12436.883956567846,12001.794116754372,22149.92798902247,0.0,0.0,0.0,12484.226803334983,-13206.47733805825,-15798.36962393986,-837.5191614376872,846.9672213931661,-1224.4464943887979,0.0,0.0,SUBMERGED,UUV
1781496012.6829371,-2.9989860312221643,0.17075684231279367,-5.282219238811165,-11.622840567615812,-10.733736114277804,-4.12784668129,-10.634010087616588,28.768481912547603,-30.28907349265309,0.0,0.0,48.357119999999995,5984.567803875499,-5145.313803802125,-1351.4931362401358,0.0,0.0,0.0,1398.5644083578927,-2430.170160309519,-10740.771429906808,135.932515928911,-191.88652824522273,705.6919863397491,0.0,0.0,SUBMERGED,UUV
1781496013.1329577,-2.7899458533368002,0.25883341810500876,-5.417814432016459,-0.7055016870900835,-4.764173984962963,-3.0705237860247787,-9.465068509001819,30.575395814419032,-28.961484216933787,0.0,0.0,48.357119999999995,55.18078131316111,-1146.1130199869187,-811.7765528159281,0.0,0.0,0.0,-10508.159169984063,12432.366011489496,-11949.568642263874,-73.46257394356637,60.147940768968354,-88.13406917861684,0.0,0.0,SUBMERGED,UUV
1781496013.5329723,-2.908681946251944,0.2375121221197596,-5.235863794935799,14.862294202185078,17.482078560774564,-18.64918541041734,-10.81831455204172,33.447400166960755,-26.046443792340153,0.0,0.0,48.357119999999995,-9579.273927186856,13099.138181503602,-22350.40291772026,0.0,0.0,0.0,14873.319143756544,-11255.745806135335,21801.54705842098,-602.9295793632249,840.782660384923,1015.1600506022614,0.0,0.0,SUBMERGED,UUV
1781496013.9329557,-2.877882016515872,0.130518165104572,-5.168275360510101,-15.415710838659782,-9.190572773096044,7.577245974580011,-11.434194112796442,39.14791267654426,-22.653191545327253,0.0,0.0,48.357119999999995,10275.950597152974,-3837.706117927464,4055.6955318071555,0.0,0.0,0.0,-4628.2828818245525,-4457.373150334036,7288.700039414924,346.1425347353912,-388.2298110347612,-939.4634686475832,0.0,0.0,SUBMERGED,UUV
1781496014.3329468,-2.850433945998845,0.3180243717313622,-5.4526871053596695,10.018931030417033,-0.945276536920183,8.526741532163042,-10.632101513774048,42.45573209187109,-17.168903106356005,0.0,0.0,48.357119999999995,-4516.121083937709,-83.0153560313127,5042.366123227054,0.0,0.0,0.0,-3135.082363931868,10458.891703574533,-20163.104251150326,137.12646863811597,-152.22928336320214,115.42288305758632,0.0,0.0,SUBMERGED,UUV
1781496014.7329564,-3.021947979043589,0.22146266037023973,-5.2905911567834,-0.6683541372244709,15.713242613001137,-15.30578785701608,-8.815328857921614,40.85582331718436,-9.98873563346084,0.0,0.0,48.357119999999995,51.23781671226805,10661.557033660261,-15271.159379739887,0.0,0.0,0.0,9886.554310291674,-13317.325396030603,5714.465141154637,401.880907758428,783.2813455691967,657.5342017515754,0.0,0.0,SUBMERGED,UUV
1781496015.182993,-2.9508996773524903,0.14572207597760364,-5.422125538634679,-16.528785833576638,-6.771031430282005,-10.613328481738185,-0.10590804950136286,30.511937355791595,-0.9982364444242662,0.0,0.0,48.357119999999995,11753.85517634524,-2172.1675134091643,-7600.652516523473,0.0,0.0,0.0,-10303.378940756967,-6347.979637186383,-3302.4999499586306,513.7048541009891,-478.1002020705681,884.4283383247855,0.0,0.0,SUBMERGED,UUV
1781496015.5329897,-2.868912442867834,0.38895986613258476,-5.370734507086976,16.635246069082278,0.7891167093213483,17.797265402699985,-4.048420091463839,37.590491147787674,4.642533589643696,0.0,0.0,48.357119999999995,-11901.495437492931,64.49249691984075,20440.43346979773,0.0,0.0,0.0,6988.61287740188,9186.303492523262,-12915.075787701622,-977.6565547140506,455.8832525970736,-747.0388816354232,0.0,0.0,SUBMERGED,UUV
1781496015.983386,-2.9807335892195264,0.2732445732749413,-5.259462871055126,-2.1786342701048564,16.773141894797778,13.917951628252688,10.84333807704715,30.541359573845288,11.02093310877528,0.0,0.0,48.357119999999995,298.8227381690837,12090.893920341668,12750.742821898411,0.0,0.0,0.0,8966.184094648206,-7984.143453198394,-2507.8485429425386,485.0141760027758,922.2778597803954,-949.2997997861073,0.0,0.0,SUBMERGED,UUV
1781496016.383019,-2.8984639047490903,0.22224709001689608,-5.551047619075954,-7.322476532029128,-9.579968721827061,-0.46807870944794716,15.104457985064865,31.534057931891958,16.869540644996462,0.0,0.0,48.357119999999995,2510.781217447546,-4150.043165734623,-50.68016504970832,0.0,0.0,0.0,-13333.760646929846,-3616.268758848135,-13867.816449559177,-40.07703435786846,-41.48134637179797,177.38871415337798,0.0,0.0,SUBMERGED,UUV
1781496016.8330204,-3.033315714288293,0.38593075708904256,-5.463192473040283,16.581470805144292,-2.7956303390022055,-3.780945943392242,17.76314287113345,41.168441177789376,24.87841386329106,0.0,0.0,48.357119999999995,-11827.289302442254,-452.33287389896515,-1159.6307316277873,0.0,0.0,0.0,10560.674538598469,11591.180108944502,-11199.669308329012,-132.27083526804128,106.54854572183363,401.16619574443115,0.0,0.0,SUBMERGED,UUV
1781496017.1831894,-2.9225709607917003,0.20863769479664254,-5.3362467029734475,-15.942741237399796,10.183389361764782,13.0006528291811,21.553693369835052,36.79791241129828,27.917151610442822,0.0,0.0,48.357119999999995,7974.4842142947,8503.155638443512,5560.746760939447,0.0,0.0,0.0,-949.5113740171173,-14167.633544671267,5470.715266300669,460.1110758916964,62.370210680756344,-631.0827756786254,0.0,0.0,SUBMERGED,UUV
1781496017.6330142,-2.781300717309777,0.26846719128131563,-5.459151606692942,0.7094372803517301,-10.690380605125236,8.038924634866454,14.118083226147931,35.37280441045594,31.178775882821427,0.0,0.0,48.357119999999995,-55.58249252754762,-5106.1094059282295,4523.539567827245,0.0,0.0,0.0,-10386.080336311836,-2852.386904305178,6823.799564884919,-299.0054911044326,-400.12002817859224,-446.62822405779764,0.0,0.0,SUBMERGED,UUV
1781496018.033019,-3.089602070987012,0.3605725210324688,-5.454161458893942,13.406825918490918,-2.8036208738486135,14.642537561313581,13.12118675034374,33.97328356797384,33.92087581464287,0.0,0.0,48.357119999999995,-7859.920465393377,-454.51707012215564,14032.586707362978,0.0,0.0,0.0,14650.912717788986,11159.256364662451,-23618.72741306467,-209.28810271251805,-149.674783245805,-176.24371406723873,0.0,0.0,SUBMERGED,UUV
1781496018.432977,-2.9987639627890594,0.24608475737430174,-5.530364701368417,-16.661428998895634,14.38092651338088,-15.554588503410674,10.867706335011643,31.0462548844089,35.393508773366364,0.0,0.0,48.357119999999995,11935.928429961235,8991.213732930024,-15747.88188770933,0.0,0.0,0.0,-8254.97337466676,-14115.20687707371,6179.914615741571,840.6508555792732,670.6988901342941,1216.9325350161369,0.0,0.0,SUBMERGED,UUV
1781496018.8829608,-2.9207616554035334,0.2718449489056842,-5.647374436232481,3.850362013028631,-8.691008457332432,-11.287350909179647,16.776263380080742,28.311527821256185,37.01536417305379,0.0,0.0,48.357119999999995,-785.667959863964,-3456.1135023947677,-8541.779716317009,0.0,0.0,0.0,-8244.991575241045,-4803.22562853014,-2446.6643769983584,-432.8688452137889,-564.9730790962674,466.32316107128713,0.0,0.0,SUBMERGED,UUV
1781496019.2830215,-3.0763605269177043,0.3537045949081119,-5.375009130399594,10.707618737709941,-5.990816186865062,-9.898890066616188,18.20081381302036,31.19365721743771,38.90142910728644,0.0,0.0,48.357119999999995,-5121.691758719852,-1735.0220532655353,-6673.222896867437,0.0,0.0,0.0,15039.174879685153,13350.831335573857,21523.21188032794,-179.4533203873731,-122.24824508514564,214.44553545385952,0.0,0.0,SUBMERGED,UUV
1781496019.6829956,-2.9890226100855397,0.2974848654239949,-5.466604007907394,-16.947544725209895,17.16003568439523,14.819095987503356,21.63812333400408,34.86858695035864,39.633607198366434,0.0,0.0,48.357119999999995,12335.596505341977,12635.091435556451,14380.529351598872,0.0,0.0,0.0,-9025.109223352407,-11109.593811863782,-4396.946044255636,771.6468146024612,946.4234758724855,-1581.5794724776347,0.0,0.0,SUBMERGED,UUV
1781496020.1331272,-2.869389978766662,0.25597948373179474,-5.58987522912421,7.752742469739045,-7.731128463453144,14.605957994249117,19.494263703679717,36.22202027259754,37.11288871078796,0.0,0.0,48.357119999999995,-856.7810069089156,-828.6721580659234,7761.64670317184,0.0,0.0,0.0,-8512.10158883031,-8638.461014524524,3257.124557894982,-759.6580424192888,-779.7535130860233,-652.4763699668998,0.0,0.0,SUBMERGED,UUV
1781496020.5830107,-3.0789202592919147,0.30818189134037877,-5.452160283473106,12.12369776523744,-14.287978918351559,10.216229922933268,6.97167719043467,28.19852498502299,32.90104704958818,0.0,0.0,48.357119999999995,-6485.451006452246,-8880.139412531302,7079.225042490646,0.0,0.0,0.0,14090.373148295443,14006.338303454828,3644.747053387207,4.311292870414759,-194.84785424410506,-213.9159171013675,0.0,0.0,SUBMERGED,UUV
1781496020.932941,-3.059366291454747,0.3021403362353467,-5.623807923111401,-16.66923760920194,16.78883209326427,-17.63652189084162,10.897149670495555,33.692741984887924,30.348170106434285,0.0,0.0,48.357119999999995,11947.11732867851,12113.2452282761,-20052.223221893382,0.0,0.0,0.0,-12500.209150457122,-8256.441877546797,11823.607508929153,793.424383345122,1200.2109981348065,1514.7332133208024,0.0,0.0,SUBMERGED,UUV
1781496021.38312,-2.9679260607990035,0.19751010721097303,-5.683990504054646,11.35318388841086,-5.397730917872545,-17.321050713425418,2.4868819542520577,32.1230408185143,26.234447656469737,0.0,0.0,48.357119999999995,-5723.840051504382,-1435.7429311191627,-19370.318071855483,0.0,0.0,0.0,-5185.251533911844,-9451.11532176298,2757.1066135855426,-655.6940014179229,-619.7130073072003,365.3721843434419,0.0,0.0,SUBMERGED,UUV
1781496021.7829885,-3.133921432732291,0.3234065587863471,-5.456898613771671,-0.19317345687751253,-10.406781859132362,0.363833060606807,1.7636566239274802,35.8269827671536,21.457588869594613,0.0,0.0,48.357119999999995,11.140167780258315,-4852.199536043124,36.93946374804226,0.0,0.0,0.0,10567.384671195703,14913.253723191765,14136.618800436478,0.9041412318729591,5.671022012780153,129.6973337893443,0.0,0.0,SUBMERGED,UUV
1781496022.1830034,-3.02823597191977,0.31417420232060683,-5.6644675258050725,-12.542845398054583,16.804105049662457,18.863904512785126,-0.3245978063397813,40.30718206726253,15.417810835001847,0.0,0.0,48.357119999999995,6920.579860071141,12134.822245913538,22872.62692124256,0.0,0.0,0.0,-14430.215749677121,-7037.855944584798,-18088.858384271964,267.30337812431213,1179.827538596471,-982.6912658269847,0.0,0.0,SUBMERGED,UUV
1781496022.583026,-3.107206915399471,0.12419269070898371,-5.750072517332481,15.855894846847853,-4.726346956481063,-4.738927209480503,-0.011221268387844298,44.40617184138584,7.859653714631648,0.0,0.0,48.357119999999995,-10849.868353562277,-1129.8975561472773,-1725.2536542812857,0.0,0.0,0.0,6319.31663680315,-7799.649760312581,-10262.2101206765,-207.33727319318717,-123.50900373465029,653.8245403006259,0.0,0.0,SUBMERGED,UUV
1781496022.983106,-3.1089436411575635,0.3433105965685773,-5.572454758971692,-12.312944184981736,-6.806347874663712,-12.76872126497499,-3.832435378286527,43.9221505425899,0.4909722078568364,0.0,0.0,48.357119999999995,3957.222704824125,-5661.482636872477,-19661.8067689198,0.0,0.0,0.0,4001.5903607994424,14913.417396558712,22899.3588825466,23.463789983884013,-402.7652659878786,218.5110661784296,0.0,0.0,SUBMERGED,UUV
1781496023.3830125,-2.9561193103111285,0.2268214738992694,-5.704835139218036,2.1465464510775214,16.984471887969892,12.529090980968904,-4.404565142936492,41.85437907500541,-6.575829249124729,0.0,0.0,48.357119999999995,-291.6091572948463,12389.283115684559,10432.694441606756,0.0,0.0,0.0,-9199.883488655738,-9938.324246963535,26.54623499224158,-540.5847383153712,757.6971309447297,-895.3110206777152,0.0,0.0,SUBMERGED,UUV
1781496023.8330042,-3.079153422074759,0.09594786895429906,-5.5968788496426365,16.375831260237312,-2.460493510376155,7.479110474898409,-10.229030435569284,31.56071261136082,-13.428777063180966,0.0,0.0,48.357119999999995,-11545.78964557947,-365.2630490717262,3956.622912734501,0.0,0.0,0.0,12192.688496408897,-9528.319226943036,7440.416442091775,-243.3900535311054,-245.30290897706004,-490.76534584218456,0.0,0.0,SUBMERGED,UUV
1781496024.1829865,-3.1434342824436183,0.31773847058276206,-5.755789070007247,-16.11766720665585,-5.93188404884701,-15.949871761531004,-7.920012774684745,35.1729674428108,-18.09136898074925,0.0,0.0,48.357119999999995,11196.119507083999,-1704.4723031737885,-16531.212330483922,0.0,0.0,0.0,-6136.344796001196,12696.508943916831,7156.064270177769,889.7815672822105,104.91884385285277,688.2506269670453,0.0,0.0,SUBMERGED,UUV
1781496024.6330194,-3.0740655478302323,0.17598361866749923,-5.846296809806961,5.673716343358664,16.031432677458195,-15.114869764706576,-18.85714704705712,29.98980814697124,-23.67448873810925,0.0,0.0,48.357119999999995,-1571.6711282403937,11082.593721693465,-14899.754043578536,0.0,0.0,0.0,-7068.1941079373955,-6093.522066193222,4857.475701183115,-695.1846462510013,995.5807034034411,1054.205611650038,0.0,0.0,SUBMERGED,UUV
1781496025.0330071,-3.1788751115843916,0.13306038228403802,-5.580381598831274,8.129487500507874,-5.405401807856637,-3.4725975652037064,-24.457114331516816,32.59153794391455,-28.938045314386798,0.0,0.0,48.357119999999995,-3050.078417353048,-1439.0275361100425,-1001.9870941671423,0.0,0.0,0.0,14272.226475819081,-7307.631200515653,16861.269613606746,-57.37793688921278,87.80035955044536,-1.8750391308832093,0.0,0.0,SUBMERGED,UUV
1781496025.4830248,-3.0769469583822406,0.2501738287608402,-5.7173524057708285,-16.649747974563667,-12.747054876381476,-4.774242479248552,-25.74099728611434,39.29635836700531,-35.895473558418416,0.0,0.0,48.357119999999995,11920.789275491377,-7136.931053157821,-1749.940708232678,0.0,0.0,0.0,-8352.564455631757,15537.880756065064,17857.602376718038,-85.31090655333053,-93.40799520117301,-38.48578425928906,0.0,0.0,SUBMERGED,UUV
1781496025.883047,-3.048447485493361,0.1771421744587735,-5.826770359342141,9.282332168774333,15.911481100840748,17.314117352728623,-24.22991371410397,36.059598557829766,-37.34585120172706,0.0,0.0,48.357119999999995,-3910.4914784589932,10924.645595664095,19396.556637532234,0.0,0.0,0.0,-4325.709838404697,-4894.856274059031,-10682.130891044953,-983.4705522566917,1148.0244839049528,-1265.0598229846528,0.0,0.0,SUBMERGED,UUV
1781496026.283295,-3.361228488164578,0.14561583952658033,-5.781444314461883,-0.43323957355855813,-6.691171827658442,-5.141961818628535,-20.365173535524423,34.12154348237387,-38.78500859248424,0.0,0.0,48.357119999999995,-689.2634254266675,-608.152934550272,-42.81006495380908,0.0,0.0,0.0,11861.76302350956,-8512.910731051948,-14143.159385295407,2.897879994440757,-5.821319040691195,17.578707577036965,0.0,0.0,SUBMERGED,UUV
1781496026.733029,-3.205936238859589,0.21690918683587956,-5.912344410898993,-16.643012669892496,-14.03995116550395,0.3475022785931081,-15.383860019094117,25.156666596635826,-37.8000392180886,0.0,0.0,48.357119999999995,11911.556020317004,-8587.029786836649,35.05754531202916,0.0,0.0,0.0,-10444.644776358495,14517.260410536923,-14491.837754403623,-53.21729746548024,-55.018196962893725,260.58825958048897,0.0,0.0,SUBMERGED,UUV
1781496027.1330442,-3.1364004503582072,0.1663173970701387,-5.840687726903067,14.389312916634697,16.349398050205487,-17.78609109037274,-15.914987271144676,25.215808946988556,-38.37417013593265,0.0,0.0,48.357119999999995,-6005.058950730121,8777.834697862625,-22816.279750411464,0.0,0.0,0.0,-1518.395304889236,-2092.4418230013475,17647.049427780887,-870.1221376647079,1161.2253324654152,1130.167378450077,0.0,0.0,SUBMERGED,UUV
1781496027.5329814,-3.2976063342316797,0.13737172392229974,-5.668069513968399,-4.169265540460384,-5.3635383187673,8.890530378551453,-19.560779223730673,29.12122208683422,-40.256133520609616,0.0,0.0,48.357119999999995,903.6790266774217,-1418.7175626278797,5456.860132146684,0.0,0.0,0.0,8421.49330758207,-7760.970447322112,5883.248941658866,329.7695742729886,-403.46224389418876,-318.3234333616598,0.0,0.0,SUBMERGED,UUV
1781496027.9830244,-3.1072885352820823,0.18556788669837226,-5.841248598881055,-14.847260958053898,-15.488091900541178,4.080181080180384,-29.44844581090016,37.99267031819006,-41.93112377967302,0.0,0.0,48.357119999999995,9560.046471638629,-10369.73265069872,1324.8952563857006,0.0,0.0,0.0,-13919.529195959623,13614.643732685818,10768.927390711975,8.93951666562226,-30.023839065969238,-117.21880846705855,0.0,0.0,SUBMERGED,UUV
1781496028.3330283,-3.2661559584577358,0.20942609578151505,-5.947849209532513,16.652819799210157,15.74046583614192,-12.98139657106705,-22.791438069523487,35.29072024241986,-38.93688899399438,0.0,0.0,48.357119999999995,-11926.553347546553,10698.224178311948,-11134.553687075304,0.0,0.0,0.0,9436.427620353257,-5532.2245201373,670.41903911379,-710.8839812665509,780.4828464566289,1487.7564624275572,0.0,0.0,SUBMERGED,UUV
1781496028.782987,-3.3991382368611918,0.13923953421906998,-5.860855767901416,-8.124306824779358,-3.379930536365545,-12.602748630687076,-22.259432876249605,35.585949006434326,-33.77296392719548,0.0,0.0,48.357119999999995,3046.282119631214,-625.7709551532328,-10530.680175441788,0.0,0.0,0.0,5242.452258645872,-8564.086682113626,-217.50863944239313,592.1513757519734,-525.3365548742992,418.2214965317629,0.0,0.0,SUBMERGED,UUV
1781496029.2329936,-3.2295003557859863,0.17579771658467738,-6.0355005158304165,-11.027574568282809,-16.42605622396424,-7.581561801031353,-5.456975547253462,29.817728940151724,-27.242090412208874,0.0,0.0,48.357119999999995,5415.551531303652,-11614.118856873903,-4051.9852635710013,0.0,0.0,0.0,-14309.914119684921,10233.378894802869,-7041.0737367901875,-80.08341976227324,-407.004349384283,612.539684409556,0.0,0.0,SUBMERGED,UUV
1781496029.5829954,-3.2311331714558125,0.26976912837592276,-5.873569526763781,15.540349234426303,15.549552220110066,15.84527511960139,-10.975244893464456,32.071575455068555,-22.10082171071095,0.0,0.0,48.357119999999995,-10436.44658888509,10450.255119910636,16348.982072564137,0.0,0.0,0.0,13800.68617966291,-4349.861323274762,-6714.252460567888,-659.0876553140306,1001.1717034231979,-1302.438855407849,0.0,0.0,SUBMERGED,UUV
1781496030.0330322,-3.3354086656527646,0.10931641680063817,-5.84864478582817,-13.324824273313277,-1.345665408347807,15.397761932990386,0.1553941699509955,34.83873150294892,-16.800099567113946,0.0,0.0,48.357119999999995,4581.821415730624,415.8169411635518,9136.066924007411,0.0,0.0,0.0,3594.4452345634104,-11274.128650407694,1590.7277990645105,870.4194628545464,-732.1570511491739,-653.416675410233,0.0,0.0,SUBMERGED,UUV
1781496030.482958,-3.1341367173876944,0.18133110172320155,-5.98184463405733,-3.251296255036045,-16.534082404925247,10.448048733785098,-9.157677155529145,43.906530712999405,-10.33536870695584,0.0,0.0,48.357119999999995,585.4842322337454,-11762.48444214825,7393.16667676219,0.0,0.0,0.0,-11497.382022886115,7718.804713616849,3323.290647112535,-348.0562730489496,-634.2613633390831,-715.9565519990879,0.0,0.0,SUBMERGED,UUV
1781496030.8830485,-3.387735073328755,0.3254801199920355,-6.0244690135752,13.015480787136976,9.701619595125662,4.382542638182573,-6.7050674763381855,42.404541054379045,-2.392607408908489,0.0,0.0,48.357119999999995,-7426.85436747226,4250.089733287539,1502.3476040786943,0.0,0.0,0.0,14698.855559991478,3405.6270602221202,-17408.13841551792,-67.21999464611791,-144.52493367762182,96.26998957565088,0.0,0.0,SUBMERGED,UUV
1781496031.2329924,-3.199391374638939,0.11371091440433052,-5.956530255338229,-16.098041831302986,-3.8132125410870112,6.097689751211218,4.9415030544618155,43.79483612532399,3.551762919276953,0.0,0.0,48.357119999999995,11170.640955979987,-772.1619975606997,2719.3969972517075,0.0,0.0,0.0,-13014.102313656755,-8786.739114115126,8945.820908277597,106.53358347965344,-263.62254447620563,-356.8249078105027,0.0,0.0,SUBMERGED,UUV
1781496031.6831279,-3.157512527986608,0.3080740799370474,-5.998939555456181,9.89559684412136,-13.94988470793837,5.078397653423296,0.004925805340579316,34.4237165180669,10.823040625904783,0.0,0.0,48.357119999999995,-2045.023111298457,-11435.670818607667,48.28524618232974,0.0,0.0,0.0,-6551.944288360429,12751.001180430467,13845.940010160091,-18.994570511721204,-0.8537899506245217,-245.44783053838137,0.0,0.0,SUBMERGED,UUV
1781496032.032949,-3.435108179225779,0.25003640456670456,-6.017999826738947,-6.157800342644664,16.402344712925384,-13.775270392341177,6.8824986207968495,41.77886500983198,15.783176788985743,0.0,0.0,48.357119999999995,1824.3414195390535,11580.860916332504,-12473.005312104404,0.0,0.0,0.0,6793.752863112057,-7803.599550057773,2055.126760046094,594.2960033632205,892.7689980378989,1063.5517649031071,0.0,0.0,SUBMERGED,UUV
1781496032.4829721,-3.292020881234276,0.17530308542395812,-6.170795411234918,-14.43742941839032,-1.5021822824308901,-8.91334837519285,7.730378350236714,30.69469918397849,20.143015784276418,0.0,0.0,48.357119999999995,9059.490057512308,-165.33912131052654,-5478.734928334944,0.0,0.0,0.0,-13970.723804496492,-9548.143056303155,-5582.013087133826,176.3139977483766,-288.6904637695102,267.4180217862994,0.0,0.0,SUBMERGED,UUV
1781496032.882943,-3.2856116438790193,0.33651894934410037,-6.028660790981745,15.460918822596478,-15.143193318319955,-13.62782070188974,11.996606245895153,29.270907921513587,23.907845293824003,0.0,0.0,48.357119999999995,-10334.98229866418,-9929.779714690867,-12233.738370940848,0.0,0.0,0.0,4763.281460795268,15303.304893522505,23348.97122974338,-186.3341130808922,-223.69481737676466,367.9689906638398,0.0,0.0,SUBMERGED,UUV
1781496033.2830162,-3.399717260476626,0.27579300220165365,-5.97104582370082,-9.629430897059066,16.4687712464766,16.22155683128136,15.49666544631859,32.028728431854,27.811236064454224,0.0,0.0,48.357119999999995,4190.44216085224,11670.43730329836,17109.06975492048,0.0,0.0,0.0,4004.484573558727,-6615.303588621318,-7480.624292365519,789.3600281868825,1160.6688151564178,-1316.5488322717476,0.0,0.0,SUBMERGED,UUV
1781496033.732923,-3.2107919513714123,0.2078726698826644,-6.1410977771109945,-9.89941697907647,0.4406659692659046,12.133688280328025,24.312852726863053,40.34230151089065,33.443625372055344,0.0,0.0,48.357119999999995,4415.202087630549,29.793974930878,9806.388431972811,0.0,0.0,0.0,-13711.19658607779,-10338.482569355045,559.826530830527,-85.22874404931963,-521.1660482730894,70.76112001404877,0.0,0.0,SUBMERGED,UUV
1781496034.1329145,-3.4195705702263894,0.3122784121396247,-6.170128866235179,16.64522266461146,-15.763886404243703,8.633543839618282,23.204736892440323,39.89281569501521,34.831169230108245,0.0,0.0,48.357119999999995,-11914.792310509856,-10728.078519078987,5162.208070823553,0.0,0.0,0.0,8218.392814673043,13957.375785385013,-20635.447784611028,-6.712565052446166,-19.603813053907665,-38.99170952322969,0.0,0.0,SUBMERGED,UUV
1781496034.5329936,-3.468206613585499,0.2934655027544573,-6.089911618673319,-12.120836444585983,14.962350364364324,-18.425916276090504,19.50140476519641,38.481231656415645,34.86996982988408,0.0,0.0,48.357119999999995,3646.325738111119,6532.043070897993,-16244.15765830376,0.0,0.0,0.0,4492.700086738412,1025.5547152006066,6293.87531350199,801.6931879866167,986.9352365319747,971.0769783954577,0.0,0.0,SUBMERGED,UUV
1781496034.9329882,-3.18683465479576,0.22882758815895676,-6.163832482701639,0.46246752650445133,-2.9166457593118618,2.823172501760889,15.978179312398437,35.44805005573989,32.93192865544834,0.0,0.0,48.357119999999995,-31.67579926204566,-486.0331291651377,703.8927190064081,0.0,0.0,0.0,-10518.053361844057,-9182.563109697614,12145.430183974058,-78.42988787859333,-90.33064513666527,-84.94100296766344,0.0,0.0,SUBMERGED,UUV
1781496035.3329968,-3.4756291146546405,0.3039196234255078,-6.120372062431688,13.081716957387915,-12.595803308418935,18.696994716591924,12.170491442748697,32.30531475851131,31.528286275828485,0.0,0.0,48.357119999999995,-7499.247281051287,-6975.86088303067,22469.84541444875,0.0,0.0,0.0,14650.100085058017,14571.996710682106,-21628.507669419596,-373.4705282572609,-405.5928182715431,-427.63942502957406,0.0,0.0,SUBMERGED,UUV
1781496035.733096,-3.4638327845945787,0.2734283332274557,-6.240217290964541,-16.581205082495853,16.251810245920254,-11.644217388828306,8.715157907864588,30.7993274367597,29.201807731021066,0.0,0.0,48.357119999999995,11825.501914086448,11376.80099546288,-9054.013243612142,0.0,0.0,0.0,-5354.739524043255,-3499.108121735161,-7005.6000347925465,565.9120953439967,729.7680115498605,1460.5433969703122,0.0,0.0,SUBMERGED,UUV
1781496036.1830268,-3.3481421627448853,0.19367931768642868,-6.355140822242724,4.896489311788631,-1.2064665280820566,-6.7405967768731605,8.980929020662973,35.15832332406535,27.926740118817406,0.0,0.0,48.357119999999995,-1203.9341492023325,-118.56102565461391,-3264.908202091705,0.0,0.0,0.0,-7616.028761732923,-9721.358197151538,-8393.455712134646,-224.28524493996355,-216.75122091347396,161.39672933607127,0.0,0.0,SUBMERGED,UUV
1781496036.5829258,-3.489256952186979,0.2738511278475075,-6.10781502983436,7.74855299573272,-15.52782799279113,-15.95907459475677,9.170905102792153,37.09144295586193,24.590738035725074,0.0,0.0,48.357119999999995,-2789.2289599227074,-10420.709455011824,-16559.149835404456,0.0,0.0,0.0,13802.5405224563,15161.334287130217,23849.784343910454,-312.5569789873455,-375.5639820496888,413.72587473708245,0.0,0.0,SUBMERGED,UUV
1781496036.9830163,-3.3750253354184854,0.3034793864370947,-6.193450158745341,-15.072665464104068,16.18070056871407,14.707127410000547,8.844848783155854,40.25073720426942,19.43919237883609,0.0,0.0,48.357119999999995,9841.349671877375,11280.693047817438,14168.669315164658,0.0,0.0,0.0,-13899.64920605047,-5896.076560275792,-4153.958345196602,388.16856590569836,1041.8074937643855,-1234.528608562133,0.0,0.0,SUBMERGED,UUV
1781496037.433023,-3.290901997215036,0.13517810424029164,-6.253954166714804,10.091432989664067,1.064151631282468,10.109492007606809,7.768010607863108,38.009777177267566,10.956149696101642,0.0,0.0,48.357119999999995,-4578.169197908804,98.4388128265401,6945.414750644424,0.0,0.0,0.0,-3545.774462384587,-10793.778227009869,4017.4963217139975,-465.7145340647501,-325.66129171358233,-344.3799063725268,0.0,0.0,SUBMERGED,UUV
1781496037.8330183,-3.5755853084752887,0.24299196580887036,-6.255497971557089,1.0078331915961476,-16.048424127529376,11.806892898324246,2.933683017131493,34.45802226412279,3.9297538413173014,0.0,0.0,48.357119999999995,-90.99151457578883,-11104.277286303337,9306.686362563885,0.0,0.0,0.0,10425.466555673505,13587.138203935318,-22515.796630247623,-180.82496039912107,-135.5859230552942,-159.79747240677148,0.0,0.0,SUBMERGED,UUV
1781496038.2329595,-3.447272104740483,0.2952637574977966,-6.374391767772092,-13.894226882773541,11.321672959326552,-13.760025761999374,-4.657427637571477,31.104925045141396,-2.041829021879713,0.0,0.0,48.357119999999995,8416.528433551122,5693.044255386783,-12452.280415034451,0.0,0.0,0.0,-14173.539953572497,2067.7726656179034,2133.394256851594,377.5283245395067,809.3674837615365,838.0176397739376,0.0,0.0,SUBMERGED,UUV
1781496038.6330092,-3.420590150595307,0.08926928562836668,-6.193398962583906,16.75421724660401,-1.764770266060385,-0.09602001315437501,-8.955511353681793,30.509121667491602,-8.613504771095029,0.0,0.0,48.357119999999995,-12066.12127690196,-212.8213528376872,-8.267948233004683,0.0,0.0,0.0,10378.110897096492,-9719.574109097943,14428.231012864346,1.3066843475119145,5.878054798781466,-267.8197744650986,0.0,0.0,SUBMERGED,UUV
1781496039.0330114,-3.5301891128455796,0.26644163479658933,-6.262690787719985,-11.214661272345449,-14.030662411011011,18.731369166272316,-13.993971318120042,31.608817151670006,-13.9531552853786,0.0,0.0,48.357119999999995,5591.0718970350745,-8575.532999952218,22558.377630882977,0.0,0.0,0.0,2151.205533578659,14572.454163636288,-17116.760884420797,771.5789874003794,-555.154512422837,-702.080005443173,0.0,0.0,SUBMERGED,UUV
1781496039.4330149,-3.44634893508124,0.20111777076560547,-6.489682797509838,-0.3790283789756226,13.656224447594708,-4.2798632952414435,-19.595623597796514,32.89010519825547,-19.926030886435278,0.0,0.0,48.357119999999995,24.677483477434702,8142.641839963959,-1440.5609547447993,0.0,0.0,0.0,-10379.484281713154,-1640.889569680388,-10655.6190527911,-142.05271775084006,192.97834489425097,482.71603324663306,0.0,0.0,SUBMERGED,UUV
1781496039.883032,-3.5870892028205033,0.08279957730388782,-6.390941499133643,16.731911397137914,5.109635736689025,2.046315900128932,-19.326636817356157,40.00569402440425,-27.77124321058196,0.0,0.0,48.357119999999995,-12035.038186352074,1299.7567470668744,414.7642014618309,0.0,0.0,0.0,9819.579559010956,-12536.666220132605,-15926.556950707454,39.432697430989364,31.245113640850043,195.58329700817907,0.0,0.0,SUBMERGED,UUV
1781496040.28305,-3.5310169987139144,0.22757571047478317,-6.325507911198973,-13.760917028814681,-16.67831441946948,-18.6419337917668,-18.695487299139458,38.75980603220694,-31.346823350862856,0.0,0.0,48.357119999999995,8261.866805421121,-11960.400942697428,-22333.11335488697,0.0,0.0,0.0,-1382.7288366380167,13911.524036354276,21572.39131240052,626.8084924016595,-807.837057389628,948.5381816523178,0.0,0.0,SUBMERGED,UUV
1781496040.683019,-3.335096180142511,0.17815918820534113,-6.3827806163899385,2.970623298991701,11.937147150970763,7.252918867026623,-15.04872461525389,33.75554800040942,-33.1856391309217,0.0,0.0,48.357119999999995,-501.4439564875496,6296.946038975868,3739.2870375856505,0.0,0.0,0.0,-9217.41489881756,1264.180399638717,7720.197379391146,-290.7701975455736,353.24801234493214,-560.163885095013,0.0,0.0,SUBMERGED,UUV
1781496041.0830207,-3.6605332167861198,0.11097611917755713,-6.367795608474844,11.045200289839014,0.46379517377118606,15.207294238169649,-14.477315635468614,30.41166511155462,-34.980405782165434,0.0,0.0,48.357119999999995,-5431.959781461287,31.767593068575643,15088.750454291534,0.0,0.0,0.0,14422.692713867866,-9987.132273522648,-23585.197839247852,-205.61386285738809,112.41739622831284,-122.22555853196752,0.0,0.0,SUBMERGED,UUV
1781496041.4830136,-3.5786164779306713,0.21297887726412917,-6.47297574995658,-16.146019611519414,-15.341470570518158,-11.29233076741076,-11.613708098680322,27.37775497166536,-36.14866036046977,0.0,0.0,48.357119999999995,11234.041644393898,-10181.10747701696,-8545.052330959992,0.0,0.0,0.0,-6984.752665776153,13264.556990743195,-2045.5973753124163,565.0062798657362,-523.3098366166704,1215.709756039873,0.0,0.0,SUBMERGED,UUV
1781496041.9330237,-3.4842224528838344,0.17801263184512275,-6.577836944684639,6.088195550453631,10.02568524470484,-10.607941219112794,-20.596058239654663,28.010118335073898,-38.57189048315898,0.0,0.0,48.357119999999995,-1787.3133770908996,4522.09401465709,-7595.018727362633,0.0,0.0,0.0,-6798.006757689163,3516.684382971499,-3499.6324036110163,-441.7594709320745,533.3071778189719,606.3102504800165,0.0,0.0,SUBMERGED,UUV
1781496042.3330173,-3.6419101829860363,0.12314406689036964,-6.287648951673064,7.413266173962902,3.585545074346814,-10.45840487769809,-21.624873431876132,29.680614895364123,-39.58336296614774,0.0,0.0,48.357119999999995,-2569.0333989888886,693.4544152913273,-7401.782151004985,0.0,0.0,0.0,13852.019452368888,-12155.739955660092,21750.362877988773,-177.0571555239167,139.6832444882986,138.6904097046147,0.0,0.0,SUBMERGED,UUV
1781496042.7330287,-3.519803164753156,0.16978043542769203,-6.407160455548714,-16.913781830514424,-16.691224023613717,14.353653712091818,-24.15370633310945,33.29544429123458,-40.42912703410762,0.0,0.0,48.357119999999995,12288.280205494018,-11977.283944276904,13523.458905327692,0.0,0.0,0.0,-11613.391762897247,12634.549837124136,-3501.989094503806,654.6147051693885,-797.0842307139327,-1357.854404743965,0.0,0.0,SUBMERGED,UUV
1781496043.1330032,-3.5582556114781743,0.19975079406733745,-6.625071740112593,11.580615047641807,10.775597928841956,3.0573337164851306,-26.73920285635704,36.48690173123525,-40.241267179049316,0.0,0.0,48.357119999999995,-5943.650719920554,5183.285431221062,805.2525485651955,0.0,0.0,0.0,-1368.5788485965618,2279.0406772110737,-16068.890153553224,39.076650156566444,-124.8127633146475,470.3948333425796,0.0,0.0,SUBMERGED,UUV
1781496043.5330353,-3.703708408632638,0.12102473725105742,-6.370117657011611,-5.664641465996808,-1.8116735155718942,-18.327704697051384,-24.8595661538633,36.52181792134888,-37.767270317487856,0.0,0.0,48.357119999999995,1566.7837255922734,-221.86680036371283,-21622.78690524113,0.0,0.0,0.0,6934.891029950446,-9170.954586334985,20197.99937561917,177.04342247400382,-162.2810232825006,56.60601460377054,0.0,0.0,SUBMERGED,UUV
1781496043.933052,-3.438986934908675,0.2033334525757713,-6.519086232509459,-6.326487796877504,-12.30235269178607,6.349075963392499,-22.810837958134563,37.010306160133815,-33.18625270467029,0.0,0.0,48.357119999999995,1917.284625725263,-6669.0795891976295,2926.2750306303537,0.0,0.0,0.0,-13030.277403841657,14298.717636430465,8492.360420603804,-118.78497268586565,62.53437042660009,191.63671938054318,0.0,0.0,SUBMERGED,UUV
1781496044.3830233,-3.4659170371505206,0.24848507387832436,-6.467825840229553,15.056398179261928,8.508185445162427,0.872496290561092,-5.496471180309719,27.55181574112751,-25.080751564512187,0.0,0.0,48.357119999999995,-9820.78422358151,3321.0786063910377,115.7442107361125,0.0,0.0,0.0,4054.125505487632,4874.001907033569,13371.561344704438,-48.05390649207881,-0.12281361681073477,-661.3430176498943,0.0,0.0,SUBMERGED,UUV
1781496044.7329977,-3.747562159237489,0.11256737446732225,-6.551879528467005,-11.796472921038205,-3.3487256202789464,-10.411748009417908,-12.577888643662128,32.032082299039004,-21.0700629741757,0.0,0.0,48.357119999999995,6155.885487317761,-615.865596871777,-7332.1378267889395,0.0,0.0,0.0,1383.3884797665794,-8557.341219084872,-3749.8396486776173,509.80544000458264,-390.0408142049695,562.630864850565,0.0,0.0,SUBMERGED,UUV
1781496045.1830964,-3.556649293197136,0.23153452072037267,-6.685107699692408,-0.3245498275728931,-15.41513705952144,-9.442850324197043,2.587459376352583,29.57223743607279,-14.319946166339978,0.0,0.0,48.357119999999995,1019.2111738577144,-11635.30342951559,-2012.2068010162554,0.0,0.0,0.0,-12249.836477434343,10489.946929871718,-9795.057032804332,-140.94756776458513,-242.72860419669607,520.9798423210821,0.0,0.0,SUBMERGED,UUV
1781496045.6330018,-3.6803613315688066,0.3248128661181626,-6.661611271392166,16.555941030848473,5.967861308817469,-4.002131257940937,-4.247454595445368,42.27277097382017,-8.23557244549671,0.0,0.0,48.357119999999995,-11792.405967033168,1723.0829299220645,-1280.198724661573,0.0,0.0,0.0,10014.170093179102,6918.463124104554,-10965.361206096988,-159.85750666369873,96.98068768108323,645.0322127355614,0.0,0.0,SUBMERGED,UUV
1781496045.9829779,-3.6285312334626316,0.09482384698225263,-6.521917607668377,-15.985240892056927,-1.1117903158373403,13.009909247412963,7.902096339115609,38.175035471170844,-1.2777886619450023,0.0,0.0,48.357119999999995,11019.857070395485,-104.89176528524304,11207.42356482241,0.0,0.0,0.0,-5599.478332137446,-9667.272562741768,-754.0229238409665,722.198288535862,-637.2776074209182,-753.0075622329967,0.0,0.0,SUBMERGED,UUV
1781496046.433096,-3.495364383323522,0.2454947727933024,-6.621866368304766,5.101533142813087,-16.83809293769414,12.009774509773584,0.1558264392075571,37.88602672032588,5.852193421763529,0.0,0.0,48.357119999999995,-1296.08936493838,-12183.88507431184,9624.940364120544,0.0,0.0,0.0,-10073.729619143574,7496.433312103253,6766.283347233198,-313.7017018894518,-436.1225612390611,-755.5635901585528,0.0,0.0,SUBMERGED,UUV
1781496046.8329802,-3.7852137666275043,0.3155673061972774,-6.643878606204831,8.41611094600553,9.62849660431889,8.176090831405782,-0.13014090347982268,35.33877784023445,12.03084100703703,0.0,0.0,48.357119999999995,-3253.9596641619746,4189.934257473062,4663.295154283572,0.0,0.0,0.0,13718.021673034158,3452.496407915394,-20058.100830805037,-127.95715171486859,-169.4443873337655,54.280810022243145,0.0,0.0,SUBMERGED,UUV
1781496047.2329884,-3.65665593466005,0.1316174949486226,-6.700512578570945,-16.815848794398377,3.51002802053761,-15.466444219840287,3.6286402444235777,32.36739795720715,16.994307207975947,0.0,0.0,48.357119999999995,12150.99849274931,668.605536263604,-15581.15561470644,0.0,0.0,0.0,-9513.409008105518,-11710.045984849563,6065.862861630923,822.9629494651451,-276.43836929173347,665.784241667756,0.0,0.0,SUBMERGED,UUV
1781496047.6832552,-3.6193400869843324,0.2814633696776314,-6.776134242420025,8.288038246089354,-16.504887822220283,-14.620876141906862,15.282251139793742,29.96686314231369,22.657385427051114,0.0,0.0,48.357119999999995,-1210.6265397851648,-9555.809406888793,-7885.4593301764335,0.0,0.0,0.0,-7591.7170521262915,3615.913154346058,-3047.935277007252,-451.35526003322684,-619.9343320382119,844.5567851264539,0.0,0.0,SUBMERGED,UUV
1781496048.0830219,-3.7349492823625474,0.3133436501430717,-6.508677335577308,4.727190394930695,6.898810691468714,-4.045655715406697,20.581548061606952,31.81971855771257,26.99996768329776,0.0,0.0,48.357119999999995,-1130.2359001547923,2248.697320676316,-1306.4161047225832,0.0,0.0,0.0,12837.545611895104,6168.809497791048,17208.73768560385,-73.9465752250779,-104.82751707410564,-73.85814600861387,0.0,0.0,SUBMERGED,UUV
1781496048.482997,-3.61519768346464,0.1839079940686377,-6.714375919319753,-16.44993987386368,5.5513259639317685,17.57742778411193,21.82306799601868,34.59994350326591,30.857681848103187,0.0,0.0,48.357119999999995,11646.188408296453,1510.4646776604504,19947.085370830093,0.0,0.0,0.0,-13242.681609769688,-12057.804490878612,-12075.244020344691,701.843758758125,-235.08194058133722,-466.01684339194696,0.0,0.0,SUBMERGED,UUV
1781496048.8829384,-3.738492501850311,0.3210031345809242,-6.80559224549663,15.024268400749364,-16.087219614887424,-5.678893112085256,24.91390266904881,36.144228401241385,34.74794625212834,0.0,0.0,48.357119999999995,-9781.111551966842,-11156.555823560768,-2386.4210439722037,0.0,0.0,0.0,4175.124558112566,12419.598827589247,-9165.440568433261,-292.5976060334152,-154.34032165985803,969.7329628261302,0.0,0.0,SUBMERGED,UUV
1781496049.3330503,-3.891066584834269,0.29456488552090415,-6.736584702648749,-3.1014746212446607,8.06362297492136,-4.839214440502602,13.191252012722712,31.14093530625669,33.3528213324122,0.0,0.0,48.357119999999995,539.8351202609545,3004.173938567373,-1791.8172749873252,0.0,0.0,0.0,8740.355472693795,5221.373998409988,-10327.520623069604,133.74414695116482,193.84288565090918,327.02111273018943,0.0,0.0,SUBMERGED,UUV
1781496049.732987,-3.5889578639461712,0.22738068621290988,-6.780761416606629,-10.963639137346862,5.994472557422226,-17.27787737691894,11.098071225780116,29.77652327807585,33.769678100581736,0.0,0.0,48.357119999999995,5356.230498767469,1737.2686872427707,-19296.772257825873,0.0,0.0,0.0,-14774.521276142492,-12984.999411729805,23126.14986331032,260.8922582679053,232.32686310304493,196.91042442323095,0.0,0.0,SUBMERGED,UUV
1781496050.1330311,-3.660071566135375,0.2898475709592791,-6.692998912217295,16.69837309498592,-16.77356572623801,9.074873219710453,8.97010608298186,26.26427481464041,32.98275398606555,0.0,0.0,48.357119999999995,-11988.550595763882,-12093.954858178686,5675.29944973842,0.0,0.0,0.0,8489.992865811388,11057.580452514483,5268.512602817654,-480.1795688899869,-419.28578489188806,-1325.8646192034314,0.0,0.0,SUBMERGED,UUV
1781496050.5830233,-3.8235100950029306,0.320616846013115,-6.613100203038813,-7.028505784564513,6.790940700782753,8.701776608568855,13.525980770755806,29.376434052491295,33.79222846119721,0.0,0.0,48.357119999999995,2327.2387744226435,2183.9841651982006,5242.984088059387,0.0,0.0,0.0,6379.5111378304055,6674.88793210143,6131.58972433602,348.19407762989994,415.9305473838472,-484.4657996745027,0.0,0.0,SUBMERGED,UUV
1781496050.9330592,-3.6118352838077925,0.2039459955699383,-6.894040266526201,2.813398843659245,-0.865967514549559,-16.827938202291747,5.888137570471047,25.671402417251453,30.34769401899074,0.0,0.0,48.357119999999995,-457.27602189822625,-73.34385128154116,-18331.41414276485,0.0,0.0,0.0,-8750.51801739269,-9737.525540275072,9927.238894811044,-516.0530509173799,-555.7295211998229,91.92516612251117,0.0,0.0,SUBMERGED,UUV
1781496051.3829923,-3.8061661146166563,0.2274305141572701,-6.866187679982606,14.298525969471866,-16.746535658242795,-16.236595978726793,16.142047923164494,36.9197275417848,30.196763637855902,0.0,0.0,48.357119999999995,-11360.164429673738,-11463.08934747542,-10694.45553862001,0.0,0.0,0.0,12315.84857881528,7584.42046886835,285.16197633857814,-602.2117712922021,-758.7642677686725,1395.7485069633062,0.0,0.0,SUBMERGED,UUV
1781496051.8329618,-3.9051616742064863,0.3166092813564129,-6.831042536239874,-10.792356859578586,4.903029978652762,-12.318940415332703,12.858206168308374,32.18502850289831,23.099913477931512,0.0,0.0,48.357119999999995,5198.395485312125,1206.4959820982217,-10083.02696017281,0.0,0.0,0.0,2676.457075024655,7627.435333700692,-768.309406233949,622.6150184255977,534.8116886587469,606.8746535263816,0.0,0.0,SUBMERGED,UUV
1781496052.2329645,-3.6048989174174952,0.19121995727221752,-6.84776671359591,0.09266301519165987,11.58587201291398,-8.166978927902344,7.103449664003079,30.899818059696052,17.284575787221033,0.0,0.0,48.357119999999995,-4.97600491397785,5949.005175665526,-4657.0715095768865,0.0,0.0,0.0,-10308.714202358182,-15387.972115109736,20260.51491672774,99.25753254595827,123.52668618640257,139.26662669532084,0.0,0.0,SUBMERGED,UUV
1781496052.6329882,-3.7879092790677715,0.1783602504959498,-6.785835360859721,11.963007160702842,-16.262695110901504,15.62737344389759,1.7626050547891505,29.946643792442593,11.61531498316291,0.0,0.0,48.357119999999995,-6321.909327713548,-11392.58779737389,15916.328145450936,0.0,0.0,0.0,14128.301666145511,6128.832096528924,-6250.566324768619,-327.38529804230546,-1006.9815434339573,-1038.3845077756616,0.0,0.0,SUBMERGED,UUV
1781496053.0329616,-3.8570209571139884,0.31309298910791433,-6.967716927658199,-16.098251494434063,4.422143809249531,2.1477672233745624,-3.9861611032502053,27.412709877026547,5.681612586821169,0.0,0.0,48.357119999999995,11170.785017235417,1003.3863726805072,448.6208197909212,0.0,0.0,0.0,-7042.804895198933,7719.52005582484,-15735.868618520512,-73.38404898609483,-5.420594277661657,448.938560846395,0.0,0.0,SUBMERGED,UUV
1781496053.4830158,-3.755134322578163,0.1405282159691116,-7.0360003710774635,5.6678367659831235,13.590711306672587,3.687063613139253,-9.085415013192149,37.703100904665995,-1.3665103592528134,0.0,0.0,48.357119999999995,-1568.3709493158278,8067.918605990438,1109.9103040639652,0.0,0.0,0.0,-6901.594345565265,-14738.396134370185,-16983.440324783154,52.79653489420629,13.574983378387207,24.906725598846663,0.0,0.0,SUBMERGED,UUV
1781496053.882978,-3.8984556863254305,0.14242870485066236,-6.875066881242272,6.65249147752633,-14.162370991951217,-17.668996448414894,-8.866530841161081,40.022122871270504,-8.122156377629066,0.0,0.0,48.357119999999995,-2102.8419986951353,-8731.020677766943,-20131.65490565951,0.0,0.0,0.0,12995.24129600178,1815.72026671516,12038.683860214658,-78.10397037836873,-1176.518843735647,778.2142018802655,0.0,0.0,SUBMERGED,UUV
1781496054.2829967,-3.694582059902305,0.30944017687001446,-6.897739931671074,-16.357142457771776,1.213596712813499,1.0363198451112257,-9.77940224520942,40.04727021890465,-13.867573290094224,0.0,0.0,48.357119999999995,11519.977492696773,119.55917621685012,147.17948147208284,0.0,0.0,0.0,-12820.487753572534,10153.39876118311,13504.97270337969,4.95399547781843,39.93506308353841,-100.03777858933512,0.0,0.0,SUBMERGED,UUV
1781496054.6830137,-3.805983729215586,0.09210569409113628,-6.996897137231204,15.701816907027332,10.527230246944463,17.329694020291978,-9.66623539863256,37.29844632580714,-19.172373612137775,0.0,0.0,48.357119999999995,-10647.21114293067,4959.214233410531,19406.492966923,0.0,0.0,0.0,4647.429947774434,-14235.547933270715,-23417.058006610936,-473.8477156409294,275.2631080979852,-477.2302315385168,0.0,0.0,SUBMERGED,UUV
1781496055.0830112,-3.9684329190323497,0.1814401109250941,-6.981733855859168,-5.290817958203608,-15.480572192353447,-9.496421564949175,-8.626377008081342,33.62439089204087,-23.02956174259373,0.0,0.0,48.357119999999995,1384.1272830075545,-10359.631705052787,-6164.313932709658,0.0,0.0,0.0,7411.352583184381,5276.852514697115,-4915.4929102058795,346.79433509210423,-544.1730293470891,864.6888815655303,0.0,0.0,SUBMERGED,UUV
1781496055.5329776,-3.762766497054321,0.23383994862806362,-7.125910382271522,-11.293738816918827,2.9444164473868724,-8.611783533120542,-11.166721441606647,25.288791260258417,-26.453414556193895,0.0,0.0,48.357119999999995,5666.710289790189,494.02331707707236,-5138.251453577769,0.0,0.0,0.0,-14311.222833011756,8783.57340751314,-5981.232384754805,-26.192409092927193,308.5109647354426,56.91013218786822,0.0,0.0,SUBMERGED,UUV
1781496055.9330049,-3.826887633421682,0.09452196752302287,-6.948471531453902,16.76832109230967,13.913235941059131,-14.04191554059134,-14.31362303856658,24.230333694037064,-29.62375513682852,0.0,0.0,48.357119999999995,-12085.974380919519,8438.657779682286,-12953.829181996267,0.0,0.0,0.0,8588.757746929523,-15497.81840236538,23536.89739582053,-343.306141090663,217.52823626904967,500.4048888409787,0.0,0.0,SUBMERGED,UUV
1781496056.3331397,-3.911403299643952,0.1612258275626137,-6.88127371484818,-8.713024626551588,-14.982683896690393,12.4599880476799,-18.465896136317642,27.394200214867556,-32.64453433122297,0.0,0.0,48.357119999999995,3472.228364082266,-9727.156553531346,10324.824196019987,0.0,0.0,0.0,1292.845747023141,8228.303065921698,-6957.821910598539,559.8516732578667,-817.0816667895989,-1098.4237092092558,0.0,0.0,SUBMERGED,UUV
1781496056.7831173,-3.693593240044865,0.2043270605227949,-7.080722850183471,-6.246896143863969,1.1255534670668563,11.92174190542732,-23.217991400914546,35.450223993177545,-37.06482564931934,0.0,0.0,48.357119999999995,1873.4338384859655,106.99718397993672,9484.844161472638,0.0,0.0,0.0,-12564.328934812354,9787.84689050429,963.3747054951647,-247.1483345622195,530.7862157161052,63.49376935743181,0.0,0.0,SUBMERGED,UUV
1781496057.1830285,-3.938304106440385,0.12521540044685175,-7.094838072504286,16.902570363127108,14.674567253476264,8.961473207247684,-21.771414153921295,33.242361534495316,-36.92379975081612,0.0,0.0,48.357119999999995,-12272.968025133985,9347.350575896244,5534.427948720167,0.0,0.0,0.0,11948.351281575304,-14465.071188190428,-20929.29266444648,-99.08985654337448,39.967697294653114,-201.89432198194555,0.0,0.0,SUBMERGED,UUV
1781496057.5829728,-4.006235835568395,0.14133694190964216,-7.059753561776867,-11.345672699017943,-13.227956095582865,-15.699699305154587,-16.273891389976637,30.337921606777826,-35.58265318984895,0.0,0.0,48.357119999999995,5715.646840014682,-7659.709267548759,-16025.720052588762,0.0,0.0,0.0,2011.7670404556309,421.59369668839054,5991.078747117227,842.8827535642109,-1008.7348891420705,1167.8932046328323,0.0,0.0,SUBMERGED,UUV
1781496057.9829714,-3.686309755779054,0.19965421949095963,-7.0852509140310405,-0.15737212579790408,0.7402454417006707,-2.1613073898685613,-13.504669044124133,28.40504756662123,-33.66347936481084,0.0,0.0,48.357119999999995,8.861885376746029,58.887296461584285,-453.68429124189254,0.0,0.0,0.0,-10667.192817481166,10226.805616311613,15934.438818650515,45.017411189641074,-52.121349556459485,-11.642509529373635,0.0,0.0,SUBMERGED,UUV
1781496058.3829699,-3.945933815751369,0.14612734716612905,-7.04543306144502,13.264573777842378,14.52073239953365,18.273191644467783,-9.823863454371482,25.61997242886554,-31.68184438577649,0.0,0.0,48.357119999999995,-7701.07801447798,9160.219495791125,21499.813006830493,0.0,0.0,0.0,14485.656510446779,-14418.616167423646,-14604.436095275949,-439.9245190322577,618.2327712137553,-648.4434015735123,0.0,0.0,SUBMERGED,UUV
1781496058.7832024,-4.005848953289575,0.13968526285925634,-7.1903195257378325,-16.455260003155406,-15.450921972608919,-7.602713146623967,-5.3265028216487,22.324341581505212,-28.467816192925888,0.0,0.0,48.357119999999995,10252.043254540551,-7889.816684840208,-973.2539561658282,0.0,0.0,0.0,-5145.061857569004,1329.9783354023562,-11209.22861593943,108.764059966267,-177.3883994550264,950.3327295047983,0.0,0.0,SUBMERGED,UUV
1781496059.233008,-3.8397950383662414,0.24925020164980047,-7.292374786573608,7.849753522813696,2.6203951929782496,-6.603233521273255,-8.815010893651737,31.703667337846078,-26.88905996275366,0.0,0.0,48.357119999999995,-2857.429860306912,405.70565982703715,-3143.634187619984,0.0,0.0,0.0,-5480.138542118073,9001.620379282813,-8533.49221207427,-245.36738164428624,218.8779262444903,302.8886249669367,0.0,0.0,SUBMERGED,UUV
1781496059.6329389,-3.992526151582031,0.15317453969313563,-7.050236597253369,3.5025718343318357,14.355030805510639,-15.99110462458318,-8.442643224310947,34.66099419617512,-23.104375929973813,0.0,0.0,48.357119999999995,-665.9318755530276,8960.236669513697,-16623.960282428845,0.0,0.0,0.0,11899.16175929896,-15412.815227745026,23702.39722140183,-253.2357178164013,367.77024223669224,308.4713726115693,0.0,0.0,SUBMERGED,UUV
1781496060.0329404,-3.8427273327423515,0.11854349394021518,-7.124122008129055,-14.282867935176652,-14.594435128855356,10.822640740429371,-9.4746109374081,36.02173676614256,-17.16946550285239,0.0,0.0,48.357119999999995,8874.516853337476,-9249.168430287787,7899.768570752898,0.0,0.0,0.0,-13994.203579965992,2724.134289827909,2853.5763171864273,121.28254238674792,-689.3500956573681,-871.3461160237232,0.0,0.0,SUBMERGED,UUV
1781496060.4829867,-3.8017772444159212,0.31303160836314964,-7.165339734452073,12.871593689099075,0.45746617875312967,9.828569424219504,-5.87619940853344,30.305855848174737,-8.117621904165052,0.0,0.0,48.357119999999995,-7270.971877975973,31.287798832890218,6587.50516799612,0.0,0.0,0.0,-16.13480886918478,10288.123940587346,4420.757720712101,-484.26789234623976,328.22102763116857,-519.3896541717841,0.0,0.0,SUBMERGED,UUV
1781496060.8329928,-4.023634003757115,0.1243185832298711,-7.177674615310551,-9.82864716008895,9.477198361539017,-17.540025104354825,-6.249394061353322,37.4104745309543,-3.751167433269757,0.0,0.0,48.357119999999995,4354.920057653252,4066.738572001029,-19855.09729034083,0.0,0.0,0.0,3600.4066122876534,-13949.169294829055,11761.20507765042,833.441394289012,277.84214785351753,493.7861943676569,0.0,0.0,SUBMERGED,UUV
1781496061.2830365,-3.8848210668642404,0.15431156938060844,-7.342391251795788,-9.937558603016576,-12.32833804853824,-13.419717666482649,4.88926632901945,26.597137208103575,4.205299426962157,0.0,0.0,48.357119999999995,4447.064710486332,-6696.044504015876,-11872.196900898309,0.0,0.0,0.0,-13985.435545872479,-789.6358822537527,1505.9071581680114,5.799487318093947,-808.5146244747508,597.8264343272019,0.0,0.0,SUBMERGED,UUV
1781496061.682973,-3.9440279886198257,0.3383479239596374,-7.126303546427141,15.936580541532262,3.2468815096202936,-0.3987472392332928,8.639374812586361,25.500181551541168,10.108365493995814,0.0,0.0,48.357119999999995,-12222.278798433783,-42.49986504800674,-2777.992135045472,0.0,0.0,0.0,10400.319374834811,10766.866820788662,18897.818844083577,-17.247452041863905,-99.18236723043358,45.180527990385606,0.0,0.0,SUBMERGED,UUV
1781496062.0829844,-3.9941019849481045,0.1592829222993494,-7.224016039179728,-14.020707382735205,12.3080942757617,18.700697410692825,12.713623638249262,28.145925227721893,15.45439368357286,0.0,0.0,48.357119999999995,8563.445479056198,6674.7938810068235,22488.430500641094,0.0,0.0,0.0,-1460.7624439519127,-14439.41211390621,-16575.758119240578,954.4102933578363,397.78135685578854,-781.6933085238528,0.0,0.0,SUBMERGED,UUV
1781496062.4830937,-3.9137254954839595,0.24436166713253682,-7.441678150975151,2.5077482415632257,-14.608576263623732,-3.8791477556525513,18.330519559348716,31.15109114172629,21.157756017388486,0.0,0.0,48.357119999999995,-377.0074456491039,-9267.021355469275,-1212.2318128977051,0.0,0.0,0.0,-8993.579676918465,3415.386876046591,-10986.828049435786,-146.48538814052478,-167.57056565041646,580.883685936758,0.0,0.0,SUBMERGED,UUV
1781496062.8831573,-4.050630784817077,0.3358841163084687,-7.203358884486995,7.046202118690882,7.228069525953047,-13.797705085179786,20.381507271257146,31.742825661756502,26.17799962745497,0.0,0.0,48.357119999999995,-5823.736642553622,804.541096828994,-20607.760805094997,0.0,0.0,0.0,14781.208505509348,8037.018714743954,22146.558817975965,-353.5578819552694,146.30360684845135,206.81852079404197,0.0,0.0,SUBMERGED,UUV
1781496063.282992,-3.8984982011015448,0.15478472929507836,-7.288625122727773,-16.844737124361828,5.798274876310527,12.087967371703764,22.33143030674301,33.84000146207412,30.111555621585,0.0,0.0,48.357119999999995,11703.966561780147,4741.237125017605,4505.408295724881,0.0,0.0,0.0,-11617.255194880252,-12388.385326708914,682.221770304107,563.6814012170948,-372.69999237193014,-485.2213336670545,0.0,0.0,SUBMERGED,UUV
1781496063.7329726,-3.8117429232814217,0.26594850241964163,-7.3172600470100555,5.7226255883862915,-13.175274209333914,6.966908113154667,9.625293924584646,29.782302111283517,31.827027097417137,0.0,0.0,48.357119999999995,-1595.9371527834005,-7602.674406931343,3472.7404419453846,0.0,0.0,0.0,-7409.410451863258,522.5575131356059,7993.447166941394,-306.4818124241328,-334.4053891127321,-706.9759195741098,0.0,0.0,SUBMERGED,UUV
1781496064.0829475,-4.149220923998255,0.2916418733514195,-7.298941186852378,-1.7038516402478652,8.656770036405067,-15.782619696525163,20.451904156511002,33.87940987285835,35.714288931174025,0.0,0.0,48.357119999999995,201.3120946422597,3429.9885293049706,-16196.564719338725,0.0,0.0,0.0,9379.58299723698,4783.0523047435945,6531.091680461936,514.1754826218144,893.3818159767783,436.5573494763518,0.0,0.0,SUBMERGED,UUV
1781496064.5329351,-4.011970349472778,0.20800102501139886,-7.443537485506884,-16.590748717964946,13.998110054172155,-11.188088993820468,7.141549802523484,22.80654273452325,33.87015193626678,0.0,0.0,48.357119999999995,11838.683462871515,8537.764525625804,-8399.177467286432,0.0,0.0,0.0,-10343.444313166481,-14053.133761623216,-2131.400379891383,511.3703703570469,367.54863140267963,974.8944216014202,0.0,0.0,SUBMERGED,UUV
1781496064.8833506,-3.9611007949775443,0.2878036888245786,-7.374669468129407,16.603944118564897,-17.33725244954744,18.191853415372105,14.468315669570375,29.508235341670193,35.981064439044495,0.0,0.0,48.357119999999995,-11858.097974194392,-12891.986261554,21334.479952323734,0.0,0.0,0.0,6733.662112439222,11100.136901931832,-13957.17588138822,-1081.8358028174277,-1004.1265923875353,-1554.7066587681716,0.0,0.0,SUBMERGED,UUV
1781496065.333005,-4.160996325205208,0.29894926509466974,-7.314983031264367,-5.075270610877633,7.182793402042823,17.917242892189453,6.821855636901748,20.62553612144342,34.44083193731212,0.0,0.0,48.357119999999995,1284.2873517568316,2422.3723963509537,20705.682038153915,0.0,0.0,0.0,7086.001827130787,5729.560036493277,-13664.359933542548,506.06754725209765,879.5455458970237,-396.63278443935656,0.0,0.0,SUBMERGED,UUV
1781496065.7329814,-3.9613033897217056,0.22215197644189347,-7.547342314988724,-8.075002216894667,8.048130783371299,-2.017270127284776,8.120251478122682,23.212365511642574,33.95138363825106,0.0,0.0,48.357119999999995,3011.989154401329,2993.3372299154667,-405.8807918317818,0.0,0.0,0.0,-13629.624613637778,-13700.465243149298,-12770.771256930557,-40.852085281729686,-16.558216008488557,-183.5769034686124,0.0,0.0,SUBMERGED,UUV
1781496066.1830153,-4.059846800221207,0.21998936325717638,-7.546618178368259,15.828764704774148,-14.410703077729428,-1.6132816321898806,21.560500462829943,35.2259861813541,34.70579062645363,0.0,0.0,48.357119999999995,-10814.028558766948,-9027.422486900785,-284.46734352359914,0.0,0.0,0.0,6235.351385627831,3023.979605172889,-12689.799339615416,-98.90135168100676,-18.827734633096256,912.4295573981578,0.0,0.0,SUBMERGED,UUV
1781496066.533016,-4.093296802089607,0.3223991283518222,-7.317834386881523,-13.83922268767477,10.354082094592275,10.950504257653247,10.628667710544079,30.184375148720505,30.53153784428604,0.0,0.0,48.357119999999995,8352.438469544015,4805.242412171383,8080.1933665001,0.0,0.0,0.0,-1458.3687109876332,3351.0541126596663,2933.9011612591494,544.1648634065923,639.9479214807001,-1033.5574326945384,0.0,0.0,SUBMERGED,UUV
1781496066.983023,-3.881678690706088,0.18119676609356059,-7.4855533364185325,1.7991321522485757,5.952435586412411,10.45298248719131,16.360535179261582,32.32502537784166,25.520180025390598,0.0,0.0,48.357119999999995,-219.44091636830234,1714.7187764200953,7394.343690095701,0.0,0.0,0.0,-9654.580958581337,-12517.416596457837,3391.463458857469,-357.82394750510514,-261.75878196723767,69.95795967792529,0.0,0.0,SUBMERGED,UUV
1781496067.3831499,-4.1463775376348195,0.2052493037892536,-7.502021451026472,11.55465135502741,-17.019279826918638,11.601481927476897,11.859943968498948,31.677778431899764,19.911492255818388,0.0,0.0,48.357119999999995,-5917.994525874996,-12437.135721764202,9002.558956476707,0.0,0.0,0.0,14467.521828287972,9997.855951569616,-22457.78303865423,-210.51133746041165,-40.03896376355742,-214.7319466818486,0.0,0.0,SUBMERGED,UUV
1781496067.7830315,-4.087786002173523,0.30861323356625786,-7.538001674062361,-16.94186378296597,11.368103657227174,-17.324773467108713,7.047816526177954,29.408013928199054,13.74231061004515,0.0,0.0,48.357119999999995,12327.654044000185,5736.837252406868,-19374.094843602295,0.0,0.0,0.0,-11045.437429588099,1908.5045630288146,10645.373276563712,908.079518725227,1049.3616055071254,1261.899033217318,0.0,0.0,SUBMERGED,UUV
1781496068.1830113,-3.9245701966397526,0.1087645285082728,-7.467258720353365,11.693357794320098,2.5573948348378206,0.35795111441210975,1.2804809227973457,25.132117434889295,6.940020573844924,0.0,0.0,48.357119999999995,-6054.249698300638,389.54250778371596,36.31361480817379,0.0,0.0,0.0,-1364.4460290808986,-11989.45634767774,13942.384035273557,-12.185177871240066,-9.81523507946974,-262.40792121657773,0.0,0.0,SUBMERGED,UUV
1781496068.5830326,-4.179902224551972,0.22323334295640465,-7.480128983025807,-2.608487166644765,-16.645401812971635,18.74758670884699,-3.1313765317315796,23.303769775249403,1.758813083950642,0.0,0.0,48.357119999999995,402.66636606482365,-11914.494741231274,22593.427262350422,0.0,0.0,0.0,8369.194121404233,13274.488631576622,-18278.073027608763,243.29256195151243,-821.4287953822524,-610.4526996509328,0.0,0.0,SUBMERGED,UUV
1781496069.033066,-4.023334042504879,0.2933649177184327,-7.5857520867707,-14.29237114408071,9.444241886990625,18.501267627218258,-11.612735530120137,33.59107077887294,-5.2764988276045095,0.0,0.0,48.357119999999995,11877.390128059908,1805.3604686009305,17113.734957432636,0.0,0.0,0.0,-12905.64763335639,6753.9642507699045,-7866.88788106354,399.7564863135028,981.8968560341098,-647.8703054798104,0.0,0.0,SUBMERGED,UUV
1781496069.4329686,-4.106794076824411,0.07347148338768619,-7.672223037251956,14.844342144335336,5.659124250383703,-3.47056036193621,-12.7374100893417,36.77629852911787,-11.859786106664014,0.0,0.0,48.357119999999995,-9556.787014589596,1563.897845439346,-999.8559069561414,0.0,0.0,0.0,3748.033982270294,-12859.832599780455,-11379.26863564426,-144.63566527728136,-89.37686371046613,378.4383103200514,0.0,0.0,SUBMERGED,UUV
1781496069.8330126,-4.171465735920234,0.1963832211186329,-7.515088088590382,-6.74169848761469,-17.45613541607853,-18.266835737678896,-11.70057696953103,35.98617126759893,-16.727344922010097,0.0,0.0,48.357119999999995,2154.9670948133407,-13061.35166509296,-21475.846510358177,0.0,0.0,0.0,6193.249224301699,10478.23450841436,21849.05147604608,79.00629441821988,-866.5394873343647,685.889657741318,0.0,0.0,SUBMERGED,UUV
1781496070.2330077,-3.9291865260231575,0.24239374027422375,-7.610289598255973,-5.339962539760981,8.40302173027244,7.516997322716391,-10.846884088590413,34.70617735752488,-21.089410056141134,0.0,0.0,48.357119999999995,1407.6587165610638,3244.692436207527,3993.539726831746,0.0,0.0,0.0,-12683.314461469898,5240.478164703451,7342.77723007969,-212.2276211994116,365.0293569854365,-205.78493559701988,0.0,0.0,SUBMERGED,UUV
1781496070.6831324,-4.078947456696268,0.053291326387566874,-7.544691365904516,15.091940752595871,12.67907388264273,2.107034119127484,-5.030542728313673,23.330930435361267,-24.33418487752279,0.0,0.0,48.357119999999995,-9865.60994678177,7064.298585753359,435.27296293456817,0.0,0.0,0.0,4082.7526921275185,-14633.742133184782,12451.510253185286,-68.6464455117977,-10.173948496372246,-344.21779165503756,0.0,0.0,SUBMERGED,UUV
1781496071.0830684,-4.225141727271011,0.17673022063940813,-7.641979068218425,-9.311466082876645,-16.909780180554858,15.836745176779726,-7.567975561104047,19.79068169421416,-26.941188339296275,0.0,0.0,48.357119999999995,3933.9632287754894,-12282.96940030267,16315.258309421777,0.0,0.0,0.0,3819.9941473352783,8278.923492599617,-23281.832196824,-91.08189150729812,-441.27333754466764,-334.0897855045771,0.0,0.0,SUBMERGED,UUV
1781496071.4830415,-4.026547705933918,0.19971851291018305,-7.800093321156281,-1.777999665484389,6.420456353561971,-10.61839883597825,-11.397056322591444,22.08583017187635,-29.620488962135987,0.0,0.0,48.357119999999995,215.32020631364645,1970.0736305121222,-7610.8994122428585,0.0,0.0,0.0,-11069.078912273162,6602.8637757547385,-3311.29607821116,-299.79692379525136,485.7942655367064,194.89309761416024,0.0,0.0,SUBMERGED,UUV
1781496071.9330006,-4.191144202549736,0.09873168413938344,-7.756662927447419,16.18891622803842,15.389177943704187,-5.599190303128985,-22.294755387438425,32.91621283407566,-34.90309286727555,0.0,0.0,48.357119999999995,-11293.490080279607,10242.501094211586,-2326.932027959795,0.0,0.0,0.0,7517.2870885156835,-13524.493736205219,-9249.675986541373,-293.29320696595175,62.319770487591825,815.8488833487108,0.0,0.0,SUBMERGED,UUV
1781496072.2830317,-4.1432877349756545,0.17486726129095273,-7.642651041269192,-16.736953910757304,-17.154834043277017,17.500073415664318,-16.264317467544767,25.406610167024347,-33.14187143657975,0.0,0.0,48.357119999999995,12041.182067846541,-12627.83125507019,19795.87040289293,0.0,0.0,0.0,-7611.873353993888,12185.021662844129,-11351.719702544695,929.4386602846622,-1032.5068433695046,-1519.9433623752946,0.0,0.0,SUBMERGED,UUV
1781496072.7330244,-3.9799291795809415,0.19631110181464134,-7.749539749975728,2.3939761146713323,5.106642786320634,13.948572612620023,-18.534591746798768,31.582459161297994,-34.34606596507765,0.0,0.0,48.357119999999995,-348.9233706015265,1298.832850293491,12799.581398196537,0.0,0.0,0.0,-8936.291176821702,7682.06047061109,-2620.2308338521384,-576.2665811349443,702.8367591251955,-284.88851243656404,0.0,0.0,SUBMERGED,UUV
1781496073.1330006,-4.2819801745841515,0.12390953260040087,-7.7512158406940666,11.606385580185691,10.669512427619935,5.444635547126364,-16.618902492900574,30.15132689193519,-32.881615575263375,0.0,0.0,48.357119999999995,-5968.551491418986,5086.842673372889,2213.15852474962,0.0,0.0,0.0,14565.38028260384,-14349.629178346702,-18578.44630932652,-76.06745417555689,35.101838401540924,-184.799316559893,0.0,0.0,SUBMERGED,UUV
1781496073.533024,-4.170580185824765,0.14824304622801,-7.754387165365095,-17.286798348030736,-17.245244310356796,-18.97561603320047,-11.955696320372189,26.86867572891877,-29.957310217207503,0.0,0.0,48.357119999999995,12816.745962264496,-12757.618038123801,-23103.69011291022,0.0,0.0,0.0,-11162.053457374244,9718.436584195228,18566.736737816693,815.0981783416074,-1136.8681906102877,1421.158054518038,0.0,0.0,SUBMERGED,UUV
1781496073.9330308,-4.008030713275742,0.22232757767588834,-7.716611723950744,10.982923376442761,8.211881095669916,5.45915224509655,-7.821855665237614,23.49638770816696,-26.4762970495351,0.0,0.0,48.357119999999995,-5374.164868066754,3108.106372068583,2226.5423864825752,0.0,0.0,0.0,-2403.710127401834,5289.3657999120605,9558.82385774035,-246.2615453382056,197.10777065700978,-633.291027789995,0.0,0.0,SUBMERGED,UUV
1781496074.3829885,-4.266165940621168,0.11322666370974781,-7.639027911568756,1.945391894466281,8.812239096622655,4.5411282066294305,-2.087321051859883,25.48323280368725,-24.093662678966574,0.0,0.0,48.357119999999995,-248.67808871787778,3546.7972248952806,1600.4991125113995,0.0,0.0,0.0,11589.805136080216,-14071.72027129864,10518.714005022608,133.8603615635252,-86.04850777423935,179.46914384943193,0.0,0.0,SUBMERGED,UUV
1781496074.7830613,-4.157900129631192,0.13432838624803914,-7.839161248640937,-14.5339395769495,-17.064171060494385,17.97456560259605,-1.8628261101361894,27.940618497034926,-19.93674343445604,0.0,0.0,48.357119999999995,9176.441088957967,-12500.266097890817,20827.80345039706,0.0,0.0,0.0,-14350.274281334656,8253.589489088765,-22985.88545726616,272.18626866152704,-758.3156520706152,-751.9000705790659,0.0,0.0,SUBMERGED,UUV
1781496075.1829422,-4.171022448254294,0.29273537442607306,-7.930079602568957,14.776751068493637,5.940047589960094,-8.836428077043667,-3.3926831877219628,31.65773241293399,-14.498465461614702,0.0,0.0,48.357119999999995,-9473.679285193046,1708.5134052082835,-5387.568106947021,0.0,0.0,0.0,3491.7289798323986,7023.029890975216,-5809.134484827132,-429.0968207102335,354.23454105190723,764.905018694346,0.0,0.0,SUBMERGED,UUV
1781496075.583029,-4.241870753976987,0.0925856223500347,-7.700357070079512,-9.362489466208675,5.7136824940260365,-6.865087287096994,-1.7018826645582954,35.03321326244591,-8.916618685389608,0.0,0.0,48.357119999999995,1810.963172417184,4840.106696380943,-11375.665957610547,0.0,0.0,0.0,6646.156304407283,-14979.106322593183,22828.96243976346,-168.80969641838627,142.6308532581597,-89.19000994821351,0.0,0.0,SUBMERGED,UUV
1781496075.9830215,-4.060923839858386,0.20122271794926894,-7.885603604805671,0.08930871515772726,-17.21130235961827,15.949477975590094,-2.3187621695182243,36.71405927293761,-2.1423625912312896,0.0,0.0,48.357119999999995,-4.774476407464928,-12710.661741494865,16552.256499882362,0.0,0.0,0.0,-9684.616521214932,11231.016656074748,-7347.242875175045,-514.573631260845,-975.2363874641379,-843.8968182651554,0.0,0.0,SUBMERGED,UUV
1781496076.433007,-4.158640536311139,0.3394302137924245,-7.8044397678204955,16.883221978228907,3.801977217887589,11.426259190936076,0.809644024112494,25.22664298384922,5.644401212511045,0.0,0.0,48.357119999999995,-12246.31807001928,768.5754983073691,8755.827208925999,0.0,0.0,0.0,10035.893163475748,8618.47574848001,2002.3210211081478,-572.5157304077642,453.49385086152705,-797.1118613865793,0.0,0.0,SUBMERGED,UUV
1781496076.8330595,-4.310258977655785,0.14685012506820927,-7.932958195998533,-10.386253645239616,12.099390141064521,9.072784228009905,3.510760166154802,21.621925311986764,10.76918847378696,0.0,0.0,48.357119999999995,4834.382624808452,6460.62447968825,5663.2145706741185,0.0,0.0,0.0,2697.247109170339,-14508.346869517463,-20703.18739640416,-168.57287093920579,101.6209058684153,45.97481308689579,0.0,0.0,SUBMERGED,UUV
1781496077.2330995,-4.116526970079087,0.2436391676303584,-7.99188085393701,4.199887302900337,-16.63880024076805,-17.770798365560406,8.619893655143157,23.12374709374845,16.117118020350972,0.0,0.0,48.357119999999995,-915.7223726414082,-11906.59889000944,-20351.622473323663,0.0,0.0,0.0,-7937.41936447569,7484.03453807539,12603.907515762396,-572.2475963089029,-1181.6068895363926,993.7602678490445,0.0,0.0,SUBMERGED,UUV
1781496077.632952,-4.273776298781895,0.316624196373805,-7.7781533580641335,9.323549723093137,6.336504313205831,1.5760760239073994,12.93472164653125,24.765604313009145,20.886426707248884,0.0,0.0,48.357119999999995,-3943.401814575756,1922.8503146404591,275.06552072242357,0.0,0.0,0.0,14308.140814927076,6745.827332888025,13066.424754754224,24.49684531905863,48.114978386427055,-38.82529801435848,0.0,0.0,SUBMERGED,UUV
1781496078.0329583,-4.215359282792205,0.16281228683756035,-7.956765105957741,-17.204498629602377,8.070121311660493,18.886449445997133,15.435147071507295,26.281384951768697,25.033147996389857,0.0,0.0,48.357119999999995,12699.459339415109,3008.696139166076,22915.89404414004,0.0,0.0,0.0,-9935.112012843103,-13249.951654457132,-19837.845181297176,768.9533375127562,102.11592907406164,-595.2322035101321,0.0,0.0,SUBMERGED,UUV
1781496078.4329388,-4.216154960530623,0.279341669000703,-8.102967354378189,8.751098583189886,-16.110087417857496,-5.778216964901103,20.73967810452092,30.849915499533626,29.77739759407589,0.0,0.0,48.357119999999995,-3501.140248444049,-11187.273847969116,-2462.566376748958,0.0,0.0,0.0,-4644.899066342018,7395.9317413745675,-9143.702409837542,-254.7037009644033,-264.13427497844964,898.358973241801,0.0,0.0,SUBMERGED,UUV
1781496078.88302,-4.420148217011739,0.3081876593211255,-7.992388833448556,5.543278894348607,3.953932051680218,-4.727708339362691,13.13402562795383,33.17078137001926,32.87129636169958,0.0,0.0,48.357119999999995,-1506.2716589524111,823.0836413192644,-1719.3643602670602,0.0,0.0,0.0,12784.171976424936,8258.8065290018,-10447.848628720458,93.57419994728386,156.2419981424472,16.76593426420675,0.0,0.0,SUBMERGED,UUV
1781496079.3331687,-4.2820918213436086,0.18854148716761013,-8.09222991836774,-16.215882553817444,13.96937438929382,-4.080897555071147,6.80385888037449,21.683871651378745,32.84830044431129,0.0,0.0,48.357119999999995,11328.464570843174,8504.489141764861,-1324.7299362353742,0.0,0.0,0.0,-7730.177093757216,-14373.975460344358,-10727.306377473964,114.48689294329309,67.04065577079723,547.7528801144312,0.0,0.0,SUBMERGED,UUV
1781496079.6830325,-4.221709626933475,0.3028334556626467,-7.986101752157164,16.718371785230225,-16.60657721195622,16.262265476826332,9.80784980123866,28.77969911695908,35.04181608389702,0.0,0.0,48.357119999999995,-12016.67095515654,-11862.920368305178,17186.734766508966,0.0,0.0,0.0,7372.657827755973,13003.176001595573,-7880.77026328616,-969.5007138726204,-817.7916995116859,-1464.7004899053109,0.0,0.0,SUBMERGED,UUV
1781496080.1329982,-4.3859132045015095,0.2961195094294556,-7.924266266609943,-5.820399250431368,9.93937414995817,16.0360473877951,9.866589860384888,24.408742156760383,35.77842323931479,0.0,0.0,48.357119999999995,1646.1487749925454,4447.653010546194,16729.45663013267,0.0,0.0,0.0,6882.478110881377,3822.6520542681055,-7102.90622078654,665.0993109768137,1023.1053886234519,-699.9990890946467,0.0,0.0,SUBMERGED,UUV
1781496080.5830305,-4.177919627050849,0.22606783932873853,-8.043670868676896,-14.431026277104257,12.04712831551159,11.919518949596334,20.25436699942728,34.59852743934495,37.2623793950463,0.0,0.0,48.357119999999995,9051.63372416336,6407.747141019799,9477.721337766807,0.0,0.0,0.0,-13996.801095345985,-14074.15537962693,923.5105403097862,266.7092458090921,24.38140104477687,-278.0428298464509,0.0,0.0,SUBMERGED,UUV
1781496080.9330206,-4.307861719587015,0.2577800365767049,-8.094263022277978,17.16892036080137,-17.211134030401897,-18.443513560822616,13.181552770115402,30.871755548880657,35.61174613695314,0.0,0.0,48.357119999999995,-12650.75866518792,-12710.139436279856,-21863.410329588954,0.0,0.0,0.0,10396.239016164101,10856.62750856366,15043.461608550753,-997.5518054188733,-1082.7766691449308,1552.0994979318584,0.0,0.0,SUBMERGED,UUV
1781496081.3332124,-4.3372794055754555,0.3087898425764492,-7.929139431373487,-13.451507121192343,12.387566917361097,7.81874504203584,16.103227897137863,35.529474336283165,34.593387576242336,0.0,0.0,48.357119999999995,4917.444868377154,3842.9580800765593,1057.0824970575197,0.0,0.0,0.0,2903.6773966747,4296.704283661656,11248.32662108089,129.3222351951537,153.05713541243415,-616.8430221718759,0.0,0.0,SUBMERGED,UUV
1781496081.7829788,-4.1512526246712085,0.22343427545144473,-8.102081831117774,-7.791703498127829,11.94601537169976,-2.5068022659587568,13.10235686633953,34.10204091963891,29.424859766780678,0.0,0.0,48.357119999999995,2818.017902964369,6305.916050059985,-578.0717338054676,0.0,0.0,0.0,-14186.660980273027,-15228.801082659144,16280.447109764737,31.494411799810756,39.93986476338008,230.46553629728413,0.0,0.0,SUBMERGED,UUV
1781496082.1830041,-4.33667505637925,0.2017241431595857,-8.11262688973596,15.674448134061569,-17.325322553987235,18.79171366489503,9.863551837827892,33.2487623169011,24.992558193156018,0.0,0.0,48.357119999999995,-10610.801603673206,-12873.631944674971,22700.24881524432,0.0,0.0,0.0,14092.444274498781,9979.900657953014,-21210.390370893507,-618.1982589202669,-805.8539593332921,-1006.6910373826611,0.0,0.0,SUBMERGED,UUV
1781496082.5830011,-4.451263606024024,0.2971467344399867,-8.197375962218441,-13.839724825057765,7.164574506533224,-7.157641851256301,2.3235782000621445,31.21743530897912,20.00069194296469,0.0,0.0,48.357119999999995,8353.11872790492,2411.448426730403,-3643.654374405196,0.0,0.0,0.0,-1845.2028620499605,6052.044639752239,-7826.573311603113,316.3154061429975,310.2799571643976,738.0577695682398,0.0,0.0,SUBMERGED,UUV
1781496083.033005,-4.269022966027083,0.16131424297389235,-8.30703532728451,-1.1523681925094205,13.827932045373577,-1.5598170877463993,-5.314974101338904,33.80647560173522,14.230311388476126,0.0,0.0,48.357119999999995,110.7326024013746,8339.881948399498,-271.04826060161326,0.0,0.0,0.0,-10703.88977705313,-14587.219234909679,-13126.894430108427,-74.55681108446612,-0.7345336345136824,-49.240231034493874,0.0,0.0,SUBMERGED,UUV
1781496083.4331398,-4.377397899750989,0.17642412865632776,-8.100867111296692,11.332735676139446,-16.48627898082458,-16.66668163208238,-8.758425135195713,35.977259787368254,7.451733372557516,0.0,0.0,48.357119999999995,-5704.007578552905,-11696.211240604645,-17997.490315655246,0.0,0.0,0.0,14732.728008025253,2394.349816515997,19896.26797285632,-346.5780898628237,-540.7316914646088,616.4789128229506,0.0,0.0,SUBMERGED,UUV
1781496083.832925,-4.29807522436884,0.31518563869383964,-8.165592081063696,-16.662320030605688,9.185277119729603,13.88575714216194,-9.122697549412102,40.04222819890189,0.5883240766203031,0.0,0.0,48.357119999999995,11938.363565187161,3833.269043090416,12691.796795519967,0.0,0.0,0.0,-12491.248184470649,4677.7577724489975,-2300.056545216869,556.4448791738278,881.8512473067598,-1000.286689784954,0.0,0.0,SUBMERGED,UUV
1781496084.282979,-4.20251989173385,0.10214875241905982,-8.217081496832039,7.405646199161449,12.902123765457606,9.093079130617557,-3.541954734865579,36.94580954093471,-7.514974595037197,0.0,0.0,48.357119999999995,-2564.1619022062127,7303.727755488285,5689.748471231835,0.0,0.0,0.0,-6115.458792912619,-14126.06825450272,5373.680543439994,-360.938970885259,25.03790072448719,-263.56324773841635,0.0,0.0,SUBMERGED,UUV
1781496084.6329694,-4.470185120189555,0.18483877586677147,-8.194836334564501,-3.4424137316559142,-16.913616009159195,-16.897091467890085,-12.083272302151222,41.09432896773325,-13.645179971246646,0.0,0.0,48.357119999999995,645.9762736411479,-12287.816156551486,-18465.523924451383,0.0,0.0,0.0,8441.821031073561,9252.620042065586,9625.071074471105,510.2813906681679,-1123.6259733456898,983.3776662449691,0.0,0.0,SUBMERGED,UUV
1781496085.0831304,-4.324896855765165,0.2462471354962404,-8.33837979091316,-16.232496672069953,2.568282937373832,-12.635823570595925,-9.53237181669058,29.643844432024537,-18.486272541429,0.0,0.0,48.357119999999995,11351.100349726019,392.08137079561635,-10582.879880139464,0.0,0.0,0.0,-12245.419481520357,9010.934844958141,107.09348661654985,569.756708341443,485.40494785367946,664.703993635385,0.0,0.0,SUBMERGED,UUV
1781496085.5329468,-4.364919852433434,0.08147085670312129,-8.379129677744345,10.42834535481703,15.991232508368865,-11.457819631320856,-25.913065042766718,34.43321875298167,-26.122913119867153,0.0,0.0,48.357119999999995,-4872.049487824862,11028.86637770003,-8784.639128907476,0.0,0.0,0.0,-3091.476865414756,-12546.627442251256,-1932.182259374304,-580.0233321621635,550.5251717531354,1037.6007695496364,0.0,0.0,SUBMERGED,UUV
1781496085.882953,-4.468926581703751,0.15714372044235705,-8.205135418008142,-6.940503146915448,-16.988957931096014,18.331780982764503,-17.39573723195042,26.539651905761264,-27.79612406511593,0.0,0.0,48.357119999999995,2274.0949594684807,-12393.095484378493,21647.646628896622,0.0,0.0,0.0,5863.068711878919,8041.628469732309,-14905.14359236628,511.417466244348,-1201.3583453752676,-1045.0990640117848,0.0,0.0,SUBMERGED,UUV
1781496086.3329465,-4.293331880368409,0.22592926397376828,-8.342544010264426,-9.860104405837143,3.966410905334612,17.904326913012596,-30.424493774081466,35.5369284676353,-35.779162614395524,0.0,0.0,48.357119999999995,8210.619296587092,29.147191651719744,15041.725466750704,0.0,0.0,0.0,-14263.991558138316,9618.462789698058,-5523.81910896826,320.636599463223,680.5208620148612,-247.28232753769524,0.0,0.0,SUBMERGED,UUV
1781496086.732984,-4.493600189093509,0.05617570188624606,-8.371443098066699,16.31158465997965,11.853301081834037,-1.7436015419147928,-30.15246606239111,37.79866209005309,-40.70556639592313,0.0,0.0,48.357119999999995,-11458.686915809785,6212.449178115835,-321.6134142414633,0.0,0.0,0.0,7938.931787172177,-14672.823419474933,-12821.738904392387,-99.08788177642303,-67.63540947721819,373.9759871699523,0.0,0.0,SUBMERGED,UUV
1781496087.1832113,-4.59853294988685,0.11400896939289662,-8.342955439615631,-5.686694762915174,-12.282462782755347,-1.1753292076566697,-15.331815965365635,27.689675478896323,-38.21503159315238,0.0,0.0,48.357119999999995,329.89807833598593,-4127.272007484307,1295.5528850984206,0.0,0.0,0.0,8954.795078583691,-3542.4531701254555,-17054.876829584107,-103.44169167543188,95.3136557565968,228.38128414840182,0.0,0.0,SUBMERGED,UUV
1781496087.5332384,-4.2514679742381905,0.15703313308075456,-8.388472058199097,5.906655213948261,11.156284501207459,14.443467289424149,-25.370584389942735,33.196725875455044,-41.89007651028206,0.0,0.0,48.357119999999995,-284.4367204510435,2689.62961035253,7543.5900068707615,0.0,0.0,0.0,-9553.822223377054,6071.944020445062,3498.0425254489523,-730.4975031984969,855.2129517410403,-767.0770277443809,0.0,0.0,SUBMERGED,UUV
1781496087.9830275,-4.4872309845346985,0.07381589328421011,-8.251323708179186,14.41016226558453,9.801038751465974,9.982062609458222,-14.565882058586572,24.706260161261856,-40.498131956595756,0.0,0.0,48.357119999999995,-9026.550670684002,4332.292561920105,6776.6559114329675,0.0,0.0,0.0,13960.636307057994,-13718.155756727378,3971.6431048358563,-129.38090650603309,-89.75206308570841,-78.92388058973833,0.0,0.0,SUBMERGED,UUV
1781496088.433001,-4.48967399457504,0.11051430370192258,-8.21461602523672,-9.339490857787004,-10.60658866647475,4.917239809422896,-27.618675187033617,31.967073111371345,-43.956561154155196,0.0,0.0,48.357119999999995,3955.855559075042,-5029.9764883383705,1845.7488494337301,0.0,0.0,0.0,4139.044628722084,-2826.2136412447567,10076.801379693981,175.57180010969947,-232.63903367452764,-667.8741918377245,0.0,0.0,SUBMERGED,UUV
1781496088.7831302,-4.373473935855982,0.15637571160561053,-8.531311106647498,5.508902443689209,5.715874519788658,-14.047397721413954,-16.05895248086214,26.021309716082403,-40.16794247980579,0.0,0.0,48.357119999999995,-1489.4712406509607,1592.946175143606,-12954.156354424205,0.0,0.0,0.0,-7195.426670653993,7097.029826737442,2524.7368655472633,-590.6284529410215,709.0176450667424,416.2873481796063,0.0,0.0,SUBMERGED,UUV
1781496089.2331002,-4.591850446208813,0.13163430107411597,-8.396230415659042,11.410994135746165,13.97381313516999,-13.274505669925817,-29.529540980401976,36.98475666499291,-43.168171733483526,0.0,0.0,48.357119999999995,-9329.853982550836,11050.191630264486,-5830.635121546072,0.0,0.0,0.0,13880.990236049385,-12324.098216205863,-5013.528328711981,-209.54123144345965,419.906237601427,497.77353931423625,0.0,0.0,SUBMERGED,UUV
1781496089.6830206,-4.632001252990316,0.09290437506385561,-8.457438633243756,-12.364544520599145,-8.537350493348578,-8.58189394719353,-16.332944107384282,30.721252257740034,-35.24585872811771,0.0,0.0,48.357119999999995,6733.164153881694,-3342.2500852585,-5101.394073526478,0.0,0.0,0.0,547.398239378726,-4905.649704084592,-6205.445898565535,386.8203720260429,-403.74203064468577,767.4870895033131,0.0,0.0,SUBMERGED,UUV
1781496090.0329866,-4.356297607072664,0.20924316342357324,-8.516704907627775,10.504050386605414,3.8390779043483745,16.808152474302688,-24.685056106361447,36.46252699255338,-34.341242346748295,0.0,0.0,48.357119999999995,-4938.698562640909,781.9620027752713,18310.898683126346,0.0,0.0,0.0,-3164.051116520303,7849.975614432191,-9481.472219785786,-922.7824476933891,704.7384386820963,-589.909022434301,0.0,0.0,SUBMERGED,UUV
1781496090.4832585,-4.535294190125321,0.18975380409199608,-8.359409422873012,8.385912837346957,16.959733872705954,12.643779631205938,-7.350960311300764,28.81501022900562,-25.74456672486096,0.0,0.0,48.357119999999995,-3231.9077145627475,12352.852360561606,10610.950153535388,0.0,0.0,0.0,13211.192645202653,-11118.09430665637,-236.05975216924548,89.84576474478018,713.2755777711333,-717.4508432525859,0.0,0.0,SUBMERGED,UUV
1781496090.9330585,-4.509390887198827,0.053275751615758586,-8.391358668988019,-16.281965032970547,-7.109635331319539,11.644488332048356,-8.417078187926887,40.34148968120127,-22.761681717686898,0.0,0.0,48.357119999999995,11417.50921363443,-2376.7943715271026,9077.343650118823,0.0,0.0,0.0,-6565.771628579296,-6504.499943051428,1787.5124010189563,603.6042599269042,-651.7077896777832,-992.8717391250659,0.0,0.0,SUBMERGED,UUV
1781496091.3330042,-4.494624509504347,0.2671181356873804,-8.653035218294239,11.181508573607614,-3.849810759901215,2.6681211251292103,-6.229204026878916,43.489170090167796,-15.477649193576136,0.0,0.0,48.357119999999995,-5560.2530813602225,-785.3635423479435,640.1220594115528,0.0,0.0,0.0,-1882.7458196838954,11977.531765952157,-16156.520293527947,77.71460092543454,-67.73260461161466,182.44324330116225,0.0,0.0,SUBMERGED,UUV
1781496091.7329757,-4.63097685972024,0.18443634562583072,-8.465776110919427,-1.7101785534950307,17.092531147630286,-17.99498172463376,-3.6546427163544917,43.75763782721998,-8.148084033522293,0.0,0.0,48.357119999999995,202.4296122926534,12540.445774166472,-20856.105786085216,0.0,0.0,0.0,9280.034475023735,-11315.002693030568,13578.055777871232,292.06354414202855,1094.719596166348,854.3118133155087,0.0,0.0,SUBMERGED,UUV
1781496092.1331906,-4.394416475434622,0.09560405593568175,-8.523711899601459,-11.119304840646405,-9.38840002992435,1.8911402044623187,-3.6739484913755884,43.62183059319924,-0.7027918142111772,0.0,0.0,48.357119999999995,5501.662046190482,-3995.024924367569,365.92461000589606,0.0,0.0,0.0,-14638.615493780984,-4059.091098941184,12640.25469267055,-45.04484723910774,-93.08348001929824,-157.78443097397815,0.0,0.0,SUBMERGED,UUV
1781496092.5829904,-4.43542885818985,0.308803140958917,-8.514091169414169,14.724155916519097,-7.5242158191606485,0.4862015772755009,2.951012612580082,32.93070240176856,7.460806820215096,0.0,0.0,48.357119999999995,-9408.61791196254,-2640.8401916198095,53.16457186963645,0.0,0.0,0.0,3393.25687686953,14080.197067056459,13845.237079249318,-19.38807943845997,14.061748844547079,-295.26403780785864,0.0,0.0,SUBMERGED,UUV
1781496092.9329565,-4.618822420355853,0.11766636829230982,-8.599345676426129,-13.806792631488326,12.042619188222101,-14.033765086774133,1.1231855666984325,37.136664989595324,11.617456405467617,0.0,0.0,48.357119999999995,8314.535531011237,6403.249440283611,-12932.01079049163,0.0,0.0,0.0,-1372.7208732866484,-14289.532367587482,2740.2854175796547,737.1593030113827,321.7862561222276,801.3056452757667,0.0,0.0,SUBMERGED,UUV
1781496093.3829513,-4.504392938512575,0.1609377780205643,-8.749574467900853,-2.309829960222075,-10.16635167517268,-9.081214075577332,12.774057117961686,32.48955005086795,17.279531955986865,0.0,0.0,48.357119999999995,328.8308211355319,-4642.668552725524,-5671.565258484294,0.0,0.0,0.0,-11312.270793384305,-3306.310887587313,-5490.722556645658,-263.998895456658,-451.2795823325647,350.55932374808486,0.0,0.0,SUBMERGED,UUV
1781496093.782982,-4.587995607347959,0.3107390950664311,-8.480327621322665,12.921557914702376,0.7366879677431528,-6.77179293614024,16.323224219860403,34.564503062497664,22.16986287162725,0.0,0.0,48.357119999999995,-7324.92326758344,58.555953822440316,-3294.5464526235023,0.0,0.0,0.0,15332.036991100627,10064.024220738975,19351.711504862506,-97.92733375155707,-110.8333679349033,139.81032608922007,0.0,0.0,SUBMERGED,UUV
1781496094.183014,-4.557770678549313,0.16742385213872613,-8.58115383833194,-16.51322994608876,14.196822822655674,16.382256931007714,19.358997664753034,35.79000783708779,26.181393359575797,0.0,0.0,48.357119999999995,11732.046135519779,8771.274550080496,17425.619365584203,0.0,0.0,0.0,-6908.700998451334,-14346.43685713231,-8164.24656893507,938.1474677814163,524.4564320013978,-1119.6518888088901,0.0,0.0,SUBMERGED,UUV
1781496094.6330328,-4.420583302409211,0.17271707100117895,-8.689666770114181,1.6988058313661056,-9.044374738569525,12.23265720998429,18.26683686636203,39.558065327321806,29.5083916582875,0.0,0.0,48.357119999999995,-200.36720589988155,-3724.761618977457,9964.96823189013,0.0,0.0,0.0,-9506.426343919817,-4790.247707337867,756.9499382494706,-508.96940958222,-662.4864333365342,-448.2363596686423,0.0,0.0,SUBMERGED,UUV
1781496095.033057,-4.758771798534908,0.29321440348906014,-8.66031775800637,8.186970497772515,-1.3802708276085571,2.2329789415363748,15.757774858747135,37.765493049797435,31.216540892013047,0.0,0.0,48.357119999999995,-3090.321112065756,-145.17897660430344,477.23423106474365,0.0,0.0,0.0,13701.335030288003,10854.428438847117,-16173.978715753838,-28.922250382141932,-50.28036448859883,-109.77156935833571,0.0,0.0,SUBMERGED,UUV
1781496095.4330227,-4.613460599445623,0.19537438449257755,-8.704097221947027,-17.16299001686934,16.250679673943498,-18.409686325515082,13.86845449348378,34.056474280426244,30.62221380531247,0.0,0.0,48.357119999999995,12639.655617890821,11375.523949127817,-21790.73948628244,0.0,0.0,0.0,-9920.086994137531,-13512.53470006414,14948.695741301763,896.5436394156849,976.4920255793932,1358.7460221527117,0.0,0.0,SUBMERGED,UUV
1781496095.833016,-4.453933996789202,0.20559753482408713,-8.66202785492212,13.029768957046617,-14.591904709782748,7.534859886600545,9.037677643000569,30.16246829973028,29.8107873948758,0.0,0.0,48.357119999999995,-4463.730758056025,-6236.274368081264,942.9910655283969,0.0,0.0,0.0,-3532.803709746674,-1194.5920075502681,11340.477020611059,-157.34068076741664,-112.77919273021757,-693.3008590455943,0.0,0.0,SUBMERGED,UUV
1781496096.2329779,-4.792051060218865,0.27528644643159944,-8.688410661316457,-3.15114569462485,3.751705408216116,13.685961617446296,7.636337949957686,29.4189295995606,29.266380119404324,0.0,0.0,48.357119999999995,554.8207450897929,750.6967366278421,12329.345920450263,0.0,0.0,0.0,8217.842046433798,7802.587255363726,-22704.565431227493,-120.8101198633931,-59.24597891567916,35.254189696750586,0.0,0.0,SUBMERGED,UUV
1781496096.6329548,-4.569186489996868,0.18080468460665902,-8.841268621121896,-10.1815529072416,12.04821124360337,-11.985522804771685,5.75681331911572,29.071944449300865,27.463944233796077,0.0,0.0,48.357119999999995,4655.5966938356405,6408.924920358799,-9578.915746999768,0.0,0.0,0.0,-14054.555022566441,-14298.676247645933,-719.9939461394598,-42.65200171130793,185.5087042973232,120.193135755121,0.0,0.0,SUBMERGED,UUV
1781496097.0829523,-4.655120567123828,0.15924222152473216,-8.84599505433366,15.553890616443896,-12.742022305664346,-11.211230218815015,14.482919096635484,37.62984630072546,27.226485631360845,0.0,0.0,48.357119999999995,-10455.731287833007,-7131.909806384274,-8428.54112271785,0.0,0.0,0.0,5168.39535934079,-156.41272151906287,-2424.832119918361,-609.1867194688647,-593.4306739968695,1216.495419109241,0.0,0.0,SUBMERGED,UUV
1781496097.4329903,-4.732341726081569,0.2854773092618914,-8.685682536376662,-14.109248183228726,9.006890952878539,18.30974349015674,3.273326215454783,32.33635025718393,22.261032030370036,0.0,0.0,48.357119999999995,8668.234378535528,3694.279464141957,21599.849484061062,0.0,0.0,0.0,-1570.761381762913,4351.182183438739,-14653.700889887732,923.2220910884308,1035.4498757185465,-976.0864256328027,0.0,0.0,SUBMERGED,UUV
1781496097.8831515,-4.541311110248281,0.16141037890333196,-8.854156633878842,1.2507156470552112,10.690005203873197,17.877056235351162,12.05944648658305,43.62805879139591,18.618696625554566,0.0,0.0,48.357119999999995,367.46303485884795,8960.429296094018,14851.745381858575,0.0,0.0,0.0,-9065.528250589558,-13950.589210538252,-13624.09047717444,-365.4761679898656,489.4828915882738,-324.86565101716934,0.0,0.0,SUBMERGED,UUV
1781496098.28301,-4.783858930277361,0.14294102372589765,-8.826755289281689,11.6115216665462,-15.21043258834091,-1.9871701218342346,12.12818200881965,40.97727537140479,11.813204918200684,0.0,0.0,48.357119999999995,-5973.766967469728,-10014.82665311125,-395.4144029231431,0.0,0.0,0.0,14588.154188295784,4782.685167128222,-12561.523572498078,-12.387959997703636,-57.55351467485931,410.65378861881595,0.0,0.0,SUBMERGED,UUV
1781496098.682954,-4.697381699276297,0.29783410085904133,-8.780023025712255,-16.76484729641263,5.566489686926196,-18.621002149020807,6.9128634433363185,38.40778101770353,4.574259485717951,0.0,0.0,48.357119999999995,12080.127791090654,1517.5224287506005,-22287.85453365313,0.0,0.0,0.0,-7709.471234137905,6998.565788548929,20230.84688985817,804.9837707534402,324.9978904707581,657.5938788116325,0.0,0.0,SUBMERGED,UUV
1781496099.08288,-4.563930106253025,0.05077369065643293,-8.815367890038175,11.822034007372098,4.577434696694478,10.327010943669702,3.0496723429925776,35.95030118890241,-2.612812788607733,0.0,0.0,48.357119999999995,-6181.750078590635,1066.7711656176398,7229.326434334682,0.0,0.0,0.0,-1517.9521197768756,-12037.45106630485,3622.3228489158464,-486.0840559885522,-255.2234662627776,-354.56700266170895,0.0,0.0,SUBMERGED,UUV
1781496099.532949,-4.719363956481612,0.11807958015534063,-8.694493045742746,5.5424148315225175,-13.673301361291987,4.933435628118493,-13.29054613860771,32.243435581602434,-9.201203751646682,0.0,0.0,48.357119999999995,-1505.786410076005,-8161.660515285098,1856.6267597715632,0.0,0.0,0.0,12904.487371151887,1391.5816186878938,10011.105206573382,84.03718585684544,-223.67976562212746,-420.20880839154324,0.0,0.0,SUBMERGED,UUV
1781496099.9331272,-4.685143709287407,0.24315754213008717,-8.967734633710972,-16.6253287805221,2.496009879190513,17.283398338057673,-17.15884209360776,32.82028033622669,-14.848738374031903,0.0,0.0,48.357119999999995,11887.366061353972,373.94022609862714,19303.83896403198,0.0,0.0,0.0,-12840.973180003306,8426.87552755261,-23002.86176365993,368.8408984350482,161.31701295143844,-302.488319553734,0.0,0.0,SUBMERGED,UUV
1781496100.3331037,-4.728240674719885,0.032989957922224984,-8.942799229050728,14.44621102837721,10.05677954164639,-12.853535478250283,-20.224897136337656,36.049087191053594,-21.64988546496171,0.0,0.0,48.357119999999995,-6106.006521589258,8266.94509313819,-5379.871345238592,0.0,0.0,0.0,-1445.4531560434507,-14309.166608843654,-5652.298357145863,-733.1145874663474,-72.73497906330708,613.819499652168,0.0,0.0,SUBMERGED,UUV
1781496100.7329516,-4.739364534527881,0.1656806982493717,-8.755985582698493,-4.517630212355154,-16.63085103486375,-6.829326361888802,-23.571860696028054,38.6151670884321,-27.28681355295731,0.0,0.0,48.357119999999995,1042.2594577024258,-11894.60911661765,-3345.418856084278,0.0,0.0,0.0,7864.68451486849,7922.15013291387,19192.670494455444,-169.48763930755717,61.44645629461376,-209.37711548020727,0.0,0.0,SUBMERGED,UUV
1781496101.1329453,-4.5909957520803175,0.18981113012294834,-8.97167814387183,-6.461953387068202,7.109910472515423,16.27649683229009,-22.572978662229268,37.75920937586179,-31.33631965013436,0.0,0.0,48.357119999999995,1993.7510881813619,2377.715812574071,17206.460790620742,0.0,0.0,0.0,-12497.90355171015,6126.283874942894,-8137.776701393586,-194.27680135985037,951.7172391749319,-270.8148454789093,0.0,0.0,SUBMERGED,UUV
1781496101.5830526,-4.66208083110385,0.06340030612761523,-8.883035030548886,14.728345024137672,15.534930734571827,11.661625732752928,-11.553483508580019,29.38188637794987,-32.173068173469524,0.0,0.0,48.357119999999995,-9413.898896248114,10430.958294919845,9100.936351425518,0.0,0.0,0.0,2890.4189906542088,-13532.02951675499,1533.5847893464518,-645.5873815615806,421.26498566412306,-1100.7382811857583,0.0,0.0,SUBMERGED,UUV
1781496101.983031,-4.894836607279523,0.13411453987870914,-8.97744033767807,-7.641539666805475,-14.383126573964343,2.097249573925694,-8.581980734245507,26.859994793570316,-34.35746491904338,0.0,0.0,48.357119999999995,2717.8123445026217,-8994.251979199771,431.827995345576,0.0,0.0,0.0,5394.155269262907,2984.891374053184,-15524.325031638367,-82.7925699537517,53.4065959487321,534.2387650477892,0.0,0.0,SUBMERGED,UUV
1781496102.3829632,-4.622359647245886,0.15734502405930006,-9.047483596392832,-4.150951181413516,4.385055273519312,-18.052266895096494,-10.56875866414757,24.342958299380037,-35.59322543902291,0.0,0.0,48.357119999999995,896.8709029865001,988.3878376959723,-20995.081035971176,0.0,0.0,0.0,-11974.099857232355,7826.984688285603,14583.674008056394,-56.81839732458137,593.517085835892,104.88855548082023,0.0,0.0,SUBMERGED,UUV
1781496102.7829707,-4.801272041348698,0.06489336041107446,-8.853480229797293,15.384422558302914,10.797053707723668,2.6785209234483642,-11.280171649029723,23.24505378761559,-36.77353438237092,0.0,0.0,48.357119999999995,-10236.462255893535,5202.827790030809,644.4267191316734,0.0,0.0,0.0,13649.514590248396,-14547.355806115687,12105.729122838537,8.573858969180106,-27.31485761330727,127.51815676501526,0.0,0.0,SUBMERGED,UUV
1781496103.2330902,-4.81897016989353,0.09154056620854051,-8.820768685464593,-7.66378239543576,-10.014942017747988,-2.9230744495993792,-26.077263047379315,34.18986183067362,-41.44697148667476,0.0,0.0,48.357119999999995,2732.493741444787,-4512.623576420654,-746.6301527360179,0.0,0.0,0.0,5534.9394435161,-3283.3678293292146,16084.256531888923,-85.59317501244477,80.16895052141984,-399.22353662107173,0.0,0.0,SUBMERGED,UUV
1781496103.6330256,-4.6700852438539835,0.1601301094247595,-9.130355423722625,1.2198478720298476,1.9925263074830357,18.165257326500196,-26.19156670581826,35.356074292868264,-40.42986576322279,0.0,0.0,48.357119999999995,-120.4746530159528,258.45708243097516,21248.846824494074,0.0,0.0,0.0,-9089.799665027465,8631.261265418438,-20602.065608821722,-154.05130632684802,228.20975836263204,-28.30306101656652,0.0,0.0,SUBMERGED,UUV
1781496104.0329883,-4.945840009789443,0.10051848946281457,-8.998178245944255,8.25547069783307,10.335836512282576,-10.914596324542217,-23.941281581735662,35.1920749009691,-38.55045009073106,0.0,0.0,48.357119999999995,-3138.8860592552496,4790.003088042521,-8021.761926869178,0.0,0.0,0.0,13614.930268964386,-14145.377331040581,-2535.086721131063,73.71784402767227,-81.78133898876426,-106.55615202094354,0.0,0.0,SUBMERGED,UUV
1781496104.483018,-4.93173937217239,0.09755883612004014,-9.095375644465149,-13.861370601317512,-10.973220628643244,-6.019074940228991,-9.909173218240305,27.034345064794184,-31.59619314949317,0.0,0.0,48.357119999999995,8378.168729610634,-5365.118380863109,-2652.658837266108,0.0,0.0,0.0,-1911.6416118860338,-2219.30766858787,-8933.78369357912,241.90394032584402,-292.18019228169857,872.26126651715,0.0,0.0,SUBMERGED,UUV
1781496104.833026,-4.655657634507172,0.19651767595343594,-9.085505069457652,11.632878407463727,6.810997439784252,14.682482906741152,-16.37725996364387,33.673397620434834,-29.811471548552586,0.0,0.0,48.357119999999995,-5994.741604813092,2196.819987672027,14124.07384221032,0.0,0.0,0.0,-1897.4553689069178,6532.589959282268,-3848.172299392963,-835.5162432907363,741.672716248094,-804.4306868035364,0.0,0.0,SUBMERGED,UUV
1781496105.2830088,-4.911098419405837,0.11975550540315962,-8.966376798795444,1.409647669339142,12.026728110188914,14.267214762815476,-3.3740672330529358,24.888953941399055,-23.55223190163067,0.0,0.0,48.357119999999995,-149.98988995615875,6386.899744996249,13355.651942133889,0.0,0.0,0.0,10399.414555650803,-14095.429923188636,-3447.3337992811116,423.0432726737942,179.6264281094764,-87.68794138468826,0.0,0.0,SUBMERGED,UUV
1781496105.7329273,-4.807755677268739,0.050624944420122976,-8.99795922508635,-16.761378221921763,-9.615387989305116,9.236468498108026,-7.2321268711907285,37.40344920471081,-19.56558306034726,0.0,0.0,48.357119999999995,12075.223246341278,-4178.360876425524,5864.3704858974515,0.0,0.0,0.0,-8968.065995194842,-4098.7140616811375,5246.0965789995535,417.42482165848156,-510.7687621854968,-1030.6973542181372,0.0,0.0,SUBMERGED,UUV
1781496106.0829434,-4.7751705669395275,0.27019122621759245,-9.17748345729088,15.149736658769017,4.141817976044216,-17.05341524610421,3.083440614173227,33.689989342631016,-12.748404574708609,0.0,0.0,48.357119999999995,-9938.724927169893,893.6489773132182,-18796.92249182232,0.0,0.0,0.0,3707.0264289056768,8077.479692247424,10039.67954178253,-964.6588226805429,791.342059460536,839.7772434924448,0.0,0.0,SUBMERGED,UUV
1781496106.5329556,-4.947327047053682,0.1444525284665582,-9.100637860844005,-4.201271777888904,15.653226362708459,-16.461736003915135,-4.454747730707808,39.48348858890592,-5.537658371856603,0.0,0.0,48.357119999999995,915.8573240163502,10583.213472539963,-17564.774034863858,0.0,0.0,0.0,8019.839278047322,-13569.741802741333,8551.193012227392,554.5632704561465,838.5809423487433,751.3683482471171,0.0,0.0,SUBMERGED,UUV
1781496106.9329739,-4.699747157923937,0.10337166019318152,-9.120850968046467,-9.276782975845208,-12.27824772526224,-0.978979764836412,-3.330898735090249,36.043162826240376,1.1580397862826182,0.0,0.0,48.357119999999995,3906.387116952591,-6644.080942641141,-135.8038917558256,0.0,0.0,0.0,-14643.672201088753,-546.8496096202439,14849.45541799572,-14.055250459602991,12.735787119474189,-234.3592354131676,0.0,0.0,SUBMERGED,UUV
1781496107.332977,-4.840199887854161,0.31787300061221146,-9.161387580926593,17.28136427187255,0.9045314564948164,18.421426132128687,-1.42143187092496,33.99181556521006,8.186975207090866,0.0,0.0,48.357119999999995,-12810.164997707265,78.06575818963299,21842.670790046057,0.0,0.0,0.0,10533.680823248278,9109.618025733405,-15852.50873377506,-871.2293945624318,365.2990401396671,-668.093109338073,0.0,0.0,SUBMERGED,UUV
1781496107.733247,-4.936510889391783,0.10232094624421038,-9.238368814745131,-12.543358935413007,11.622003895796736,-7.705842392413445,2.473517463004134,30.18144157497753,13.429145347223429,0.0,0.0,48.357119999999995,4211.481673794005,9596.804133307125,-917.2278855282057,0.0,0.0,0.0,3647.879981817851,-13987.714054912043,-11531.311409484937,59.630992711607895,60.388625700253,357.4050317113426,0.0,0.0,SUBMERGED,UUV
1781496108.182956,-4.809392696853094,0.1662142326289375,-9.36550695364205,-3.4886389301273817,-9.829569195050489,-2.274905340386111,15.698250437577867,28.90384917422496,19.346074672590802,0.0,0.0,48.357119999999995,661.1953686531982,-4356.320658810263,-492.58388160332055,0.0,0.0,0.0,-11762.081560171657,-3409.1512053198644,-12459.792313950042,-75.00455515000192,-95.46781138467983,237.967907164651,0.0,0.0,SUBMERGED,UUV
1781496108.5829694,-4.913287573293767,0.30998007916600095,-9.168833798291306,16.746055381740423,-3.846636306902014,-18.65864820155592,19.73069832877036,30.890294939706347,24.156658832353784,0.0,0.0,48.357119999999995,-12055.067367627194,-784.0715125246631,-22379.83025685225,0.0,0.0,0.0,13436.91593756109,11887.98827076679,20431.984562439662,-712.7706155313253,2.829337936100366,511.3308759355173,0.0,0.0,SUBMERGED,UUV
1781496108.9829602,-4.859988854844567,0.1620345078582583,-9.126456969359264,-12.945478958541626,16.075048939185013,6.435437163061926,21.46292705766937,34.36388761200961,28.858423570525805,0.0,0.0,48.357119999999995,7350.304824719174,11139.41679136546,3002.1547308741833,0.0,0.0,0.0,-178.88668171306017,-13097.3922707024,8469.155737385921,282.10439969924096,168.4399406818905,-790.2075308252718,0.0,0.0,SUBMERGED,UUV
1781496109.3829606,-4.8061829316864,0.2038351646002403,-9.382462530939724,3.399643433851418,-11.438899970729597,15.38111971029913,24.6085705405349,34.73557754389204,32.56445532783709,0.0,0.0,48.357119999999995,-632.2264925720102,-5805.908295569593,15422.296638311082,0.0,0.0,0.0,-8046.45817707179,-1671.8593022400107,-22803.169710055627,-31.202420145649707,-37.72359659339995,-27.963735137286967,0.0,0.0,SUBMERGED,UUV
1781496109.783206,-5.047807421500895,0.28555383268818435,-9.247670684038239,10.358283382415987,-1.1522632127839993,-10.648095103355969,22.201709072533138,34.47596889435965,34.22218731951176,0.0,0.0,48.357119999999995,-4809.481822025218,-110.71937209143054,-7653.783437529915,0.0,0.0,0.0,14156.30335074267,10883.351513428286,-3075.0892240989942,27.8975298381407,393.8774437388173,-55.81160443965764,0.0,0.0,SUBMERGED,UUV
1781496110.2329497,-4.982562731669675,0.20580095544596233,-9.347996296257968,-14.923804710887243,16.435517107851204,-9.838199603868793,8.35378810681338,25.64132465563437,32.682090377114214,0.0,0.0,48.357119999999995,9654.219279293562,11626.24769157746,-6584.9757555550395,0.0,0.0,0.0,-3784.9414515143717,-9473.793242707785,-4284.813741398124,470.603906889992,574.1803821755697,1339.4506437274965,0.0,0.0,SUBMERGED,UUV
1781496110.5829616,-4.79886789572766,0.21356025252392027,-9.327603447758525,13.174751283510599,-15.427040575550578,17.577451031705596,17.775488350029757,31.38748278359671,34.37344382395762,0.0,0.0,48.357119999999995,-7601.6981324240105,-10293.290236839217,19971.207780381923,0.0,0.0,0.0,75.24149470949214,3824.2228166214777,-11404.671426483537,-1096.3707507330155,-1137.9945607536192,-1455.4924442564336,0.0,0.0,SUBMERGED,UUV
1781496111.033089,-5.065296791788463,0.2767941813211078,-9.229709357712577,0.9473229266466341,0.6254816589483947,17.340954648542606,5.581610490944002,21.265917735259627,32.274791121036465,0.0,0.0,48.357119999999995,-83.21358808488591,46.8951782287002,19432.283095978495,0.0,0.0,0.0,11900.224586836459,11177.17507401575,-3474.7813574953984,316.3472188834153,554.9091786221895,-2.1852687595727502,0.0,0.0,SUBMERGED,UUV
1781496111.4831777,-4.927816986353793,0.2554587161541491,-9.217771997936124,-15.52457069453946,14.712093273821552,9.237168746812587,18.89582178083621,32.52385779487837,33.75725244637813,0.0,0.0,48.357119999999995,10416.330727709807,9392.312618176871,5867.110863532349,0.0,0.0,0.0,-4837.365214080673,-3056.5051475475016,5167.250460099078,430.122697933113,566.2624680190669,-1298.7493985953947,0.0,0.0,SUBMERGED,UUV
1781496111.833221,-4.871484356847403,0.18314437824433932,-9.391402800365674,15.43012900844409,-13.553534931549054,-18.922935359880842,6.580541994066031,25.820310188877293,29.667275635149824,0.0,0.0,48.357119999999995,-7274.978832347274,-4960.905417898064,-19616.074925603036,0.0,0.0,0.0,4417.473334380738,1044.2861788926466,18729.503783071348,-946.9966210160939,-1086.9095651381988,1085.0896880624448,0.0,0.0,SUBMERGED,UUV
1781496112.232995,-5.031076141844746,0.2845177583930959,-9.20471254797696,-6.102583854831068,0.5011047918181775,5.346162063473567,8.84406279736693,28.773286151169824,27.373631117925527,0.0,0.0,48.357119999999995,1794.598766951286,35.09526798279117,2143.145493154808,0.0,0.0,0.0,7029.106835025402,10650.101270491032,9877.319923698797,194.12140622656472,178.2480668258114,-190.596381277576,0.0,0.0,SUBMERGED,UUV
1781496112.6829476,-4.835979636685509,0.23006877961636107,-9.351276372101296,-12.738581767217951,16.800388715429126,-0.09447506798617689,16.042969171595534,35.353507715893194,22.897489168926295,0.0,0.0,48.357119999999995,7127.974284032541,12130.395733725734,-8.044422077932218,0.0,0.0,0.0,-14739.776262147754,-9819.218764615754,14277.12574550269,-27.752758390211437,19.314088726047537,-247.38169380612396,0.0,0.0,SUBMERGED,UUV
1781496113.0829756,-4.937589424224889,0.11591512710457975,-9.448128526024256,17.2517966311539,-11.25041049987087,17.72741725391816,13.607909297519688,34.03828532416252,17.033226735404284,0.0,0.0,48.357119999999995,-12767.514985199787,-5625.831163580462,20276.75011862611,0.0,0.0,0.0,10905.33522693889,-1907.5785635150091,-22639.080633050857,-606.1607977231532,-218.08783341616981,-582.6035102882831,0.0,0.0,SUBMERGED,UUV
1781496113.4829836,-5.088576474061876,0.2844385361086872,-9.451884934507753,-10.463566425407206,-1.9073765400398819,-8.719465431479573,7.811289826082637,29.09426128188379,9.925530435872826,0.0,0.0,48.357119999999995,4902.534945626976,-240.96059450340445,-5256.698912986647,0.0,0.0,0.0,2946.9919452991076,11169.754143297389,-5978.4822797046,378.91371243469985,227.0923476826951,324.098630670788,0.0,0.0,SUBMERGED,UUV
1781496113.8829598,-4.829970816372074,0.1608523050351971,-9.443620670216205,-0.14651354216948975,16.899568707120533,-13.48905419468259,2.79276144204443,26.18530744708251,3.703220106693711,0.0,0.0,48.357119999999995,8.185340541194225,12269.172736729386,-11997.774089204471,0.0,0.0,0.0,-10303.288978217872,-13592.974154017149,23018.067379241016,96.94227668027625,295.7367603374257,297.2370041522979,0.0,0.0,SUBMERGED,UUV
1781496114.2829852,-5.029989957052696,0.09786021733758664,-9.368555449659105,7.398033520971461,-14.524039198636837,16.083565021686923,-1.5478869513061955,25.914659809317385,-2.5398812507960056,0.0,0.0,48.357119999999995,-2558.614012018013,-9163.816897450846,16820.240869544155,0.0,0.0,0.0,12795.50375948142,2292.598166046734,-7309.2230037813115,-11.9314203033789,-1058.121906576824,-768.49342858008,0.0,0.0,SUBMERGED,UUV
1781496114.733455,-4.969580687957886,0.2870522485641688,-9.404139897745683,-14.784119933762568,-5.1078921032363125,11.496370470914938,-13.42175605857643,33.476383443431374,-8.87310434119532,0.0,0.0,48.357119999999995,9481.39941837445,-1299.324461629266,8856.191717879548,0.0,0.0,0.0,-3061.108364771938,12229.30084954599,1801.5948112621045,640.3193031389399,381.37939007987296,-522.9498552228013,0.0,0.0,SUBMERGED,UUV
1781496115.1329446,-4.956987499264488,0.08968829607408227,-9.626883098405616,8.16796147507904,16.08736707669548,3.1310117494351375,-14.16863826990715,34.69681312677594,-14.725411160254398,0.0,0.0,48.357119999999995,-3077.072461831816,11156.548568567434,838.2597507325657,0.0,0.0,0.0,-4956.971065101734,-13513.6307557707,-16456.027488099568,20.80899335005902,-29.66503739840745,165.41370866238037,0.0,0.0,SUBMERGED,UUV
1781496115.5329766,-5.089481071243845,0.12301039557696336,-9.430691952262722,3.6543182581188236,-11.890579633061538,-17.91118826923307,-15.30409706382553,35.568752428787555,-19.93359404987729,0.0,0.0,48.357119999999995,-716.8023126170469,-6249.804586724051,-20669.417088124745,0.0,0.0,0.0,11729.726579099917,-1345.1916357409043,13029.52068321367,91.67157126238888,-1127.3916752540397,583.954643645105,0.0,0.0,SUBMERGED,UUV
1781496115.9329462,-4.838985398043327,0.22497210406156545,-9.524370777621803,-12.014625882242683,2.1879225760151817,6.07295537428564,-13.077945813335909,35.808035186782824,-23.673109280710815,0.0,0.0,48.357119999999995,10112.168651663877,-256.8729447965648,243.87328591925723,0.0,0.0,0.0,-14004.513122221073,11835.849668536122,13193.417770025786,-2.614684509454046,43.79100702479113,69.6876971831031,0.0,0.0,SUBMERGED,UUV
1781496116.382973,-4.887646966509904,0.07023685241993366,-9.494311048458126,10.844431574792694,16.6989485086959,0.6194841499910251,-4.358741547192502,22.810257580521128,-25.942608181822663,0.0,0.0,48.357119999999995,-5246.278929771477,11989.576596845556,72.69435005396332,0.0,0.0,0.0,-2475.0572545682444,-11441.50125249699,13633.534923554545,-39.47691565041728,-1.2311897827992606,-525.6969545359827,0.0,0.0,SUBMERGED,UUV
1781496116.7329712,-5.1624920161682315,0.12804493317856386,-9.585307358082705,-6.870181792542031,-13.84394843548656,-10.138052651342061,-9.564974189069149,28.701398942069492,-28.74871349015792,0.0,0.0,48.357119999999995,2231.308207765956,-8358.130500312034,-6971.259823097797,0.0,0.0,0.0,6315.00894056087,1733.0614529008976,-4109.293632610653,404.2010210718093,-574.5312176056769,847.1725352097149,0.0,0.0,SUBMERGED,UUV
1781496117.1830108,-4.924718594449647,0.17656340661671452,-9.714346284929597,-8.950613402704494,0.2165753800032757,-9.362445168082754,-7.678587604184228,21.657906467234465,-30.815361634776842,0.0,0.0,48.357119999999995,7350.761722272691,-784.9531879364039,-1904.4517852757317,0.0,0.0,0.0,-13826.541565999252,10198.930390154077,-4942.912020372454,-17.100846844093894,91.80842906007878,-91.83624281259496,0.0,0.0,SUBMERGED,UUV
1781496117.5829785,-5.021235024027045,0.08138024986550915,-9.539260371575406,17.059121193310467,15.899408771016212,-12.822443720722053,-10.328706620772305,21.35185825956521,-31.91643301867364,0.0,0.0,48.357119999999995,-12493.925453697922,10906.456991692812,-10890.699653684103,0.0,0.0,0.0,10644.293817178985,-14947.785323160484,23066.63699559091,-297.7177628458061,190.75011156058275,506.0928177483919,0.0,0.0,SUBMERGED,UUV
1781496117.9829402,-5.116083864373675,0.09909272549768482,-9.487134636347307,-10.45976713451594,-13.447945990090965,13.442858497783837,-12.496591938430086,24.262776910249006,-32.889554482703616,0.0,0.0,48.357119999999995,4899.079362540522,-7905.087898373769,11932.922920288034,0.0,0.0,0.0,3202.554482581849,653.4214355209338,-1228.9423548865484,650.0257232882304,-889.7379287220749,-1115.890179824245,0.0,0.0,SUBMERGED,UUV
1781496118.3830647,-4.9559783801662745,0.16836639795531633,-9.78941474777385,-1.5394890170521198,0.21179176998898147,5.952215697689335,-15.452067908607184,28.10259898618646,-33.339142895749546,0.0,0.0,48.357119999999995,171.77420965966587,12.378617473792747,2600.177821287555,0.0,0.0,0.0,-10814.450979946509,9986.069268600733,-18727.039287085216,82.04196861688759,-93.43769523511466,-14.321935090582633,0.0,0.0,SUBMERGED,UUV
1781496118.783029,-5.126516656621322,0.10904200952567983,-9.65060940219423,14.64515004941406,15.00897203395801,-16.847308805534105,-16.3743852361109,29.996958131978737,-32.41813654834568,0.0,0.0,48.357119999999995,-9312.220940374613,9761.386630889181,-18368.850689141633,0.0,0.0,0.0,14226.320720932003,-14047.352718463257,9772.928691365303,-642.6859212116565,711.2878627752334,954.1435489880025,0.0,0.0,SUBMERGED,UUV
1781496119.1830263,-5.031212378969528,0.09406236647728558,-9.557533844871948,-16.621874054288064,-15.58248338220752,4.914760249479174,-17.141187361321077,31.53983322420604,-30.714066615371607,0.0,0.0,48.357119999999995,10096.308406090877,-7730.903731393668,54.112302167814626,0.0,0.0,0.0,-4523.024238801051,901.8113657970375,13566.237100213475,-8.658552907437844,-49.18927313112393,-845.200141257257,0.0,0.0,SUBMERGED,UUV
1781496119.6330261,-4.868812510540995,0.20208976500161416,-9.665203349103177,2.97473585500533,-2.2098853289662466,-0.7307131511041786,-8.664862487320411,26.138639787443935,-24.31096245643806,0.0,0.0,48.357119999999995,-502.7032521917986,-305.9271885100016,-90.70029563514609,0.0,0.0,0.0,-8942.939005024711,11812.010385082951,14903.90470106132,17.941353101980386,-16.65934755076564,-18.08796531970267,0.0,0.0,SUBMERGED,UUV
1781496120.0331154,-5.1312589897583925,0.1443039031051558,-9.65262434036987,9.46855942994033,16.43864527604523,18.686688968052827,-4.23758872215595,24.18483214163773,-20.5695958505468,0.0,0.0,48.357119999999995,-4059.2755875536536,11631.12331946081,22451.47574776731,0.0,0.0,0.0,13718.684580730822,-13551.02586990198,-16727.12792673007,-255.39243562706497,813.8614724736663,-676.2067698475003,0.0,0.0,SUBMERGED,UUV
1781496120.4330297,-5.091822290820659,0.10152713073867167,-9.818686031267259,-15.908712849852769,-13.906220298228721,-8.496226681095731,0.03142276743634464,20.998139668841954,-15.331258769073722,0.0,0.0,48.357119999999995,10918.373419895675,-8430.421143744898,-5005.69322607938,0.0,0.0,0.0,-12623.952528776834,1964.470005663998,-6031.535318779578,270.28214298176067,-478.8295065368256,1032.4023899833528,0.0,0.0,SUBMERGED,UUV
1781496120.8830175,-5.020825327909165,0.25926165501651405,-9.875470116384738,7.978836410016517,-4.350927433463383,-3.077365963838233,2.4793560630906444,30.546377360314864,-10.046914906939447,0.0,0.0,48.357119999999995,-2945.5252909406177,-974.7669871298162,-814.6193180528383,0.0,0.0,0.0,-5277.908203882712,12275.53950706945,-11853.179031897831,-100.63887248263649,65.71943967017364,134.39418719334628,0.0,0.0,SUBMERGED,UUV
1781496121.2830346,-5.1505401767469445,0.14028883948135484,-9.653802808511648,-0.8802417658103417,16.511986602034344,-15.186931559681465,2.3843561075325477,34.01970900939857,-4.081649091954774,0.0,0.0,48.357119999999995,74.97742920799162,11731.238339617279,-15054.741364730355,0.0,0.0,0.0,9797.309057194432,-14622.012888986825,23538.159860718566,-216.19303205049863,391.73936156484626,330.6961623216537,0.0,0.0,SUBMERGED,UUV
1781496121.6830118,-4.957624196856239,0.09667519907308585,-9.761650365476244,-10.213894994574446,-12.518783414771146,11.379241153303141,2.5308807408661074,34.340005744348176,2.4049082954383274,0.0,0.0,48.357119999999995,4683.97896367015,-6894.841697560581,8684.86131627563,0.0,0.0,0.0,-13806.147962360057,-669.2960086001685,2026.7394108220487,-142.11721938441784,-703.4104071557917,-516.8654705026775,0.0,0.0,SUBMERGED,UUV
1781496122.0829709,-5.125774416957748,0.2995199173066738,-9.862990094786047,16.69386689160484,2.512237655450611,3.547535460653787,2.5409538873560287,33.28792011357462,8.557045449473547,0.0,0.0,48.357119999999995,-12107.070690618735,-99.79742309670468,6586.4854101996225,0.0,0.0,0.0,8566.161352067496,10500.730065776534,-21300.409937946577,-10.41281129440038,-174.30072846544596,-29.448118973251407,0.0,0.0,SUBMERGED,UUV
1781496122.4832141,-5.160370711131618,0.12155858867312508,-9.806467380020848,-12.299032780624485,13.34619160300028,-17.751758151089042,2.735649000737202,31.052627965997083,14.143568996445781,0.0,0.0,48.357119999999995,3796.6926406437065,10758.700827554674,-14092.67400855131,0.0,0.0,0.0,4338.51236550411,-13121.27199659016,4054.157680264598,703.2748508457244,778.4925688174098,1020.4151970445822,0.0,0.0,SUBMERGED,UUV
1781496122.8829734,-4.922254448946752,0.19682726278569462,-9.801207716445743,0.8489556034702632,-14.711379284336754,1.2886634606363911,2.630287546151084,27.617198087253733,18.930810126045028,0.0,0.0,48.357119999999995,-71.23374794647245,-9392.774823695863,203.0553674687813,0.0,0.0,0.0,-10258.726738891637,3399.7607547354855,13143.396745067035,-77.26568566213004,-51.10858934373422,-506.93245894477315,0.0,0.0,SUBMERGED,UUV
1781496123.2829697,-5.202133351952806,0.3068283287794784,-9.81596206640964,12.711846848611483,4.1446408777324155,18.651554676410996,2.0017187875600437,23.459975571261122,23.31069470997524,0.0,0.0,48.357119999999995,-7098.863002619368,894.5329075752961,22365.210239538796,0.0,0.0,0.0,14541.472447300934,7468.760706373294,-19418.768143578032,-399.9331158325845,370.76194057664196,-283.96813635779773,0.0,0.0,SUBMERGED,UUV
1781496123.6829922,-5.148055058675997,0.12697894591636208,-9.948515989919606,-15.504206054470199,11.439206377090828,-5.603349167670596,5.395799923518583,19.715878623609264,26.63017881992754,0.0,0.0,48.357119999999995,10389.994773151915,5806.510952899794,-2330.726170929397,0.0,0.0,0.0,-5392.331152932079,-14460.53211308294,-9268.519266953132,200.48006161090123,18.04243843507816,473.3897777001623,0.0,0.0,SUBMERGED,UUV
1781496124.1330435,-5.057937409465189,0.22549560224103377,-10.042868374165264,4.3538103950626645,-12.682466744543186,-4.653521870933489,17.8674758041604,25.93527279769057,31.772534958299772,0.0,0.0,48.357119999999995,-976.0495770822205,-7068.040148702312,-1670.6469804067826,0.0,0.0,0.0,-9815.455964844725,-3248.2400423086488,-14144.043346997914,-37.6014395179108,1.6657871074441255,273.75887401173804,0.0,0.0,SUBMERGED,UUV
1781496124.583028,-5.258052389057603,0.28665881892557293,-9.935838394431952,14.754929607843058,-6.30836733372222,1.316522784827722,16.732772175206122,29.441697111317943,34.714148209586845,0.0,0.0,48.357119999999995,-9446.013039293668,-1907.1624738500066,209.01812206417026,0.0,0.0,0.0,14400.770552688857,13006.131944441306,-15440.28054803373,-13.589383269531774,-4.599811686123195,-139.6070447936787,0.0,0.0,SUBMERGED,UUV
1781496124.9330134,-5.068756101191423,0.1695440166731836,-9.854510087057418,-16.841228608348466,13.217360224547374,8.983020285999048,20.556564557503073,28.790530490800197,36.18343875399406,0.0,0.0,48.357119999999995,12186.423672115605,7648.861313799888,5563.126929322592,0.0,0.0,0.0,-10096.459921296917,-14216.500206600063,5361.950461189294,424.23025664485374,1.8636315694505967,-638.2744344392112,0.0,0.0,SUBMERGED,UUV
1781496125.3830094,-4.949551364318283,0.21847796606639044,-9.907661786332888,4.13275164994492,-8.045520754024691,3.8533215383656794,9.684793248624567,24.155566944165734,35.10935240792416,0.0,0.0,48.357119999999995,-889.7727126070132,-2991.449329675802,1199.5337961335158,0.0,0.0,0.0,-8411.367178252047,-5400.7143928524865,11127.342014054122,-142.00585083912222,-141.05984794014438,-357.3918293743268,0.0,0.0,SUBMERGED,UUV
1781496125.7329974,-5.318662151478944,0.26500210791583284,-9.924060107148444,-0.22397715323948675,2.7063391357030495,-13.165335218849073,18.84291115818533,29.08696189986997,37.0556404670524,0.0,0.0,48.357119999999995,13.205576129296118,428.1567400816996,-11446.58403997729,0.0,0.0,0.0,10155.988683273772,8965.416442448146,1020.3109844726157,439.69879300290563,570.7714576910197,99.86043973165178,0.0,0.0,SUBMERGED,UUV
1781496126.1831095,-5.198589975869523,0.2182393312104879,-10.05185569592252,-16.472790490107357,16.416537533197946,-8.405486548091254,3.839709574298586,17.865823082422523,33.38055677636138,0.0,0.0,48.357119999999995,11676.93011469433,11600.42096196101,-4904.017783179406,0.0,0.0,0.0,-9154.24582379477,-9622.820884991375,-6069.365384474723,367.48588976663365,471.71537764031535,1314.2325358590447,0.0,0.0,SUBMERGED,UUV
1781496126.583041,-5.035438534512475,0.19955586135099715,-9.931319376942024,13.748709424637473,-12.476128948759706,-6.904410719734758,2.8329213017794688,17.799708188426827,31.74316465789306,0.0,0.0,48.357119999999995,-8248.437844368624,-6849.989907933871,-3412.488053805334,0.0,0.0,0.0,1558.8354762836575,-272.75940090392305,18950.96378462123,118.60615083999281,194.0391901125443,-469.4522029667883,0.0,0.0,SUBMERGED,UUV
1781496126.9830983,-5.30609814746873,0.2815151425375908,-9.916837102211197,-4.58661518887991,0.8815909104052478,16.270334310617642,1.097053851323292,18.545811796230037,29.761586928015202,0.0,0.0,48.357119999999995,1070.841591858036,75.07460140656188,17193.56730609894,0.0,0.0,0.0,7513.190519026499,9301.90349314083,-8203.560577605545,631.4184977222677,650.3189760277871,-170.52081666067545,0.0,0.0,SUBMERGED,UUV
1781496127.4331276,-5.088888796279369,0.23876747740529392,-10.005316994711235,-11.803311470887788,17.080069201775054,15.534309647821111,12.114829152415089,28.8206433249585,27.16198601905862,0.0,0.0,48.357119999999995,6163.195334239541,12522.828203485727,15731.076729082546,0.0,0.0,0.0,-14070.79525081979,-11807.099816932096,-6225.339932572022,254.64583558159998,784.2155391435167,-1136.475389074849,0.0,0.0,SUBMERGED,UUV
1781496127.8330066,-5.181751540724949,0.12501606137874535,-10.154471355712944,16.018981055273095,-9.67579278734155,1.933275493454961,12.684179116781756,32.5828486134686,22.88998880344051,0.0,0.0,48.357119999999995,-11065.66977624204,-4228.6483044556235,379.0735648378452,0.0,0.0,0.0,6660.5233700868075,-3466.108964737289,-15436.152346121962,21.855068098210758,109.39680641144153,582.7360476023841,0.0,0.0,SUBMERGED,UUV
1781496128.2329972,-5.251557052138362,0.29882949701113337,-9.991580477032933,-12.413569548581371,0.048387293822766075,-18.291110203533403,11.202856387436395,32.31797098100163,17.446629837247816,0.0,0.0,48.357119999999995,6784.314326168641,2.4984369264296804,-21536.43983968461,0.0,0.0,0.0,4075.7834645754924,11866.465575983264,14805.939633286953,766.9064185078896,70.88538599909974,301.2045818536878,0.0,0.0,SUBMERGED,UUV
1781496128.6330628,-5.018624011766565,0.14149822559860706,-10.060740354395762,1.9837202009399866,13.704607489900484,7.02619635208575,8.437493240848502,28.248623832261455,10.062165087882656,0.0,0.0,48.357119999999995,-256.603803784819,8198.01348590433,3524.1662291833663,0.0,0.0,0.0,-9710.792203940651,-14137.272186894414,7901.8944209252,-211.5980420530202,13.316650970491434,-68.57333936080616,0.0,0.0,SUBMERGED,UUV
1781496129.033004,-5.2676850478964665,0.1116402016363529,-10.105127106038251,11.426263132864673,-13.77847644250038,15.878673294224015,5.984957902856378,25.56860553625935,3.920183899094723,0.0,0.0,48.357119999999995,-5793.503874802485,-8282.894481269075,16396.863047580806,0.0,0.0,0.0,14449.418848186266,1459.5507477409683,-23581.03455742688,-289.72869134455425,-70.88632042712877,-216.00585001250266,0.0,0.0,SUBMERGED,UUV
1781496129.4329972,-5.196915429451494,0.2769652064521118,-10.176167873476865,-16.636133287396568,5.133200129699403,-14.590903806895588,2.005090869856794,23.49270735190549,-2.382606253940243,0.0,0.0,48.357119999999995,11901.820563786236,1310.2522068301696,-13928.353558290579,0.0,0.0,0.0,-11224.987889060698,7474.553518950957,3858.0814714280377,749.789642012974,669.034526981333,872.5754991614953,0.0,0.0,SUBMERGED,UUV
1781496129.883012,-5.132092415459615,0.11601858697341778,-10.260180131457586,6.4178638625412345,16.27325166194828,-9.613852073158505,-13.095441523760469,25.61290574392172,-8.58619221201187,0.0,0.0,48.357119999999995,-1968.7279879137361,11406.902482973444,-6308.4397282785685,0.0,0.0,0.0,-6610.657422348728,-11696.723754645513,-4670.502325166715,-413.8638441677276,475.9872582983712,866.0697213782832,0.0,0.0,SUBMERGED,UUV
1781496130.2330127,-5.301017843803108,0.13167079078079147,-10.068841528759224,-2.506436186550469,-16.481671966589918,17.414714878791244,-5.857004781606245,18.631918744686253,-12.747368352986971,0.0,0.0,48.357119999999995,376.75293635102173,-11688.654592653771,19607.150938787836,0.0,0.0,0.0,8468.299263573039,6474.2016488379895,-11267.76401247128,417.69334890840184,-1201.5679955072428,-957.3598784311317,0.0,0.0,SUBMERGED,UUV
1781496130.683034,-5.135878789527737,0.26272708849185594,-10.142625601788637,-16.753522966648383,-1.000428594134395,13.316965560295392,-16.376817961825463,29.47917012146152,-18.890922953252225,0.0,0.0,48.357119999999995,12064.727005151593,-90.16541334411048,11713.225090514685,0.0,0.0,0.0,-12182.58146775093,10419.688764438193,-1506.7307970101808,586.2206538576133,588.9323382594349,-554.3883568284087,0.0,0.0,SUBMERGED,UUV
1781496131.1330793,-5.075621131030583,0.10652861137394212,-10.165063206754194,10.048956593570196,16.944952787940274,12.272203026291196,-4.766303889673109,26.295308657671246,-22.289983065254745,0.0,0.0,48.357119999999995,-4541.654604317009,12333.985169068823,10031.112005488312,0.0,0.0,0.0,-3711.2974761498062,-9682.030344079192,654.7450155426827,-673.1309784462594,711.254791556357,-1225.8209927571072,0.0,0.0,SUBMERGED,UUV
1781496131.4830494,-5.329455140632511,0.11999383554272226,-10.15063302690289,-5.979743016901484,-14.637473466927018,-18.70352132455844,-14.516570379353636,29.929951619548948,-26.48628701662151,0.0,0.0,48.357119999999995,1729.2569583223888,-9301.559483366165,-22470.172408085946,0.0,0.0,0.0,6771.272477875374,2764.2471586103425,17120.060748838376,414.0277070310375,-1160.9605418646688,833.0274212805891,0.0,0.0,SUBMERGED,UUV
1781496131.883,-5.0460891650488975,0.19773450613554341,-10.20225346474754,-7.2031882293918725,2.1560573934741196,4.0513228268206545,-11.966592742631876,27.8564387137509,-28.027986487544,0.0,0.0,48.357119999999995,2435.5769687610273,293.71677252213243,1308.8197344356129,0.0,0.0,0.0,-13653.77909984468,9712.6146425199,10990.511521409846,-85.16786729398699,146.004341717645,58.985857077344136,0.0,0.0,SUBMERGED,UUV
1781496132.3330243,-5.1534550523061515,0.06747144576529282,-10.166134198259938,14.557672263117926,16.684362811949967,-1.5135966095558975,-3.0541560783168316,17.043527322918386,-29.479446231414812,0.0,0.0,48.357119999999995,-9205.065463583669,11969.17945913323,-258.38425600973056,0.0,0.0,0.0,3004.321699604364,-11811.123753303978,15259.946377422284,32.237870249608164,-25.6620279897459,-474.5457942059678,0.0,0.0,SUBMERGED,UUV
1781496132.7330062,-5.360758284182197,0.10996715484557747,-10.236047454625679,-8.626048828166669,-13.489021809352321,18.067637730404137,-4.446778884171893,15.067458177147866,-30.101029374826826,0.0,0.0,48.357119999999995,3407.95484297535,-7952.301127646118,21035.017207710873,0.0,0.0,0.0,4469.264845333404,813.454035033205,-21728.534511815906,127.63393010393077,-644.5209479512088,-433.6609373638957,0.0,0.0,SUBMERGED,UUV
1781496133.1330025,-5.123518201838831,0.16646002518562586,-10.391336455225998,0.9578551910770429,4.212976721973243,-11.97182112333665,-5.849646542869795,17.100472106349805,-30.677714718512487,0.0,0.0,48.357119999999995,-84.6083491677219,920.7673648437689,-9552.2178614818,0.0,0.0,0.0,-9808.074556401192,8076.6202768495,-1173.0059262102202,-398.6178677761486,530.608878070003,174.96021247748266,0.0,0.0,SUBMERGED,UUV
1781496133.5830078,-5.303697461596098,0.11399848890621582,-10.368299613901906,16.52120668123005,16.359602345364486,-6.977442508181367,-18.755788838208044,28.798306949810957,-32.42663802732465,0.0,0.0,48.357119999999995,-11744.920192214284,11523.819259325835,-3474.2321060812865,0.0,0.0,0.0,10497.137968759598,-11165.654394450385,-7759.905089129662,-326.3464163039639,287.37956499453935,1158.1664019926834,0.0,0.0,SUBMERGED,UUV
1781496133.983036,-5.275309724371599,0.09357558479758443,-10.202525009733193,-14.856647646348135,-14.017111118740939,-8.835492634998122,-17.40299357276269,28.63764624060114,-30.437864989073308,0.0,0.0,48.357119999999995,9571.666842089367,-8559.923166855797,-5390.621972933312,0.0,0.0,0.0,-3534.172278581903,1983.5712815415477,20359.188474533716,-161.69707725998163,145.1833499646512,-401.7790783271669,0.0,0.0,SUBMERGED,UUV
1781496134.383008,-5.09794331166033,0.20003402419921307,-10.354928239483,5.705639478263555,2.5399811737499585,15.263588545186316,-15.394475917919806,26.778778954582766,-27.09382850536966,0.0,0.0,48.357119999999995,-1587.4416441600756,385.31907922625,15211.062678031034,0.0,0.0,0.0,-7102.30715028038,8674.423451008199,-5591.257565821353,-708.6560233060204,661.0951909048877,-299.8477328022332,0.0,0.0,SUBMERGED,UUV
1781496134.8334198,-5.270867447716163,0.1657732936776827,-10.249840767972293,14.247422226002769,16.863590917066826,10.646587821174357,-0.7845821114424993,18.154315234901084,-21.81239100421363,0.0,0.0,48.357119999999995,-8831.401922237548,12218.820915165968,7659.417964855489,0.0,0.0,0.0,14034.59375685067,-9649.749544365017,3051.838745816599,-232.12126290292278,573.9434381341184,-975.3304497508561,0.0,0.0,SUBMERGED,UUV
1781496135.2330086,-5.3312745109742785,0.08127309926991069,-10.454014115107203,-16.36752951736561,-11.224996303981923,3.5201150721860905,3.2244438362392174,17.246188352680754,-17.90816332769299,0.0,0.0,48.357119999999995,11533.96472421571,-5601.373783934405,1025.2252112624149,0.0,0.0,0.0,-7910.10391193407,-1723.123008923524,-16547.512834201145,-109.27998376192139,48.696297332731596,530.6769099648097,0.0,0.0,SUBMERGED,UUV
1781496135.5830123,-5.1473963403936756,0.26008291545459145,-10.311650622679098,14.277226189908957,5.69550724002811,6.5778541826267025,-3.329449233276128,18.95304413198014,-12.606527047376655,0.0,0.0,48.357119999999995,-8867.752168292007,1582.462424029511,3125.0358192174463,0.0,0.0,0.0,2397.4308741117084,7414.833030854965,8428.545188904647,-312.8236066106321,230.38335608102702,-702.4546793915886,0.0,0.0,SUBMERGED,UUV
1781496136.0331492,-5.365727646570885,0.0662308070425449,-10.284144213231185,-6.512631228208494,7.868767999224679,10.04392757199368,6.675397199542125,22.3318631467139,-7.871850731434161,0.0,0.0,48.357119999999995,443.7611281738744,6545.466310943959,2425.352685166796,0.0,0.0,0.0,9269.44766226365,-14474.488360640149,9343.375958344146,208.06027367524592,-59.955748991323844,21.703100222097774,0.0,0.0,SUBMERGED,UUV
1781496136.4330492,-5.208426956953952,0.15844678236996984,-10.524348019115507,-5.745241438037218,-16.814294864488808,12.153067846692995,7.042114894489047,26.597796289204698,-1.796576646727554,0.0,0.0,48.357119999999995,1607.6207247334592,-12149.61465408343,9832.302276468736,0.0,0.0,0.0,-12615.674758804533,8319.714199852273,-22588.19865485005,54.32433702072587,-92.55287889802166,-122.9980556426891,0.0,0.0,SUBMERGED,UUV
1781496136.832981,-5.325307065493379,0.2912229702807938,-10.484191579707607,16.39971226690219,6.609801371691582,-13.452597963779223,7.127215219406899,29.308950844916378,4.434780515337541,0.0,0.0,48.357119999999995,-11578.56847835612,2078.444617323442,-11924.438369190402,0.0,0.0,0.0,12187.048281650026,6518.603360750341,1516.6543867266853,-612.5681141197572,700.1497525305077,873.0514773556031,0.0,0.0,SUBMERGED,UUV
1781496137.2329676,-5.28981007227712,0.08651762893275217,-10.350596271526149,-13.211763665074864,9.830331077066774,-6.061532940223287,6.328893927564336,30.3927107459102,9.796770155467964,0.0,0.0,48.357119999999995,7642.247943917962,4356.843367314832,-2689.8588682293303,0.0,0.0,0.0,-695.4968679510202,-15089.892767882971,18711.72165521242,-177.29709392470536,128.85188940609515,-141.9596419331525,0.0,0.0,SUBMERGED,UUV
1781496137.632986,-5.182788567755212,0.2279907167786845,-10.517934959569722,6.981633978854279,-17.29589206855593,18.508095992569952,6.472250097342565,31.52377951659265,15.5517267010079,0.0,0.0,48.357119999999995,-737.3734384337068,-12237.837757395528,17458.58570011131,0.0,0.0,0.0,-8016.575645919191,7799.011304492131,-8372.27757688552,-703.8749589724996,-1095.4299811505177,-1029.0965609800578,0.0,0.0,SUBMERGED,UUV
1781496138.0830297,-5.349866513801142,0.31266925555073943,-10.428424745608668,14.147291399410054,4.213298455749726,15.738155641050135,1.1425907583204555,21.119270282052067,20.038295479552975,0.0,0.0,48.357119999999995,-8712.631555758526,920.9928191838992,16128.575650362813,0.0,0.0,0.0,14219.69415333433,7792.0881463935075,-6757.853895808667,-432.5477365155203,691.8727405040173,-459.1294337910008,0.0,0.0,SUBMERGED,UUV
1781496138.4829414,-5.315364869203041,0.11941263787260586,-10.608995546250075,-16.15467850900643,7.550664319951352,-2.799962434035928,3.6412348278659894,17.87849386269569,23.72797301277815,0.0,0.0,48.357119999999995,11246.324879409836,2658.155038403007,-693.8361405810443,0.0,0.0,0.0,-7503.406450367982,-13500.420534198389,-11958.746159736962,90.49296790104194,-9.360256233278342,397.6734084421465,0.0,0.0,SUBMERGED,UUV
1781496138.883017,-5.216002536961492,0.24516124969307204,-10.56409259199968,9.58036723916304,-17.067355592260608,-18.603728600877538,7.168656870704055,19.335385880016318,27.06771529575559,0.0,0.0,48.357119999999995,-4150.61653772815,-12505.501705129409,-22243.312519930463,0.0,0.0,0.0,-3768.256945014895,8775.159876307313,21019.556420521905,-438.6927005357991,-944.8079238728855,874.3941661039185,0.0,0.0,SUBMERGED,UUV
1781496139.2830365,-5.413753394006023,0.28100959381914536,-10.401233874096476,2.4147471317346776,7.189914467898662,6.883684803291135,10.353552071365698,22.157909349815228,30.691640844595838,0.0,0.0,48.357119999999995,-354.0111593549684,2427.138292261544,3395.366702238762,0.0,0.0,0.0,11589.669967589707,6254.77312896213,8181.9214390651905,185.7031247536976,296.6901897276406,-195.73592395514697,0.0,0.0,SUBMERGED,UUV
1781496139.733016,-5.258105113990604,0.1647838235137397,-10.497716524750848,-16.557314831660825,14.026472030092172,1.6962890748741617,18.773109756713747,31.57931216387517,34.299003175164366,0.0,0.0,48.357119999999995,11793.185842819088,8571.0807428878,308.61899820893325,0.0,0.0,0.0,-8291.604577710925,-14630.410025482188,12822.378176896009,64.80562744188835,-21.196806611818964,-365.6116797222693,0.0,0.0,SUBMERGED,UUV
1781496140.082981,-5.345158756801166,0.26203317164327167,-10.659840649937841,15.569582640981633,-16.448740379811465,-14.622960443654764,15.55156681874336,27.513839981999,34.71739394763845,0.0,0.0,48.357119999999995,-10476.327510290108,-11645.57486428496,-13982.47828299504,0.0,0.0,0.0,4842.639522096991,11985.692365260813,3954.2709527334255,-870.6163491526705,-806.990885982337,1468.7960706091649,0.0,0.0,SUBMERGED,UUV
1781496140.5330398,-5.514337175242396,0.2606698535077241,-10.605167893045529,-0.7448344724021223,5.272203441409577,-10.271260738671216,13.575889046337082,31.50993227254118,35.7061218997506,0.0,0.0,48.357119999999995,59.427069505601345,1375.3515149502964,-7148.241447260301,0.0,0.0,0.0,9957.161176957707,7418.099580676706,-3925.181677903402,349.4322188595403,445.1108212051281,203.09271330083214,0.0,0.0,SUBMERGED,UUV
1781496140.9330277,-5.225686733118513,0.1899706263409205,-10.612431624929332,-14.061225318367754,11.09660974771188,-11.469595591966986,10.79058564919855,28.91617733384738,34.34268608138042,0.0,0.0,48.357119999999995,8611.68706544117,5480.560704563349,-8812.491336348881,0.0,0.0,0.0,-15458.6273053304,-15257.659496450015,22439.23967326062,128.26317303876468,228.00241780289403,302.23835909875197,0.0,0.0,SUBMERGED,UUV
1781496141.3330173,-5.267425791410712,0.22609214791696283,-10.605258418260494,15.868997560850744,-16.38884177683299,13.979551610153623,6.4899777723888965,26.78249578241249,33.27854156230106,0.0,0.0,48.357119999999995,-10866.532357290833,-11565.127323100753,12863.033312748605,0.0,0.0,0.0,5220.186570119542,6651.170382737288,-2517.987744884641,-874.5598259589082,-846.8259319763662,-1587.2722314274856,0.0,0.0,SUBMERGED,UUV
1781496141.783001,-5.475249574203877,0.2800477609015772,-10.527706025216645,-0.6526619149872899,-0.00711784138698357,9.647786441720372,3.6447313261146053,25.338740329839265,32.15337472418073,0.0,0.0,48.357119999999995,49.65633722290595,-0.37454265060416403,6359.780935611522,0.0,0.0,0.0,10136.302061804454,10550.00250746415,4672.509769839952,341.59284787570635,365.9780055488002,-18.25158741582828,0.0,0.0,SUBMERGED,UUV
1781496142.183161,-5.309413199838919,0.17979683852857437,-10.80241411713066,-8.737066126478291,12.049024983613972,5.916094745019265,2.6202896037010888,27.37346449830924,29.50147737172858,0.0,0.0,48.357119999999995,7198.725057607058,10198.388337290391,10216.703865746244,0.0,0.0,0.0,-14502.613773919811,-14190.16891039585,-22947.952030535034,116.31324213685251,167.04012679328073,-261.57418347076214,0.0,0.0,SUBMERGED,UUV
1781496142.583053,-5.373499747461856,0.15037726432677334,-10.749506030225328,16.904398199810142,-15.098109537793517,-16.950061450341835,5.136942834713079,31.611946592215308,26.31208247930362,0.0,0.0,48.357119999999995,-12276.91013870091,-9873.90625557996,-18570.30135755747,0.0,0.0,0.0,9225.683847612709,3535.9873998842386,9463.162845617657,-965.7561336600168,-1125.8544145379283,1573.9335951773965,0.0,0.0,SUBMERGED,UUV
1781496142.983024,-5.430218295392611,0.2983918792557329,-10.568528000871789,-10.07495496726596,3.3474470208446983,0.2610453794812412,4.887282945179807,36.840338512310986,22.199026309329014,0.0,0.0,48.357119999999995,4563.654761798572,615.5847993152036,24.966669719076403,0.0,0.0,0.0,3291.6269839696038,8814.570340342894,13984.397754996113,10.845235368536947,0.8254708646552888,-343.3783158353546,0.0,0.0,SUBMERGED,UUV
1781496143.382998,-5.270567545569856,0.15159788916343317,-10.810831442224064,0.792063426548429,11.988415955795189,18.62157289579288,3.8691017270809187,38.69992659262617,16.347418367261767,0.0,0.0,48.357119999999995,-64.69940799746722,6348.315823713956,22294.35023299396,0.0,0.0,0.0,-9255.125094471437,-14364.83797246162,-18059.155619117882,-236.098102161653,385.9327183093869,-206.80800610031238,0.0,0.0,SUBMERGED,UUV
1781496143.7830505,-5.519076698540166,0.13731959690322695,-10.767706525844428,8.167563276515496,-16.23227740146143,-9.018016579670956,3.500581376677076,37.64923190456198,9.862323840086418,0.0,0.0,48.357119999999995,-6716.073470912329,-9490.481295738913,-1753.0522884218822,0.0,0.0,0.0,14563.205314684974,3818.206146115853,-10085.18131131312,101.59338167055303,-488.323882910105,629.8522745477317,0.0,0.0,SUBMERGED,UUV
1781496144.2330406,-5.50843517967921,0.2622299268396454,-10.84840365203158,-13.993064621269967,1.2141303392760932,-3.654335804387758,-5.8086640897208,27.570139094711973,2.4100130187714055,0.0,0.0,48.357119999999995,8531.672374487413,119.67536384995226,-1093.0303127365978,0.0,0.0,0.0,-2239.8252992469097,9653.708653566711,-11272.046479966319,145.441422918749,100.22834657192188,472.3119547016456,0.0,0.0,SUBMERGED,UUV
1781496144.633018,-5.286193219685026,0.0914255844137591,-10.828935958183752,5.495696943001322,15.228496157113556,-18.208206188275007,-9.836542023687946,26.98229852221076,-3.96779237322478,0.0,0.0,48.357119999999995,-1482.990994061175,10037.958648961438,-21347.574495753935,0.0,0.0,0.0,-7012.431920738643,-14802.331416683073,21675.282929188645,-204.6430315117494,596.6898473472926,448.6703482793965,0.0,0.0,SUBMERGED,UUV
1781496145.0330038,-5.454078970509763,0.10322905931779412,-10.661508955945397,6.033695735402947,-13.254494787462088,7.450204738500864,-16.54693183323717,26.874262513804602,-9.618596761398114,0.0,0.0,48.357119999999995,-1757.8107969574808,-7689.5328676993595,3929.459593373373,0.0,0.0,0.0,12779.519187245824,627.437082508462,7357.727858394305,140.7938827465614,-371.9010348274002,-437.8915340178342,0.0,0.0,SUBMERGED,UUV
1781496145.4831066,-5.385768685663169,0.25533447567962503,-10.74331469293747,-15.024062928253223,-6.538928575195575,1.8658755173618429,-19.13301059735876,37.09301777815735,-18.80142019721781,0.0,0.0,48.357119999999995,9779.48109289587,-2037.2730835893879,358.51822513934945,0.0,0.0,0.0,-3884.2682646103012,13837.535182342548,12749.429668334506,71.17206639967048,36.97696313115648,-354.55489495693956,0.0,0.0,SUBMERGED,UUV
1781496145.833037,-5.427203268551171,0.011079630118737619,-10.897692004281726,14.17216914635182,11.088568697815926,-14.777732436410368,-24.43066477228157,32.002874889096546,-23.021011660622293,0.0,0.0,48.357119999999995,-8743.66141690931,5472.467537399273,-14277.7485807742,0.0,0.0,0.0,1950.64336079539,-14240.880867872225,4351.668260589804,-866.2230011081245,157.1487803793139,759.1585516168336,0.0,0.0,SUBMERGED,UUV
1781496146.283037,-5.5957409189881275,0.07174569361748717,-10.84886003711064,1.8440088205809904,-10.755676586921084,-10.102262325165146,-18.041111843297315,35.10212003218095,-29.140855792458975,0.0,0.0,48.357119999999995,-228.25606427676195,-5165.0337722762515,-6927.073524800938,0.0,0.0,0.0,11163.155476164155,-2698.0331639845344,-4121.323444838904,283.93965289595417,-521.3637117878488,402.7320398913544,0.0,0.0,SUBMERGED,UUV
1781496146.6830862,-5.334448366436583,0.18604653857475417,-10.873132815170088,-15.92128538205791,-2.587260840313047,-11.52529047548915,-17.209731790278695,31.514271926931947,-32.06317754427167,0.0,0.0,48.357119999999995,10935.486182064442,-397.20137414001266,-8894.138794433346,0.0,0.0,0.0,-14830.738707359833,11644.333377582356,22270.317260721295,158.4306435315392,-189.2513370392987,209.05155895948627,0.0,0.0,SUBMERGED,UUV
1781496147.0830088,-5.425342392520368,0.028882833223341134,-10.862801442648829,16.62258125995625,13.57169141270858,16.925725427261217,-16.80922957758017,29.212890227037033,-35.206011055970464,0.0,0.0,48.357119999999995,-11884.511335727677,8046.672933808963,18554.80159056345,0.0,0.0,0.0,6975.756129858277,-14349.757808229737,-9751.878272159993,-967.5018773473355,493.760245552595,-1076.5537411877026,0.0,0.0,SUBMERGED,UUV
1781496147.4829907,-5.621790352928002,0.09879414328740048,-10.944791042330776,-6.690709311174472,-13.936819175023196,-0.42999546291252744,-12.96678343958494,25.122898558658676,-36.94064172159655,0.0,0.0,48.357119999999995,2125.155696388934,-8466.368578811082,-45.38510920551636,0.0,0.0,0.0,6235.490279007494,2196.039210504555,-13726.932286342553,-14.952941258341262,-29.062551910510443,568.5308676524481,0.0,0.0,SUBMERGED,UUV
1781496147.9330947,-5.418386542898033,0.12456741091629178,-11.087633784910368,-7.877557852707755,-0.4610423547432223,1.0424127701302373,-22.404658919174974,24.06084444336375,-39.4487180571968,0.0,0.0,48.357119999999995,6434.407720662318,-1052.0326870006859,3538.7349688827553,0.0,0.0,0.0,-14496.54753838963,12199.560713382629,-19674.546497211464,68.28131232613273,-62.94293802307936,-126.12790884360203,0.0,0.0,SUBMERGED,UUV
1781496148.3329835,-5.519946203312024,0.04706116821625751,-10.948312293484403,17.186782514996818,15.842504024458476,-18.62846915293885,-24.10498441833531,27.1502886926672,-42.49182729111439,0.0,0.0,48.357119999999995,-12676.19262655917,10831.789329596662,-22296.055038076516,0.0,0.0,0.0,10050.67110759226,-14025.461866958849,16230.304317350045,-998.5028041314465,809.5047763920836,1288.2442926538815,0.0,0.0,SUBMERGED,UUV
1781496148.733027,-5.525349193127122,0.07998530701807072,-10.797514727938516,-10.132143607296124,-12.500521078686765,4.111803490830206,-28.626044804279466,30.374325121876105,-44.67141973859104,0.0,0.0,48.357119999999995,4612.913448486305,-6875.082217107257,1344.8962668671998,0.0,0.0,0.0,3293.5028374124227,-374.3266108440248,10728.163010901477,134.38979508543258,-204.44125328362855,-761.6359361810775,0.0,0.0,SUBMERGED,UUV
1781496149.0830307,-5.419879878144049,0.10563493885480248,-11.111605826587198,6.476448301609461,7.770730163160259,-13.344519235044181,-17.732883546247944,23.89671583281549,-41.150412680399725,0.0,0.0,48.357119999999995,-2001.787709520103,2804.25551766943,-11743.193760026508,0.0,0.0,0.0,-6515.52229511075,5560.097612254093,1081.3286804565519,-575.1242987814248,700.5703900857477,549.9137428882094,0.0,0.0,SUBMERGED,UUV
1781496149.5331314,-5.654936937487692,0.0752442744605006,-10.963425816964909,10.155979299385995,11.305010378507227,-12.727596776509031,-28.93830606651103,33.556704877053406,-44.20557172677843,0.0,0.0,48.357119999999995,-4633.626977186185,5677.304015767112,-10738.945224101646,0.0,0.0,0.0,14063.489184683087,-14242.558658717775,527.7024337957926,-88.50877081433083,72.55288660640872,108.04881250815271,0.0,0.0,SUBMERGED,UUV
1781496149.9830756,-5.663413327038632,0.06187351205522195,-11.048934070050985,-13.011381090462741,-10.487849532790849,-7.927706319801553,-15.56362684769666,26.56195246004101,-37.100585893390836,0.0,0.0,48.357119999999995,10182.497337041501,-7823.340770098919,-9514.255520341263,0.0,0.0,0.0,-433.56273294705215,-2877.6359494899016,-6925.887232272454,346.62529694814475,-394.0905133098339,872.6192630586916,0.0,0.0,SUBMERGED,UUV
1781496150.3331132,-5.42824815706051,0.1477752964500217,-11.085047591536402,14.143452581007518,9.5785276365235,18.518007284642653,-24.23004116504121,32.762972595769206,-36.94463410465397,0.0,0.0,48.357119999999995,-8708.755131648608,4150.012690388507,22075.827555327574,0.0,0.0,0.0,-2535.8361820988634,6600.338883998715,-7891.74674913853,-932.4855982692374,816.4509339965753,-759.605707608998,0.0,0.0,SUBMERGED,UUV
1781496150.7829828,-5.631740724038556,0.10808856103361408,-10.944630722825886,3.138377346920754,13.278406816694355,15.880788576950643,-8.951801081160427,23.90417135979771,-29.08814215711006,0.0,0.0,48.357119999999995,-550.8859731611713,7716.303467164938,16403.569337533354,0.0,0.0,0.0,11049.4161671116,-14290.01578669715,-7153.528184787679,302.11559320587827,412.7864498988454,-228.33841809854817,0.0,0.0,SUBMERGED,UUV
1781496151.1829584,-5.54370835056044,0.06731855345203908,-11.18436172474261,-12.244105220136085,-15.677462718805632,-2.7771213481940666,-3.3196297809953306,27.282947619851303,-25.08254125299273,0.0,0.0,48.357119999999995,6608.79466073858,-10615.316704865421,-684.1420742781456,0.0,0.0,0.0,-14544.634824071665,6003.546108908903,-11841.14724030504,-55.52205602036322,-149.148584008652,478.07548023613947,0.0,0.0,SUBMERGED,UUV
1781496151.6329665,-5.521432579353879,0.21099163056580938,-11.232730589758457,11.798597182894449,-1.3140195836515836,3.3758261851194598,-11.684938681870639,39.66998206503599,-21.300163930296527,0.0,0.0,48.357119999999995,-6158.351315803764,-134.78005574587553,953.2603949913035,0.0,0.0,0.0,-1113.5205860962667,10814.014347372175,-16640.342350453204,89.16731377573392,-97.28335498877236,219.09850038765893,0.0,0.0,SUBMERGED,UUV
1781496151.9829566,-5.6136784803371285,0.040074066210755,-10.961787480980053,-8.553688840968094,7.804460571779432,6.989730892190032,0.9099741971234017,33.909245431463,-13.781170553294622,0.0,0.0,48.357119999999995,3354.0856132465333,2826.710059855814,3491.8050524717146,0.0,0.0,0.0,5015.109880988614,-13587.821888607768,7948.891982178882,306.47559536839896,-172.29732825714177,-146.0934435281522,0.0,0.0,SUBMERGED,UUV
1781496152.43296,-5.432409679533502,0.05038748112685568,-11.085503589964908,-10.234284875858908,-11.617270855179788,1.3484629570987174,-8.912773849020146,38.47504235388358,-6.933446256193748,0.0,0.0,48.357119999999995,4701.517164266471,-5979.264430373166,217.10773412608052,0.0,0.0,0.0,-14582.545344131118,-1479.9186192775476,13039.530904382,-46.66040718199219,-75.36340643636495,-236.00830868449066,0.0,0.0,SUBMERGED,UUV
1781496152.832963,-5.6007890092900805,0.26343425659107517,-11.17325188050464,16.772918548023796,3.3490591365698306,16.69311639807182,-6.236241829965867,37.37584327049711,0.5214939058236558,0.0,0.0,48.357119999999995,-12091.794867278555,616.2197598859269,18053.537980780267,0.0,0.0,0.0,9533.847086336706,9515.504980238926,-19316.775172969144,-410.31477581928016,-17.473442599746427,-327.0293572837836,0.0,0.0,SUBMERGED,UUV
1781496153.2329266,-5.672026716296078,0.06781605918060607,-11.191240268480428,-11.798480636984483,12.73312593733872,-9.664528007546103,-2.9156266253793772,32.56487207350536,6.527001276785291,0.0,0.0,48.357119999999995,6157.658382763088,7122.201658277475,-6374.798088754246,0.0,0.0,0.0,1376.4882536322336,-14351.886082817731,-4570.329201657531,406.2471259188659,126.46612129395307,530.1551350036754,0.0,0.0,SUBMERGED,UUV
1781496153.682969,-5.536651649907868,0.10066538236756788,-11.32873614499288,-4.951479265722285,-9.148522167948942,-4.348957850332237,10.073751383619799,29.53240132399514,12.907786785146945,0.0,0.0,48.357119999999995,1228.167720955081,-3805.28578534544,-1482.5527147329708,0.0,0.0,0.0,-12443.31835080387,-4183.3238173406235,-10689.019714817505,-108.66220462534581,-187.64128869527957,216.82633608227007,0.0,0.0,SUBMERGED,UUV
1781496154.0829825,-5.615128810734777,0.26757009743067584,-11.096063088877615,15.24056548066219,-0.5875265162868135,-13.748028323979387,14.192344509339751,31.949484130837362,17.564104124039176,0.0,0.0,48.357119999999995,-10053.235073454955,-43.168339496892344,-12442.6588746902,0.0,0.0,0.0,15087.568033896747,10549.237169887267,23211.800093108403,-272.9483290500492,-113.46744291667218,245.92137699647319,0.0,0.0,SUBMERGED,UUV
1781496154.4829957,-5.581431147684542,0.11436375455296027,-11.127779596564144,-15.096638734240047,14.514206659386108,12.427102242304395,16.114041649668216,34.21246601147965,21.959249797031863,0.0,0.0,48.357119999999995,9870.292230353738,9151.65845992718,10268.078561923234,0.0,0.0,0.0,-3683.0483889927887,-14091.191332447977,269.33849949285104,694.5470941418332,337.4089931790938,-989.8149579330775,0.0,0.0,SUBMERGED,UUV
1781496154.8829572,-5.58725562473297,0.1793703781577295,-11.373893704599412,8.329974797022507,-15.125323515207288,1.2411465733693199,20.965959090662103,35.53036033078842,25.898908163737893,0.0,0.0,48.357119999999995,-3192.1792379085064,-9907.401798499086,191.90762428902167,0.0,0.0,0.0,-4824.631571895215,4429.580742332533,-14860.93528798085,-12.50872890500829,68.16008866560394,596.9534459464406,0.0,0.0,SUBMERGED,UUV
1781496155.2829587,-5.737972544325026,0.24451045223734663,-11.156793610846654,3.5552425958876652,5.5957982478631525,-18.34985471665258,20.04271091408585,37.11213311266786,28.54740380882354,0.0,0.0,48.357119999999995,-683.2717750768875,1532.3209637131035,-21668.73655301355,0.0,0.0,0.0,11673.197326883323,7088.471343629299,15864.530978310442,17.428839370060658,633.9052274693312,151.9555292057668,0.0,0.0,SUBMERGED,UUV
1781496155.7329993,-5.6106782600548195,0.1353253303535048,-11.297873697093795,-17.118726073737136,14.475172350002982,-18.13125207260345,8.205624129778592,30.144960394579318,27.559374055438063,0.0,0.0,48.357119999999995,12576.847785769334,9104.886875183242,-21162.669593401235,0.0,0.0,0.0,-11123.092278580925,-14448.17769098598,13940.388288985841,855.7941605832253,773.3150084663639,1140.6186774289536,0.0,0.0,SUBMERGED,UUV
1781496156.1329446,-5.483557828938192,0.16807725909184967,-11.226004288932593,11.09296489833524,-13.843111722700629,2.696515687787304,4.963267474650442,25.426119502597054,27.37551434830487,0.0,0.0,48.357119999999995,-5476.636933882919,-8357.766884183971,653.0153424456191,0.0,0.0,0.0,-2234.5924293657404,1773.2516619033272,11831.885984628725,-140.29277072851255,-82.87065650483555,-801.304872752328,0.0,0.0,SUBMERGED,UUV
1781496156.5329912,-5.797388772421271,0.23758801061173562,-11.251453330026823,-1.2572946144223704,3.052510614448308,17.997735358420158,2.96255414513626,24.02631486127652,27.560552642590704,0.0,0.0,48.357119999999995,126.14702419262089,525.3718009648695,20871.535484343076,0.0,0.0,0.0,9082.606262072339,8085.390233658008,-21445.22618928,38.84005498355399,217.03229691839698,-31.62284018201817,0.0,0.0,SUBMERGED,UUV
1781496156.932971,-5.554795120138312,0.11996494678337927,-11.425564862700172,-8.281173034014675,8.69220490147035,-11.460357800123596,3.408915931365385,24.44146006680632,26.276580177281602,0.0,0.0,48.357119999999995,3157.2351458586118,3456.7934652780827,-8798.03953727472,0.0,0.0,0.0,-13569.640647320575,-13738.169429939506,-1603.89623457598,-149.06689530017889,-90.96399750174203,-141.35967517037176,0.0,0.0,SUBMERGED,UUV
1781496157.383112,-5.671517347589335,0.13060132525116913,-11.423409714660856,16.09933298086751,-14.353373466618322,-10.673636674445575,12.744097489250588,33.36625915765854,26.076843995129344,0.0,0.0,48.357119999999995,-11173.641187768562,-8958.952686264869,-7679.636697942348,0.0,0.0,0.0,2671.8270720292435,-1317.170776929158,-8235.270194227687,-576.7737316024633,-572.6029147976546,1312.922027941651,0.0,0.0,SUBMERGED,UUV
1781496157.7829697,-5.725180782844877,0.24193603806641223,-11.191467468178635,-8.474475800472849,2.761505948207051,-9.425717209547068,14.374242551296641,36.113339377794816,23.147910454468107,0.0,0.0,48.357119999999995,3296.3129471472275,443.13964053331847,-6086.661015974289,0.0,0.0,0.0,4750.172394280529,8867.86473859177,20579.767723045865,-162.3982587706221,-165.18830501327264,-155.49745829030556,0.0,0.0,SUBMERGED,UUV
1781496158.1829522,-5.5232861629482,0.11706543236673662,-11.400022790430684,-1.10342139858291,11.011138451701482,14.752368332893827,11.52594638847108,37.712652965503786,18.19873802561606,0.0,0.0,48.357119999999995,103.84882988523171,5400.319137924766,14238.98134931241,0.0,0.0,0.0,-10286.19091361809,-13875.385982662441,-4608.7475424165605,-410.41805818970556,102.14874629187192,-36.43915164327178,0.0,0.0,SUBMERGED,UUV
1781496158.6329792,-5.594118536356798,0.058200931027281744,-11.309401977641272,16.753469781855927,-10.663904116659499,9.870523156304273,1.4860625759306774,26.169753242044386,10.159343402714095,0.0,0.0,48.357119999999995,-12065.107204569453,-5082.654672231234,6642.9869836543385,0.0,0.0,0.0,9076.893084208483,-2920.5623561349116,4372.754865717874,-518.1622377815461,-456.3270630355911,-1097.3556202832265,0.0,0.0,SUBMERGED,UUV
1781496158.9829977,-5.745332975141143,0.2489071057179924,-11.389849943916303,-15.389339784536425,4.9623201168849915,-17.668350658015836,6.690977181163748,31.053561029474974,5.998813012658812,0.0,0.0,48.357119999999995,10242.082711393241,1232.6319651344772,-20126.762537378647,0.0,0.0,0.0,-4197.55798692472,7525.868444323867,12013.693804335478,1011.9331309107331,716.1010140736142,866.3435494903032,0.0,0.0,SUBMERGED,UUV
1781496159.4329746,-5.608247555184748,0.10577098308663016,-11.524433062520856,0.6292158803054339,16.45208500039809,-13.594940556921303,-8.082824749932609,25.467632292426277,-0.5605399748044884,0.0,0.0,48.357119999999995,-47.34550466787329,11650.014886974373,-12165.93746169816,0.0,0.0,0.0,-9921.162962283723,-11588.96876693732,2023.3762643659525,-481.7285739869661,788.3469255616836,781.4613968806758,0.0,0.0,SUBMERGED,UUV
1781496159.8329656,-5.718634726321356,0.06369835498046239,-11.288249326852746,8.88347994962712,-13.062764191503835,-0.13908561433321676,-12.227634896988137,27.45639161195163,-6.6433385976679915,0.0,0.0,48.357119999999995,-3600.7225970489876,-7478.383595794184,-12.22745157228027,0.0,0.0,0.0,14398.732682052316,538.811646526105,14264.724735196578,-28.928758659699874,23.23338193480008,-268.6849905907114,0.0,0.0,SUBMERGED,UUV
1781496160.2831202,-5.610866837739713,0.23473794373722096,-11.38985795752628,-16.776147362909278,0.8692018461316844,3.5132682709387817,-9.389218244486516,35.36093938690819,-13.026030898263834,0.0,0.0,48.357119999999995,11626.27525452537,-648.4479547758837,-221.56073500125652,0.0,0.0,0.0,-7518.628728568575,12492.85470238603,15330.44803618874,-39.24815319618524,-40.23329173187144,-296.20561942587125,0.0,0.0,SUBMERGED,UUV
1781496160.6329894,-5.725040796720425,-0.022582949551884043,-11.525111809126397,15.21563321013058,6.402888393149337,-12.52888086773603,-16.593175286863143,30.858038364904726,-18.14304453086444,0.0,0.0,48.357119999999995,-10022.047079581756,1959.612420104231,-10414.730727642858,0.0,0.0,0.0,4174.595434996176,-13001.071215483807,-14.286583993326758,-700.019220752856,-311.7854394630803,552.8404738462352,0.0,0.0,SUBMERGED,UUV
1781496161.08294,-5.866699535591712,0.07201387164996197,-11.50356403493671,-0.3380880046848662,-12.837263492953618,-7.499468040606711,-7.888205813065605,31.996821283051702,-22.996722410437656,0.0,0.0,48.357119999999995,21.467594248872174,-7233.639763088592,-3971.8138686512802,0.0,0.0,0.0,10147.932501510306,215.95105006158929,-7430.515542013719,206.3562850802931,-375.1860843329744,521.4092625342988,0.0,0.0,SUBMERGED,UUV
1781496161.4829729,-5.593403082234048,0.16299153152492885,-11.498583184831302,-14.452996671064499,0.5690448082416046,-14.93248744285436,-6.049438472705593,27.981144787542345,-26.24219655369199,0.0,0.0,48.357119999999995,9078.22055974046,41.37446828072302,-14576.147539152016,0.0,0.0,0.0,-15326.045746205491,9930.376522983093,23352.542166240833,266.78156384578676,-138.80323724914916,202.32263025936746,0.0,0.0,SUBMERGED,UUV
1781496161.8830366,-5.721980680761485,-0.011697287202588332,-11.459787805788128,17.053850440150143,9.189619490474376,15.116462786518749,-7.25540187108785,23.433197151565487,-29.308504348515783,0.0,0.0,48.357119999999995,-12486.938095742966,3837.151531326727,14926.79135290557,0.0,0.0,0.0,4551.537497444948,-14100.778340216195,1981.5121417160242,-593.1539043648804,142.47061123723017,-779.8012014194676,0.0,0.0,SUBMERGED,UUV
1781496162.3329785,-5.822960308238785,0.054608580503063525,-11.387258608587468,-3.9435026662467045,-11.866026415857407,10.564685354475605,-14.82547324758618,22.62769291202845,-32.83802716734103,0.0,0.0,48.357119999999995,819.1967881472823,-6224.761206958196,7548.888634894198,0.0,0.0,0.0,8490.799608715448,-1460.2392732854742,3512.999694470211,387.05962521526914,-606.3570701358753,-660.0663339228815,0.0,0.0,SUBMERGED,UUV
1781496162.6829958,-5.597578753777276,0.09800629849208657,-11.627758799805747,-2.2268333406892262,6.6734480283735715,-17.88059418112711,-7.027222783851282,18.77542248863071,-33.490974898570244,0.0,0.0,48.357119999999995,309.7633755366826,2115.162171679579,-20606.91274024375,0.0,0.0,0.0,-11094.887003975353,6329.063034284476,13586.823793751515,-170.63897067330828,803.8202858336921,223.0420484204512,0.0,0.0,SUBMERGED,UUV
1781496163.1329658,-5.788160322355799,0.03615102654419805,-11.621404012951432,16.576224906260027,15.834980884165443,-14.32192651695966,-20.204486307843826,26.21521331739562,-36.70554195617557,0.0,0.0,48.357119999999995,-11821.058535227588,10822.142339703612,-13438.172649605815,0.0,0.0,0.0,8238.70539177517,-13077.059768065054,3445.4695529691076,-830.1367243087327,694.004811463361,1383.349244324483,0.0,0.0,SUBMERGED,UUV
1781496163.5329826,-5.781849755643536,0.06388544672564804,-11.437183844013424,-11.966659753209008,-14.8126938358956,1.4573066744668894,-21.453958503097876,29.002708723098202,-38.19555937269829,0.0,0.0,48.357119999999995,3624.105040427905,-6653.9256608109245,-1035.41761937659,0.0,0.0,0.0,4392.1027276962495,-541.6430623726833,16492.748015645186,-111.06431641888524,93.92313821104798,-484.46294935739,0.0,0.0,SUBMERGED,UUV
1781496163.9830062,-5.5799128298000955,0.10966452532540404,-11.591967740660944,-6.2980065144063,-4.412567370083811,-5.245636779466095,-13.085084646594915,24.786477239655262,-34.7849122425052,0.0,0.0,48.357119999999995,1901.496241208731,-999.6302687270348,-2071.8959976715573,0.0,0.0,0.0,-13578.818823230418,12783.666211208249,18318.654571344763,76.5304701712062,-103.4306703170034,143.0697858168308,0.0,0.0,SUBMERGED,UUV
1781496164.3829684,-5.765581730533615,0.07082971298894163,-11.569505791082243,16.900190810233767,17.025718936950618,17.04875503161909,-8.87351116604648,21.028698009233356,-32.956026375454904,0.0,0.0,48.357119999999995,-12269.70452643753,12447.557080663373,18819.82317657289,0.0,0.0,0.0,12596.946170137693,-12321.682661093837,-10125.741845998984,-827.2634177667549,916.5643332522023,-1387.7192396411365,0.0,0.0,SUBMERGED,UUV
1781496164.7829525,-5.914606471181898,0.048263073827206744,-11.701601631802244,-12.151714686590145,-10.177549579467149,-1.2027005235682813,-5.415814019221412,18.95707453669334,-30.397746315322575,0.0,0.0,48.357119999999995,6514.01328631304,-4652.339737171594,-182.81280413805743,0.0,0.0,0.0,617.6447075799151,-2969.7779873047534,-13081.104915780897,18.168251351374675,-69.19753283348913,615.752966591368,0.0,0.0,SUBMERGED,UUV
1781496165.2329772,-5.68440795967398,0.1283691157157597,-11.805705008939656,-0.4056968924701456,-5.905732312188537,0.31511418791945167,-6.305663770958986,24.698768238833264,-28.601079807800996,0.0,0.0,48.357119999999995,26.86614497399779,-1690.4419243332645,30.98151082984577,0.0,0.0,0.0,-10366.26419979148,12857.455783558356,-14693.996192685072,7.5722679106291615,-4.898121617646409,-81.64673036242912,0.0,0.0,SUBMERGED,UUV
1781496165.6329782,-5.83700782341539,0.1253085058767078,-11.658745833248684,13.72703324707482,17.283305639640343,-18.82567180468498,-7.897202918586909,26.436535212849392,-24.91413479756891,0.0,0.0,48.357119999999995,-8224.203067059345,12812.983513931704,-22755.976151930077,0.0,0.0,0.0,14765.98943068787,-9851.25126084022,17591.194415702295,-597.2811135449658,1092.7744585130827,1151.4099201082624,0.0,0.0,SUBMERGED,UUV
1781496166.0329714,-5.798586576138248,0.007520989709010954,-11.563748872158039,-15.883612692525144,-8.172123007722005,4.76181798889168,-8.789104396477086,30.06601729625477,-20.112434237100278,0.0,0.0,48.357119999999995,10885.162056822954,-3079.624050291336,1743.5192211228837,0.0,0.0,0.0,-5932.694905029299,-5335.592723153644,10176.48595091627,195.19231413696278,-214.40883772298508,-814.6635684886326,0.0,0.0,SUBMERGED,UUV
1781496166.432934,-5.697173441098015,0.17789658733596658,-11.801503341429111,8.335130191869212,-6.033979884170712,17.390952721475088,-7.937046509860498,33.488666556456316,-14.446919211781163,0.0,0.0,48.357119999999995,-3195.7015256027157,-1758.0168300986788,19534.709929191373,0.0,0.0,0.0,-4725.6196632335295,12501.721615696473,-22573.13666190042,-130.24805319254045,-150.03798560683555,-91.59325730475001,0.0,0.0,SUBMERGED,UUV
1781496166.8330612,-5.922793979369786,0.10127866810589338,-11.73308453302572,-1.5674513878308094,16.00571242745438,-12.680498604507646,-8.138703389227812,31.06397007048991,-7.676020932962901,0.0,0.0,48.357119999999995,-339.69707227364705,11597.621792019534,-5163.820359806096,0.0,0.0,0.0,11379.71824370468,-9275.17958713167,-5892.936722046493,424.4894561668624,669.5613917824361,718.3879179051273,0.0,0.0,SUBMERGED,UUV
1781496167.2829819,-5.816413249736454,0.01907105187268584,-11.845991017062659,-16.36702114270077,-5.739065383560725,-7.676309299055753,1.5344975635462077,19.15853411044952,0.301606338146241,0.0,0.0,48.357119999999995,11533.013931841988,-1604.3264762271658,-4146.482490037377,0.0,0.0,0.0,-11274.040939755674,-7101.323803377321,-7164.508218695091,307.15312302012734,-315.29698215106066,712.7728168094271,0.0,0.0,SUBMERGED,UUV
1781496167.632954,-5.760344942328943,0.2659156162458829,-11.737729893478198,16.6984503874819,0.09153463719089405,15.87954793770337,-4.666295856557174,24.668123457920192,5.479329898082105,0.0,0.0,48.357119999999995,-11988.902723866555,4.981408930623098,16412.63568841254,0.0,0.0,0.0,7483.289003897346,9634.343356214114,-7051.888384244601,-896.5268749106449,497.11443598702044,-756.2419816611294,0.0,0.0,SUBMERGED,UUV
1781496168.0830343,-5.875753933111993,0.1528501303266471,-11.655896801835148,-2.8345955923293693,16.31473193268771,11.19718998930234,10.048094501580595,22.138582737212808,11.659723526528012,0.0,0.0,48.357119999999995,463.15068540288905,11461.450922963611,8428.462291545191,0.0,0.0,0.0,9020.122730362371,-6750.415311321608,2384.3907285610567,394.5023405074354,700.7269648263755,-896.0801364699893,0.0,0.0,SUBMERGED,UUV
1781496168.4829555,-5.7404559493420075,0.09564103742488989,-11.948411846348755,-6.22212789120407,-9.117527196178168,3.06286792385473,13.033227391530453,22.801008113032267,16.71182578480587,0.0,0.0,48.357119999999995,4993.937243375067,-1811.975816085234,5839.5187085466205,0.0,0.0,0.0,-14217.601658540421,-6384.649409718076,-20742.689517914194,3.019967973133639,57.51654895520392,132.12143634585246,0.0,0.0,SUBMERGED,UUV
1781496168.8830419,-5.864931109137994,0.2647250401854313,-11.81634592993298,17.04493769373083,-4.873434753468301,-17.72771439367531,15.248636045254297,24.84608927470501,21.65631690155921,0.0,0.0,48.357119999999995,-12474.293889293538,-1193.4258796675201,-20268.149248158865,0.0,0.0,0.0,11277.201992631437,12266.862482829609,12719.704616553241,-908.7674628691852,178.550903419296,659.8827201732959,0.0,0.0,SUBMERGED,UUV
1781496169.283036,-5.82863548614328,0.10564061730309746,-11.711601935749679,-11.107382455396667,16.55947599658139,1.682209614199975,16.74559577050866,28.528990587056473,25.78035148785884,0.0,0.0,48.357119999999995,5490.143722356833,11796.158321257792,304.6000413113996,0.0,0.0,0.0,2164.385170080116,-12448.485194381128,12838.84943703224,48.1743971853482,32.31819151480681,-508.7198075200158,0.0,0.0,SUBMERGED,UUV
1781496169.7330246,-5.650858304532952,0.11882127164902895,-11.821820435965616,-7.590138786534028,-3.030020875076431,-4.870871072206951,5.27594861384452,23.668867795494528,27.677994755850218,0.0,0.0,48.357119999999995,2683.967531082923,-518.6393072282337,-1814.3016538129652,0.0,0.0,0.0,-14141.902660831596,-8832.747253448631,17878.570002632332,71.23632626137757,106.59423036463637,35.75203530813996,0.0,0.0,SUBMERGED,UUV
1781496170.1330147,-5.900355630444022,0.23635603654146792,-11.843826691241949,15.852752872716145,-7.337977615898321,18.845440143362488,5.282804093411623,20.32881372367092,29.67499699055322,0.0,0.0,48.357119999999995,-12716.248123468778,-5938.812845236764,18991.679596115428,0.0,0.0,0.0,11466.424791519668,14112.404304972748,-10487.09822271005,-586.0762896758492,-145.95181383708058,-439.86562345517194,0.0,0.0,SUBMERGED,UUV
1781496170.533008,-5.9277876662066715,0.1475613551868842,-11.965301103305823,-13.485415344264071,16.212375308414693,-5.323263190611203,1.4779296661117964,17.332102404042992,31.044308444416586,0.0,0.0,48.357119999999995,7948.140798407832,11323.952466583574,-2122.6803233858777,0.0,0.0,0.0,-1270.5942128597662,-8109.939420953349,-9510.146951692106,199.73910764320127,277.2690627318758,1081.2968343764228,0.0,0.0,SUBMERGED,UUV
1781496170.982973,-5.738772589093098,0.13427878225447712,-12.062796824470361,1.3072648101598956,-4.608397099582787,-4.338694692229488,10.977577848208595,19.893991458361917,32.62509971899106,0.0,0.0,48.357119999999995,-133.75337630750937,-1079.9154269154353,-1476.7186482080842,0.0,0.0,0.0,-9577.678804388639,-7841.865313599459,-10818.16792298121,-124.77146162664803,-143.13949239888228,151.70045094622213,0.0,0.0,SUBMERGED,UUV
1781496171.3830178,-5.93888224189394,0.21134102744338445,-11.859471756891978,8.95811563499187,-6.618080964381203,-13.323963163396472,11.221870023344815,21.454039993136128,32.661680146448916,0.0,0.0,48.357119999999995,-7586.633369668082,-5475.694444443022,-20563.119075040497,0.0,0.0,0.0,15096.559521071507,14805.774119432943,23056.20999908382,-464.27551119200206,-317.84711748815414,431.6661876826356,0.0,0.0,SUBMERGED,UUV
1781496171.7829933,-5.82832584480242,0.17831785315889245,-11.865339926319491,-16.956871022370045,17.040166835210737,12.697756670899196,13.675739160268325,25.051111662451007,32.12498796212417,0.0,0.0,48.357119999999995,12348.911558988428,12465.2602474004,10704.15969782395,0.0,0.0,0.0,-10466.289154770027,-10411.145424404142,-251.51291026943227,590.6275858284116,806.9620257081544,-1496.2174006175787,0.0,0.0,SUBMERGED,UUV
1781496172.232988,-5.667743470967052,0.11279521604018905,-11.938473964949596,5.220994601533123,-3.108750055579045,8.258978853454472,9.44925153170246,22.973114731915185,28.06819158339181,0.0,0.0,48.357119999999995,-1351.4341014013557,-542.0422765159587,4755.50423118256,0.0,0.0,0.0,-7772.982345759628,-9195.136126263824,6647.838890652903,-323.29306756391975,-313.0031154263742,-257.6949767928196,0.0,0.0,SUBMERGED,UUV
1781496172.583016,-6.018919670878001,0.2140127091960811,-11.934418690575376,-1.3103702903838248,-5.040695033586855,-16.755393708394845,13.872394428884096,26.926211365567795,27.674969226017303,0.0,0.0,48.357119999999995,134.19072623620576,-1268.4931059805376,-18184.575494039807,0.0,0.0,0.0,9516.30984013555,12323.964919770557,9667.821305168536,387.6085641257182,166.7022531833726,-15.873443094259251,0.0,0.0,SUBMERGED,UUV
1781496173.0329862,-5.8558306022812046,0.18153047785682563,-12.058920070076278,-15.450394518274475,16.395985457414287,-16.016807875208723,3.0106401132151768,18.112458511851223,21.012641500593457,0.0,0.0,48.357119999999995,10320.494144154616,11572.325913042045,-16656.188399185212,0.0,0.0,0.0,-13656.505979131727,-7200.718239389243,7229.519671504169,607.6949243381335,1097.665273560251,1368.5903736130078,0.0,0.0,SUBMERGED,UUV
1781496173.4329891,-5.747637926801116,0.06744045533685059,-11.931607882503782,14.74914070654559,-6.265869612796656,-1.3362371152697043,-1.872667981730346,16.483433716731593,16.85293559348431,0.0,0.0,48.357119999999995,-9439.121814664837,-1883.7403021314885,-213.90836603139348,0.0,0.0,0.0,3429.882276224409,-6709.747355365813,15042.613239349848,34.18855882727544,56.95041542035558,-515.7343378862686,0.0,0.0,SUBMERGED,UUV
1781496173.8330798,-5.987202267966101,0.2054743662724871,-11.990816089223149,-9.597823457490792,-3.0319980663138906,17.99340542518712,-3.5901235541878465,15.483097427225244,12.109689939597754,0.0,0.0,48.357119999999995,2118.5121079807145,-2470.880633578869,21830.151882457154,0.0,0.0,0.0,6020.928938957455,12819.811051087036,-15956.922746408643,536.182745487742,-27.276524661709647,-164.14628215793135,0.0,0.0,SUBMERGED,UUV
1781496174.2330408,-5.794699519824648,0.11291266028652161,-12.170104899126489,-1.0380152198224026,16.35275532026377,-7.516880398881576,-8.296055325761566,17.870901601919368,6.517810259345278,0.0,0.0,48.357119999999995,94.96237686863114,11514.501354533353,-3987.9597182916946,0.0,0.0,0.0,-10723.5990939406,-11172.191479559124,-7268.956221818866,-234.65444699881925,366.6356177326244,612.4772715328987,0.0,0.0,SUBMERGED,UUV
1781496174.6830146,-5.913703602668773,0.001087941388222209,-12.16404624290514,16.549389781244884,-3.4144682454922175,-1.8779179017145713,-0.21475650731582516,29.373194176360556,0.36839085827805157,0.0,0.0,48.357119999999995,-11783.274258917962,-637.099664975144,-361.5638695984273,0.0,0.0,0.0,9266.266106715397,-8535.218905834008,-12806.735915234454,-69.71551352944648,-14.783862141316312,513.2538454169274,0.0,0.0,SUBMERGED,UUV
1781496175.0329952,-5.880425998243993,0.2395609068434859,-12.00943231843928,-15.377345788736758,-2.0454648477538857,11.255421330748787,-10.405362810919804,25.26080735565818,-4.971268172424133,0.0,0.0,48.357119999999995,10226.797246862556,-269.7953704464614,8508.92771591996,0.0,0.0,0.0,-4280.850094459096,11102.364932070934,2196.722320530711,614.2302220802679,463.6388726791479,-603.6076167051193,0.0,0.0,SUBMERGED,UUV
1781496175.4829757,-5.7268894852103305,0.10025848388198713,-12.073538308934436,3.8985714040891546,16.648504277557272,10.16613035521226,0.20285449065432426,23.94667637646543,-10.300527529679618,0.0,0.0,48.357119999999995,-802.7843597271474,11920.360328527742,7022.383669639546,0.0,0.0,0.0,-8614.752491884403,-8305.971895112565,3929.325375266137,-455.33466173323717,585.2249013300822,-905.874512553577,0.0,0.0,SUBMERGED,UUV
1781496175.8329737,-6.015221490647604,0.05119394663001135,-12.089191999512337,1.961566036182002,-13.591565806189429,-17.812517122194368,-9.019766392129341,27.052393747644746,-15.382323515632311,0.0,0.0,48.357119999999995,-251.97412771870287,-8068.51389689483,-20448.473952866796,0.0,0.0,0.0,10974.133549713839,950.1609666361792,12613.936268644784,181.86455883484413,-1169.3539511662882,698.0127869275094,0.0,0.0,SUBMERGED,UUV
1781496176.2829716,-5.841697070199917,0.1934542519044623,-12.18815906929576,-16.800480593086977,-2.94712217416097,-17.143991376704665,-0.2256169800091364,19.20857926195581,-19.041643199017855,0.0,0.0,48.357119999999995,12129.705226441183,-494.986981362026,-18999.777295852928,0.0,0.0,0.0,-11982.101856265359,11419.043984119664,10717.750433053465,812.9214211110855,233.04715808240587,605.3448743198524,0.0,0.0,SUBMERGED,UUV
1781496176.6829598,-5.798587366932972,-0.0007009779360899783,-12.085010254810703,11.9663300592981,15.972955327216395,0.35993934737530536,-0.15071691681965388,14.46799091838093,-22.770899420265476,0.0,0.0,48.357119999999995,-6326.129808301267,11004.30956124203,36.591813831002,0.0,0.0,0.0,-1065.2393510262555,-13296.969842024524,13824.073940878543,-16.35123445204412,-2.3426486952266408,-351.53307577394236,0.0,0.0,SUBMERGED,UUV
1781496177.0830395,-6.037851589832375,0.04612058597985776,-12.136736414437403,-2.2409210897650373,-12.411976304532883,18.684362334860154,-2.7244928725025708,12.306423540390355,-25.34573860912819,0.0,0.0,48.357119999999995,313.07785175831333,-6782.421080071223,22450.40137923578,0.0,0.0,0.0,8557.426589918145,-779.1424467329521,-18303.340974195817,178.45869956531396,-976.8054527209132,-536.105991438826,0.0,0.0,SUBMERGED,UUV
1781496177.4829924,-5.809700753762128,0.13073812943794025,-12.318591243176334,-11.349079279917408,-1.1910309417388862,-4.717890137152695,-4.827420146637474,14.17284669408669,-27.795060820834188,0.0,0.0,48.357119999999995,5719.530623271424,-116.29066970159828,-1713.3506415587449,0.0,0.0,0.0,-14424.5180471621,10793.667916228143,-10318.52868630323,-39.443713538968225,115.73139058893675,-99.26620492425417,0.0,0.0,SUBMERGED,UUV
1781496177.9329703,-5.877335502515655,0.05193130266815099,-12.345248860288294,11.895587682690259,15.718956419832233,0.5045387049005332,-17.62906374294121,24.469396415828747,-31.162572926706087,0.0,0.0,48.357119999999995,-6255.260880461827,10669.531534019161,55.882617817054644,0.0,0.0,0.0,-979.1512423725239,-5921.271919253641,-14297.3538058236,-29.290578549272436,-52.24391835388241,747.068698778799,0.0,0.0,SUBMERGED,UUV
1781496178.283028,-6.012060548661075,0.04297179104413339,-12.087945909502874,-11.485932253740767,-14.840105705463584,13.11878516495252,-10.422550336404083,17.711379867907123,-30.430613985082594,0.0,0.0,48.357119999999995,3023.3494343860602,-6293.576904737772,5772.822647633524,0.0,0.0,0.0,5469.023294453997,-1320.6697138321274,5471.1299660231125,372.52573251391,-511.26444208266525,-795.7112593858075,0.0,0.0,SUBMERGED,UUV
1781496178.7330103,-5.745248356611967,0.1151404284505048,-12.237005373373593,-6.620401659725074,-3.3516385188798297,8.524979374748558,-13.91733326634272,24.75466261290377,-30.893256486582736,0.0,0.0,48.357119999999995,2084.252345115338,-616.8770307842904,5043.475118210745,0.0,0.0,0.0,-12942.789456900115,11847.774851152173,5945.928645529331,-176.2935653969886,288.00363398405153,200.08717718487753,0.0,0.0,SUBMERGED,UUV
1781496179.1330168,-5.9435214360417215,0.06215935280203373,-12.309854961757177,17.076984620763234,16.91196610763629,14.100141495902939,-12.068395748810051,22.526143006130475,-29.288219924871534,0.0,0.0,48.357119999999995,-12518.69116632528,12286.279768200977,13057.057990371086,0.0,0.0,0.0,11805.579657822558,-12442.366043810653,-23572.505503590124,-307.09107118516204,188.17303390073687,-478.0938251209782,0.0,0.0,SUBMERGED,UUV
1781496179.5329957,-6.065603843851439,0.02733993495257259,-12.32027811460973,-11.065895545840911,-9.980552834225067,-12.79445165599983,-6.8195767790184805,17.986184105973955,-26.797841071112806,0.0,0.0,48.357119999999995,5451.06954086047,-4483.078612030453,-10834.974371296392,0.0,0.0,0.0,2380.833306954618,-3556.327998242137,3.1643325078675844,649.6351235467185,-696.1691377533789,884.3524501196771,0.0,0.0,SUBMERGED,UUV
1781496179.9329784,-5.7432941654385345,0.14297582291625363,-12.244149603419306,3.7345216319202574,0.4059761199239446,-1.0146156593311875,-4.766267459174152,16.192367389808258,-23.580046097917837,0.0,0.0,48.357119999999995,-744.5881508614021,26.860592372507142,-143.17628867451077,0.0,0.0,0.0,-8470.34276332651,10440.629106458724,15050.065336187072,25.251760206304095,-26.737219830375665,-82.80917046520291,0.0,0.0,SUBMERGED,UUV
1781496180.3831346,-5.9877134220852035,0.062278410947630904,-12.209964675493996,11.632621556769312,16.167243615275325,-2.127695300225937,3.106767160458182,14.505903109720188,-21.01625918837338,0.0,0.0,48.357119999999995,-5994.389111241069,11263.30504374913,-442.132483622195,0.0,0.0,0.0,14786.424384934104,-10486.156089735912,20410.131694203832,-148.85019826784168,11.17716630431553,236.92779876561278,0.0,0.0,SUBMERGED,UUV
1781496180.7329936,-5.925213912752611,0.04952041300735566,-12.435465369456107,-15.583081692575133,-15.27467794239203,-8.244949316858019,2.1980542458085326,11.655761848588684,-16.385540875374684,0.0,0.0,48.357119999999995,10492.003470366406,-10096.155589856513,-4733.359566366088,0.0,0.0,0.0,-13113.765365515506,4861.81818978616,-6288.0726182736125,218.5740329041372,-473.29129580343516,1032.5154354838544,0.0,0.0,SUBMERGED,UUV
1781496181.1831727,-5.858407881932331,0.19661738087530042,-12.484970967489462,11.546137106214818,2.222083351322934,-7.316307373545464,0.6971304404124188,21.16110866730508,-11.606954059480735,0.0,0.0,48.357119999999995,-5910.212498126652,308.65297924527755,-3795.2813982726457,0.0,0.0,0.0,-4765.2675229038805,11000.789699906225,-12007.564408023629,-92.53510331589725,62.37248535056963,191.40193528255745,0.0,0.0,SUBMERGED,UUV
1781496181.533272,-6.03268138956821,-0.0003571685963752744,-12.302323219570855,-9.408706313557316,4.433703744027669,15.87549524213627,6.947596928665978,15.611248686300787,-6.840786800819337,0.0,0.0,48.357119999999995,1652.9906656493977,3568.0140548452564,9909.570185184897,0.0,0.0,0.0,7251.997917103321,-13419.858197821915,677.7112347066873,574.4747406549394,-185.8086234855006,-112.02996584035971,0.0,0.0,SUBMERGED,UUV
1781496181.982987,-5.809397421381248,0.04942643771225147,-12.352789477125617,-9.305964753969844,-14.15968141200564,11.186315968228456,-1.7331540630093716,24.97579325970155,-0.5842971643750587,0.0,0.0,48.357119999999995,3929.655682340254,-8728.059091424755,8408.941073925867,0.0,0.0,0.0,-13569.636921330897,1904.441183791861,2280.990356133718,-183.6005224446391,-704.660457264332,-591.1590891732669,0.0,0.0,SUBMERGED,UUV
1781496182.3829849,-5.964682132082053,0.23183442341122254,-12.485936348972526,16.989919241677992,1.5746821286561685,9.849025724030612,-1.735328996192725,23.59457526996695,5.133175315827299,0.0,0.0,48.357119999999995,-12395.764832690875,177.94380903151028,6606.203120350216,0.0,0.0,0.0,9673.75539888378,9153.318319740818,-21237.782900560625,-56.09480263974845,-182.20969103507625,-54.11296440830219,0.0,0.0,SUBMERGED,UUV
1781496182.782974,-6.000512069570594,0.039552733635722044,-12.431281038637627,-12.920051770868955,10.739644134007321,-17.688059609709903,-2.708633454042653,21.104918665343224,10.611843205152928,0.0,0.0,48.357119999999995,7322.170684547339,5150.713731141697,-20177.334534813115,0.0,0.0,0.0,-52.34308722580454,-14276.578868721368,12197.455353121444,928.0179110983062,401.9345481355763,737.6732936843264,0.0,0.0,SUBMERGED,UUV
1781496183.1829436,-5.780705956821396,0.15669781973130315,-12.38813926282277,1.951857023882011,-16.23137170289232,1.075523027685103,-2.2868405558802074,18.280737038643842,15.967541982263299,0.0,0.0,48.357119999999995,-249.90857232671192,-11350.313417258836,155.81327035587853,0.0,0.0,0.0,-9630.514024430267,7110.22608924608,13368.133102906786,-73.9997791757479,-37.6884123030816,-561.533555650054,0.0,0.0,SUBMERGED,UUV
1781496183.5829556,-6.043934724665962,0.23547611686510125,-12.44774613916995,11.461021309509338,6.5676465061528875,18.65837026422801,-2.9988886131839547,14.408572239570129,20.515532407771314,0.0,0.0,48.357119999999995,-5826.801085121683,2053.9768320605444,22382.243253781508,0.0,0.0,0.0,14315.266638280049,5993.69879237943,-19090.355429615367,-353.38364559296355,490.69462555191933,-311.82283858177675,0.0,0.0,SUBMERGED,UUV
1781496183.9829853,-5.916781913134993,0.05431204416562049,-12.56749636894347,-16.521759465456125,3.993244551866722,-9.601088489337316,0.2120341869109469,10.90468592006163,24.42103517368666,0.0,0.0,48.357119999999995,11744.396555289204,837.7258504947754,-6294.587240344874,0.0,0.0,0.0,-10553.599969405279,-12095.51179496554,-4553.9988956936595,428.24088079053445,-203.58754664313435,521.9712833184512,0.0,0.0,SUBMERGED,UUV
1781496184.4329326,-5.8705039581917156,0.17021891168081257,-12.643955430030804,5.275424891855114,-14.245604035224796,-4.44273712468017,13.033912310091484,17.99632128481735,28.739861984671546,0.0,0.0,48.357119999999995,-1377.1323820845464,-8829.950147379412,-1538.461689342934,0.0,0.0,0.0,-7377.58516043598,2684.4844095362623,-10470.74176574855,-180.1454923022703,-186.9726068187968,651.0591194898618,0.0,0.0,SUBMERGED,UUV
1781496184.7829845,-6.082380832490401,0.18617992938866942,-12.441501858652458,-5.143469617002321,13.63305648186092,16.826425799370565,3.8986857878300856,9.959186095354777,30.79150567199377,0.0,0.0,48.357119999999995,1315.53782554784,8114.7637184208,18353.234280122775,0.0,0.0,0.0,7148.529904016239,-754.0582194981534,-9261.350631995529,585.2623182129961,1170.581696967873,-901.3125396062906,0.0,0.0,SUBMERGED,UUV
1781496185.2331018,-5.855497043322905,0.0948762749620784,-12.50581990590804,-15.29567200029664,6.472994764778073,12.861896103388174,14.55393479750461,20.116553975397704,33.07122869828175,0.0,0.0,48.357119999999995,10123.047167536039,1999.8671853714668,10956.386014447142,0.0,0.0,0.0,-13754.403684315044,-12556.38175876531,-727.178584205933,398.1544653595404,-336.4005371360235,-243.3263280830937,0.0,0.0,SUBMERGED,UUV
1781496185.682974,-5.838853944038566,0.188562032186962,-12.498349673593443,11.929394953802749,-15.506798099841491,11.810110543600787,2.7385108465497567,15.484244846187607,33.138028207989,0.0,0.0,48.357119999999995,-6288.798168941519,-10395.122159599661,9325.899282713373,0.0,0.0,0.0,-1470.0574021675216,4577.073253995087,1495.8528138601973,-677.8217919487554,-680.2819869834019,-1261.4702752980888,0.0,0.0,SUBMERGED,UUV
1781496186.0329409,-6.09044554982886,0.18767789299944884,-12.536956663975168,-8.14391624796738,11.507493964208965,-18.64019193855138,12.250405473881749,20.755445550726254,34.4844988734203,0.0,0.0,48.357119999999995,3060.0948436531667,5871.622669838134,-22322.378822954888,0.0,0.0,0.0,5128.012414510624,1743.4761906773915,16451.902196974886,628.3527775836981,1061.480229568618,744.1129381873274,0.0,0.0,SUBMERGED,UUV
1781496186.4830482,-5.884632571442026,0.13062411171111826,-12.645046680315673,-13.437327572496958,11.212228299592676,-15.78088627812259,-1.4351295240269213,8.88895236119038,32.44389893213169,0.0,0.0,48.357119999999995,7894.09753481663,5589.359236602464,-16203.35071780935,0.0,0.0,0.0,-14404.75070997205,-14244.736294135764,7037.897331428558,388.972887284425,343.83032381340524,460.41644134234684,0.0,0.0,SUBMERGED,UUV
1781496186.8829987,-5.95950727625105,0.18272996155383936,-12.50666713077297,16.787722979201163,-16.74746674767955,3.0633431367642636,-2.045300613682211,8.46221855988414,31.578482476280453,0.0,0.0,48.357119999999995,-12112.48706597892,-12056.930874992411,809.2329326853121,0.0,0.0,0.0,10606.38508664459,11019.829140381835,11732.53173928516,-122.0824030340114,-65.32252840002124,-820.2608977497819,0.0,0.0,SUBMERGED,UUV
1781496187.2830443,-6.100155255185481,0.2060124994808483,-12.62911104723063,-11.034255964164606,9.561276780624887,18.024807853216224,-3.940631845071525,8.10921935919862,29.675228005040044,0.0,0.0,48.357119999999995,5422.114998019719,4134.631315815826,20936.532807741107,0.0,0.0,0.0,2184.376485673084,3622.40562571926,-21482.289994408573,223.85118261212523,432.13938435192193,-293.00300068172385,0.0,0.0,SUBMERGED,UUV
1781496187.6830204,-5.8456984624816775,0.10559814833942836,-12.74946655409573,0.4401020084923629,4.108117760624234,-7.696095166187108,-1.9901690865060295,10.67744258882978,27.012737739994712,0.0,0.0,48.357119999999995,-29.7547224243913,880.4043095153155,-4168.978165098858,0.0,0.0,0.0,-10024.913676967404,-12194.77932443642,-7185.588884616194,-230.33393771618623,-199.063355966999,-74.47010246122348,0.0,0.0,SUBMERGED,UUV
1781496188.133056,-6.035859996297548,0.106414840787373,-12.739983536678498,15.475741682364637,-15.829416495448296,-6.9256587670166,9.799686689693162,21.141929284211155,23.62467698210438,0.0,0.0,48.357119999999995,-10354.164969648245,-10814.572757824233,-3428.246280947417,0.0,0.0,0.0,13357.418688564077,6424.82590120363,-7839.963586102266,-205.447805552464,-325.3398824425621,962.7288663878383,0.0,0.0,SUBMERGED,UUV
1781496188.5830326,-6.115263513134328,0.2227496121315094,-12.760870173112911,-8.586515424356893,-0.16663775494142086,-1.5242616354807983,1.7289151165943377,11.691060477535208,17.187023683915683,0.0,0.0,48.357119999999995,3378.493073853287,-9.429891966178364,-261.4934612860655,0.0,0.0,0.0,4631.5106811209225,10299.004801956758,-13156.195660867183,48.17811239777376,36.09581409673413,213.8867660814559,0.0,0.0,SUBMERGED,UUV
1781496188.9329948,-5.815860721207015,0.053568660076598724,-12.665653347368968,5.8716553055602265,6.861651935628744,11.124448999153755,8.227939605027785,16.605415742770116,13.126200658487623,0.0,0.0,48.357119999999995,-1672.7058104936448,2226.1531390384216,8317.99626247219,0.0,0.0,0.0,-7309.776436763781,-12757.482266911004,2436.7553522355984,-446.83716204227784,-228.28829022136313,-76.02657072687683,0.0,0.0,SUBMERGED,UUV
1781496189.3830056,-6.014294127224911,0.04802160330278686,-12.599609806998824,9.322411770537288,-15.078740344962048,10.130607401049998,-5.6906282259619925,8.060362143495919,6.907370484173152,0.0,0.0,48.357119999999995,-7706.052928143934,-6761.012684015918,2602.0011277331582,0.0,0.0,0.0,14244.600860048144,-589.1817662031158,8994.362877170131,-3.5629491376577747,-251.21681333724933,-424.72115479174636,0.0,0.0,SUBMERGED,UUV
1781496189.7330236,-5.93679116988908,0.20529686939779354,-12.776856278091536,-15.239774383278661,10.70794821912906,-17.63809397965948,3.2531261376177163,12.214537035861381,1.8122562028169744,0.0,0.0,48.357119999999995,10052.045685012305,5121.189160770099,-20061.100986600264,0.0,0.0,0.0,-14028.656333195395,2656.818947223038,11907.617517996367,672.5260997133738,1041.7029770283182,971.1638655141938,0.0,0.0,SUBMERGED,UUV
1781496190.1329625,-5.896225702005187,-0.011971385969450821,-12.659461150378615,14.713963206480393,3.7280190727798352,0.7612369395765319,-0.7175674866373513,9.109534978077097,-3.9929869794561315,0.0,0.0,48.357119999999995,-9396.13213527385,742.3687190203939,95.77178051847864,0.0,0.0,0.0,3387.9959381962735,-12559.416570404925,13663.224042418415,-27.785823382587214,-20.8047366624279,-347.8780971900728,0.0,0.0,SUBMERGED,UUV
1781496190.5329986,-6.079133278666338,0.12627286947867722,-12.748745803789616,-6.212939406074954,-16.969823949083338,18.76458249722662,-2.9827730619745925,7.029621105484906,-8.463559867438267,0.0,0.0,48.357119999999995,1854.803579191444,-12366.821712207178,22634.81994305057,0.0,0.0,0.0,6285.126555267307,12656.248282125607,-18802.31318892045,326.4479189417143,-867.9703436297731,-714.30150825095,0.0,0.0,SUBMERGED,UUV
1781496190.9330173,-5.871035918615207,0.1264305426529951,-12.904008873603914,-1.9488576840103895,12.544474585959104,-9.31916127399265,-6.542920472353545,9.491041128352773,-13.532142328546255,0.0,0.0,48.357119999999995,249.29349516197826,6922.011084956914,-5952.29092446952,0.0,0.0,0.0,-11153.109062226322,313.75339690346345,-5130.034886327716,-282.9658371410459,497.1372635171571,488.21008634220755,0.0,0.0,SUBMERGED,UUV
1781496191.3830044,-6.040414963014302,-0.02230237917169608,-12.874502742088858,16.50324540137292,2.254141134254156,-8.281895754541107,-9.845630613415857,20.756849669479045,-18.604661043527113,0.0,0.0,48.357119999999995,-11304.243007279301,2105.2847139305513,-1249.656782093878,0.0,0.0,0.0,7432.761620861698,-13266.322768958615,-10949.287209651928,-170.99316361042966,-108.45444780562114,415.2007994289733,0.0,0.0,SUBMERGED,UUV
1781496191.7829733,-6.016370690982088,0.1214421324266262,-12.753780392485426,-12.734769072435334,-17.07042347571647,-13.917090508889066,-7.881284767550859,19.889926365033133,-21.93297511949354,0.0,0.0,48.357119999999995,7123.511354904363,-12509.532723345159,-12734.525236342632,0.0,0.0,0.0,51.11278326854517,13578.298322268987,23211.77533160628,-135.6327771351914,-358.43383470637076,252.43173488541788,0.0,0.0,SUBMERGED,UUV
1781496192.1829696,-5.814477685828717,0.11273957033643321,-12.811341469092124,2.0382305408176746,11.40884827789948,12.259733733071206,-5.631094918769482,17.565549444763306,-24.323467284766767,0.0,0.0,48.357119999999995,-268.0596284861068,5777.613699399519,10007.971825885495,0.0,0.0,0.0,-9381.551487129032,2187.4685069387797,725.4242168325544,-530.6922799289915,705.0569534883751,-595.225127829654,0.0,0.0,SUBMERGED,UUV
1781496192.633064,-6.020498310260691,-0.026730244563827915,-12.774710799895637,16.62552063814728,9.074697643241734,7.380157656639003,2.7299955800105775,7.654306352919791,-27.24506659434521,0.0,0.0,48.357119999999995,-11887.903454337647,3747.489314645248,3859.8201211940245,0.0,0.0,0.0,11703.392641951898,-13737.56400618924,7354.721376830831,-234.808463907436,-95.69255227117569,-328.98135870430315,0.0,0.0,SUBMERGED,UUV
1781496193.0329952,-6.041216808486197,0.09876745221939065,-12.949159950802551,-14.094197641909258,-16.93163428980474,9.10946060758856,1.191828740127234,4.971409742137833,-28.53421437364331,0.0,0.0,48.357119999999995,8650.555442550158,-12313.89831885498,5707.308605546511,0.0,0.0,0.0,-2233.4303775957624,11275.743155920565,-20667.137304359916,-215.9528796590237,-76.5747732448383,153.44061870606114,0.0,0.0,SUBMERGED,UUV
1781496193.4330308,-5.857198619070134,0.09435071399983101,-12.971861008896992,4.787175473130512,9.4905623296203,-15.356544196020858,-0.9101342974632256,6.525939605991049,-29.2666601625927,0.0,0.0,48.357119999999995,-1156.1709037044739,4077.8759636973705,-15364.521901106764,0.0,0.0,0.0,-7671.446036269193,3974.1210957075477,5417.645683185954,-634.0889459777427,892.5770366734222,599.7465438799672,0.0,0.0,SUBMERGED,UUV
1781496193.833037,-6.1284874509652045,0.0052568447732373675,-12.78778592122607,4.2803061994283835,0.8364482981219742,2.0194401337085743,-2.7943325097372624,9.337788625840762,-30.070923163379266,0.0,0.0,48.357119999999995,-946.9462913276844,69.79558619752103,406.00361202673685,0.0,0.0,0.0,12666.965813250194,-11240.676716566155,12885.670175172258,44.85631578197467,-56.74223846396885,94.89884704771863,0.0,0.0,SUBMERGED,UUV
1781496194.233043,-5.951681893152352,0.08413134029894648,-12.941170376442644,-16.169285248459158,-15.590210847271821,18.870910071439603,-4.467516973061808,10.705972626928354,-28.85741061018722,0.0,0.0,48.357119999999995,11266.069630985307,-10501.416617860288,22880.687451137903,0.0,0.0,0.0,-13487.695029412325,14230.541284097695,-20856.066714122528,538.4192308809618,-623.9531690861393,-781.366959501529,0.0,0.0,SUBMERGED,UUV
1781496194.6330404,-5.930471154662255,0.1025012960360491,-13.072142799599154,12.75704938017457,12.112166545140976,-7.029709244818549,-6.888187187083723,14.052001110189149,-27.884389017818016,0.0,0.0,48.357119999999995,-7148.1834504649505,6473.998756087512,-3524.0848012289766,0.0,0.0,0.0,63.49641844405187,831.7997870959989,-7856.039126598116,-336.84222190325875,298.9608486026868,901.5982371773349,0.0,0.0,SUBMERGED,UUV
1781496195.0830398,-6.157850544007818,0.020170206036766718,-13.023236713247409,-0.5707207834976685,2.4763986079868294,-6.182421399681388,-7.298357660043275,14.32453549088166,-24.42265742211785,0.0,0.0,48.357119999999995,41.572244088090606,369.1285801371871,-2787.8309910731105,0.0,0.0,0.0,9996.704923673837,-11416.199565477073,-8972.989280184996,170.83433738737972,-159.7697066372427,-38.58061408572833,0.0,0.0,SUBMERGED,UUV
1781496195.4830198,-5.870924831649508,0.09294121336928923,-12.941744929127319,-9.758554221931679,-15.027871286685645,-11.105225391639836,-4.208285574238138,11.976792349511527,-20.848655916483168,0.0,0.0,48.357119999999995,4297.075749633346,-9785.310873629129,-8289.589448016766,0.0,0.0,0.0,-14723.820755805387,15380.843713271992,22199.762210812332,111.90792056392087,-213.13803993391596,309.38237572217463,0.0,0.0,SUBMERGED,UUV
1781496195.8830347,-5.952796093276574,0.15164253575520312,-12.935836884789754,17.06361037571778,14.333547515695432,14.214402698316672,-1.4330671608400274,7.5637219684865755,-16.72138969342733,0.0,0.0,48.357119999999995,-12499.820129911599,8936.24848122421,13277.534088243128,0.0,0.0,0.0,10296.98049676614,-2079.204672926225,-2971.9776224136367,-816.6797148322291,836.2897012789352,-1458.0020441026118,0.0,0.0,SUBMERGED,UUV
1781496196.3330774,-6.120367802413578,-0.0008399305920936042,-12.928380341936437,-5.730471080428066,4.744677706763919,9.780142198492173,6.5859529439217575,9.873948277053957,-12.641166835589456,0.0,0.0,48.357119999999995,1599.9479155849217,1137.8668123118225,6524.325824606838,0.0,0.0,0.0,7382.090928545313,-12271.568874592393,4485.046708048641,422.9676256883181,-305.7371983991367,-79.5697549186988,0.0,0.0,SUBMERGED,UUV
1781496196.6832967,-5.862540946016183,0.14159257210141482,-13.084222254776467,1.3419700706274673,-14.273117710948076,-17.2900896669596,4.795807033448573,5.733631471948317,-7.661506571515395,0.0,0.0,48.357119999999995,-139.18747886528612,-8862.853784176317,-19314.541615006154,0.0,0.0,0.0,-9438.074494607648,14346.183049748011,11388.400093677801,-321.9787285163613,-386.3818808656513,246.33854927040124,0.0,0.0,SUBMERGED,UUV
1781496197.1330051,-6.037349123694738,0.19724953207582402,-13.091451962659685,15.047840344162232,11.976075038160367,-16.788031708081498,3.6857508281999123,15.150309629461338,-1.9721752931937668,0.0,0.0,48.357119999999995,-9810.222963041975,6336.433267192056,-18237.394332683965,0.0,0.0,0.0,14084.174853242857,1285.353524592992,9182.212599082035,-622.5387400862647,1073.445349289276,1059.534615435192,0.0,0.0,SUBMERGED,UUV
1781496197.5330558,-6.006763199426816,-0.007732642062479429,-12.970309085620318,-15.14148164780079,2.1430743256572424,-0.4538909830080997,2.2711570499411144,17.187446385957465,3.0161170957853267,0.0,0.0,48.357119999999995,9927.061008258888,290.8805092192091,-48.59519840514403,0.0,0.0,0.0,-4145.207107283608,-11869.308279355279,14584.734559321269,-16.94070141681756,19.700378707735673,-378.1518942118361,0.0,0.0,SUBMERGED,UUV
1781496197.9330742,-5.878411487352982,0.17062538359103566,-13.117950620182365,6.681842306046574,-16.540268784720265,18.4651171996829,0.07716628776456709,19.351987722237844,8.589569312990701,0.0,0.0,48.357119999999995,-2120.010223511054,-11770.895410351271,21944.08383799595,0.0,0.0,0.0,-6055.237903367607,13512.399045253991,-16255.964110663428,-585.6354423578551,-826.7387933809536,-761.8347073006488,0.0,0.0,SUBMERGED,UUV
1781496198.3332508,-6.126557499766526,0.16632545413743938,-13.181070675047922,-2.0145295706104935,15.685149975624643,-12.130254478633537,-1.4761906492771268,17.801757889346007,13.181565458101671,0.0,0.0,48.357119999999995,-230.5097396656543,8000.149720365624,-4540.354832782187,0.0,0.0,0.0,11170.004495408262,-1290.2894156428497,-6723.5133013599025,201.38450955266856,415.4342579253456,520.9913991734793,0.0,0.0,SUBMERGED,UUV
1781496198.7830884,-5.956552067438729,0.043564887557660636,-13.236292150700974,-16.41258206547288,0.5350612719259416,-7.012683193237811,-1.1204786470540917,6.992276219931664,18.693795203766935,0.0,0.0,48.357119999999995,11208.08809677339,1109.7794345668801,-600.563212429339,0.0,0.0,0.0,-7421.687700405033,-12334.912707327241,-12192.057588914431,90.97319296177876,-28.512777364487977,415.6849339478691,0.0,0.0,SUBMERGED,UUV
1781496199.183003,-5.929810882876872,0.2157423043721138,-13.13207513066848,12.546660346012619,-16.56075683130507,-15.96094327907761,1.8418225904056904,8.243606683727176,22.45595850558067,0.0,0.0,48.357119999999995,-6924.362898245023,-11798.433580116447,-16561.172874540818,0.0,0.0,0.0,-292.895289966134,14329.097865347232,23642.661029978794,-159.4515211141784,-404.4894163417518,436.0399970124883,0.0,0.0,SUBMERGED,UUV
1781496199.5831547,-6.114810543421167,0.19171031007384415,-13.06478887553752,-5.317699155247595,15.194599714468307,14.577090959957648,4.784823038228579,11.849596540591152,25.78828764540176,0.0,0.0,48.357119999999995,178.8570689875327,6703.640336774972,7804.6589816708865,0.0,0.0,0.0,9647.879581454508,834.6991542139244,3162.1665554524384,366.92174823106234,619.7279635916165,-611.6075536798813,0.0,0.0,SUBMERGED,UUV
1781496199.9830062,-5.900554227620361,0.10719820266532773,-13.327332026286593,-8.250046586550315,-2.691795774015232,4.232460968206646,7.315604108943807,13.578660615753009,28.444626511225422,0.0,0.0,48.357119999999995,3135.007168650252,-424.41017034238126,1412.3004553332576,0.0,0.0,0.0,-13613.846497100472,-8714.804173538829,-17498.209992927495,35.189328648205766,52.529896263149325,-28.159816130153743,0.0,0.0,SUBMERGED,UUV
1781496200.4329567,-6.034983829590087,0.21436548850996767,-13.309456435496386,15.818718236414774,-14.861667049478816,5.645254117727186,9.483057108578908,23.919207238740057,30.956103970459043,0.0,0.0,48.357119999999995,-10800.365254831131,-9577.694302244505,2363.6069255279854,0.0,0.0,0.0,5848.008709357465,14452.525293561805,-18466.57430814699,79.0131043693917,9.414353807585393,196.95906776767674,0.0,0.0,SUBMERGED,UUV
1781496200.782982,-6.044331416807756,0.15721654396648568,-13.11313913640418,-12.312331630665355,16.641765037536224,5.572613226487104,10.44190863391311,21.709870085900686,32.413981940664904,0.0,0.0,48.357119999999995,6679.283246065053,11909.000166441883,2312.855703368655,0.0,0.0,0.0,688.7522357519597,-8623.337789751125,9327.497231650965,201.66313206859087,302.16908767519004,-1077.3387694818148,0.0,0.0,SUBMERGED,UUV
1781496201.2329404,-5.83167337094706,0.1263326708084379,-13.210286642091708,-5.662946503984874,-0.35164485783973687,0.011108641057357975,3.698772796714601,19.808056712271647,31.773816608220304,0.0,0.0,48.357119999999995,1565.9112965450224,-22.501557457620454,0.7952730041167468,0.0,0.0,0.0,-13401.556794346001,-10558.299743030893,14425.101452155943,-0.4055212254049119,-3.8958231520624,75.2211923703484,0.0,0.0,SUBMERGED,UUV
1781496201.632966,-6.0506494999300635,0.2021213144030853,-13.261813619390239,16.935696532099175,-14.849027415757789,18.82153701958267,0.5490293009613564,18.565242253620593,32.065305850247704,0.0,0.0,48.357119999999995,-12319.758245084127,-9562.586730747184,22768.318668440177,0.0,0.0,0.0,12696.43062540815,14441.921104773788,-17621.268886370548,-758.3050819044126,-623.9571830032514,-939.5242606164074,0.0,0.0,SUBMERGED,UUV
1781496202.0332048,-6.110604342539305,0.1539183872629185,-13.37749059817864,-14.132898299668799,15.33357525191413,-9.215256556777705,-2.069587894855687,16.678985696892443,31.153546334634964,0.0,0.0,48.357119999999995,5868.541719950602,7612.553453469107,-1960.4651002955327,0.0,0.0,0.0,1583.1328271663433,-883.8131023259657,-9815.788136285957,180.2179560262226,249.74378157352112,843.6613047695366,0.0,0.0,SUBMERGED,UUV
1781496202.4829907,-5.908200476209413,0.10256864823937428,-13.450140657237105,-1.2350682407433302,1.0676944075681796,-4.049681290000376,-0.8713377878981432,17.35710761529047,30.236097653964535,0.0,0.0,48.357119999999995,122.75719751127001,98.98570577306778,-1308.3997691115633,0.0,0.0,0.0,-10769.82951829462,-10758.552323788972,-11102.310296279875,-92.04463812361551,-104.54301403265112,-44.49799617868935,0.0,0.0,SUBMERGED,UUV
1781496202.8829837,-6.0822247086417285,0.16155920511638155,-13.304827721042454,15.61105745665565,-16.772195033708535,-18.29168200338921,0.7158756078200675,20.61694581217132,28.234387787113953,0.0,0.0,48.357119999999995,-10529.489052219235,-12090.805303502955,-21532.853524745256,0.0,0.0,0.0,14692.027769017011,13940.586182158086,22707.443144864774,-615.3251746849545,-640.6605546568396,890.2068316221892,0.0,0.0,SUBMERGED,UUV
1781496203.2829633,-6.075724200428198,0.21741013539510165,-13.239856244384018,-14.669055706873849,11.973628804487493,8.52226089909302,2.951726644077579,25.83443388376785,25.134156311254156,0.0,0.0,48.357119999999995,9340.211695333694,6332.6659806079,5045.86034189039,0.0,0.0,0.0,-3045.094556442056,1260.578172252082,6143.558342102179,397.8184215338127,476.3534238236544,-1082.4372244026135,0.0,0.0,SUBMERGED,UUV
1781496203.6830306,-5.952565130430817,0.05790398716197534,-13.508433795065583,8.76748768439638,-2.638433241199253,6.67024871777899,2.808027090316152,28.006819225903413,21.2547985121906,0.0,0.0,48.357119999999995,-3513.1659784586213,-410.3516294235595,3201.4981417921285,0.0,0.0,0.0,-4344.584629428517,-8649.800698945226,-18864.127922959502,110.00170976201497,147.50789798736164,162.39303268012145,0.0,0.0,SUBMERGED,UUV
1781496204.082994,-6.179606186205744,0.15601697224477004,-13.376658252495956,1.8338980450308968,-12.999617876235815,-16.264397376626285,3.678913823643125,28.093787312777998,16.463907580722278,0.0,0.0,48.357119999999995,-226.27858395920737,-7409.518520439001,-17170.743697866284,0.0,0.0,0.0,10943.279447830715,14417.759220027878,8244.973881047023,234.74594329594254,-507.80497348901554,303.5386858351842,0.0,0.0,SUBMERGED,UUV
1781496204.532967,-6.098516943780118,0.19423683405917547,-13.499616783373106,-16.450058044044564,12.979705380468125,-15.470726172775592,-5.341115712770289,19.62424452959526,9.894195595413684,0.0,0.0,48.357119999999995,11649.232040614417,4417.7796175223,-9248.33366960653,0.0,0.0,0.0,-8542.822903190428,3631.2898656656307,-1549.120611700572,609.4043392972754,628.1093493912472,1104.5561095517007,0.0,0.0,SUBMERGED,UUV
1781496204.9329705,-5.9184246392481015,0.005383978484126452,-13.351911630979826,12.926892242646785,-0.2897257724411428,-2.6379299389881776,-8.025575359165215,17.44220313769259,4.101087590420623,0.0,0.0,48.357119999999995,-7330.71766304869,-17.828861551424357,-628.7139876846559,0.0,0.0,0.0,356.44171975720747,-10416.296355420061,16083.229060665328,75.60955933502447,59.13901801284396,-301.56392435532445,0.0,0.0,SUBMERGED,UUV
1781496205.2829463,-6.168182328665967,0.19225403318971862,-13.510315643636998,-8.994615197971557,-6.637160600168867,-7.396606042233918,-2.6462216438274324,21.32286095914519,-0.944127235919127,0.0,0.0,48.357119999999995,3685.8175770958383,-2094.1027660719706,-3873.1262393015245,0.0,0.0,0.0,4445.695331097955,13178.75017817277,-7522.150623364251,274.10319598810446,118.46588371634917,181.6408269191532,0.0,0.0,SUBMERGED,UUV
1781496205.732961,-5.985689486187199,0.09389628741759913,-13.605838123938064,-4.491663227133699,14.932279222348036,-6.395046498266353,-16.111213712816525,18.499614211720772,-6.765474396726539,0.0,0.0,48.357119999999995,1031.4786623498708,9665.743127931546,-2963.041460623801,0.0,0.0,0.0,-12272.322768780243,-4082.9495535768906,-8510.072884569117,-172.44313606603737,332.6598712979098,524.7488051896546,0.0,0.0,SUBMERGED,UUV
1781496206.1329007,-6.069091469380307,-0.03320355966557641,-13.412022353828513,16.910897114421456,-4.002344820991505,-16.33934013769398,-19.04757549192582,21.682749822952697,-13.355640959367674,0.0,0.0,48.357119999999995,-12284.964815701165,-840.9286603367879,-17326.571257776493,0.0,0.0,0.0,13575.314537422004,-7985.589309539561,23262.48125133216,-443.16592962105995,-7.705248575739141,368.43795652776225,0.0,0.0,SUBMERGED,UUV
1781496206.532988,-6.048716411472707,0.19116654455382226,-13.465295142288134,-15.691764356206695,-5.527119923020498,14.04430942855319,-20.960716355510453,23.890814174526174,-18.850221069410882,0.0,0.0,48.357119999999995,10633.066354371686,-1498.6893217140776,12966.840874985162,0.0,0.0,0.0,-4841.232770150936,12163.573184889241,-2813.871795460027,827.3448295591278,392.2515696780273,-615.7585015464814,0.0,0.0,SUBMERGED,UUV
1781496206.9830322,-5.900360540030421,0.07471993549610177,-13.505748172670978,0.09786243671743433,13.361791947168188,8.99511912349759,-11.01703901362503,25.044556118981607,-24.371006905632754,0.0,0.0,48.357119999999995,-5.261201107238569,7810.069480539341,5579.207763023285,0.0,0.0,0.0,-10542.207344590232,-708.9053188288431,5547.946470506755,-347.1750768819227,495.96756580817663,-592.1439341381525,0.0,0.0,SUBMERGED,UUV
1781496207.3330066,-6.205416122669417,-0.0018744087803222696,-13.50079992392051,6.9866877257318665,-8.633019203254104,-17.027328069051052,-21.5788281864075,27.352605304509396,-29.731953502571596,0.0,0.0,48.357119999999995,-2301.7020314275173,-3412.8206847746533,-18748.741159406552,0.0,0.0,0.0,13100.673540495703,-4813.759385810485,10044.025188254793,-35.420111095723726,-993.8088128197342,414.8295076199828,0.0,0.0,SUBMERGED,UUV
1781496207.7830095,-6.121852002681584,0.10425736056731054,-13.625204056716496,-14.682872075401562,-14.328538751694502,-12.643021352425244,-8.435985239142322,19.34659273035968,-31.308602162381124,0.0,0.0,48.357119999999995,9356.659466751746,-8928.482921630124,-10593.206178912287,0.0,0.0,0.0,-3069.094614930351,13950.358178367153,133.76821351871854,653.7606281018353,-493.15914228827825,1054.947831000882,0.0,0.0,SUBMERGED,UUV
1781496208.1831691,-5.937557443403809,0.014183904792028804,-13.535917885277149,4.931300654133972,14.563038565404138,-6.815759119568265,-8.419770257610244,15.111648851636435,-33.568035760896,0.0,0.0,48.357119999999995,-1219.1523566624548,9211.548081070176,-3332.820628790942,0.0,0.0,0.0,-7593.629809582784,-3007.1769658219064,18956.987529473266,91.74182283175432,-174.63150340217726,-351.58790693467967,0.0,0.0,SUBMERGED,UUV
1781496208.5829644,-6.243513443223408,-0.0040862702404467505,-13.535028462346064,2.2069236466120064,-6.765325055871584,18.390472208524557,-8.285086687261238,14.645263172440838,-36.16173484455458,0.0,0.0,48.357119999999995,-305.02750798503865,-2168.9677937907773,21767.399236528352,0.0,0.0,0.0,10630.61475520635,-5923.934895519027,-16247.31108093059,105.02247634681575,-700.4010130455154,-196.02518568350771,0.0,0.0,SUBMERGED,UUV
1781496208.9829562,-6.050372017552499,0.06299353947090405,-13.73438444100344,-15.45515226900572,-8.271602002148619,-3.33626011032335,-10.72180567745038,14.408764191578179,-38.210102108391354,0.0,0.0,48.357119999999995,10327.264798105633,-3150.449095406048,-935.0095280941842,0.0,0.0,0.0,-13573.330696257683,13769.355057855273,-11514.775387880816,12.284993314873997,11.869717831195956,21.981063370064604,0.0,0.0,SUBMERGED,UUV
1781496209.4329593,-6.060633710229043,0.017394389153788534,-13.78910500032205,8.309728014304284,11.963949039343792,1.8493209838444824,-24.72461034803764,24.105017059293992,-42.0331408217138,0.0,0.0,48.357119999999995,-3177.679928463593,6323.639170267771,353.0528866716587,0.0,0.0,0.0,-4821.503953683221,841.8093135283355,-15254.89233912037,4.518991322832207,-85.57286946463245,459.2028427518897,0.0,0.0,SUBMERGED,UUV
1781496209.832958,-6.253146109555504,-0.004469300903055027,-13.539854219549273,-0.4675568426611547,-3.622840406333389,-18.0403700000758,-24.027591651337218,25.995270464674498,-42.99449268908874,0.0,0.0,48.357119999999995,32.1305208887511,-706.1773394764185,-20973.84060559921,0.0,0.0,0.0,9846.746846727943,-8194.877343448696,21208.43211304438,-16.51927734818529,-167.8941915582172,26.62905222551758,0.0,0.0,SUBMERGED,UUV
1781496210.2329917,-5.976298850400892,0.04209309094603456,-13.661942162502456,-11.589356408136162,-10.52739570130707,7.374900628267304,-23.69840067442539,27.28383465083309,-42.015119350620374,0.0,0.0,48.357119999999995,5952.051759416078,-4959.4551694357415,3852.656064896436,0.0,0.0,0.0,-14188.166956704352,14081.830991196148,7296.1731492389745,-40.39205065024828,130.16332743659305,199.4423567772465,0.0,0.0,SUBMERGED,UUV
1781496210.683095,-5.972945192717683,0.04507962925735292,-13.62576390437638,11.249784305634412,9.993366373431584,2.119438281267942,-8.189267596316963,16.389290757424533,-36.493866746755806,0.0,0.0,48.357119999999995,-5624.732200455696,4494.437262039177,439.5306131716539,0.0,0.0,0.0,-2011.841734744239,3410.4747137552745,12350.517715600869,-100.92492214984256,52.12168282760494,-624.7660311919547,0.0,0.0,SUBMERGED,UUV
1781496211.0329943,-6.304202698114229,-0.00739540088346588,-13.709458896233398,-7.723332699682041,-5.029482789374374,-11.566507839384998,-16.99026081743419,23.499026902114945,-36.08130334357381,0.0,0.0,48.357119999999995,2772.0641235953294,-1263.115835682412,-8946.473130084618,0.0,0.0,0.0,5601.169325182276,-7553.718903676225,-2006.1948889193911,525.2032642988546,-500.94158721121795,454.9547823822852,0.0,0.0,SUBMERGED,UUV
1781496211.4828851,-6.089950609180687,0.02218299122074479,-13.8417454588247,-11.527451556606568,-16.083447773070834,-6.504590469996444,-3.5208246692428036,18.13517019077774,-31.484282063238826,0.0,0.0,48.357119999999995,5891.526362680579,-11151.450091283505,-3057.1447460177087,0.0,0.0,0.0,-14403.867248356255,12141.72178761596,-8284.09397520729,-75.42116539889479,-288.34870637582776,463.61020177705166,0.0,0.0,SUBMERGED,UUV
1781496211.9329252,-6.116538161527311,0.11217235767598975,-13.879396145443677,14.735743826289083,7.806933395097531,-5.753367619653997,-12.868702904404229,28.624427395801135,-29.290532870063952,0.0,0.0,48.357119999999995,-9423.180300605201,2828.361791243096,-2444.3997839901704,0.0,0.0,0.0,3549.399244239081,5511.2722857951885,-9241.677056391645,-267.5090139726379,188.65361005945152,753.270840124585,0.0,0.0,SUBMERGED,UUV
1781496212.2829638,-6.242719784997339,-0.037152739073931365,-13.660841635754528,-12.692297719821578,-3.3217646322781396,14.580465359692143,-1.9792952606365415,22.92021217861994,-23.217268801227515,0.0,0.0,48.357119999999995,7078.109982605048,-607.098916133803,13935.937045876799,0.0,0.0,0.0,480.24025821541454,-8492.726646349145,-3750.476187073372,798.8363186028411,-772.614774664738,-696.6979029277852,0.0,0.0,SUBMERGED,UUV
1781496212.7329915,-6.0091686390063845,0.044275719078855275,-13.793895375857588,0.14983873106206125,-16.08538907997918,13.547190012793072,-11.117175198132385,32.27516974361591,-18.05123572498404,0.0,0.0,48.357119999999995,-8.395536431619547,-11154.555757386377,12103.21487827575,0.0,0.0,0.0,-9862.145102997005,13241.735276371955,-2007.9823671013708,-484.3675179234365,-632.1733299866588,-604.5960752857451,0.0,0.0,SUBMERGED,UUV
1781496213.1329546,-6.232837705750418,0.15000147380695275,-13.866844774632389,13.385074499003517,11.447386241281496,5.618554699248834,-12.148554914865699,30.547940821458102,-11.171774811331042,0.0,0.0,48.357119999999995,-7835.6390233099355,5814.2180070746,2342.8807714822774,0.0,0.0,0.0,14671.411131553168,1464.7837251496305,-18287.40109132143,-86.7633492234196,-173.83043640624638,117.99949621885067,0.0,0.0,SUBMERGED,UUV
1781496213.533026,-6.213997764959213,-0.05018775648111751,-13.831294980066044,-15.7017598455035,0.6809933115637503,-16.79581813754422,-7.547979816270525,26.42013598961385,-4.307127054111935,0.0,0.0,48.357119999999995,10646.171960689024,52.7038648993774,-18257.742927060088,0.0,0.0,0.0,-4948.953199185957,-10442.232785951772,9386.599425196855,959.5356563174748,-411.8967005921267,704.4588755247779,0.0,0.0,SUBMERGED,UUV
1781496213.9830554,-6.084828563116442,0.06659072140265593,-13.959644292349763,1.1347295064274254,-15.951889787092869,-12.324562266138807,5.30777805985574,21.75770964428288,3.0607534788666655,0.0,0.0,48.357119999999995,-108.31072371185812,-10976.640122408771,-10089.321150249718,0.0,0.0,0.0,-9708.961767292532,6334.091503610412,-483.80161326578843,-458.5491192378183,-762.1281385994006,823.4010581191422,0.0,0.0,SUBMERGED,UUV
1781496214.333129,-6.261609851330272,0.15719656421534325,-13.803088326796907,4.413083436752735,13.483844410757643,18.63756158450222,-0.7581021728860038,21.935716078108445,8.08636438813858,0.0,0.0,48.357119999999995,-999.2917303805976,7946.562635479634,22344.848606203475,0.0,0.0,0.0,11637.381846862427,-569.5832853256302,-16600.182587439784,-56.272243006705864,1112.993550004815,-654.6423912475624,0.0,0.0,SUBMERGED,UUV
1781496214.733006,-6.121005152902848,-0.002053222562998622,-13.991587491290666,-14.125308334547068,-3.4112660243445765,-8.019888850991137,2.776851144484598,20.453140220927356,12.591500970399258,0.0,0.0,48.357119999999995,8687.273160423034,-636.0121820104624,-4500.069515710888,0.0,0.0,0.0,-14138.507698547848,-8523.498365587286,-6735.081686019274,102.03258946019643,-287.96017510238823,241.77096608414558,0.0,0.0,SUBMERGED,UUV
1781496215.1830254,-6.1557780982918855,0.14826644650443227,-14.024135868352092,9.886508287138975,-16.535204804198642,-2.6787538900856007,14.797356267721618,29.242169365693666,18.455088426329926,0.0,0.0,48.357119999999995,-4404.3336318343545,-11763.570551903014,-644.0138258370329,0.0,0.0,0.0,-3417.421356769123,11025.10769963575,-11978.314970074805,-136.52968940615665,-63.87359720165827,719.1055707279004,0.0,0.0,SUBMERGED,UUV
1781496215.5830011,-6.287501013745562,0.1526973862555743,-13.82408582202503,1.3904043743563907,10.882730244853423,-18.37165488098834,15.482266606914832,31.76632824404885,22.230617989500043,0.0,0.0,48.357119999999995,-146.82941664366524,5281.491059230578,-21719.31833107947,0.0,0.0,0.0,10754.504798102475,2472.6146250243455,21093.61085674617,-48.98813901813084,566.7655909593892,271.56115770124774,0.0,0.0,SUBMERGED,UUV
1781496215.9830525,-6.031975770374937,0.03765295419277895,-13.935014362863631,-9.339262166360685,-1.4786759758561798,11.146459610841383,13.351128975519481,31.32039054811904,24.79807984998137,0.0,0.0,48.357119999999995,3956.0311598047965,-161.41768016971278,8348.69158964534,0.0,0.0,0.0,-13622.906984319292,-9788.065135795212,2282.9092170530957,-140.78017160943963,-504.8174317493962,40.780475633676915,0.0,0.0,SUBMERGED,UUV
1781496216.382991,-6.235030606549987,0.16032171789736324,-14.004276682566344,16.93641734113412,-14.353113870873404,10.281153246824212,13.09742780170907,29.36408422724012,26.675313816370867,0.0,0.0,48.357119999999995,-12320.484000732467,-8958.054955804051,7163.53296856216,0.0,0.0,0.0,9227.153326441085,14550.392773654174,-21719.090679804547,-75.80282121752464,-76.18471253948996,-184.99877982870723,0.0,0.0,SUBMERGED,UUV
1781496216.783003,-6.335022384797342,0.13626490191069862,-13.971275601460606,-9.199415824409591,13.38819051751444,-14.88552473647325,8.214971846898823,26.95171943014536,27.297610707856112,0.0,0.0,48.357119999999995,3844.6861231683365,7838.463979820235,-14469.338967390064,0.0,0.0,0.0,4269.357297009747,-677.1572059348764,4152.824490774695,737.4458328917106,947.6750605135188,1047.0360794694843,0.0,0.0,SUBMERGED,UUV
1781496217.183008,-6.008000459529248,0.07123370394701387,-13.949170773561614,0.8123258143821928,-4.787815598770387,1.7195019790724875,6.471162645463851,24.199736175643874,27.179055713170694,0.0,0.0,48.357119999999995,-67.00183575297261,-1156.207254274121,314.8074425522673,0.0,0.0,0.0,-10304.692236113326,-7908.846421321045,12995.649726977263,-51.947790917595896,-54.814845718518214,-141.77078888994026,0.0,0.0,SUBMERGED,UUV
1781496217.632948,-6.226434286780997,0.15103317199488078,-13.905303487411047,16.52675959843879,-15.814915391331219,-4.468985888706774,1.3460351596731566,16.753389249474807,27.20852059238358,0.0,0.0,48.357119999999995,-11751.764054485202,-10795.064830098985,-1556.365615522164,0.0,0.0,0.0,12662.44918410188,14080.240283190446,17656.772699830817,-45.9453344156275,-16.631676602116823,182.97799512114642,0.0,0.0,SUBMERGED,UUV
1781496218.0329704,-6.289855326007925,0.14280937168528557,-13.981020821111427,-15.516725991538177,15.695162317634798,18.94365889222782,2.9730991784577645,19.21841003495934,26.506738141730235,0.0,0.0,48.357119999999995,10406.749533915106,10636.765793337392,23067.809147492735,0.0,0.0,0.0,-4186.2447731082575,-4341.786949611122,-19071.875958218647,775.356685887421,1190.5518397358826,-1296.5369645582618,0.0,0.0,SUBMERGED,UUV
1781496218.4329565,-6.122978822719646,0.0380722255758633,-14.181554901084827,4.937706423957867,-2.8977139454049747,-5.611411256417359,5.376413979398218,23.71402231265597,24.639908896532404,0.0,0.0,48.357119999999995,-1222.2283855820867,-480.765999063225,-2338.0190122424992,0.0,0.0,0.0,-7599.408380611863,-8846.053864779098,-9584.515529455226,-182.05202357647767,-178.6394432022633,201.97017459269466,0.0,0.0,SUBMERGED,UUV
1781496218.882999,-6.356736190563384,0.11610273837941829,-14.086669577926111,9.819565818252983,-15.352293389807542,-5.0384010912111306,12.248016711068765,27.784254414326817,21.8147329135655,0.0,0.0,48.357119999999995,-4348.0718104498,-10195.248497109018,-1926.0379916518038,0.0,0.0,0.0,14211.595372302483,13503.6575146739,-9910.535458878192,13.398222183715824,-64.3960002178867,136.0901161121011,0.0,0.0,SUBMERGED,UUV
1781496219.2832415,-6.192556637645383,0.13073395880708671,-14.01792034011724,-16.825076575642278,15.74533424840405,-12.491409542134118,11.086646378036653,26.67125552235884,17.174762770659527,0.0,0.0,48.357119999999995,12583.162084306838,7964.322311541492,-19458.072799857047,0.0,0.0,0.0,-13166.390884586552,-5365.402321317428,22721.32605060775,535.1304227811868,431.94430685836534,691.1913681568769,0.0,0.0,SUBMERGED,UUV
1781496219.6830034,-6.105255535853967,-0.015012111102019454,-14.06079922410488,13.211064245148702,-4.768603989998231,13.23462341555117,5.496489578619405,24.064418213671214,11.655143010484892,0.0,0.0,48.357119999999995,-7642.105200841998,-1148.4299756975356,11579.728924227795,0.0,0.0,0.0,337.3523652615968,-7934.779408409569,-995.7662768835871,-742.418885084975,-591.8349533825026,-763.1172213005542,0.0,0.0,SUBMERGED,UUV
1781496220.0830572,-6.3728034908105355,0.1584122768202445,-14.15894038224753,-5.907708529638541,-6.749108206083212,0.6629615455748075,3.0152839957754733,20.106706540712494,6.348801492565969,0.0,0.0,48.357119999999995,1691.4887016831435,-2159.357663288626,79.21535800645805,0.0,0.0,0.0,6770.762167640829,13122.235969408272,-14891.709865444369,-27.46461110708433,-18.429879501375762,45.78692705091518,0.0,0.0,SUBMERGED,UUV
1781496220.482997,-6.138327568608708,0.08343054612169673,-14.167440657528418,-5.631853190841882,17.043177253006576,-18.599007944390127,-1.8780095188342567,16.586713432481368,0.9461330445851757,0.0,0.0,48.357119999999995,1550.2655535380527,12471.150365084279,-22231.495754501222,0.0,0.0,0.0,-12593.323056485282,-8858.582846280768,16700.2176534957,32.03179362987477,1153.5741212442508,853.6617072477458,0.0,0.0,SUBMERGED,UUV
1781496220.8830354,-6.250257948272097,-0.04417639329234371,-14.018856084551134,15.663894587952358,-7.235416010357299,3.9253102426324573,-5.94130451431568,15.749279349183409,-4.455869458767391,0.0,0.0,48.357119999999995,-10597.45469646796,-2455.8458827498193,1238.6706747762978,0.0,0.0,0.0,13271.832618160008,-6095.233407764706,11055.4615988351,-42.14075785621536,-122.28486549199917,-314.83023051231464,0.0,0.0,SUBMERGED,UUV
1781496221.333145,-6.2650033807179,0.15617972033781624,-14.04281366371682,-10.655759361916157,-10.5923065557549,2.7432004439867765,-11.519472024358913,26.32430496536176,-10.861736208197557,0.0,0.0,48.357119999999995,2557.1079316508794,-9161.285796380873,-480.48612834293954,0.0,0.0,0.0,5833.192179609839,15008.291879128341,15872.625590872081,108.68640670221059,50.61252565375841,-181.36190201167713,0.0,0.0,SUBMERGED,UUV
1781496221.733004,-6.133058709830839,0.05347064880456259,-14.244636132050388,1.0090025329653336,16.561263593613305,18.436026171534625,-11.161144985818687,26.570244246254127,-15.904977560532075,0.0,0.0,48.357119999999995,-91.10095333061408,11799.517831282927,21875.059822779498,0.0,0.0,0.0,-9210.72449879791,-6359.90717382155,-20975.810773671008,-231.7922680783392,894.786047956369,-653.0841497089302,0.0,0.0,SUBMERGED,UUV
1781496222.1329067,-6.3848412704188,-0.05575295727928896,-14.23482065041734,12.94071015927731,-4.286543494635158,-6.73825914010169,-8.30739096689063,25.177708302558248,-20.414485244013974,0.0,0.0,48.357119999999995,-7345.497899452579,-949.3451287690518,-3263.211763839567,0.0,0.0,0.0,14522.488892083225,-8090.912715974717,-8283.469785413487,3.2923975150789033,-245.93086169005002,120.10564680917909,0.0,0.0,SUBMERGED,UUV
1781496222.582953,-6.344138053936887,0.08544552451896598,-14.288294489262622,-13.261408716721107,-14.256982968137256,-5.836941340242088,-1.2481094659891392,14.617076235082163,-23.813565467816566,0.0,0.0,48.357119999999995,4980.3528958845145,-11391.6591386682,-205.6036541084714,0.0,0.0,0.0,2623.353559916782,12331.812316928015,-13143.971869290723,-5.805799479801912,-56.78642440364982,530.2473705607233,0.0,0.0,SUBMERGED,UUV
1781496222.9329574,-6.137331497846734,-0.02036226088207528,-14.196847507045304,10.577803693625633,17.05678283572925,14.28069276107901,-4.720063268862614,20.351347784814248,-26.961066446891028,0.0,0.0,48.357119999999995,-5004.494831260008,12491.952462005485,13396.322043994007,0.0,0.0,0.0,-3172.956878688243,-9514.750532181957,-3087.9281390223414,-824.5139089631002,875.87462691941,-1324.643121214065,0.0,0.0,SUBMERGED,UUV
1781496223.3829803,-6.386390967170619,-0.04796605315440612,-14.129140696641123,8.436720815271382,-2.4742103078791824,9.946851929204946,-5.520128683117322,10.414025241389847,-29.70594036071407,0.0,0.0,48.357119999999995,-3268.9030239316053,-368.51930539874394,6734.031471108684,0.0,0.0,0.0,13311.253036311562,-9443.758840920782,4228.265739859406,154.09508451026002,-387.7464281474495,27.403267702375445,0.0,0.0,SUBMERGED,UUV
1781496223.7830195,-6.226906754596564,0.06540837910769466,-14.358984430451908,-16.313400532818676,-9.073157790626503,5.828539828900636,-6.043918087278168,11.698890041056403,-31.55067579366777,0.0,0.0,48.357119999999995,11460.738846291333,-3746.5738580236407,2503.588344604574,0.0,0.0,0.0,-9832.806181227135,14593.06282053602,-22780.78269664754,94.3446778307582,-150.69120023903338,-233.21033799096216,0.0,0.0,SUBMERGED,UUV
1781496224.182979,-6.209389739532226,-0.011698822684588935,-14.348951813686313,12.74254976369624,16.27385441221889,-17.007074610042988,-9.481105617666508,13.87763536654728,-33.274363590778904,0.0,0.0,48.357119999999995,-7133.088917976252,11408.171782376725,-18690.688696752215,0.0,0.0,0.0,-160.20086544231935,-6420.046227775061,9563.001504654607,-973.6894615760673,1139.3191792135947,1456.8546240127569,0.0,0.0,SUBMERGED,UUV
1781496224.5829833,-6.400670538104324,-0.02428650322995176,-14.139197013873835,-1.7596807589141474,-5.766004203981606,0.31164511684179536,-11.992724702697997,15.90155309907344,-33.911622938194405,0.0,0.0,48.357119999999995,211.81199313719316,-1618.1710099783816,30.68775406189509,0.0,0.0,0.0,9667.122792345035,-7149.225041119714,14072.685706986413,9.539688467219628,-9.41780684374124,-182.8413755724697,0.0,0.0,SUBMERGED,UUV
1781496224.9829872,-6.183264158267289,0.038594683650654486,-14.34275488792952,-11.853357693717253,-8.492963043237273,18.78858594051191,-12.405339109482929,18.256848364979206,-33.82677464749018,0.0,0.0,48.357119999999995,6212.744719102243,-3309.9042105330345,22681.087310195508,0.0,0.0,0.0,-14323.735558826156,13359.382492723082,-18426.76637581334,320.5235579297231,-127.47088162237907,-207.87881951826745,0.0,0.0,SUBMERGED,UUV
1781496225.3829603,-6.323340242230114,-0.0018631882098888528,-14.40995717042733,16.545866312200403,16.43403790697854,-9.198115802149104,-15.287421186096264,21.070573606044107,-33.44799534345427,0.0,0.0,48.357119999999995,-11778.908339608852,11625.312212827164,-5804.117606151165,0.0,0.0,0.0,10381.294660164764,-10830.87952751131,-5052.056018860853,-454.9666932620729,445.4072620376815,1292.3639707246687,0.0,0.0,SUBMERGED,UUV
1781496225.8329756,-6.463210047113253,-0.035066243259290385,-14.410959341703453,-5.218611457339476,-3.8359229050954826,-4.297886240759236,-5.654296514884033,13.68628497207125,-29.207542681018115,0.0,0.0,48.357119999999995,1350.3035030689693,-780.4277182309465,-1452.103974969356,0.0,0.0,0.0,7431.857462734277,-8296.27377488128,-10878.487425148785,135.68085546867655,-142.8592993814811,233.8097160800191,0.0,0.0,SUBMERGED,UUV
1781496226.2329247,-6.162132493390726,0.04533893543631863,-14.366746791914077,-7.640968300807481,-11.91004580816651,-17.670753017045026,-4.101925211917286,12.16514402136764,-26.109650105726057,0.0,0.0,48.357119999999995,2717.38824465424,-6269.810219789233,-20150.91310949694,0.0,0.0,0.0,-13600.342083861515,14963.8845451198,22893.438387964015,177.9670826235736,-423.1555042654878,289.7198474554385,0.0,0.0,SUBMERGED,UUV
1781496226.632981,-6.257565699315385,0.05952403867144266,-14.287765118974388,16.592914403271035,15.543152132380248,8.631414484735911,0.6278776796203146,10.435549959697882,-23.01754938767822,0.0,0.0,48.357119999999995,-11842.448313354234,10441.66583465626,5167.199751976807,0.0,0.0,0.0,11899.757864226664,-4929.0289793533575,5881.815341697712,-380.5496668158927,426.0564078675614,-1198.2344504777518,0.0,0.0,SUBMERGED,UUV
1781496227.0830054,-6.3931581942802085,-0.06265626280943735,-14.277771534096102,-10.326634346641654,-2.1737971000742218,8.062305408635753,-1.471758073187373,15.902586511831222,-19.594691174984085,0.0,0.0,48.357119999999995,4781.515726823989,-297.63667646529296,4547.948748692068,0.0,0.0,0.0,3218.751921572836,-9764.286303619505,6865.146051752522,357.87210532296194,-327.97292456198613,-437.27221936051933,0.0,0.0,SUBMERGED,UUV
1781496227.4330125,-6.171527347976734,0.121821540017804,-14.472313204915615,6.612811366551491,-5.951532148050662,-16.433993224019158,4.271925156091671,9.381833187792896,-13.972161941838595,0.0,0.0,48.357119999999995,-2080.082142826458,-1714.1767440808417,-17514.231977321837,0.0,0.0,0.0,-6379.916851560912,12693.274146900367,8546.680271232754,-760.4352251477604,161.60080525585278,198.0226185007499,0.0,0.0,SUBMERGED,UUV
1781496227.882988,-6.36831142267881,0.1127931905866708,-14.495115403694907,13.470100585235011,13.596914147738218,-11.835814343973668,-3.81702963442315,21.51641616564876,-9.028355240884867,0.0,0.0,48.357119999999995,-7931.571463292359,8075.156300388483,-9345.424345193182,0.0,0.0,0.0,14304.617536720365,-1145.3491204214101,-1296.8857688975431,-267.9423388820189,668.9515323042275,859.0785385709925,0.0,0.0,SUBMERGED,UUV
1781496228.283012,-6.210137756353905,-0.04776380911583656,-14.369433794925989,-15.528882302568853,-8.44632621355358,2.6450587526107547,-4.901097240032177,21.73070175051023,-3.1861757022629726,0.0,0.0,48.357119999999995,10422.410911634148,-3275.779796677058,631.4186273125769,0.0,0.0,0.0,-13637.362990547477,-5014.249681002244,12042.432669850281,-8.703058877970815,-125.29574471109811,-279.1871365930973,0.0,0.0,SUBMERGED,UUV
1781496228.7330315,-6.169953054245958,0.14419644320760325,-14.40652226503527,7.670065971912098,-13.059756777805301,-3.8688643313368467,-3.053764009487862,9.623422765174334,4.44602016559849,0.0,0.0,48.357119999999995,-2736.7104126272707,-7475.620343499062,-1208.1203457504776,0.0,0.0,0.0,-5524.208974639254,15271.958017824594,17017.631773154164,78.19475873839681,-41.253728647413226,-12.606997282231049,0.0,0.0,SUBMERGED,UUV
1781496229.0830228,-6.4239885193824255,0.04443714637661472,-14.557366435031078,-3.7043871946108577,16.40680378473892,-6.423470236874412,-6.496255875283407,15.116448286339615,8.42348882088213,0.0,0.0,48.357119999999995,734.0611073470878,11587.370308122509,-2986.2382973491926,0.0,0.0,0.0,8392.882198765446,-9722.679360550246,-8549.959445181861,184.56378134929358,323.98089042795954,747.5968681978727,0.0,0.0,SUBMERGED,UUV
1781496229.5329785,-6.234981939359052,-0.017224774851976262,-14.62626436131531,-15.294427493243603,-2.4022919847366317,-0.6192520713582607,4.160343366876194,8.900800168130452,14.553573429621382,0.0,0.0,48.357119999999995,10121.42374256504,-350.9654924655792,-72.708408942431,0.0,0.0,0.0,-13817.104733812588,-9028.062333785407,-13832.28713402275,-4.200154009101852,-54.13349339207125,84.87435729999176,0.0,0.0,SUBMERGED,UUV
1781496229.9329581,-6.258075106452229,0.16910963425124792,-14.542521190888442,14.522226590381374,-13.507351112460503,-18.865120701113913,5.508898825568923,9.50258993309453,19.165443316909133,0.0,0.0,48.357119999999995,-9163.043848856205,-7973.316385343487,-22851.939051025052,0.0,0.0,0.0,2709.967289482009,14831.842047429494,18697.295769259723,-975.6789061776558,-555.6438280142947,919.3912797584834,0.0,0.0,SUBMERGED,UUV
1781496230.3330305,-6.38823630026097,0.07537626451404532,-14.425521961818525,-7.615192345012049,16.442235806932082,9.22580984850195,8.7859655929415,11.70584725325707,23.03444785989416,0.0,0.0,48.357119999999995,2700.4020094629427,11634.883661179636,5852.521526106935,0.0,0.0,0.0,5905.052601728017,-7434.142110577954,5271.369994250157,356.3930214896572,553.712727718314,-1024.0587378965452,0.0,0.0,SUBMERGED,UUV
1781496230.7330372,-6.181972934678726,0.04556791097572424,-14.672607894945337,-5.059004497303218,-6.849112363182078,12.124111704371858,11.128575624004139,14.8229707553311,26.186147835448,0.0,0.0,48.357119999999995,1276.7289550771645,-2218.8386993226804,9786.252344283277,0.0,0.0,0.0,-12302.568095417239,-5831.703678654076,-22200.624012252512,69.0358542753149,77.4924539537701,11.977755437419994,0.0,0.0,SUBMERGED,UUV
1781496231.1830215,-6.338482916223702,0.16643027995965418,-14.629541395140016,17.203111639149107,-11.640035041498251,14.367008146720211,3.714826122506817,15.719662838628132,28.670841194855445,0.0,0.0,48.357119999999995,-12698.061585891906,-6001.539857204048,13533.04967064915,0.0,0.0,0.0,11049.842708717555,14501.755116925153,-23692.74384508726,-262.754601793537,-195.22662098667763,-378.24902499817654,0.0,0.0,SUBMERGED,UUV
1781496231.5829747,-6.419704716757768,0.08941443129475844,-14.66191586812609,-10.013077944491494,14.931887078573519,-12.4272507049771,0.7474456098083044,11.264025824805987,29.756684362039103,0.0,0.0,48.357119999999995,4510.686439061537,9664.500186538175,-10248.497167662525,0.0,0.0,0.0,3556.587383604161,-3698.961606768738,-535.7498513421507,588.7377480920319,771.7938447045719,1122.0103513991496,0.0,0.0,SUBMERGED,UUV
1781496231.9829993,-6.130129375801541,0.0781073678241424,-14.543480005620893,-1.8952117356549938,-3.759917773701539,-7.234925035282103,-2.810574839132227,9.08842632300893,30.782279097682263,0.0,0.0,48.357119999999995,238.46037754101815,-753.348967270594,-3721.203702532033,0.0,0.0,0.0,-11389.258302168231,-8312.272675181965,19381.13737490517,113.51672546082413,140.99766540866733,-34.8149920154207,0.0,0.0,SUBMERGED,UUV
1781496232.3829632,-6.414193153811921,0.15873706314525668,-14.612501188013832,11.249483553423323,-5.5206637674194745,18.489316403679172,-2.8226928181770226,6.399417026181375,31.24240590747542,0.0,0.0,48.357119999999995,-9462.957352020267,-4352.775714545795,16772.31792547567,0.0,0.0,0.0,14160.710945240167,13612.057277887285,-7597.6143568824355,-285.83792901989483,27.61157106489445,-132.5410474341217,0.0,0.0,SUBMERGED,UUV
1781496232.832943,-6.405866867241919,0.1257922074709658,-14.57588242448412,-13.45668263953648,14.797534148295188,15.546454252410532,1.4343392894830937,7.570895965411023,31.223774349069686,0.0,0.0,48.357119999999995,7915.835716787979,9496.88749978143,15767.652109127723,0.0,0.0,0.0,-639.9803567204881,-2805.1757530297323,-5685.798184705401,833.3728512904053,1114.5198260993855,-1424.6005589346373,0.0,0.0,SUBMERGED,UUV
1781496233.2330043,-6.174622315828635,0.05591675409147375,-14.799033405550777,2.0516202034323587,-1.8243639826368137,2.393183927938887,4.631575331825847,11.794302669822644,29.974707125354474,0.0,0.0,48.357119999999995,-270.9635642677412,-224.33459986975072,534.4179295652916,0.0,0.0,0.0,-9124.230982215691,-9262.861368360993,-16091.030849456696,38.97003834026812,59.53343920311518,63.081141799177416,0.0,0.0,SUBMERGED,UUV
1781496233.6829717,-6.3933673517952,0.1096517613939194,-14.758835250963132,13.42586203992875,-15.329687445264097,3.5702010571825156,7.15337549632923,13.662625657241692,27.075392961467667,0.0,0.0,48.357119999999995,-7881.410692187242,-10166.329801259784,1049.9305526422957,0.0,0.0,0.0,14706.491331148303,14078.500837180656,-17068.082844693512,-86.30157145159245,37.874672354482186,-129.564843553496,0.0,0.0,SUBMERGED,UUV
1781496234.0329819,-6.280260614962824,0.1342542909657049,-14.610152875613547,-16.311395556675112,16.292206545449066,7.358639128248808,6.976464498050219,13.72820303554882,25.340595527960588,0.0,0.0,48.357119999999995,11458.22000734892,11431.256771202683,3842.414331564276,0.0,0.0,0.0,-12444.813056912706,-7144.847273557661,7350.130686117178,166.97312213395392,442.5236375495582,-1079.1522102091856,0.0,0.0,SUBMERGED,UUV
1781496234.4830058,-6.153382412135515,0.0019850341568920533,-14.637000681969928,9.766686418261529,-3.6299322065296513,6.506143638851762,1.7389085575950738,6.9160973655277,19.69912852479351,0.0,0.0,48.357119999999995,-4303.9790719972825,-708.5739823111446,3061.894527904685,0.0,0.0,0.0,-3768.999417276562,-8842.733224540805,8590.204244171997,-274.63219073049606,-222.96966612505335,-429.2141909002781,0.0,0.0,SUBMERGED,UUV
1781496234.8829746,-6.425348858029356,0.1149385163116586,-14.774112913230185,0.8305990416932179,-12.032607112123783,16.124026087973334,-1.0108360030303105,4.864757362981167,15.983016851588658,0.0,0.0,48.357119999999995,-69.09980901869264,-6392.751557924186,16885.80512054999,0.0,0.0,0.0,10190.2693265277,14522.9136532158,-23681.72336596578,-99.26117213237518,-252.6815899736709,-154.95342017752154,0.0,0.0,SUBMERGED,UUV
1781496235.2829795,-6.24479994236559,0.11987938464755633,-14.85056335399024,-13.608797261737227,14.802601443709941,-10.630599914521937,-3.9469196503382284,2.0847996203985772,10.936284351581842,0.0,0.0,48.357119999999995,8088.202164884182,9504.738155190234,-7625.242649438247,0.0,0.0,0.0,-14196.855263310998,-3590.1889889218382,-3091.286773242766,159.74097507841,640.404400498607,877.3274703421657,0.0,0.0,SUBMERGED,UUV
1781496235.7330434,-6.239384081373958,-0.05209814387062335,-14.869440853575734,13.680543295850402,-1.1582023308747385,-9.658872942274874,-5.714699411461014,10.730297570621685,5.473030335933636,0.0,0.0,48.357119999999995,-8170.805870437555,-111.62592213203767,-6366.142951127567,0.0,0.0,0.0,1356.2716745514936,-9800.80656818857,-4709.746891968323,-462.3853589577674,-366.4001069362277,559.300370145863,0.0,0.0,SUBMERGED,UUV
1781496236.1329505,-6.378543079386006,0.1334937958273045,-14.686974521820073,-7.555290637983921,-12.01219201972392,-5.968212524806603,-3.4757959602327957,13.823989275720633,0.40366082821516613,0.0,0.0,48.357119999999995,2660.902816911845,-6372.07098497867,-2615.552082176181,0.0,0.0,0.0,5635.324342982227,15604.917505489919,18656.563976472775,-172.30906455016415,-108.22653029000334,-0.24017843155067453,0.0,0.0,SUBMERGED,UUV
1781496236.532973,-6.154220242614471,0.08335346553952419,-14.799956937331459,-2.2735029892447067,16.207784797752815,16.655403486195343,-2.1022204219670986,14.738855096914978,-5.152859772894964,0.0,0.0,48.357119999999995,320.5574502998217,11318.960878709964,17992.041080910985,0.0,0.0,0.0,-10686.999332627005,-5683.492722252856,-9066.849964626237,-432.4968965330541,1161.4744434436182,-856.6204693264087,0.0,0.0,SUBMERGED,UUV
1781496236.9330754,-6.368389347529744,-0.0637250801720003,-14.921920338054209,15.313616177989665,-3.62523579766381,0.8469606961608402,1.1339018166653534,12.864027177069092,-9.902752802876181,0.0,0.0,48.357119999999995,-10145.96892760786,-707.0087672844104,110.58716737773474,0.0,0.0,0.0,14082.349581058552,-8303.062554652077,-14990.37275354368,-11.033469277419663,57.34291714395357,36.820114481906224,0.0,0.0,SUBMERGED,UUV
1781496237.3830419,-6.357290868208082,0.10420917553429015,-14.941834129837062,-11.066035491145461,-13.965762739003866,1.9629292577724757,3.647120383165373,1.2194835448747485,-15.815233533344843,0.0,0.0,48.357119999999995,5451.589863419365,-8499.964347016396,388.0772498993683,0.0,0.0,0.0,1964.5800916675662,14547.389865237743,-15634.13249668025,-95.90220730473665,-40.674254463222645,201.05662628381066,0.0,0.0,SUBMERGED,UUV
1781496237.733035,-6.155192851607789,-0.00927028425576917,-14.783193477612782,7.255851543096624,16.698721086001093,7.826167319473655,4.157340816017003,7.396772800476575,-18.542851228079947,0.0,0.0,48.357119999999995,-2468.523230623881,11989.791714480572,4306.316844293991,0.0,0.0,0.0,-6228.44128077948,-9066.992507784938,6957.874499587619,-370.90360119950947,392.38025043032155,-944.2702688577788,0.0,0.0,SUBMERGED,UUV
1781496238.1830275,-6.424206340509226,-0.06453648462418951,-14.78645449687349,7.644246901173917,-5.0286378031770695,7.024367233588884,-0.505588646842156,-0.013710774120055544,-23.542493306700695,0.0,0.0,48.357119999999995,-2719.645221034562,-1262.8200357068727,3523.457273977943,0.0,0.0,0.0,13292.18501586259,-7931.144848198483,7977.263065304968,139.7712901570842,-273.66300040271403,-35.0308313250527,0.0,0.0,SUBMERGED,UUV
1781496238.5830152,-6.264988076481106,0.08082651856369553,-14.944823102039676,-17.114631118030317,-10.376492602304054,16.09221743182963,-3.050906354796956,1.4975230107278976,-25.559081412593876,0.0,0.0,48.357119999999995,12572.007376226155,-4825.719485210297,16823.855024039138,0.0,0.0,0.0,-10493.815870622891,14216.298399171284,-23846.369827755036,332.19596098069394,-176.71628372418442,-373.8120686468736,0.0,0.0,SUBMERGED,UUV
1781496238.9830334,-6.196051081580438,-0.018788049047686283,-15.020655584665423,9.633855882471423,15.625124490252537,-10.883541238760989,-5.055516708630219,5.771046380289189,-28.177029791103294,0.0,0.0,48.357119999999995,-4194.68841477755,10547.559301347974,-7968.734704174048,0.0,0.0,0.0,-3889.9576707806395,-5489.71081755691,-2925.8921948070742,-529.4616338344135,620.1806867753068,1087.927487040768,0.0,0.0,SUBMERGED,UUV
1781496239.3830214,-6.4308737761036046,-0.04368926219287863,-14.829539292798483,1.9555018996570164,-5.09701822780454,-9.565930578529981,-7.715103598894098,7.01507972641006,-29.893478407806718,0.0,0.0,48.357119999999995,-250.7442311409386,-1294.079700244138,-6257.992049930661,0.0,0.0,0.0,11293.200526042672,-7394.361320578477,20845.9284566384,-146.62115944098835,155.44861654238716,-42.276377599619586,0.0,0.0,SUBMERGED,UUV
1781496239.7831295,-6.19729005240311,0.0622989738737355,-14.913022833504968,-11.447044054505948,-3.5003618058424344,17.81325605023753,-7.278353050772719,8.501088435198605,-30.09081811415346,0.0,0.0,48.357119999999995,9598.846597479818,-2816.1266181991728,14503.06155215986,0.0,0.0,0.0,-14023.462710307438,12940.965689794373,-4825.951965603009,438.9965812953319,207.48771134107938,-264.0129111069405,0.0,0.0,SUBMERGED,UUV
1781496240.2331285,-6.174263306642378,-0.0026734154511218744,-14.905282744664156,12.775590760623418,15.29270398215139,13.989929771286077,0.9175183325441971,5.14565697851144,-29.631301349893086,0.0,0.0,48.357119999999995,-7167.361751143401,10121.004106498154,12879.938801174543,0.0,0.0,0.0,-397.4260494309933,-3930.60929329771,-2369.7589366697725,-856.7527911211193,851.1725519510273,-1369.337688700355,0.0,0.0,SUBMERGED,UUV
1781496240.63304,-6.436980882150814,-0.03862257783476754,-15.088516778424317,-1.148073520141798,-3.078517041439503,4.626802771018295,3.6218556362335037,0.954211020719337,-29.129717625402225,0.0,0.0,48.357119999999995,110.15183487975294,-533.1189570406808,1653.3695783166797,0.0,0.0,0.0,9569.264992097742,-8460.698222983712,-17717.206405510966,-92.50755842762727,89.74940439554811,66.17200153359427,0.0,0.0,SUBMERGED,UUV
1781496241.0329657,-6.1603504991797795,0.038827023461378785,-14.993407672853579,-8.676781920395765,-8.366417986030884,-18.654097705769903,5.6170222192059605,-1.602144695662658,-27.963851610218846,0.0,0.0,48.357119999999995,3445.30217052418,-3218.4214804950116,-22373.59717790929,0.0,0.0,0.0,-13861.952108495974,13744.972214065474,19288.745872806023,201.7087270352572,-286.9390841039426,178.00530335904733,0.0,0.0,SUBMERGED,UUV
1781496241.433023,-6.282355663323941,0.009892662080222174,-14.921780783856297,16.739740965406092,16.713497644004768,5.431908513539652,6.916762801488656,-2.7260815536646774,-26.333395718511763,0.0,0.0,48.357119999999995,-12045.58594127577,12010.081458346536,2208.2413953928276,0.0,0.0,0.0,11153.375085239786,-9442.640636504682,9470.872860138548,-230.11273831998983,204.98296937839334,-1071.0002875583173,0.0,0.0,SUBMERGED,UUV
1781496241.8830407,-6.428028527100891,-0.06636168064232371,-14.929181767130606,-5.232945679332673,-0.8597015575737261,0.10786228868153241,0.3787701081372558,4.486967101274306,-23.78100713716798,0.0,0.0,48.357119999999995,1356.862600688509,-72.56030337364729,9.255089991311445,0.0,0.0,0.0,7494.814877420924,-10280.620908826579,14271.028704120687,3.8318467800040485,1.707893235635788,-138.81925180982407,0.0,0.0,SUBMERGED,UUV
1781496242.2330112,-6.130946849529536,0.09183115474697547,-15.10351973633316,4.907845222871235,-0.9579242907432013,-13.8923339172331,7.034803518750781,-2.924289589977164,-20.195203630223894,0.0,0.0,48.357119999999995,-138.4022507176115,-1359.6846613648695,-6680.421410523584,0.0,0.0,0.0,-9597.363780426986,12626.005106704106,-4245.680295003798,-584.0083716462667,503.70833683362315,137.32672489868034,0.0,0.0,SUBMERGED,UUV
1781496242.68304,-6.320779404009803,0.06642315212250685,-15.162646988599894,14.919729436873347,15.499484306108169,-8.978787310882575,-4.520942353892587,8.587320211423346,-15.639521646413346,0.0,0.0,48.357119999999995,-9650.3741101691,10384.65943546756,-5550.136522537841,0.0,0.0,0.0,13743.338317242575,-5332.344485705632,-5395.877117923004,-264.3305886432116,466.43756111593353,996.0526919133799,0.0,0.0,SUBMERGED,UUV
1781496243.0830543,-6.278046137525057,-0.07173937695415789,-14.99323954334326,-16.801445143783663,-8.315937647766539,-6.292019829515359,-6.393869756832225,8.258499020701505,-11.12485068140631,0.0,0.0,48.357119999999995,12131.645687837969,-3181.885406183781,-2879.4901462906646,0.0,0.0,0.0,-9168.715014739668,-4903.636593573517,18631.306552992122,-23.85191090754547,133.30600166774815,-191.8715442003808,0.0,0.0,SUBMERGED,UUV
1781496243.4829783,-6.170752852930194,0.15164727514118737,-15.11352885001194,13.567547184592119,-0.011373614110866237,18.54177728719887,-7.339117116211233,4.806189201494956,-5.26197429817943,0.0,0.0,48.357119999999995,-8041.980404951447,-0.5299033138102877,22120.526275661254,0.0,0.0,0.0,701.1425150372174,9528.503641944331,-16576.269496456818,-946.9741051915785,304.7751189561132,-554.1000659045333,0.0,0.0,SUBMERGED,UUV
1781496243.8832395,-6.37802273762272,-0.006183457977050378,-15.220168498208409,-2.1121519937915463,15.570387329016816,-3.433073564235724,-6.726627265921625,1.584868380064842,0.19107449476079835,0.0,0.0,48.357119999999995,284.0350259079393,10475.939725863822,-981.7828689571669,0.0,0.0,0.0,10966.112115440013,-10646.92434358708,-15510.905675932121,-79.36699808538097,-38.57842563723406,268.0012780243879,0.0,0.0,SUBMERGED,UUV
1781496244.333029,-6.203349103305501,-0.03651315543014902,-15.248763315333528,-16.010223767455006,-5.78153433807045,2.718394376962864,3.8478080301690265,-3.262460531511822,6.748651486650888,0.0,0.0,48.357119999999995,11053.50265510338,-1626.1503843695878,660.3743460644951,0.0,0.0,0.0,-13278.470569038245,-6781.716429390901,-16198.572487721089,-23.0482661870753,11.347866005431442,127.95872530708316,0.0,0.0,SUBMERGED,UUV
1781496244.6829972,-6.246847992645105,0.192784727138834,-15.07027248785113,16.47374438942879,-0.18606371151510182,7.159919258506726,-3.796307120212323,-3.503292076283465,11.849405380817572,0.0,0.0,48.357119999999995,-11679.63144474555,-10.665863033094455,3651.677202684186,0.0,0.0,0.0,7959.992985191571,10816.547779304337,7748.245422914479,-320.73793328975546,204.760911619592,-585.8734746809168,0.0,0.0,SUBMERGED,UUV
1781496245.1329997,-6.368128702283682,0.05429405793040639,-15.074613032795833,-2.7420250701782596,16.585129637734724,1.775816941425901,5.893901690213881,1.5879719879346095,16.632865305481662,0.0,0.0,48.357119999999995,437.8941535035255,11831.24075863923,331.89705975296573,0.0,0.0,0.0,9189.239730573023,-8230.085519458611,12874.969054973448,11.505183967918768,78.30857047976448,-598.569035191164,0.0,0.0,SUBMERGED,UUV
1781496245.5332098,-6.136813043709767,0.004054194599154952,-15.22039728320207,-10.768094911934751,-7.249077181582017,18.566213578146694,7.098228060590221,4.780269549042514,20.832072852095642,0.0,0.0,48.357119999999995,5176.863567903198,-2464.286656631198,22168.041459730186,0.0,0.0,0.0,-14152.350669457646,-5553.431765113071,-19786.160730421692,178.89523233150496,-577.2465272907832,-263.30626407745905,0.0,0.0,SUBMERGED,UUV
1781496245.9330466,-6.3018929847424765,0.18695308929258136,-15.294733816693096,16.548677238550614,-3.189703788796584,-9.936684108393493,4.080223827220804,7.550352392958237,24.527002620035677,0.0,0.0,48.357119999999995,-11782.223340478922,-566.2681008261225,-6714.771221661967,0.0,0.0,0.0,11046.002754060433,11803.057710960482,-4089.8906436245716,-454.51614546670254,349.0456247061461,516.1392526531802,0.0,0.0,SUBMERGED,UUV
1781496246.383032,-6.33625761185328,0.057095609027446675,-15.333291412343748,-8.720270304658229,16.088400530628697,-9.120942025227508,-8.101233823957818,0.02426257245970479,27.977476008504574,0.0,0.0,48.357119999999995,3477.497066253635,11157.488907896115,-5714.465702232902,0.0,0.0,0.0,4786.5315488285205,-7316.973397164239,-5386.3956402515805,367.26191530940434,522.4855052120571,1018.8051026376456,0.0,0.0,SUBMERGED,UUV
1781496246.7329977,-6.096521956262659,0.0869027772058072,-15.220148067248527,5.221689309501899,-14.073628278104238,16.962727996463812,0.25178336139621943,7.228617963537139,29.767728486411194,0.0,0.0,48.357119999999995,-1351.5738143537167,-8627.896226901925,18641.376755112775,0.0,0.0,0.0,-7187.532265555406,1358.150756328122,-9785.920672092208,-785.0893613773061,-1126.930127994218,-940.8588290078245,0.0,0.0,SUBMERGED,UUV
1781496247.1830285,-6.357991859655575,0.1771866968913188,-15.251152866454241,12.751190691041938,-1.6250568155519844,16.510857527820452,-11.013850835875129,-3.470650961423975,33.17349503467392,0.0,0.0,48.357119999999995,-7140.9488938378045,-186.80568203912384,17679.03434044024,0.0,0.0,0.0,14293.686573395902,10327.19440665109,-8885.437276658507,-320.47173697281977,417.1245176528013,-165.15027487357443,0.0,0.0,SUBMERGED,UUV
1781496247.6330335,-6.3057935176539734,0.07705149762148716,-15.229369237384903,-14.736362161792078,17.211121782225902,15.682250188929897,-0.2780666913310415,-1.0864155579368724,34.17802619225015,0.0,0.0,48.357119999999995,6168.197639817785,10815.793996566921,9747.570842966557,0.0,0.0,0.0,1552.4547775897893,-5298.715638175314,1062.545355466696,588.845680257871,795.7590432278015,-1292.9645306144012,0.0,0.0,SUBMERGED,UUV
1781496248.0332375,-6.086862011789332,0.07800238371537264,-15.398809188069762,3.261584398408589,-7.958846143412125,1.7189242883942686,1.6018241820075185,2.3037820763789223,34.40209930384278,0.0,0.0,48.357119999999995,16.55411461336899,-1188.0605225522893,4106.936418965467,0.0,0.0,0.0,-10166.03089305156,-7290.173643579321,-19650.98231527071,75.88733497138863,124.95701268788093,61.490131956737514,0.0,0.0,SUBMERGED,UUV
1781496248.4330194,-6.362202498636962,0.1454784087727786,-15.330271398821578,10.395834133322465,-6.392963676611496,-18.277414709125473,3.015813023027001,3.5926518744182996,34.41547044774159,0.0,0.0,48.357119999999995,-4842.812936816014,-1954.3292972174286,-21508.32459530745,0.0,0.0,0.0,14267.421786942945,12906.270087881414,15345.002967676439,-353.630476820446,-35.56058675907027,170.85272547303896,0.0,0.0,SUBMERGED,UUV
1781496248.8330007,-6.2298566339829105,0.09059476938684238,-15.238190551592536,-16.757869599812036,16.72696573432784,3.2494020558026,3.1781311827569896,3.5651965054255355,33.08141907813878,0.0,0.0,48.357119999999995,12070.746048234074,12027.516176197776,894.6679570095064,0.0,0.0,0.0,-9798.464733312116,-11511.133749100592,11520.455187592042,81.37682445965879,119.16140726471573,-825.8072920209925,0.0,0.0,SUBMERGED,UUV
1781496249.2830555,-6.077604038720855,0.062465585999965094,-15.23084751804897,2.7405530644128784,-2.496090751810237,-2.5927378192527044,-6.427917676636214,-5.359013612041758,30.951839188753098,0.0,0.0,48.357119999999995,-437.43395242272095,-373.9304185373972,-611.3062898661376,0.0,0.0,0.0,-9040.508834330783,-9194.38700125365,16126.587440149295,56.408860850098705,66.33276217675017,-98.72558905191664,0.0,0.0,SUBMERGED,UUV
1781496249.6331446,-6.369399799235606,0.13857398402887552,-15.458263634219172,1.3702447677599645,-3.564649065485794,-7.585013007087413,1.6861912867846789,1.0504243769074835,28.96696421989238,0.0,0.0,48.357119999999995,-143.60457697858877,-686.5478558689852,-4058.133295854126,0.0,0.0,0.0,10924.865070654785,11937.428161833248,-7318.3232544477505,199.10538783125534,204.08904105009134,-105.51605477033715,0.0,0.0,SUBMERGED,UUV
1781496250.0830028,-6.190175342815995,0.11502061582473956,-15.481977856129378,-16.270755895390987,16.03745199354387,-6.938600518965706,-10.826469730592665,-10.789423216632205,26.688218376234946,0.0,0.0,48.357119999999995,11402.483842968391,11089.53637876626,-3438.938301279469,0.0,0.0,0.0,-11806.802235028661,-7263.814470222469,-7780.784959306619,227.00675032567426,382.7457672833995,1134.4202931576056,0.0,0.0,SUBMERGED,UUV
1781496250.5330174,-6.078947688557425,0.008685830487284382,-15.49754011666195,9.72918299521364,-4.005259383335881,-6.004967587879564,-3.2996765204642173,-2.171257927262921,22.22374108174977,0.0,0.0,48.357119999999995,-4273.049993310733,-841.972075611483,-2643.1379547536335,0.0,0.0,0.0,-3678.6858727661233,-8245.75052027388,-9126.81069130273,-236.40921494578805,-192.33439318084595,409.1351864163199,0.0,0.0,SUBMERGED,UUV
1781496250.88304,-6.354533459420851,0.16581991484923303,-15.395856465430674,-7.135338669718898,-1.6027832287183161,14.90184184511324,-10.792152217625766,-8.246280114958193,18.87364708548143,0.0,0.0,48.357119999999995,2393.147230375255,-183.04001241402165,14524.888476757256,0.0,0.0,0.0,6149.885684736836,10490.33932912204,-4644.638668843303,729.867106320895,550.134200355846,-232.13865073139527,0.0,0.0,SUBMERGED,UUV
1781496251.3330495,-6.134955728946913,0.13372131648124663,-15.344873192142574,-12.060665027678906,15.465721312063422,10.078090561155445,2.9040954739255715,-0.049747284998627225,13.186395188881715,0.0,0.0,48.357119999999995,6421.845319520866,10340.802922663886,6905.59899692461,0.0,0.0,0.0,-14088.642796577398,-4602.344209676631,3905.090682245718,-74.10447078230787,635.0187527747032,-708.3569845155082,0.0,0.0,SUBMERGED,UUV
1781496251.7331114,-6.177832710474243,-0.03269444580202945,-15.552649429981244,16.900976007578716,-7.5724515869688815,4.869632421874101,4.894317196451936,-0.9226571539002405,7.7931755024574985,0.0,0.0,48.357119999999995,-12270.841872756426,-2672.3655640811708,1811.659759405651,0.0,0.0,0.0,10547.104972871135,-5355.278429121516,-17732.042681395513,-2.5282237744589615,164.17553993493823,197.2651302331614,0.0,0.0,SUBMERGED,UUV
1781496252.133017,-6.270991687578285,0.15750296701314595,-15.503583410265959,-11.144570156117714,-7.23311700269476,-17.061397455644773,6.871422577463923,-3.242687832196389,2.497044044579299,0.0,0.0,48.357119999999995,5524.63188119482,-2454.6734992805236,-18822.991379168107,0.0,0.0,0.0,2207.7360548285274,13182.049254228048,10203.048208157708,877.6083886447217,-51.85170257545975,476.2612290792453,0.0,0.0,SUBMERGED,UUV
1781496252.5329607,-6.060554130247927,0.022250736506939466,-15.370384081360541,-0.31392625903933297,16.8131810146048,-0.2962711634552184,8.62532106908899,-6.586487223123745,-3.6555645234695278,0.0,0.0,48.357119999999995,19.6538779373464,12148.408218959938,-28.97172588053688,0.0,0.0,0.0,-10795.974650635728,-10517.782579849692,14541.337672348518,-18.06896183607657,-6.004775803894688,-287.9162014495034,0.0,0.0,SUBMERGED,UUV
1781496252.9831564,-6.220780047824961,-0.07529379390581964,-15.420506948856833,15.119932535638755,-4.51614363100677,-1.4739219101959966,-1.2050035737559204,-13.150235010101857,-10.074689950917525,0.0,0.0,48.357119999999995,-12145.161266804487,-71.1914841222017,-3933.6077953304525,0.0,0.0,0.0,11919.177177042771,-9980.609656529097,19738.262805160222,-70.67231169155652,118.19036276577938,116.6941536750892,0.0,0.0,SUBMERGED,UUV
1781496253.3829842,-6.2159099741040675,0.11811753668370159,-15.506165232694043,-14.846410591545093,-10.302257494904655,18.435561536512665,-0.802260685654401,-10.109443532406962,-14.627625757315238,0.0,0.0,48.357119999999995,9558.035960567313,-4760.606654218572,21875.969476492523,0.0,0.0,0.0,-2839.245049290002,13932.644631463532,-15100.643712960533,996.3152652976387,-215.0636041563132,-737.8357699950878,0.0,0.0,SUBMERGED,UUV
1781496253.7829826,-6.026210113195683,0.013476817027701767,-15.627531517889539,3.4813950263241957,15.382174354861105,-2.8265617176153635,-3.6788194610912637,-5.689905313709091,-18.791862162247476,0.0,0.0,48.357119999999995,-658.9513550812225,10233.768817307497,-704.7447567822775,0.0,0.0,0.0,-8474.851903278002,-5143.974635041927,-11878.135402627986,-116.58972021522499,114.5138818213134,613.8288822695299,0.0,0.0,SUBMERGED,UUV
1781496254.2329252,-6.250300344149662,-0.06079212073589452,-15.669517829749028,12.422681434269064,-1.8425623351042475,-1.4830960914607285,6.469526354857083,-2.1869023588578393,-22.148969263849043,0.0,0.0,48.357119999999995,-6794.036218579992,-227.96049161270935,-250.87073298901927,0.0,0.0,0.0,14701.821505145823,-9381.07287496391,-13247.979207967945,12.198866234605935,-23.710276103351987,-58.138386897792806,0.0,0.0,SUBMERGED,UUV
1781496254.6329763,-6.160945115807124,0.08138162271042328,-15.56817426679474,-16.114114342762925,-14.257243190016354,-18.897660703400767,7.950063508554664,-4.619402660990028,-25.378990219767765,0.0,0.0,48.357119999999995,11191.288572503201,-8843.630950859093,-22929.1082313577,0.0,0.0,0.0,-5775.639805019498,14901.067889224138,19871.056354911627,826.9327474455677,-688.2847838204914,979.7163606433294,0.0,0.0,SUBMERGED,UUV
1781496255.0329618,-6.032572354075683,-0.010178950861349814,-15.453852751346991,6.28886470276952,14.161569994544456,5.816577768979891,12.791900052100234,-7.541085042018239,-28.528014347578587,0.0,0.0,48.357119999999995,-1896.2683247441296,8730.523347698625,2497.8098858823673,0.0,0.0,0.0,-6948.448518002835,-2222.2543179194745,9164.084329012705,-262.8315726412321,266.8240323230689,-746.6309672913618,0.0,0.0,SUBMERGED,UUV
1781496255.4829726,-6.279922521647898,-0.06485699043665892,-15.541632020028228,13.086318363810285,4.689980404844899,0.1463014152480886,9.943867138531294,-13.582612433925716,-32.96564818027493,0.0,0.0,48.357119999999995,-7504.599674956932,1114.3051027464642,12.889793186692298,0.0,0.0,0.0,14683.865991570769,-13042.238522277048,14313.42028007538,-3.095162807532917,-17.041084785961093,217.03417930638548,0.0,0.0,SUBMERGED,UUV
1781496255.8329875,-6.041675541308456,0.06806380464361923,-15.644551402866165,-15.536227973180662,-8.562273969615708,-13.986648010237925,14.987866695603081,-13.988778732224853,-33.00005751195583,0.0,0.0,48.357119999999995,11771.915166735389,-6947.930767138625,-6871.71176097825,0.0,0.0,0.0,-10624.450691030755,14354.98853519253,-3825.0474288666655,425.75156316168716,-144.2362301267544,704.504269433159,0.0,0.0,SUBMERGED,UUV
1781496256.2829912,-5.992336711292721,2.8379044024143957e-05,-15.707262358242444,8.54422779217042,12.288378827001598,-9.129087943168495,5.939963375983566,-7.937933361444789,-33.47729617434449,0.0,0.0,48.357119999999995,-3347.7724855673227,6654.844339211377,-5726.046734448327,0.0,0.0,0.0,-4901.262631199879,685.5085771677127,-5475.906384959818,-408.5870566548534,451.894264630415,792.9297994948257,0.0,0.0,SUBMERGED,UUV
1781496256.6329255,-6.286252284702199,-0.032220379625187104,-15.664020371067483,-4.954627364053416,-8.654801247733399,17.210593665811626,14.178117246818768,-15.506439404854023,-34.61029042105172,0.0,0.0,48.357119999999995,1229.8291702319768,-3428.224479179519,19164.905409660973,0.0,0.0,0.0,7226.259643229673,-4813.489826282714,-10706.430851555097,578.4191720045801,-1034.2555979511021,-549.0229117785267,0.0,0.0,SUBMERGED,UUV
1781496257.0829864,-6.082076481906879,0.02148421813021175,-15.589399223533164,-15.55196225924551,-14.184809323818474,13.259565797358762,3.0518688898700894,-5.929790138304869,-31.744159026151365,0.0,0.0,48.357119999999995,10451.852551251797,-8757.325266558428,11613.08398049758,0.0,0.0,0.0,-13592.054523407065,14143.162813978412,-1412.4606140104686,426.97252591675795,-359.2800882101548,-707.994735611936,0.0,0.0,SUBMERGED,UUV
1781496257.4829462,-6.0170268704857754,0.022757607896698104,-15.76593727243133,13.568991317798805,13.360848992697125,5.607527209502054,-0.8014532367928543,-2.6534580680332067,-30.234150324248873,0.0,0.0,48.357119999999995,-8043.348750069405,7808.489735824489,2335.2764878747057,0.0,0.0,0.0,1397.740195431567,-1121.6677706147943,-17948.751829733646,79.70755948351629,-185.92224788561754,508.6914125822823,0.0,0.0,SUBMERGED,UUV
1781496257.8831713,-6.256809551734033,-0.0515006197329012,-15.75306797941108,-8.096539525533968,-6.0154733048628355,-18.581820005053913,0.9905219719298006,-4.088480603837427,-27.887975345986952,0.0,0.0,48.357119999999995,1110.566163387238,-368.7887638996479,-18315.029042936494,0.0,0.0,0.0,7696.259967251721,-8972.620391931021,9653.481506885066,610.4480949421372,-628.1282656785353,209.8877609519581,0.0,0.0,SUBMERGED,UUV
1781496258.2829986,-5.973247571191147,0.051380387370870265,-15.604405824652007,-4.149462097650837,-8.71800725716432,4.453337431110183,0.979794434001509,-6.453057764877536,-24.974313698888416,0.0,0.0,48.357119999999995,896.1986402175073,-3476.1290123406316,1545.989764513556,0.0,0.0,0.0,-12553.58853737217,13970.957402708344,10538.266365923031,-86.8326679143374,94.67093228374947,213.00935841777965,0.0,0.0,SUBMERGED,UUV
1781496258.7329953,-6.102931018752106,0.06804259169537943,-15.624881113293641,16.725427826647564,14.268470241441701,3.577023028235602,12.86673160522713,-14.192403798622843,-21.93527976325835,0.0,0.0,48.357119999999995,-12025.640983694064,8857.413709349454,1055.2958788870114,0.0,0.0,0.0,11167.746882944472,-2498.7691162065958,11192.31398718333,-133.53039018586566,109.94825534883552,-849.6864492420299,0.0,0.0,SUBMERGED,UUV
1781496259.1329398,-6.181757668049879,-0.06484143506981051,-15.81698074459518,-11.717727773571522,-3.5119504406436626,17.83353163182669,13.76059222986563,-13.954988921424993,-18.06421353283495,0.0,0.0,48.357119999999995,6078.208176406437,-668.8990835066962,20507.62739147455,0.0,0.0,0.0,1422.2709410812845,-7848.6691421816095,-21858.495114935704,272.0677539547687,-248.48949352506415,-182.16517198455648,0.0,0.0,SUBMERGED,UUV
1781496259.5329485,-5.9324534016569705,0.09500378707690742,-15.825839137873938,1.3483795981208,-12.28826396123722,-7.723185029052999,11.108679051837786,-11.014841524209253,-12.441628630827958,0.0,0.0,48.357119999999995,-140.17032896765454,-6654.335769509058,-4196.806849318531,0.0,0.0,0.0,-9588.223105660596,14478.944525220355,-7078.726495880674,-283.05543498942313,13.619686392206319,22.203278712199946,0.0,0.0,SUBMERGED,UUV
1781496259.9830022,-6.0712144365975895,0.13499397048073952,-15.896674469935691,16.500550279449953,8.843091614545092,-2.2115178647873144,-0.6708870543004096,-0.4046466973293495,-6.477847137222664,0.0,0.0,48.357119999999995,-11716.130798446984,3570.272863722668,-470.1046204783217,0.0,0.0,0.0,11636.749905300985,4413.726296104038,-12451.260692966454,-75.2627355083172,33.289896843013764,555.9337670767346,0.0,0.0,SUBMERGED,UUV
1781496260.3329718,-6.098447580129258,-0.07549211096712381,-15.733709031297263,-16.40504165883309,-4.051013132078988,11.207064970347206,5.502793611411689,-1.729289712755208,-1.8642734578718376,0.0,0.0,48.357119999999995,11584.544607636493,-858.6738553880651,8441.1755518835,0.0,0.0,0.0,-6979.146068137574,-8613.05776261822,2423.2968324044205,583.5191269150191,-569.8951434056398,-847.6122630749771,0.0,0.0,SUBMERGED,UUV
1781496260.7830248,-5.936286894465632,0.11834643749936893,-15.73836333831454,5.981795247699122,-14.771957149326852,10.260016952776416,-4.958253615908983,-3.118466100811958,4.457953378937276,0.0,0.0,48.357119999999995,-1730.46816789614,-9467.435278526893,7139.779448047952,0.0,0.0,0.0,-7243.4741266226665,13828.554327993586,3768.0095373790155,-426.66909027172477,-246.81577365362097,-483.1982861968394,0.0,0.0,SUBMERGED,UUV
1781496261.1830175,-6.143583366337614,0.12025786173850943,-15.934055715440753,7.3235054010114355,12.577589638257892,11.37505274902532,-8.564690026129698,-5.490818889661535,9.568373940656548,0.0,0.0,48.357119999999995,-2511.436871242293,6956.852047620543,8671.54858790644,0.0,0.0,0.0,13305.15656655499,73.90556235624399,-21979.450751362656,-174.32799631487634,-158.80864618682088,50.69828258064267,0.0,0.0,SUBMERGED,UUV
1781496261.583049,-5.997905516508708,-0.03532750659786254,-15.92259969071289,-16.672597577356008,-0.753561635185731,-13.650562947590236,-6.8610920499152295,-6.4570884069610495,14.903803983321962,0.0,0.0,48.357119999999995,11952.21318331211,-60.29685332094073,-12262.528601534794,0.0,0.0,0.0,-10729.700032635343,-9929.686055301547,2045.2856722643435,689.354488129987,-479.7917107681126,695.0160412099758,0.0,0.0,SUBMERGED,UUV
1781496261.983011,-5.97201191814581,0.17122948354373171,-15.793223905022511,11.085502943865068,-15.07789951078517,-5.887305353887892,-6.298854073226742,-7.530955022300891,19.56730034294863,0.0,0.0,48.357119999999995,-5469.865900829643,-9847.873934907737,-2551.0900936068183,0.0,0.0,0.0,-2086.7177410625636,14803.66006637882,18453.21475837015,111.91280746503453,-54.59366072096751,-56.719179525442996,0.0,0.0,SUBMERGED,UUV
1781496262.383101,-6.1826312992106836,0.12226764025007261,-15.880527985718626,-4.536675490337675,16.31236132731885,18.669196770352226,-4.648570797357021,-7.963405836469033,23.809316652110212,0.0,0.0,48.357119999999995,1050.348567512011,11458.361302570169,22420.65812053209,0.0,0.0,0.0,9120.922956918148,-1165.2276633206193,-9166.224243907676,428.174145203861,1148.2014165340825,-785.5671650650671,0.0,0.0,SUBMERGED,UUV
1781496262.7829537,-5.895413298842446,0.03680230536259718,-16.017164963648767,-8.898655551708789,-3.8600026707950006,-3.881154717283125,-1.4838366420554636,-4.299260228895505,26.318299846601523,0.0,0.0,48.357119999999995,3612.2814767655577,-788.9917690536538,-1214.5502539692732,0.0,0.0,0.0,-13936.246040879469,-8274.61555912757,-11161.591217380806,-63.097707716358876,-145.93407187146926,0.377513224207334,0.0,0.0,SUBMERGED,UUV
1781496263.233235,-5.989640153406499,0.16279442360307234,-16.0533782878229,15.158890659253462,-14.089655283922102,-3.0168840737151594,3.3383510001696726,8.73194905626099,28.557561922770656,0.0,0.0,48.357119999999995,-7420.107282365343,-11535.54783908229,349.5351345931706,0.0,0.0,0.0,549.7061354749767,12883.837084680905,-15446.267108736836,-5.495405336569888,58.950867316081435,389.0182224387975,0.0,0.0,SUBMERGED,UUV
1781496263.633056,-6.149989126264545,0.10118366858517729,-15.938641965230746,-7.055920141444631,14.460162202506883,-18.291060696942395,2.857364396460322,8.573759966086358,30.448143598545215,0.0,0.0,48.357119999999995,720.7419629290384,5983.0038063283555,-21716.74839247765,0.0,0.0,0.0,8221.316919217992,1632.2349731476397,15191.211166454737,402.1146940124578,1096.1600050225768,618.9486079257235,0.0,0.0,SUBMERGED,UUV
1781496264.0329661,-5.8628934181956796,0.06830117486276745,-15.903969034421436,-5.542576846504341,-2.0565846316093355,7.197373532608335,-1.4216411128879531,8.355177378398347,30.89463860812192,0.0,0.0,48.357119999999995,1505.9166890471242,-272.0222780279329,3684.7474032010145,0.0,0.0,0.0,-12770.497496382677,-9817.004352133288,7735.640983406998,-178.1604028519611,-279.4410187477848,45.87249433865448,0.0,0.0,SUBMERGED,UUV
1781496264.4830306,-5.989074749840942,0.16549831188402106,-15.907946388631242,16.526939225887254,-15.323784881974305,6.364622013256336,-11.075342837813793,-1.984997709203247,33.27494552495745,0.0,0.0,48.357119999999995,-9610.402766846995,-12032.323477786585,381.1450148974242,0.0,0.0,0.0,7962.113830478858,13561.61162917381,8485.617896408565,-103.21314524660639,-22.316148856427315,-787.4532043078619,0.0,0.0,SUBMERGED,UUV
1781496264.8330388,-6.096867180238106,0.09290858444905581,-16.08957987010845,-13.939126744228021,15.96716501993863,-15.08402329388485,-5.801334123185003,3.47151285045816,31.86720186029195,0.0,0.0,48.357119999999995,8467.99550620704,10995.411409796227,-14838.20507064041,0.0,0.0,0.0,-1534.836193556273,-5950.463443781695,4677.723114922364,837.2846222343147,1013.2816991793289,1478.045167109887,0.0,0.0,SUBMERGED,UUV
1781496265.2830536,-5.864923766372785,0.06492540841204393,-16.108663386137394,-2.4758988334126464,-0.08432415539887106,-10.621734976616864,-9.89455251086836,-0.3945253474623646,32.55666183257226,0.0,0.0,48.357119999999995,368.9939380272716,-4.516327261194869,-7616.386610353176,0.0,0.0,0.0,-11391.318302049607,-10283.53345065075,-3190.7816071575153,-291.95951016130937,-374.881873352253,-52.064448195241745,0.0,0.0,SUBMERGED,UUV
1781496265.682968,-6.076116285526372,0.13006414905870292,-16.00170507555222,16.009352394806818,-15.868410734933097,-10.996781094092372,-7.815519740155799,2.2239480543998877,30.963121823471816,0.0,0.0,48.357119999999995,-11052.751300352902,-10865.434209740408,-8136.124963768583,0.0,0.0,0.0,14454.234342317439,14905.076780165326,22165.253946298915,-246.92908636822688,-130.13992133576266,437.8063006559196,0.0,0.0,SUBMERGED,UUV
1781496266.0829854,-6.121296407023898,0.14841871614421065,-16.01536914997126,-14.40342331922866,13.404923932225731,14.561926522909816,-5.935897225678292,4.997944471628511,28.803614240545627,0.0,0.0,48.357119999999995,9018.130242530271,7856.493679862867,13907.086370842395,0.0,0.0,0.0,-2258.958137298134,-496.97678832475276,-3489.033565485761,784.254803159089,1005.5511335616063,-1360.0369284737894,0.0,0.0,SUBMERGED,UUV
1781496266.483009,-5.887110382639964,0.022655139422487463,-16.215216320546812,6.719805741567032,-3.5703684019166433,-1.3034861941521925,-2.762588433927379,8.761356336279244,25.637407041265956,0.0,0.0,48.357119999999995,-2142.349264431811,-688.4011497012106,-206.4305931653805,0.0,0.0,0.0,-6236.902563685135,-8403.171333963459,-13287.201778926534,-48.70148166847732,-13.891599471438944,231.1458903382015,0.0,0.0,SUBMERGED,UUV
1781496266.9329667,-6.093686698566777,0.07917517169560286,-16.195789514986654,11.923016886854986,-16.364191723423662,5.58200634878025,0.5443066068741813,10.387798556162979,21.025630172652548,0.0,0.0,48.357119999999995,-6282.430467514108,-11529.54725758081,2315.3583209314484,0.0,0.0,0.0,14590.15681418701,12989.51351299378,-18584.969151913025,-116.83864526792539,40.23507389821324,-105.30701245441159,0.0,0.0,SUBMERGED,UUV
1781496267.3330333,-6.066442239055727,0.14345065710576033,-16.187272621646308,-16.284805022144763,11.336992608334931,-17.23978332451833,-1.7658412874249905,6.057209157854922,17.063128219111753,0.0,0.0,48.357119999999995,11421.296114094597,5706.913897990663,-19188.928889997766,0.0,0.0,0.0,-6511.546013549779,1952.8412632454226,10221.049155457256,1009.7256187255146,1045.4760118949964,1313.7769296846523,0.0,0.0,SUBMERGED,UUV
1781496267.7330315,-5.872959214767641,-0.020784508056120435,-16.048864582772904,7.681218407077313,2.5089987829211142,0.22120061814519884,-4.628459119159349,2.290677381959372,12.122788857454943,0.0,0.0,48.357119999999995,-2744.1609899549217,377.33534739433145,20.55541781228449,0.0,0.0,0.0,-5596.234531413669,-11970.377959211462,14105.04038724096,-6.369195286206229,-4.777456283502707,-134.0166421540143,0.0,0.0,SUBMERGED,UUV
1781496268.1331658,-6.115859956388913,0.06361798067995988,-16.164601912610316,2.2370907331938037,-16.600352516646986,18.769815950176046,-7.155895415157058,1.8240505299723415,7.578840133156686,0.0,0.0,48.357119999999995,-311.9470587258778,-11852.502903905375,22644.308372743366,0.0,0.0,0.0,10657.657103978072,13332.132174469094,-17970.73199163136,61.14703067840837,-816.5616160723326,-571.8491548750338,0.0,0.0,SUBMERGED,UUV
1781496268.5330205,-5.92160647297784,0.09237068373776774,-16.300734390071877,-11.925834238570612,13.431059654823517,-8.783707379869824,-9.59996781456822,1.7324033590481414,1.9935216857694036,0.0,0.0,48.357119999999995,6285.188086399656,7887.420123662703,-5328.968419978652,0.0,0.0,0.0,-14371.139175683244,-1111.6627867368961,-5680.561999160941,-38.34480722356474,489.2073269117097,556.9535245761025,0.0,0.0,SUBMERGED,UUV
1781496268.9830914,-5.944297738084052,-0.08526695808947078,-16.31377540570761,11.993237983423155,5.399791539249153,-3.3416196645367493,-11.00344553450641,11.547095328511265,-4.558715131574327,0.0,0.0,48.357119999999995,-6353.410622963431,1436.2594458002218,-937.2090094029205,0.0,0.0,0.0,-950.2541060785995,-12745.610753200923,-11528.494085846381,-128.1622128979346,-78.09926216243048,267.0490473299411,0.0,0.0,SUBMERGED,UUV
1781496269.3330119,-6.087115020794443,0.11460470644947274,-16.158515517056408,-12.222258757508678,-8.917895232635221,16.048503839152097,-12.363451492547657,5.484032633824057,-8.637946924859525,0.0,0.0,48.357119999999995,3560.13725921071,-7369.391008205597,10177.964634818589,0.0,0.0,0.0,4873.171420807921,14214.510383133595,431.0502426835785,933.8673914145229,63.31377945452491,-540.6549201798985,0.0,0.0,SUBMERGED,UUV
1781496269.783035,-5.845551509788807,0.0776463894789932,-16.21057458283369,-5.836647749700375,11.778463170651465,11.304464201594818,-6.210239771549775,14.623348662773612,-14.883023575857507,0.0,0.0,48.357119999999995,1654.6471746566774,6138.593053063588,8577.64023833511,0.0,0.0,0.0,-12477.896018671841,1675.5567098292756,2150.392966382294,-303.9858370301431,671.6643291208611,-434.156298465213,0.0,0.0,SUBMERGED,UUV
1781496270.182986,-6.04968195860493,-0.0986507086969825,-16.335433335376397,16.935861206849722,2.030964584669328,10.219000127206726,-3.398796094512636,12.443342152778833,-19.19801573440445,0.0,0.0,48.357119999999995,-12319.68143458535,266.50180017836163,7081.304120233827,0.0,0.0,0.0,12124.703784161975,-10958.648727647325,-21622.39422896206,-101.72853769456017,167.91612597581056,-161.59315576428722,0.0,0.0,SUBMERGED,UUV
1781496270.5830386,-6.076325557428397,0.05176939159843928,-16.34379720466146,-11.276194479961854,-16.110422751926333,-14.61611193936726,-1.1640558179670557,8.713865213096653,-22.9794078907049,0.0,0.0,48.357119999999995,5649.183517363286,-11186.662750833471,-13972.151346391709,0.0,0.0,0.0,2152.1895212329364,12639.346670763043,3870.822010584835,747.3683908403009,-820.1183205468591,1185.0503207462075,0.0,0.0,SUBMERGED,UUV
1781496270.983019,-5.863172967965165,-0.03577660434774553,-16.222521702406354,7.098927306576275,16.152436928334016,5.651392567434483,-0.04523320265768585,7.43767944999659,-26.461055438056466,0.0,0.0,48.357119999999995,-2370.540404141942,11244.388520771116,2371.454759867814,0.0,0.0,0.0,-6287.58961226418,-6834.505862167114,9303.386336650288,-264.6796653550961,260.8599658572439,-861.8321863513654,0.0,0.0,SUBMERGED,UUV
1781496271.4330323,-6.11281789681859,-0.08919221785070947,-16.21461269251452,12.47602904085805,0.8890728103425691,-0.13691034811067498,-5.364899318123049,2.67469551733127,-30.59415629782844,0.0,0.0,48.357119999999995,-6850.059565204231,76.06538193550229,-12.17298413260269,0.0,0.0,0.0,14743.664411438793,-11175.779703783886,14517.489779013484,-2.602504840304825,-5.58486284467395,159.56129595733637,0.0,0.0,SUBMERGED,UUV
1781496271.8329468,-5.984546026189141,0.03784959527611368,-16.374726021917773,-17.173996506229926,-12.432544233002226,18.034830315440924,-7.582006701302066,4.4899784194870325,-32.188416175380425,0.0,0.0,48.357119999999995,12656.225991904686,-6804.328877100329,20959.351771255846,0.0,0.0,0.0,-10282.510439468151,14599.719121513976,-23073.43120425689,529.7896770189739,-310.2136115759219,-574.6578545461529,0.0,0.0,SUBMERGED,UUV
1781496272.2328959,-5.921397233971549,-0.04991523151708803,-16.48548589529354,9.170246275679371,14.697717726955235,-8.775341780280186,-9.809145656816021,9.724470533672655,-34.538001875841786,0.0,0.0,48.357119999999995,-3822.6967785010334,9376.166051660517,-5317.053480424187,0.0,0.0,0.0,-4320.121710581349,-3431.2686338600943,-5849.143657791099,-405.14699157524103,452.05249378467715,944.9573196271515,0.0,0.0,SUBMERGED,UUV
1781496272.6829784,-6.157929876386961,-0.07212118993356356,-16.448786474688895,9.389440614039371,2.543894567138676,-3.5264824636466887,-8.790258735004368,13.20949134878209,-35.24017435820112,0.0,0.0,48.357119999999995,-3995.889522038482,386.03005288055897,-1028.633318368791,0.0,0.0,0.0,14146.737962152714,-11430.738415576856,-11515.254801511064,48.63371421636674,-97.16258595827757,-159.62994034283082,0.0,0.0,SUBMERGED,UUV
1781496273.0829518,-6.012839543201907,-0.005964235458127507,-16.391137461029476,-17.1177094792601,-17.190473174594946,-18.493040194055013,-5.610604952058368,10.855944056649237,-34.703568851981885,0.0,0.0,48.357119999999995,12575.707799849772,-12679.923798734622,-21989.167509647217,0.0,0.0,0.0,-8991.934005162953,13032.842459376021,22241.865751731075,647.7142069902463,-826.5467025086056,1094.532153035058,0.0,0.0,SUBMERGED,UUV
1781496273.483004,-5.883099131803455,-0.028360028114634353,-16.356359259356086,12.26967162201456,14.055784493800346,12.017056015066125,-2.6882676056272263,8.98327177777997,-34.08695893963433,0.0,0.0,48.357119999999995,-6635.221213255365,8606.59685806281,9638.051376264983,0.0,0.0,0.0,-1007.804235472448,-1715.1244975049708,1197.1549189234338,-694.8900197510989,671.9424439366909,-1195.6017159725393,0.0,0.0,SUBMERGED,UUV
1781496273.882987,-6.171178771004324,-0.06022578285001181,-16.5132604582451,-0.6932030417232735,-1.478736304709627,7.874133552226184,-0.14227304136111377,5.781301017353803,-32.85382909237433,0.0,0.0,48.357119999999995,53.90337994281258,-161.4612707850472,4347.830892063183,0.0,0.0,0.0,9705.383947771032,-9247.299406799677,-19985.71897188982,-123.3483221580142,117.84794891849502,26.406389151320486,0.0,0.0,SUBMERGED,UUV
1781496274.2830596,-5.929596390272142,-0.009772601137066104,-16.510674907236066,-12.955973038417083,-13.904681265518008,-15.82949988669155,2.631362408877843,3.252929304159648,-30.98317667459264,0.0,0.0,48.357119999999995,7361.838239004033,-8428.907616381608,-16296.480459182661,0.0,0.0,0.0,-14426.443881334688,14263.360138566553,7126.193476207399,349.2962214205451,-618.7551114412786,663.6119766959648,0.0,0.0,SUBMERGED,UUV
1781496274.733042,-5.907893584328878,0.029112213513931305,-16.58433328697062,11.674628483379164,9.06361983715116,-11.441869827905323,-2.8437283811065015,10.464084159343253,-28.93247254926831,0.0,0.0,48.357119999999995,-6036.233025603469,3739.4313811907364,-8762.782724406734,0.0,0.0,0.0,-1603.34822241781,4494.590729641448,-2217.249920444142,-568.4062272584256,568.4624199635396,824.6332704416034,0.0,0.0,SUBMERGED,UUV
1781496275.1332514,-6.139553903450116,-0.08709465209013631,-16.367944825884933,-4.787574848235782,1.0505104271276924,-2.828244360082808,-3.111209124786037,13.121540840529917,-26.027447717191613,0.0,0.0,48.357119999999995,112.96516077254537,1488.2603199674604,-5615.8397413208795,0.0,0.0,0.0,9758.748001826001,-13170.118881202794,20780.27291687768,-173.0252188397384,151.25370069154144,55.88067884910099,0.0,0.0,SUBMERGED,UUV
1781496275.4830275,-5.875103677367676,0.04717416877426563,-16.61157359227314,1.168936337105177,-7.315195585046179,-7.525916214655546,4.004302692067688,6.1677809509353025,-21.721250068288853,0.0,0.0,48.357119999999995,-113.10715739763742,-2506.1129851851474,-4000.205379258329,0.0,0.0,0.0,-9660.812369346939,13451.997147885146,-7336.863479140607,-244.95126498012638,150.62426081916314,-86.68729936192275,0.0,0.0,SUBMERGED,UUV
1781496275.9331431,-6.0307484868741685,0.07110812938013267,-16.63635505193191,16.528387015096502,12.198995875766833,-2.252348552881333,-7.460592210418104,16.169871869941108,-17.0029505655832,0.0,0.0,48.357119999999995,-11754.33325366637,6562.718928751286,-484.03357365619144,0.0,0.0,0.0,11457.351363830383,542.4591039692223,-12316.426379703125,-87.42200840808056,42.77078765337681,699.0328825208624,0.0,0.0,SUBMERGED,UUV
1781496276.383046,-6.121660007319441,-0.08663505042093056,-16.64185990224901,-9.214427788632364,2.8954276948609445,-0.9485640047462863,-2.5832330337420126,6.778047212632314,-9.928132562148104,0.0,0.0,48.357119999999995,3856.987574977856,480.0654439647415,-129.99455618032385,0.0,0.0,0.0,4001.696594245368,-11503.83432696593,-13593.713359292575,26.96187014297542,-10.046495127567141,184.87367779009904,0.0,0.0,SUBMERGED,UUV
1781496276.7330027,-5.8562890251452115,0.0963228031973905,-16.52207615381491,6.231708033099638,-10.348966667032474,10.49596395937895,-7.319061595736077,11.980336220559497,-5.524800676071859,0.0,0.0,48.357119999999995,-1865.064066440657,-4801.339212783974,7451.372149053581,0.0,0.0,0.0,-7055.14538462294,13780.643967645134,3404.0939043204653,-414.8627437201864,86.28045539419135,-128.98481819504704,0.0,0.0,SUBMERGED,UUV
1781496277.1830146,-6.061583585798227,0.11210274557909583,-16.476921860111652,13.088840511086206,10.097512888037645,5.167055999418159,4.346069941546627,2.9888003460358665,0.8315491613936674,0.0,0.0,48.357119999999995,-7506.992062680634,4583.157418688224,2015.9647065620763,0.0,0.0,0.0,14297.498933625335,3389.297839018819,9828.130719713732,15.867848079088471,197.50728688254242,-276.56384586692457,0.0,0.0,SUBMERGED,UUV
1781496277.583001,-6.002213030230205,-0.07275547773668174,-16.677309131110153,-17.00017559029488,-0.7763396450993966,12.832862493544358,5.504101370454512,5.2224592287689635,6.059571395301161,0.0,0.0,48.357119999999995,12410.248110572684,-62.921677515643196,10905.1696016239,0.0,0.0,0.0,-9925.379984152332,-9467.534760051469,-22763.83638610476,115.83694306230218,39.380257804064925,-120.87099752746362,0.0,0.0,SUBMERGED,UUV
1781496277.9830265,-5.919513754689443,0.11151110366297495,-16.70880921091481,9.65805899907218,-14.909779684942913,-12.691914849654493,8.42203005718438,8.831256651402601,11.239802930277724,0.0,0.0,48.357119999999995,-4214.628267992677,-9637.882449316083,-10672.370215584348,0.0,0.0,0.0,-3863.2431281315567,13735.895029630612,182.32571686075175,-647.4991821079313,-497.83116898287346,862.4179732239579,0.0,0.0,SUBMERGED,UUV
1781496278.3830209,-6.099857221347828,0.04626341866342168,-16.519038800192106,-1.86469551296365,15.993692685272746,-1.3145068280485372,8.710946223166674,10.016287655998552,15.900168227687194,0.0,0.0,48.357119999999995,232.35424893384035,11031.102051742073,-208.5755054248243,0.0,0.0,0.0,9593.010824843417,-6142.591825118103,15211.448958475099,-70.99443073754803,-41.992120632872755,-489.7108104004492,0.0,0.0,SUBMERGED,UUV
1781496278.7830496,-5.892368713509365,-0.03165851654781803,-16.673518226904996,-11.593836805078492,-5.758890302720771,18.32140398532219,9.7262472748624,12.257535812299237,19.9953689791309,0.0,0.0,48.357119999999995,5956.913367180006,-1614.3854390637375,21610.047378957937,0.0,0.0,0.0,-14249.40317872237,-6626.754154092545,-15573.015033132704,214.79880822357995,-783.0087240433328,-305.6025603768272,0.0,0.0,SUBMERGED,UUV
1781496279.1829798,-6.055646430579657,0.15903728711486784,-16.756789444074386,16.574710106043362,-5.419453154598682,-7.324843964388613,7.299747987497849,15.407871337902053,23.611337823167702,0.0,0.0,48.357119999999995,-11818.033576952848,-1445.563972892271,-3802.7825449359098,0.0,0.0,0.0,10213.557954545264,12779.710026387602,-7448.90731608392,-325.9492045904963,223.931221392994,457.68377036734114,0.0,0.0,SUBMERGED,UUV
1781496279.63302,-6.13219658732968,0.06613362187778093,-16.795678684818252,-4.5431156087781766,13.406379825893964,-2.168979049248608,-5.516959147716079,5.843220076292524,26.343735734917516,0.0,0.0,48.357119999999995,1052.7497148588595,7859.68829083183,-455.444650711095,0.0,0.0,0.0,7829.552329526739,-1291.3180001175897,-12450.19984119159,37.684301631772584,95.63040710138804,536.2692919123112,0.0,0.0,SUBMERGED,UUV
1781496279.9830046,-5.8275526166387195,0.030668816585089402,-16.65946182751197,0.6531882187494791,-9.046983629777172,11.351564621501584,2.9064988243092755,12.11012295951679,28.059662090468443,0.0,0.0,48.357119999999995,-49.718419660471284,-3726.689712118424,8646.146391629043,0.0,0.0,0.0,-10063.20915759372,-4764.785140811629,2217.4601949179487,-449.23930474810516,-603.0528152876304,-405.03668549100627,0.0,0.0,SUBMERGED,UUV
1781496280.433019,-6.0713303639050125,0.1598024981195711,-16.658891319091403,15.934075991400185,-7.929785663905154,10.593750443827611,-6.669787497852805,1.956046560447704,30.907133080424572,0.0,0.0,48.357119999999995,-10952.638178465248,-2911.477348799174,7582.873309145007,0.0,0.0,0.0,13158.548869825243,13151.78643765913,3068.5149135473403,-316.8336518912672,156.708815755263,-287.37119401401804,0.0,0.0,SUBMERGED,UUV
1781496280.8829675,-6.122288746822225,0.08921755225278885,-16.62403364686901,-7.751954209330549,11.863373992573415,5.558886797794845,5.702333992182637,6.944683345893385,31.784604958211194,0.0,0.0,48.357119999999995,2791.213589104958,6222.3370609382855,2300.850670759883,0.0,0.0,0.0,5659.455387352996,1301.2334600542208,9483.386156310877,193.89714168438078,273.50975397653207,-682.91768237884,0.0,0.0,SUBMERGED,UUV
1781496281.232967,-5.851678776563809,0.045481691253453,-16.824345389054738,3.200603990446883,-7.1514990780995475,-14.490890422240966,-3.957976973372318,0.3730085978497343,31.746013815377566,0.0,0.0,48.357119999999995,-569.850590157588,-2403.68273321419,-13748.207008096151,0.0,0.0,0.0,-8622.230058427864,-6032.306541370648,3552.2693923597126,-553.0067471497126,-768.1250807182544,401.1662549670742,0.0,0.0,SUBMERGED,UUV
1781496281.6830375,-6.05429964011307,0.10193538124004932,-16.858319041250827,14.332998696263548,-12.408994145810318,-13.678701816627925,7.821525282060878,11.480124093690598,31.26334271238793,0.0,0.0,48.357119999999995,-11339.26931828506,-10041.094976483231,-6382.57953016468,0.0,0.0,0.0,12150.402382622973,13407.361763684412,-4375.226204395105,-437.48052046345794,-319.12974733728566,989.4302938675416,0.0,0.0,SUBMERGED,UUV
1781496282.0832949,-6.032970261234193,0.08574636490111329,-16.699370216638737,-15.750958411567986,15.885548422847943,-4.941961620750384,7.524150287396781,10.223876292662474,29.59723987047523,0.0,0.0,48.357119999999995,10711.281090976467,10888.030097551042,-1859.9873551630767,0.0,0.0,0.0,-5543.390530568924,-5826.561254122967,17768.446084644453,-139.56619064734014,-91.17058530639383,-590.4377575762917,0.0,0.0,SUBMERGED,UUV
1781496282.4829617,-5.866663519719803,0.018708471152264077,-16.83451106969108,10.239336462787524,-8.746480766606954,18.570982454221802,7.275231425277122,9.296248059213625,27.56158821598938,0.0,0.0,48.357119999999995,-4705.580003049439,-3497.9707176258003,22187.635871295348,0.0,0.0,0.0,-3151.6146635590694,-4425.98140193228,-18236.46580818338,-700.4155646699304,-622.7682897029032,-543.4947418471103,0.0,0.0,SUBMERGED,UUV
1781496282.8830073,-6.142720502051985,0.11107888802955525,-16.909268453147853,1.4745758501329753,-5.739161234121121,-4.931596408221353,4.740657447531738,6.4889682835441125,24.438103020872017,0.0,0.0,48.357119999999995,-160.68784499618988,-1604.4789711285432,-1853.983194136947,0.0,0.0,0.0,10939.568987776936,12846.6811241599,-10210.921471355025,106.39625499077067,104.88803151805797,-123.09188025230151,0.0,0.0,SUBMERGED,UUV
1781496283.3329954,-6.008720411086088,0.1082404218146477,-16.95811686692254,-16.47160923929902,13.431513662597231,0.18418059962068917,-8.775173060498906,-4.793326637589971,21.11927274124352,0.0,0.0,48.357119999999995,11675.754393322759,7887.809099884548,16.954427823417685,0.0,0.0,0.0,-8807.626512128947,-1335.1022314279712,-14100.895095183543,-34.31680136496109,28.89438629930705,761.9790020912296,0.0,0.0,SUBMERGED,UUV
1781496283.6833045,-5.90353650733332,-0.040930501406427254,-16.763442068454513,14.832590719624427,-8.816124419674077,9.251508140141397,-0.14779573833899315,-2.9153292239981057,16.379357539347673,0.0,0.0,48.357119999999995,-9542.147658384387,-3550.2193358629484,5881.759699902376,0.0,0.0,0.0,3319.3593015081133,-4863.033360337942,5277.776973228839,-494.8953062591602,-400.5868669505557,-939.6458132103237,0.0,0.0,SUBMERGED,UUV
1781496284.1330175,-6.124771581556981,0.12543355460994096,-16.804241680672515,-3.551837143023392,-8.341070171989108,8.467242825027983,-8.038776037920416,-1.336019346932385,12.271778640454743,0.0,0.0,48.357119999999995,682.1449646969409,-3200.105582904605,4980.178412960516,0.0,0.0,0.0,8800.47356275521,13559.198042698517,6201.872346615127,338.2633006273509,181.30119946083954,29.369645521304776,0.0,0.0,SUBMERGED,UUV
1781496284.4829855,-5.845274472184912,0.017704346756733002,-16.929242841856137,-1.3945542229292462,16.041456140607504,-16.420369082494265,-4.013375400482088,-5.270245161492816,7.064159879330904,0.0,0.0,48.357119999999995,147.47273224671778,11095.6679792826,-17482.344437452393,0.0,0.0,0.0,-10710.125913433989,-13110.629140364694,8682.230154575716,-368.53266373361396,876.7264770820154,660.3535992960107,0.0,0.0,SUBMERGED,UUV
1781496284.9330494,-5.9932853301134195,-0.07020982242583246,-16.965511964064767,16.33903653871941,-9.649996830622788,-15.769478212576335,-3.5982185457027676,3.038457691774826,1.5093375373504014,0.0,0.0,48.357119999999995,-11496.045810943438,-4207.9795635565115,-16167.06193286201,0.0,0.0,0.0,12752.555250102963,-3884.4969437803834,6510.422544371954,-711.3666343915706,-942.3907080284769,1051.5560041560648,0.0,0.0,SUBMERGED,UUV
1781496285.3329823,-6.03119202715596,0.13475345382999968,-16.826679995235974,-13.283849913520159,-5.646317122093793,-2.246737652948374,-0.6777976273773435,4.844298931847874,-3.268900958443065,0.0,0.0,48.357119999999995,7722.165977089804,-1557.5131224485388,-482.6533205913449,0.0,0.0,0.0,-804.3287596892246,13521.508037300351,15899.024928789764,-78.70568775230332,-64.31533569359874,-242.94923569509473,0.0,0.0,SUBMERGED,UUV
1781496285.7329752,-5.838548214554721,-0.009162262537760396,-16.92679189586907,4.2396271167941855,17.335535918811328,17.95055924085442,2.3534582884961277,5.824342557416511,-8.737631578051582,0.0,0.0,48.357119999999995,-930.9195501642805,12888.655593119549,20783.645292266036,0.0,0.0,0.0,-7592.382267286532,-11407.187684749446,-13602.010137145084,-621.2383824591441,1028.4106728647132,-911.6279911563737,0.0,0.0,SUBMERGED,UUV
1781496286.1829758,-6.012059822521579,-0.11589224092126871,-16.916032885251646,16.10340163628757,-3.802284368561999,14.352483176381842,7.686831152448803,-6.024576239830104,-15.365000331167538,0.0,0.0,48.357119999999995,-11177.730248079846,-768.7255429924614,13517.611833121819,0.0,0.0,0.0,13223.233728470712,-8204.244355820269,-3508.32064889433,-579.9128190704492,-618.364160869881,-651.3605549770914,0.0,0.0,SUBMERGED,UUV
1781496286.583285,-5.9838250145184695,0.07891893309755912,-17.0745218337196,-12.935735526892422,-12.285456692763097,4.404524797887322,7.214620158303062,-10.1162545632733,-20.32298102507929,0.0,0.0,48.357119999999995,7340.103102733951,-6651.503952588229,1516.0143475798989,0.0,0.0,0.0,-512.9614057733247,14581.299234611819,-17451.269997661737,-136.60341172838082,-57.48047268568445,192.71591109280746,0.0,0.0,SUBMERGED,UUV
1781496286.9829705,-5.8407940960157045,-0.03636944668945489,-16.986022550279877,7.1168289256406325,16.862323379955658,-18.750240933977427,4.702729149549812,-9.128547385664797,-23.974005884262663,0.0,0.0,48.357119999999995,-2382.003073081572,12217.10134709946,-22580.058380743005,0.0,0.0,0.0,-5911.935332421427,-7949.965792422402,18444.57164189689,-457.26460801245935,1102.8028637372797,932.5846731020063,0.0,0.0,SUBMERGED,UUV
1781496287.382949,-6.1052753206765225,-0.07915095884127661,-16.931214271271937,5.4839671787730015,-6.610063707722743,5.062324435116005,3.186140070827677,-7.37781732240878,-27.44452861886459,0.0,0.0,48.357119999999995,-1477.21161905894,-2078.1270740294185,1943.1982624960244,0.0,0.0,0.0,12843.663256800472,-6658.770973653411,10049.663482286158,110.94261658752946,-194.85460724646688,-107.37154080041503,0.0,0.0,SUBMERGED,UUV
1781496287.783004,-5.891536590166667,0.04462295860167755,-17.050909233400656,-16.768894612113527,-8.236715226930098,17.70775669705777,1.2211046249975634,-6.514589130637797,-29.641912413137366,0.0,0.0,48.357119999999995,12086.110699648885,-3125.634338768059,20229.26366086306,0.0,0.0,0.0,-12540.298190471445,13454.328470540342,-23304.74492306789,435.1831754514868,-138.08125191476967,-381.0805938695942,0.0,0.0,SUBMERGED,UUV
1781496288.1830828,-5.893270490040494,-0.07356077188627425,-17.118762891151796,13.888259830341177,16.48164556680477,-12.944289868463628,-0.4619391724542953,-2.827681033259995,-31.35966213067911,0.0,0.0,48.357119999999995,-5441.992424105309,11301.722051143097,-5621.972819688856,0.0,0.0,0.0,-2304.26670948269,-7634.577205628837,-5414.890347692004,-728.9395187765857,713.3228919499286,1353.2318321099206,0.0,0.0,SUBMERGED,UUV
1781496288.6329474,-6.083993527187439,-0.06767485103032475,-17.165824054549233,2.3443755673079254,-4.520012433328391,-8.251833048087972,3.8115284192507257,-0.16758093361262116,-32.07726757049362,0.0,0.0,48.357119999999995,-337.06544078069084,-1043.1910362389167,-4744.261131811393,0.0,0.0,0.0,11398.84709887301,-7911.6926134966425,-6598.24837124621,230.94137801967722,-327.17402519731877,90.8932306641612,0.0,0.0,SUBMERGED,UUV
1781496288.9829612,-5.795259648048525,0.01874170096261954,-17.038824004499894,-8.36889100777486,-1.2963742934140483,16.680902578297307,-2.4488177390092187,-0.5585949830866113,-33.06011531302832,0.0,0.0,48.357119999999995,3220.271018603984,-132.03945986590722,18029.940869602637,0.0,0.0,0.0,-13209.789149865228,10197.385357518986,-9487.039084031334,-21.2379233515026,528.9276068449258,41.40866789839214,0.0,0.0,SUBMERGED,UUV
1781496289.4329505,-5.864430278899673,-0.0447591330016219,-16.994848599147495,13.77336690647528,15.929199831278371,12.115049847160641,9.692427999896932,-7.15826410039176,-33.18508258469964,0.0,0.0,48.357119999999995,-8276.842626927377,10947.592177562794,9789.50878523914,0.0,0.0,0.0,1204.8588632109772,-5570.376513192996,943.5408025115169,-725.2053345073299,697.0803256937162,-1391.8256208166213,0.0,0.0,SUBMERGED,UUV
1781496289.8329487,-6.038814049041061,-0.05540190312971138,-17.246021388708897,-5.976952108551289,-8.239037242313245,1.3303021838420641,11.151075515245628,-10.505198844150721,-32.9698554435878,0.0,0.0,48.357119999999995,421.36506332315435,-1322.1155739956139,3664.614878443872,0.0,0.0,0.0,8653.812927363744,-7082.915909605425,-19347.103612397954,-50.414871152538794,26.017152363852905,310.3249582257604,0.0,0.0,SUBMERGED,UUV
1781496290.1829827,-5.771685442363989,0.01060911727887417,-17.007782639924994,2.277263498562806,2.9259639720694337,8.44844972770299,3.4237500919295085,-5.836586285920414,-30.852545421373637,0.0,0.0,48.357119999999995,-321.3072150486328,488.7773079339701,4960.4268333378695,0.0,0.0,0.0,-9577.252247080094,9305.508735995465,6412.083951986989,-302.6012789311818,329.26972134964865,-156.45223229395557,0.0,0.0,SUBMERGED,UUV
1781496290.6329951,-5.977998118985536,-0.034455029168979315,-17.05486136844542,16.271728694601855,16.58469599623868,3.4418319960885575,13.002992944655025,-15.246715325813636,-30.581664099255736,0.0,0.0,48.357119999999995,-11404.206863250647,11831.448194786482,986.6003318216009,0.0,0.0,0.0,12609.123030143403,-11863.628125938823,11427.729647480084,-77.50505080655154,66.1088592432082,-547.8165875654156,0.0,0.0,SUBMERGED,UUV
1781496291.0329714,-5.965620760237617,-0.06497766991696553,-17.228125200575448,-15.225448271887275,-12.913949796440598,14.311977898604713,13.661124949246734,-15.508845829020935,-27.876222282323898,0.0,0.0,48.357119999999995,10033.88763260013,-7316.534185757644,13433.749569300977,0.0,0.0,0.0,-4083.971614596914,276.9529153160106,-23014.87244864109,17.98304969427678,-27.97268460915409,-35.49855830003709,0.0,0.0,SUBMERGED,UUV
1781496291.4329505,-5.746707683287543,0.04205799361869845,-17.1997343027508,6.154816238360584,0.9311909439403443,-11.998434881580724,10.487594333844319,-14.053147182562528,-24.364373770843407,0.0,0.0,48.357119999999995,-1823.0987279815797,81.30540268256661,-9592.35644676981,0.0,0.0,0.0,-6744.137202751415,9897.248761079987,-1141.5804081927638,-494.28390893790555,483.507948854047,232.94977923221884,0.0,0.0,SUBMERGED,UUV
1781496291.883206,-5.978182288645853,0.0038505525825751757,-17.275521621778594,10.13563290974814,16.41768107695376,-11.155048958230001,-3.289096384848923,-6.351295534417485,-19.281861305393075,0.0,0.0,48.357119999999995,-8371.081816874732,11159.883556222594,-3528.4943156145255,0.0,0.0,0.0,14338.947856706205,-7400.785707017134,-7711.808154435374,-78.47580426135552,337.5845527182169,741.7503656828148,0.0,0.0,SUBMERGED,UUV
1781496292.2329957,-5.865885074484332,-0.07159607981054257,-17.161671364771834,-14.896165470895351,-16.420997881923917,18.13454803979061,4.708261429536666,-9.322871657805468,-15.253372684190703,0.0,0.0,48.357119999999995,9621.195900824072,-11606.059954377008,21200.199564291506,0.0,0.0,0.0,-14223.695868066417,6044.6015649884175,-13703.184471873717,444.2754687102823,-1290.6166445114413,-1226.3208140353788,0.0,0.0,SUBMERGED,UUV
1781496292.632957,-5.82169872856135,0.09550979308659342,-17.30872951793398,16.192068473905284,7.293707037095167,-6.712996291719008,-0.7086814210786849,-6.948047144377354,-10.136292678754874,0.0,0.0,48.357119999999995,-11297.763516300707,2492.7389504139423,-3238.02155877999,0.0,0.0,0.0,7476.127828070873,5988.680848154235,-8245.046307753615,-313.19747658791425,236.6612852084734,810.4861087106958,0.0,0.0,SUBMERGED,UUV
1781496293.083086,-5.957679354372501,-0.08317064008680379,-17.341955983968855,-6.383466745430222,10.054744178840362,-5.7135415234858105,-6.991631520832982,-15.39058081994763,-3.1108329965579222,0.0,0.0,48.357119999999995,501.64092256574116,8359.157149123776,-147.31670684014784,0.0,0.0,0.0,8739.972122913568,-14511.141183549187,-13564.597666430422,-26.02678378286719,8.485333346826089,30.99736665676194,0.0,0.0,SUBMERGED,UUV
1781496293.5329514,-5.761139929594187,-0.0578090163510974,-17.322397464400197,-12.327001189745475,-10.711656323399632,-0.07465877438305495,2.761316661140424,-18.938019913124457,3.417642686661717,0.0,0.0,48.357119999999995,6694.409334990801,-5125.198145079063,-6.334297340156326,0.0,0.0,0.0,-14573.031013104941,-2373.8691539899537,-14060.123414278514,-35.555950841365984,-42.80841613369408,216.17923590881492,0.0,0.0,SUBMERGED,UUV
1781496293.8829346,-5.916266790110262,0.150432167086087,-17.190625081733067,16.074816165941233,5.317344302373128,9.328188501763144,-7.066409323281522,-19.10931066242448,9.35101799031124,0.0,0.0,48.357119999999995,-11139.863272324696,1397.0323096311151,5970.75774237904,0.0,0.0,0.0,12796.983397667815,7764.11761872824,5143.344959589147,-315.62058252471945,366.862421850001,-602.2352414955226,0.0,0.0,SUBMERGED,UUV
1781496294.3329563,-5.939354866361535,-0.05889869757411567,-17.205789269565635,-10.734695132292849,12.926085915816719,8.548097808053884,0.6571562236221331,-12.985236719954848,13.636642442135564,0.0,0.0,48.357119999999995,5145.687455434874,7329.623896537037,5069.896178069386,0.0,0.0,0.0,2786.125476386822,-14295.159188559015,6076.921515485819,414.21250709865615,-24.94417252038292,-385.8662929288463,0.0,0.0,SUBMERGED,UUV
1781496294.6829782,-5.729425257901106,0.0706995765548937,-17.303921729118986,6.569250541581471,-16.86221022150005,-16.426142255634947,-6.449817671373722,-19.01437515217055,19.620030938236606,0.0,0.0,48.357119999999995,-2055.112383191029,-12217.27528058229,-17483.641343610838,0.0,0.0,0.0,-6414.84445113745,9430.434749361559,8218.115459112089,-777.1682759651807,-1067.969177562542,1126.4173826213348,0.0,0.0,SUBMERGED,UUV
1781496295.1329782,-5.906971446383884,0.130258453355545,-17.39729121306207,14.440709174355618,2.598784208503674,-11.978445299498766,-4.046149126646424,-7.222723607850773,22.041359724473015,0.0,0.0,48.357119999999995,-9063.42116296372,400.19532176883513,-9563.098534304554,0.0,0.0,0.0,14073.190688202998,9060.208514437254,-1005.7468314425694,-329.0952457007321,533.7082980658513,410.1367457846494,0.0,0.0,SUBMERGED,UUV
1781496295.532969,-5.813998819646388,-0.022566498499020784,-17.216354925521937,-16.8096577436337,9.832699888960637,-2.4868390273947814,-7.797210821935558,-7.42097914911551,25.311859075580646,0.0,0.0,48.357119999999995,12142.750679673714,4358.995854446592,-570.233041509489,0.0,0.0,0.0,-5093.497600427991,-15656.02494701276,20585.74764671435,-143.18920548569557,170.95376803747632,15.971647897624734,0.0,0.0,SUBMERGED,UUV
1781496295.9329581,-5.726911373732067,0.07736750008522651,-17.28221596056003,9.922302777282656,-17.035874195236108,18.118487320674856,-10.176538999403379,-9.295159307211078,28.869539056536066,0.0,0.0,48.357119999999995,-4434.185242771151,-12462.637855628145,21170.04613024097,0.0,0.0,0.0,-3654.3290082560843,8080.666685004142,-13693.85876370711,-983.9067746537805,-1136.1297684290662,-1284.974026713261,0.0,0.0,SUBMERGED,UUV
1781496296.332985,-5.922720629506272,0.08811182767137343,-17.498153033878673,2.949338588956669,5.594318427633375,-2.1454068801980473,-15.19921602280082,-11.24880876384828,31.601873697023994,0.0,0.0,48.357119999999995,-495.39290201657894,1531.6885438390232,-448.0432939217438,0.0,0.0,0.0,11610.507618443902,7098.119790567456,-12719.077131072736,35.479689916565036,63.32518127851802,93.05551113822676,0.0,0.0,SUBMERGED,UUV
1781496296.7329752,-5.740927100329123,0.011696853146009552,-17.326241185720843,-16.629946095446787,9.463455805834496,-18.70011002954017,-17.431696599468882,-14.024806277999607,34.047209473259116,0.0,0.0,48.357119999999995,11893.250583703584,4055.701787056643,-22475.834510095003,0.0,0.0,0.0,-13722.54585217242,-14202.689483700186,20873.762179699388,609.7996280286627,375.2369127036142,585.7703841888415,0.0,0.0,SUBMERGED,UUV
1781496297.1331015,-5.77496558988677,0.09360232937544073,-17.255615979707855,13.071097784428705,-16.44440648312051,6.622078809909306,-20.119402947190206,-18.796956135662793,36.56401925796095,0.0,0.0,48.357119999999995,-7487.550114667865,-11639.974791554687,3165.7578857277326,0.0,0.0,0.0,290.2313334843011,7852.203529042056,8205.637382020694,-353.7363980934062,-295.1458524961192,-1143.9820338914708,0.0,0.0,SUBMERGED,UUV
1781496297.583026,-5.991781214034271,0.10616820543092675,-17.369595081394944,0.06743695712840814,3.9279771736595652,5.758471002961821,-15.684292566229844,-16.670419148942667,37.5717903022479,0.0,0.0,48.357119999999995,-3.5662455264364668,813.5246726366346,2450.8687642877444,0.0,0.0,0.0,10717.021562707014,8655.83897993135,9470.587216601505,168.7722707316812,217.3016258726839,-116.97599122446766,0.0,0.0,SUBMERGED,UUV
1781496297.9830894,-5.648419946880423,0.034913094621320626,-17.432253083575876,-9.808831321847965,7.101629695834913,11.701805130706001,-12.863100599572107,-15.739189607018778,36.23635657542899,0.0,0.0,48.357119999999995,8195.15930430935,5816.406331116179,18729.744816682785,0.0,0.0,0.0,-14482.324437984515,-14456.223041982494,-23745.0630609797,131.3683791302836,100.73621685185122,-137.02461766906055,0.0,0.0,SUBMERGED,UUV
1781496298.3830264,-5.741131780214379,0.064535907190453,-17.49031788577462,16.493642057032826,-16.592021604975017,-13.957570343018661,-10.630713632825879,-13.755003648314265,34.67532793925537,0.0,0.0,48.357119999999995,-11707.656876812538,-11842.205573022315,-12787.775953617776,0.0,0.0,0.0,7946.733630155466,8680.133460642412,2570.3290486567744,-802.117136049979,-853.4996993268957,1571.171917204883,0.0,0.0,SUBMERGED,UUV
1781496298.7830276,-5.939601597822209,0.10016582365700838,-17.379513140051742,-8.662025952297709,7.5990141145700125,-4.182462857951648,-6.671636141299022,-11.227760894045772,32.46677098662732,0.0,0.0,48.357119999999995,3434.2426045059055,2689.737390571913,-1384.6048792702832,0.0,0.0,0.0,4623.32443361246,5575.018727552506,16992.570802292434,-105.30397997503505,-108.38900496409781,-331.95284922623273,0.0,0.0,SUBMERGED,UUV
1781496299.1830356,-5.615127965212989,0.022815646321648515,-17.387765101362824,-1.239927599986451,4.566838450578646,17.4577841988198,-5.569813154722473,-11.164074978823997,29.25721847380375,0.0,0.0,48.357119999999995,123.50956224435033,1062.4807118276058,19682.30651688572,0.0,0.0,0.0,-10206.120840855598,-11603.747741192867,-12087.640444149536,-329.69471956958705,-228.1018099412499,66.4694386391409,0.0,0.0,SUBMERGED,UUV
1781496299.632995,-5.742844326903591,0.004259991519601063,-17.37726463159833,16.927639188746447,-16.81680925139435,16.709754882779684,-12.212517500677338,-22.760065033998064,26.99268374596988,0.0,0.0,48.357119999999995,-12204.364244457653,-9442.934237144671,11760.969515629049,0.0,0.0,0.0,8586.452708992352,2913.027503517592,-1242.4180293383358,-801.2593741436738,-768.3842225917174,-1488.5385155749013,0.0,0.0,SUBMERGED,UUV
1781496300.0330815,-5.791642658839358,0.11055775290420444,-17.629739938724974,-12.037772449456975,5.592980643289548,-0.20566375152611832,-13.223495085495799,-25.376803557516702,23.501359652682936,0.0,0.0,48.357119999999995,6398.139190994003,1531.0273639572074,-18.997130389859358,0.0,0.0,0.0,745.7714559568503,6995.83936758136,-13957.202271287766,-4.848966524100342,30.724364127867076,441.2844863982912,0.0,0.0,SUBMERGED,UUV
1781496300.4330323,-5.6004566659671715,-0.007747993305029559,-17.428312463904447,2.6582331554400724,9.5783624994778,-18.520210395015678,-13.350267104839954,-26.414855658853945,18.90594328303879,0.0,0.0,48.357119999999995,-415.5906092168778,4148.865531962364,-22062.74216163235,0.0,0.0,0.0,-8713.90907272455,-14095.612637041726,17712.804942377938,-300.69634387598427,314.6023173970592,164.6926158441939,0.0,0.0,SUBMERGED,UUV
1781496300.8331978,-5.840749825553156,-0.00585948507970626,-17.456963404591413,9.209563986982035,-16.501033215844974,4.423875982498243,-12.177184108578226,-27.372150723930947,13.363853272117568,0.0,0.0,48.357119999999995,-3852.8815585806396,-11715.922021030985,1529.9792123511347,0.0,0.0,0.0,13985.716853741906,8102.992736754702,10463.467604256468,34.17451925041474,-181.70844792961404,-484.9639976375944,0.0,0.0,SUBMERGED,UUV
1781496301.2830198,-5.797481350615781,0.14428217467014215,-17.44395177298171,-15.79344081915116,3.1489309029261348,3.401575795700206,-2.8329499081460243,-17.071049047674922,6.653292348646132,0.0,0.0,48.357119999999995,10766.311333501442,553.9864885023671,967.3504444358531,0.0,0.0,0.0,-5660.645424030736,9099.247398750804,11479.056535125545,136.25860823735522,124.45770505461829,-597.9092332265091,0.0,0.0,SUBMERGED,UUV
1781496301.6329656,-5.601288077160885,-0.10484906392705909,-17.56868928614459,12.647283794131884,3.0042257250083813,-12.270570810914426,-6.286911350716459,-21.202023641753808,1.0058177533904864,0.0,0.0,48.357119999999995,-7030.880047601912,511.0202217165454,-10009.473937252033,0.0,0.0,0.0,-346.6738884681399,-11660.052854048772,-573.0176977934826,-633.8577603433633,-421.0942371072771,440.3528998777468,0.0,0.0,SUBMERGED,UUV
1781496302.0830004,-5.751985539055218,-0.029655116186955276,-17.67912098714469,3.816995073118697,-14.400306292802787,-7.222075721363254,7.7479960635437,-17.67598534570323,-4.737531676171131,0.0,0.0,48.357119999999995,-773.6840332472008,-9014.687367238063,-3704.3462421096874,0.0,0.0,0.0,12049.292326160634,2923.493612337349,-7637.412569208796,153.2832506525807,-364.6785258622296,517.1198329196168,0.0,0.0,SUBMERGED,UUV
1781496302.4832952,-5.6366334168061325,0.08976920692175261,-17.44804251267923,-14.159790712938424,6.299350709074437,-9.504374349263896,11.92516451226787,-21.035310148466998,-10.208933217000451,0.0,0.0,48.357119999999995,12098.991764483513,479.4333456912627,-15285.074149661676,0.0,0.0,0.0,-13970.15138315752,8652.065868173646,23314.23782239692,328.79858535905134,-99.39731812123084,273.26746108362397,0.0,0.0,SUBMERGED,UUV
1781496302.8829563,-5.669264580239457,-0.1332512443452458,-17.524555620700813,15.831001460485595,6.540787749547462,14.674669358173773,15.093642494154132,-23.389102716232454,-16.727304976434578,0.0,0.0,48.357119999999995,-10817.153280395649,2037.917493333264,14103.06241174215,0.0,0.0,0.0,5088.781260645113,-12437.037865646656,-4165.008802439073,-815.7353391193027,-187.18885263660675,-637.100715250212,0.0,0.0,SUBMERGED,UUV
1781496303.2829769,-5.701581988419297,0.016119508325318548,-17.71952984552443,-5.793636298401206,-16.480114052156473,4.0520696455728835,17.78111367978949,-25.616242883151557,-22.090763089002866,0.0,0.0,48.357119999999995,1632.3403789256279,-11687.670847885709,1309.3128602388988,0.0,0.0,0.0,6770.2330886306045,8443.087454345508,-17168.44843981562,-133.39499962244014,75.79537655562868,399.19614848244845,0.0,0.0,SUBMERGED,UUV
1781496303.6830328,-5.517030930995309,0.02125044967685436,-17.55924070495611,-6.8824371109672,8.167830442551926,-17.471729770864275,18.964800502872226,-27.326753438962434,-27.3659706023005,0.0,0.0,48.357119999999995,2239.0889218608145,3076.9346635123393,-19704.440155486373,0.0,0.0,0.0,-13064.1804803029,5150.818205728301,11718.951617262923,54.3426450937944,944.153417784426,370.318631656949,0.0,0.0,SUBMERGED,UUV
1781496304.0829916,-5.77935486964133,-0.1117947634364293,-17.591659476413444,14.42401402895529,2.1796337682317857,5.330414908418504,17.75474161560503,-27.655935808990606,-31.42430943190686,0.0,0.0,48.357119999999995,-9043.337877663971,299.0109056072527,2131.0025089552882,0.0,0.0,0.0,13977.256392572192,-11786.496757999568,9751.21023282485,2.3895866430371724,-138.3146298962837,50.421759029608296,0.0,0.0,SUBMERGED,UUV
1781496304.5329735,-5.767533105779867,-0.01747375221294998,-17.572447961879107,-8.400215559504257,-16.094828724690274,-0.19187170419741395,7.728341072127337,-16.30767711926082,-30.9846541842446,0.0,0.0,48.357119999999995,3242.6297308472613,-11165.871580665947,-17.359301605003036,0.0,0.0,0.0,4962.242418371887,6479.160051537493,14232.528004175332,-44.37857315368313,-12.952117769132691,-692.1865602191451,0.0,0.0,SUBMERGED,UUV
1781496304.9330573,-5.474851993782538,-0.0008752418436841942,-17.59541083362009,-1.9032748706497244,6.165628867719492,18.446862410063332,7.201703272597724,-15.598408633535094,-32.736180696201416,0.0,0.0,48.357119999999995,240.16606603752953,1829.0049144453003,21894.73300101327,0.0,0.0,0.0,-10516.242912408758,6323.801949440685,-17571.319796958258,-214.0597661916564,620.3642587032953,-148.2055484489111,0.0,0.0,SUBMERGED,UUV
1781496305.3330102,-5.699244405095508,-0.09090950127850034,-17.786525147313434,12.79602476372538,4.540403013415211,-8.619250396468905,10.135716613725068,-15.190699960259268,-33.43743364174677,0.0,0.0,48.357119999999995,-7189.152945614912,1051.5782997423594,-5146.98455364003,0.0,0.0,0.0,14439.310407509194,-12382.340756682253,-5871.255704260952,-50.583101020474345,-268.83770315370634,-53.21538926883328,0.0,0.0,SUBMERGED,UUV
1781496305.782972,-5.6359527710808575,-0.03780986225201156,-17.824212456550722,-10.535152945847512,-13.9678565991221,-3.6670601239944105,24.13424720407938,-24.652129646434815,-36.831854964849605,0.0,0.0,48.357119999999995,4966.200981035463,-8502.453471026765,-1098.9519644115342,0.0,0.0,0.0,2705.735058043743,2239.027358203268,-11073.508999775451,111.52141207030621,-176.62884102446924,795.0569730551678,0.0,0.0,SUBMERGED,UUV
1781496306.1329558,-5.492906083609494,-0.013877540663381803,-17.552212419290452,7.4339051529472995,9.980295245369346,12.684334096808321,14.599203746051051,-19.830861747578172,-34.34572610198697,0.0,0.0,48.357119999999995,-2582.192892787103,4483.9340587580555,10678.445311649171,0.0,0.0,0.0,-6148.804268652848,3833.2696105999726,168.5783546173957,-642.9753202109465,683.6913424362604,-731.483756407526,0.0,0.0,SUBMERGED,UUV
1781496306.582999,-5.741823409100423,-0.08454523204079883,-17.731842250491678,8.626232443107124,6.747896628805879,12.304483600417786,25.57962679645599,-28.631692923842824,-37.48331280007912,0.0,0.0,48.357119999999995,-3407.6604571643256,2158.7794920946276,10068.116371599794,0.0,0.0,0.0,13295.906482743723,-12668.402990195718,278.49662562553476,158.67501588245156,-233.03750861076088,191.23446004650495,0.0,0.0,SUBMERGED,UUV
1781496306.982969,-5.54331040535759,-0.037710201015930755,-17.787344153220047,-16.83827620227165,-16.806239573239225,8.390291800595653,23.368811379208655,-28.266934559549668,-35.214251026491354,0.0,0.0,48.357119999999995,12182.964919128674,-12138.420575405173,4894.542040193501,0.0,0.0,0.0,-9601.706504408945,9258.239267352028,-20331.00018580395,-71.81779123834986,-7.197332416629685,103.77558408929008,0.0,0.0,SUBMERGED,UUV
1781496307.382959,-5.431320694376298,0.010444628269152496,-17.710024623312584,10.157169238212667,8.094160868103762,-15.880289449700674,20.25607709397041,-26.927043407696754,-31.92011958460521,0.0,0.0,48.357119999999995,-4634.948671056155,3025.8779824879757,-16385.64158514688,0.0,0.0,0.0,-3275.082830283648,5269.188621533535,6552.380119259441,-801.8468429710593,907.0339337199803,780.5901204655639,0.0,0.0,SUBMERGED,UUV
1781496307.782976,-5.742468256409291,-0.07312777130689466,-17.736283476498652,1.6965403664063599,7.28294910745889,-2.328368715687985,15.432647828091223,-25.56932011710999,-28.19680977732515,0.0,0.0,48.357119999999995,-200.00060922368235,2485.6399818019468,-512.0563018464092,0.0,0.0,0.0,11438.944587714235,-14180.484715979219,16239.735434019345,-66.5049808568689,38.504467698871736,135.03750508848034,0.0,0.0,SUBMERGED,UUV
1781496308.1831536,-5.4708235817728275,-0.03144343232559682,-17.7274191465976,-10.712282418451828,-16.51403396930296,18.690197551718644,11.894851541569167,-23.42284654681547,-23.07638551100711,0.0,0.0,48.357119999999995,9020.179987920435,-12956.552467086365,21485.34970505127,0.0,0.0,0.0,-14326.293723476356,10499.403306604283,-14375.377980920828,429.96726276048287,-1143.2764675170877,-1141.547538380052,0.0,0.0,SUBMERGED,UUV
1781496308.5830317,-5.452243318549356,0.05538762333402872,-17.84333587345571,16.306792493593235,10.5779603528758,-7.18799052116008,5.947103484541601,-20.792034405362607,-18.28127067149118,0.0,0.0,48.357119999999995,-11452.712520712506,5004.847138887718,-3671.184276657002,0.0,0.0,0.0,8003.658147519582,2789.1307833479514,-7663.5937351008615,-347.93078571105326,289.0497334819582,972.3453351441866,0.0,0.0,SUBMERGED,UUV
1781496309.0329115,-5.585261708631397,-0.0769595805566094,-17.926494891497622,-3.411087462662796,9.242120970597863,-1.5998159520158706,0.19548442739021207,-29.84419828030038,-12.014232933838263,0.0,0.0,48.357119999999995,636.0109145032001,3878.7180782147475,-281.78480857646423,0.0,0.0,0.0,8496.062796994334,-14045.398628042309,-13158.428781656505,15.965683787827746,-10.455660006196794,-21.07583373481721,0.0,0.0,SUBMERGED,UUV
1781496309.4330206,-5.43692870518932,-0.039308006744877985,-17.74828720488047,-9.649786662392572,-16.546347153845467,-18.790301260590084,-0.30630878555718305,-31.851223008932433,-5.95816657357638,0.0,0.0,48.357119999999995,4207.231414719953,-11778.562343633854,-22677.428352343224,0.0,0.0,0.0,-14170.425057889952,7016.506167333324,19946.692335609518,265.7808111615313,-1058.2559568931958,854.8967909072633,0.0,0.0,SUBMERGED,UUV
1781496309.8330133,-5.56449904013683,0.12184734926931043,-17.747521184937547,15.691460087458253,9.186865338837332,9.97235835547246,-2.3313914230608495,-33.06467902966615,1.0113459572945378,0.0,0.0,48.357119999999995,-10633.342084980255,3835.629971588169,6769.2420318140885,0.0,0.0,0.0,13250.536827754424,4519.967721513056,4246.827351458896,-318.36005174648665,454.3584655390487,-735.356120222471,0.0,0.0,SUBMERGED,UUV
1781496310.2329922,-5.486482320454637,-0.08761454962549795,-17.904057901971875,-13.637044821134282,5.577018616877018,11.76539187747768,-2.498401456324545,-35.24547170210975,6.879596767245142,0.0,0.0,48.357119999999995,8120.668392788587,1522.9037414366537,9244.677704924567,0.0,0.0,0.0,-1433.6094933931645,-12552.096759558663,-22245.105419598447,-127.60260630189674,93.79972962675947,82.7620399146018,0.0,0.0,SUBMERGED,UUV
1781496310.6330454,-5.37235159628118,0.07889453406948169,-17.81872515520743,7.638868775990909,-16.04762188692691,-16.8623110020841,-4.730882966151667,-32.99782650771339,13.243165764789588,0.0,0.0,48.357119999999995,-913.8457729807584,-11906.616960890393,-11987.941137695396,0.0,0.0,0.0,-8036.752013844671,9975.745388077963,1639.484120612337,-581.3101318876244,-826.069108645617,960.1887959746998,0.0,0.0,SUBMERGED,UUV
1781496311.0829954,-5.514053698504529,0.1182536750321587,-17.952309764640894,13.274668860646212,6.4106100018886325,-12.514625345047945,-6.9598253473423615,-20.922083610876232,16.757058245348098,0.0,0.0,48.357119999999995,-7712.409049339634,1964.537944581353,-10393.589968186441,0.0,0.0,0.0,14355.573403531296,6671.386851916229,-157.66193480812717,-253.4624117171341,624.6721087453012,471.19499757790993,0.0,0.0,SUBMERGED,UUV
1781496311.4830344,-5.479170777714255,-0.04954795562580642,-17.77635060853504,-16.230944196828172,9.984087086206355,-7.964418991254159,-11.437610226994178,-20.005207636121668,20.740398018003532,0.0,0.0,48.357119999999995,11349.013428050204,4486.5620723941265,-4444.076686772611,0.0,0.0,0.0,-6653.557501324184,-15088.617654136484,20165.172528607945,-97.25309928750211,167.06362145245222,8.989224898007862,0.0,0.0,SUBMERGED,UUV
1781496311.883056,-5.368575993899483,0.07012598477631798,-17.769393345716047,7.832404159740246,-16.821183130161366,15.677024784637315,-16.91714544671764,-22.62219028206599,26.02378840468292,0.0,0.0,48.357119999999995,-2845.468635877163,-12160.95283051985,16020.82204057986,0.0,0.0,0.0,-5694.552713353831,7817.27608916537,-6204.0896960593345,-861.4353942243292,-1028.1378734113975,-1226.0945229663625,0.0,0.0,SUBMERGED,UUV
1781496312.283055,-5.500233054126692,0.07170129245704351,-18.051660984346384,1.351859521195305,9.012379725341203,-2.7126982637620674,-20.912220436755078,-23.32014567054689,30.000237587872405,0.0,0.0,48.357119999999995,-140.6901114164126,3699.697817956411,-658.5777138488463,0.0,0.0,0.0,10889.792336266246,4250.23448219679,-12158.613186402603,44.32068252060148,96.68816936661749,239.30954227787208,0.0,0.0,SUBMERGED,UUV
1781496312.7330215,-5.345733312049823,-0.007714755480980838,-17.95389256111745,-16.497753968643266,11.351838190917864,3.7161306250249226,-25.402398212684442,-30.102044632723494,37.83927784549345,0.0,0.0,48.357119999999995,11711.782787456075,5722.222706211348,1125.7147744354902,0.0,0.0,0.0,-8561.38416350619,-14483.041908878542,-17068.693761574654,-92.10161969210624,54.45548535740531,194.04221268741725,0.0,0.0,SUBMERGED,UUV
1781496313.0830371,-5.435522933184622,0.12189960141238275,-17.811209415288577,14.182819662785935,-16.33087701854829,6.899887502332748,-27.54210937073621,-28.87294918123121,38.580338929503654,0.0,0.0,48.357119999999995,-8755.450719314678,-11485.212476800712,3412.080018025942,0.0,0.0,0.0,2101.75128550954,12448.546095453727,7925.111654586824,-342.8365493534858,-213.88916771051066,-968.224041395088,0.0,0.0,SUBMERGED,UUV
1781496313.5330205,-5.601139407416729,0.09935296713854508,-17.93001199631283,2.7367274008381415,4.043041504479198,1.4309532651541517,-20.478212305346023,-25.49234474931135,39.55749158914266,0.0,0.0,48.357119999999995,-436.4721638849466,856.0119503990718,237.17631952019468,0.0,0.0,0.0,11987.672719328617,8397.925137104019,13309.027500194556,33.683229031881815,45.83629858979001,-52.08971816144008,0.0,0.0,SUBMERGED,UUV
1781496313.9330616,-5.280531354498719,0.029526653502295393,-17.91868835359942,-12.497505395330675,6.848056354338921,16.71453700592755,-18.4667486013812,-23.614723223913995,39.28475520566535,0.0,0.0,48.357119999999995,6872.398067934736,2218.275564537866,18096.40442142194,0.0,0.0,0.0,-13960.497188462134,-14273.080123465814,-19869.798144357133,542.3387447182979,302.51852577850906,-502.7960846245832,0.0,0.0,SUBMERGED,UUV
1781496314.3330204,-5.31173553316661,0.07736762150339362,-18.0197501475206,15.579668392009129,-16.441958030457943,-10.263508885581729,-15.382725881138388,-21.421951502411943,38.342868580118655,0.0,0.0,48.357119999999995,-10489.082746261494,-11636.243882274184,-7131.308396862896,0.0,0.0,0.0,5301.936833906899,8899.970367626755,-3643.9821281286086,-556.0547148653009,-551.8777705051117,1383.635454733611,0.0,0.0,SUBMERGED,UUV
1781496314.7330334,-5.5505694269059065,0.09120730347463134,-17.963004225054544,-6.551778425639057,8.25560400849766,-10.025528458890882,-13.56981549076733,-19.25171340595505,37.00365630634089,0.0,0.0,48.357119999999995,2044.615214957083,3139.0267224234135,-6834.654241348268,0.0,0.0,0.0,6322.799869996107,4924.892298142312,20813.849918079864,-161.37032676864953,-158.6229061913803,-188.83335277816263,0.0,0.0,SUBMERGED,UUV
1781496315.1330292,-5.238844111263983,0.02840578571589638,-17.863941326235732,-4.142692012023925,3.994096139336885,14.523138683014103,-11.852136476142618,-19.031536473315857,34.825223088730525,0.0,0.0,48.357119999999995,893.683342846687,837.7006956789231,13818.602511138268,0.0,0.0,0.0,-11583.64655442796,-11458.139834791216,-4133.926132669802,-298.71497629492336,-403.78893285213934,156.99245559783853,0.0,0.0,SUBMERGED,UUV
1781496315.5830176,-5.353492371118318,0.03353350680068557,-17.871433267140926,15.657048447942008,-14.434869171663664,9.541126425175825,-24.162720026578132,-31.14315971093362,36.03978728864083,0.0,0.0,48.357119999999995,-10588.625660705204,-9057.461044096079,6234.003426571712,0.0,0.0,0.0,5047.230947245513,2531.8862146881625,4764.223582426684,-544.8407169574009,-475.76967642062715,-1290.1820478966404,0.0,0.0,SUBMERGED,UUV
1781496315.9330406,-5.4149737926638295,0.09848346517436465,-18.089649893875077,-12.988573589019419,10.155206215084714,-17.68070236039252,-12.234039969219664,-25.417478533125756,30.928436042524005,0.0,0.0,48.357119999999995,7397.048497679888,4631.930291537158,-20148.620329403493,0.0,0.0,0.0,-170.92294683528235,3263.7206619243025,11699.196035120574,1003.5653067750108,1030.8670600981172,1064.0028773834695,0.0,0.0,SUBMERGED,UUV
1781496316.3329554,-5.243505581152682,-0.014248749619231622,-17.843253307401543,5.737966335047909,-0.1981945968594545,5.530241893968599,-13.193699815296663,-28.75982556819624,27.124384092707885,0.0,0.0,48.357119999999995,-1603.912703092065,-11.4733229193765,2277.903342874453,0.0,0.0,0.0,-7312.0457111942205,-10738.507958560363,9658.742562609004,-195.0306787789583,-166.38065136758414,-166.63593400394225,0.0,0.0,SUBMERGED,UUV
1781496316.7829435,-5.422141911265639,0.01907086783287283,-17.98783107810993,13.050890217847567,-16.791502902018323,0.11278530932372155,-21.251171651138986,-35.66333858890137,24.85001840593426,0.0,0.0,48.357119999999995,-7465.374130410023,-12117.417974438378,9.868482492633794,0.0,0.0,0.0,14721.823177911048,9515.14569176479,14183.373608453567,-37.65605879915316,27.04131771169517,-263.0896023279489,0.0,0.0,SUBMERGED,UUV
1781496317.1830041,-5.311780303428833,0.11179218645495231,-18.08741083421961,-17.17351662302593,11.154282501125852,17.56031638814287,-18.283851449922853,-35.01781457542256,18.377594520928405,0.0,0.0,48.357119999999995,12655.884536822903,5534.121719554804,19908.47538464147,0.0,0.0,0.0,-10346.342688258765,2021.6281587220674,-22810.16164963191,423.87633364274524,344.58548863580734,-506.70756008064427,0.0,0.0,SUBMERGED,UUV
1781496317.5829394,-5.172573673141091,-0.07711037043539941,-18.06044946588122,12.860488972031906,-1.6423947500064935,-12.722224844498275,-11.937975285210436,-29.918035786820464,11.414433038752895,0.0,0.0,48.357119999999995,-7259.125477133855,-190.1423988896699,-10720.683949912027,0.0,0.0,0.0,-58.18131404371388,-9559.012650234403,71.21576937792952,-654.6136867894332,-556.3713008788712,587.1237705475789,0.0,0.0,SUBMERGED,UUV
1781496318.0330133,-5.31837023289215,-0.0015210847606188585,-18.196852346793225,3.26217043590305,-16.199486331327222,-7.707197745744786,4.991835453505631,-25.49093458069305,4.719971726150402,0.0,0.0,48.357119999999995,-588.8374659399468,-11306.661868704581,-4176.4490030791285,0.0,0.0,0.0,11785.637789297629,7866.84632369781,-7031.05488132696,171.05372213162082,-407.6804954094807,627.9187531060446,0.0,0.0,SUBMERGED,UUV
1781496318.3832524,-5.196364723282041,0.08944876121238127,-17.993203707199754,-8.821444232130302,14.220724867571107,15.998202792809343,-1.059611694107067,-24.326465123246013,-0.36583484932413496,0.0,0.0,48.357119999999995,3554.305047319289,8800.292249427246,16648.723590211157,0.0,0.0,0.0,-13357.72577010094,-1666.9064415068647,-7163.331175428907,-92.744841380644,1131.6025850998465,-763.4965346382237,0.0,0.0,SUBMERGED,UUV
1781496318.832942,-5.237127124818575,-0.1339761779145801,-18.045386464484693,16.178522273924447,1.3964656441137473,15.023361937401313,12.784258705734752,-28.516419535196125,-7.870403752344274,0.0,0.0,48.357119999999995,-11279.236307178116,147.65005513801717,14755.271158821226,0.0,0.0,0.0,5956.6266694166425,-10325.92872970935,-4997.532807473782,-845.2903008869425,-435.3167462806216,-695.6220559380814,0.0,0.0,SUBMERGED,UUV
1781496319.2329013,-5.264097103604224,0.049343125581379384,-18.235824784125366,-6.566823128483508,-16.23535090433581,3.5957192400314906,14.03269008925411,-29.208413953710803,-13.84758663700184,0.0,0.0,48.357119999999995,2053.3079513105413,-11355.147916265403,1062.9426564897194,0.0,0.0,0.0,6213.737944246749,13023.246754892192,-16894.648435594896,-135.63358078740146,-12.825350380573015,151.87863916486734,0.0,0.0,SUBMERGED,UUV
1781496319.6330152,-5.091054572568873,0.03200207308557747,-18.08566045884845,-5.8947246554301,11.506650267202824,-17.66893515279316,15.040044744314887,-29.34852294439337,-19.226868654748284,0.0,0.0,48.357119999999995,1684.8158408772656,5871.5945819862845,-20133.353598684385,0.0,0.0,0.0,-12690.062121247844,1729.5047861540147,12232.302085968277,-24.870780597510304,1087.6018406527003,560.1651769527,0.0,0.0,SUBMERGED,UUV
1781496320.0331092,-5.318147011947547,-0.12906368857339093,-18.098346225758664,13.729333881382614,-1.735160012264605,5.580575983042463,14.419211728074634,-28.14680147224767,-24.184611138875805,0.0,0.0,48.357119999999995,-11258.994160986036,361.6477425428684,114.56284983154362,0.0,0.0,0.0,12837.519023856015,-11971.831272873129,13742.044589416337,-2.453955459126557,-27.740606552329567,25.9965376454154,0.0,0.0,SUBMERGED,UUV
1781496320.48293,-5.309465447335682,0.016808784834523548,-18.09128732966317,-9.142706009139875,-16.89034009506088,-0.09295994415069686,5.912891479791704,-14.606645242009742,-24.256353296383004,0.0,0.0,48.357119999999995,3800.6393212122853,-12255.328717323373,-7.907252127877602,0.0,0.0,0.0,4267.459373839644,11150.769060867487,14244.419134046762,-25.94680115533563,-10.75935678938079,-480.3222687671248,0.0,0.0,SUBMERGED,UUV
1781496320.8330438,-5.032763539757393,-0.029514943794257186,-18.216913318110194,8.477790710475821,15.766520395033577,-13.34524913125633,11.998932072098027,-19.77845733359592,-29.03846747808163,0.0,0.0,48.357119999999995,-1304.8721207761853,8050.985019917275,-6044.900664971607,0.0,0.0,0.0,-7473.731120419558,-1288.2145176844765,-5112.637390252214,-383.96150473530315,497.2747183753874,742.4478680247778,0.0,0.0,SUBMERGED,UUV
1781496321.2830377,-5.271649828907612,-0.08686289989024544,-18.32179598116569,11.759503548800675,0.4328325852541788,-8.567400998477142,10.351344833307298,-11.060497853215185,-28.774676231401767,0.0,0.0,48.357119999999995,-6119.27604355662,29.130970332673115,-5089.2177482584375,0.0,0.0,0.0,14419.138702130274,-10548.303446524691,-6040.780306183314,15.798804634395315,-303.49394571147855,-29.613339104997223,0.0,0.0,SUBMERGED,UUV
1781496321.6830902,-5.18562741573872,-0.0033394624812140457,-18.16206015005382,-16.576421405410592,-16.368800361598936,-14.099116720540033,13.792948702732884,-9.582229523165752,-29.68794267872669,0.0,0.0,48.357119999999995,11819.607440200714,-11536.141884067969,-13054.788824873545,0.0,0.0,0.0,-7648.106730554325,14692.67407526792,23461.2752984309,171.39143643929438,-365.3484735787102,500.5404279907454,0.0,0.0,SUBMERGED,UUV
1781496322.0830343,-5.071569488811175,-0.04708146400957451,-18.140188421915504,11.429115918703936,15.661321980264269,15.931735077594649,15.954324706535388,-12.096591288915835,-31.327768389072123,0.0,0.0,48.357119999999995,-5796.384354850761,10596.136791869536,16526.300330973572,0.0,0.0,0.0,-2206.93443126205,-4523.748239161801,-6687.46181942596,-972.6536953961022,1030.5878171770598,-1367.790947095566,0.0,0.0,SUBMERGED,UUV
1781496322.53302,-5.31514185793388,-0.09338672594372552,-18.266267858786193,7.9531176382817925,2.210964905856871,11.878246090040111,24.792742876145205,-19.944024689876162,-35.26594682010318,0.0,0.0,48.357119999999995,-2927.5711741010587,306.1229902475067,9417.608179137664,0.0,0.0,0.0,13097.7383099249,-11002.567596478242,1026.7316817262185,190.91408119270028,-383.074084712758,159.29021543756343,0.0,0.0,SUBMERGED,UUV
1781496322.9332957,-5.057809214485688,0.004311352857177278,-18.32156201507231,-16.931038560608492,-16.485604535325557,9.290514835028306,22.84373041975013,-17.776724224925033,-34.195033198828945,0.0,0.0,48.357119999999995,12312.980492411718,-11695.355867147522,5921.258619286269,0.0,0.0,0.0,-10206.50942902145,13013.73848535119,-20999.016733304306,-20.810481055753453,-109.10208608310475,-124.54685458858174,0.0,0.0,SUBMERGED,UUV
1781496323.3332663,-5.035399528727393,-0.009307126289893946,-18.277379051397357,13.194539455071217,13.961834374472222,-18.21001202756504,19.648837836328884,-15.522890743979437,-32.099710901654234,0.0,0.0,48.357119999999995,-7624.355098692162,8496.406268188372,-21327.576893170353,0.0,0.0,0.0,-3289.7329300617207,2451.5527049347584,5394.685515606516,-791.5405802849192,932.5381784692574,948.3127887382411,0.0,0.0,SUBMERGED,UUV
1781496323.7330127,-5.3225121742132915,-0.09134884718201898,-18.267324726255094,-2.153015777546769,-1.1516361631980399,2.2693116591870486,16.857356348873047,-12.712990616577107,-29.821350061207514,0.0,0.0,48.357119999999995,293.00904162665665,-110.64221013310542,490.36877438985476,0.0,0.0,0.0,9523.966467083797,-10206.11918875817,12660.55337330722,65.78955406567513,-67.05597281358513,-77.16918969870574,0.0,0.0,SUBMERGED,UUV
1781496324.13302,-5.030034893038526,-0.004867189771122951,-18.29731879029021,-11.229443862025038,-14.157799309090853,18.77953503751061,13.045863067029117,-9.527558458046354,-25.914325981769164,0.0,0.0,48.357119999999995,5605.473123723251,-8725.54657362491,22662.39878528945,0.0,0.0,0.0,-14248.472811543168,14626.101754096326,-20894.214641764745,280.29367785650305,-496.6973863203178,-433.6507478503052,0.0,0.0,SUBMERGED,UUV
1781496324.5330172,-5.042557400488489,0.04202727607126541,-18.41866714488632,16.107644652306906,13.590943116607972,-6.8572887034784875,9.628664483431733,-6.227167595738832,-22.168710500259127,0.0,0.0,48.357119999999995,-11184.540582861186,8068.403938356272,-3365.5946005656383,0.0,0.0,0.0,7191.6435718723405,-1436.6891023397002,-7942.895038702662,-342.003517746757,294.8403267896758,1110.9939943838972,0.0,0.0,SUBMERGED,UUV
1781496324.9830167,-5.204405286541709,-0.054633166834486914,-18.494037568548897,-5.941863244576414,0.3121639109917169,-5.942540679784296,9.63391680929803,-14.117179764979792,-18.627576924811223,0.0,0.0,48.357119999999995,373.136733439097,998.4860245525626,-200.07134693469357,0.0,0.0,0.0,9009.187975175788,-12194.301888673966,-13484.458939627479,24.750378840422197,-19.570012236967333,-15.417335205479496,0.0,0.0,SUBMERGED,UUV
1781496325.3831384,-5.0100083838312495,-0.009684975084701324,-18.346987831890544,-6.354029108535412,-16.373507546640937,-16.76723164996251,11.216739844220406,-15.467960456699613,-14.025705109337384,0.0,0.0,48.357119999999995,5155.24549728195,-12879.426729735842,-22819.144594019166,0.0,0.0,0.0,-14452.761287812358,11262.688950251739,19590.48693094715,277.45322980134165,-1018.2087296470507,875.5608226559284,0.0,0.0,SUBMERGED,UUV
1781496325.7829993,-5.112315979359067,0.08385737236067903,-18.28467178421539,16.244531753516153,12.506203040422939,9.78822654413865,12.201759161490207,-16.968951525754804,-9.018798194236942,0.0,0.0,48.357119999999995,-11367.42673824144,6882.172607790952,6537.779630994506,0.0,0.0,0.0,12652.721813483216,552.6939206357324,4439.058033125571,-385.0278769087756,472.7838899627957,-993.967373963269,0.0,0.0,SUBMERGED,UUV
1781496326.183071,-5.1114582321466004,-0.06226017942460303,-18.506806292960373,-13.062153216921628,0.3947272179342847,11.493967793097626,12.555720888962112,-19.596222073202156,-4.08817368276801,0.0,0.0,48.357119999999995,7477.974560248679,25.953087197195895,8843.936627546695,0.0,0.0,0.0,-559.8095343924915,-10078.2456846124,-21933.823972641672,-140.22438864896975,76.23976436971137,125.40874960170957,0.0,0.0,SUBMERGED,UUV
1781496326.583044,-4.942350599582521,0.09128856440280984,-18.44243284502029,3.5550938630094064,-15.51959277421984,-13.400829743263264,13.406746245567165,-16.97571408004443,1.8131803978542569,0.0,0.0,48.357119999999995,-683.5000119419074,-10410.730251479248,-11838.026472929472,0.0,0.0,0.0,-8429.51395847473,13291.928235366991,1538.3600600220711,-569.3640981676915,-638.785182194907,712.9780391680929,0.0,0.0,SUBMERGED,UUV
1781496327.0330012,-5.121763512219434,0.14499390857382274,-18.5100027444367,13.57473315535431,9.72860496918453,-12.33386178122689,4.9877083597678,-5.08789270586439,8.771205393295414,0.0,0.0,48.357119999999995,-8049.886178945557,4272.4968912843215,-10108.404319486079,0.0,0.0,0.0,14284.559243792177,3881.5991016202793,-519.1235942938806,-292.99139678796325,654.8187677794025,671.3933425781148,0.0,0.0,SUBMERGED,UUV
1781496327.4329898,-5.05089232101313,-0.06141827279052586,-18.377596216439336,-16.15601976231396,4.842612240463162,-8.0634823254461,2.4908574548411453,-4.164497895615151,13.64910844689495,0.0,0.0,48.357119999999995,11248.233133768392,1180.2179973138143,-4547.458479221607,0.0,0.0,0.0,-6438.848595373347,-12929.593105882723,20161.676130677304,-84.3409762984155,167.60660412822594,-54.65107425484929,0.0,0.0,SUBMERGED,UUV
1781496327.83312,-4.966574299932676,0.136740808509072,-18.42872485951607,11.041561212203712,-15.537492423032862,18.155179501276574,-1.5748920694273554,-6.279731197146571,18.534492147703403,0.0,0.0,48.357119999999995,-5429.24839305507,-10434.253248477422,21243.301979578708,0.0,0.0,0.0,-5816.182125930718,11726.288175773356,-5647.221403797377,-811.9907347212544,-893.6854336323765,-1115.4980611463034,0.0,0.0,SUBMERGED,UUV
1781496328.282974,-5.1760417143173125,0.1448814685029062,-18.45681007286973,8.645009609618604,8.12663751478501,14.774936159248236,-3.554231986068507,-14.755497027318647,24.741979658118712,0.0,0.0,48.357119999999995,-3421.280597763129,3047.882570715288,14287.330812166752,0.0,0.0,0.0,13236.02238513925,5514.760442872503,-4260.459431480809,31.55594069796861,802.8165810884711,-338.38737945030925,0.0,0.0,SUBMERGED,UUV
1781496328.6832385,-4.935585552103034,0.016168007680137896,-18.59299728248257,-16.390717890979403,2.6099645776356715,-0.9727113301054964,-3.2562195155487386,-14.161709012503145,28.40299766111549,0.0,0.0,48.357119999999995,11565.670912114116,402.98294771237624,-134.71154580987135,0.0,0.0,0.0,-8715.92125449907,-13153.577276033291,-17645.02749504198,-70.88601186853987,52.32136167660799,145.95972275215783,0.0,0.0,SUBMERGED,UUV
1781496329.082926,-4.977274215622393,0.15489074063909958,-18.51925724593793,12.790080714344278,-17.094421368972725,-18.933153113842547,-1.956381214803958,-12.945460905657558,31.99448260203852,0.0,0.0,48.357119999999995,-7183.959310599274,-12543.941813557727,-23005.36771504872,0.0,0.0,0.0,-0.8728951163702732,12601.685614434351,18938.40678910568,-942.6053986607709,-934.5930432264933,1184.982007787843,0.0,0.0,SUBMERGED,UUV
1781496329.482967,-5.191143360055087,0.10624959526461276,-18.456804537923894,-1.1786045900185336,10.530203622870932,5.234079560195981,1.1649466519351417,-8.45051440869346,34.07778534164724,0.0,0.0,48.357119999999995,114.48321662162913,4961.678602268692,2063.6625691920585,0.0,0.0,0.0,10116.76799742502,2917.5739493819888,9877.384067533729,147.81413468466835,237.8268847507524,-409.26196357441495,0.0,0.0,SUBMERGED,UUV
1781496329.9330227,-4.954540366409587,0.05358879115070208,-18.46844931163304,-14.793882271026868,5.552839246034854,4.358954456696919,0.6565592659531607,0.4172656549680868,35.17646775722853,0.0,0.0,48.357119999999995,11910.927522726692,4778.666418168286,-49.34820860860449,0.0,0.0,0.0,-12039.848482283618,-14962.330798223811,14632.95580307438,-6.389740596337198,12.42155201188741,38.15353951182692,0.0,0.0,SUBMERGED,UUV
1781496330.3330545,-4.963049135748912,0.1432270122773488,-18.5982793181333,14.875420174717359,-17.33956302584412,18.11246136116978,-0.2433147471403128,-0.9734179353462827,36.542332173293396,0.0,0.0,48.357119999999995,-9594.899065363901,-12894.21165190561,21140.70638106375,0.0,0.0,0.0,2959.31948949066,11303.901666899324,-22670.66214039296,-665.6499025484369,-622.065870968274,-913.6011102693687,0.0,0.0,SUBMERGED,UUV
1781496330.7329934,-5.155719195304913,0.12602020132028646,-18.713480757049243,-3.5971157672265526,8.386514451902947,-8.446993586268126,-5.570474515601515,-2.955006055696442,37.18842144893531,0.0,0.0,48.357119999999995,697.3887943366852,3232.649264578111,-4954.3734409061635,0.0,0.0,0.0,8449.921649276337,5059.502644570528,-6426.690454836052,289.0926337167403,386.6898039556021,405.7292415481952,0.0,0.0,SUBMERGED,UUV
1781496331.1330004,-4.884540431657344,0.08839906087707505,-18.54180273531527,-11.3191416138278,5.742569751029883,-13.759938680538045,-6.788623182750864,-4.699461802350022,37.24390625915448,0.0,0.0,48.357119999999995,5690.866007405132,1606.4146370459646,-12463.754201182654,0.0,0.0,0.0,-15098.454882526004,-13071.584958565063,23298.921223555088,188.63325083469866,217.2300296363825,196.64686851681887,0.0,0.0,SUBMERGED,UUV
1781496331.5329976,-5.000716557263223,0.13458976251185964,-18.552047667490573,17.031875878282815,-15.757580650893534,15.8280391026638,-9.647843070594737,-8.628281143179173,37.39325232092641,0.0,0.0,48.357119999999995,-12032.015516369096,-12313.820669539089,9915.591256840831,0.0,0.0,0.0,8016.388779211335,11035.787641425242,618.7335428723026,-707.0229655819943,-644.033827974504,-1489.9584559252253,0.0,0.0,SUBMERGED,UUV
1781496331.9829805,-5.177713108183386,0.14376051618164207,-18.59968041945737,-6.547061920785542,7.383171693211413,11.811028223657228,-7.175199668038208,-6.683488199916856,36.945742978730685,0.0,0.0,48.357119999999995,2041.7751251156255,2549.193178025292,9322.738245792156,0.0,0.0,0.0,6775.12500299713,6246.551359440975,1635.1485939043396,510.58528172477963,633.5658760922346,-542.9824307496979,0.0,0.0,SUBMERGED,UUV
1781496332.3829691,-4.854364694134911,0.0916479079960266,-18.738677287443764,-6.588753603058253,7.578838667735013,8.99869978876827,-4.820520871873838,-3.841870045671432,34.26364094161111,0.0,0.0,48.357119999999995,2065.917446036418,2676.552780947128,5576.216922931894,0.0,0.0,0.0,-12977.144581489485,-13400.104071598584,-20956.308751764896,115.86609729564842,87.91412630820557,-127.13146433541198,0.0,0.0,SUBMERGED,UUV
1781496332.7829819,-4.9907753467812865,0.09082167426799599,-18.75313616550365,16.7404402024389,-16.564411643880252,-15.391784201011218,-2.453393974910889,-1.7347241361648909,31.757592015954792,0.0,0.0,48.357119999999995,-12047.992442603443,-11804.20447362153,-15426.172869043723,0.0,0.0,0.0,11278.466121293235,7924.849597070279,5679.121866600761,-822.8179137879206,-985.1207994470138,1565.1728189442101,0.0,0.0,SUBMERGED,UUV
1781496333.2329695,-5.117240370228691,0.15673330763770446,-18.77508297539548,-9.658299758080526,5.329290646260002,-15.098476897833297,1.6336182604855962,-1.065108521002182,27.361042897338056,0.0,0.0,48.357119999999995,4214.0031880364195,1402.1100371274538,-14872.588312013011,0.0,0.0,0.0,3795.7427721366184,7351.9819410286345,4768.278990179052,784.5178990980924,727.0063944820771,607.0000434885762,0.0,0.0,SUBMERGED,UUV
1781496333.6329253,-4.8378901957511244,0.06997456901945834,-18.625120225213898,-2.347020776733937,10.788520717939003,-3.7810131303945824,-0.9338917273128227,-3.505104843190993,23.12137887541427,0.0,0.0,48.357119999999995,337.69400216758186,5195.483869302952,-1161.0487293143703,0.0,0.0,0.0,-11697.667999594829,-15209.612542745086,17224.291291072692,53.806480756605666,59.403053357192974,162.2581450763137,0.0,0.0,SUBMERGED,UUV
1781496334.0329652,-5.002145477629576,0.038791097065676836,-18.710919978055284,14.849373300866453,-16.712556773307288,17.665702102459296,-1.8932402853858312,-7.248711223455093,18.803794521859462,0.0,0.0,48.357119999999995,-9561.835978531944,-12009.121417372193,20155.519741234468,0.0,0.0,0.0,14264.655977418339,7158.028601091081,-12014.858358206246,-641.4231106449062,-1109.8808346729543,-1270.7753223845236,0.0,0.0,SUBMERGED,UUV
1781496334.4332461,-5.024692008743929,0.17150281678604068,-18.885170768274723,-14.503254738031332,4.890283249787341,-1.5888795399862858,-5.209871118294185,-10.596673867878264,14.16455983516339,0.0,0.0,48.357119999999995,9138.683825374452,1201.1807906733384,-278.36552211736495,0.0,0.0,0.0,-3189.772229353705,7539.102678940966,-12923.296390772892,48.37997866758158,75.95180446691529,540.5758265290501,0.0,0.0,SUBMERGED,UUV
1781496334.8829882,-4.828896014498999,0.01772880986601982,-18.873043599080805,2.9329346289620553,12.843106232203516,0.060899225257034534,-7.239250388569336,-0.857591629877472,8.288329313935419,0.0,0.0,48.357119999999995,-490.73649978495115,7240.005728810758,4.991496546743619,0.0,0.0,0.0,-8720.641608371534,-14745.509438879693,-14387.102676020782,-29.555252306064748,-6.666208298631161,-14.322545682740348,0.0,0.0,SUBMERGED,UUV
1781496335.28296,-5.027559014731444,0.0049790811615652575,-18.809365655708138,5.9645170848392475,-16.826793869020396,-17.744441492291315,-4.5128126562257975,1.4025288174532726,2.7480569780792012,0.0,0.0,48.357119999999995,-4813.427738390686,-9588.326333963556,-22695.749187829315,0.0,0.0,0.0,14351.282309995306,3129.8909689614147,17630.161751179832,-353.0168208107197,-1161.728207776223,891.0715602211084,0.0,0.0,SUBMERGED,UUV
1781496335.682998,-4.910915664190884,0.18123534141142433,-18.729805079878183,-16.066707918985514,5.974833046196647,8.65205040645927,-1.7754791488394808,2.331059477503985,-2.1524868089543596,0.0,0.0,48.357119999999995,11128.769698371736,1726.4257886758874,5186.332800006433,0.0,0.0,0.0,-13066.519293820678,7350.79348552605,5999.841897378723,215.35929605893205,432.8724242225532,-558.9001104627292,0.0,0.0,SUBMERGED,UUV
1781496336.0829036,-4.88256309651569,-0.04363062249269732,-18.898345077287118,13.048679130804027,9.691012170063816,14.07480278099842,1.732241682874981,4.739810310416075,-7.6034828456476555,0.0,0.0,48.357119999999995,-7463.143377785128,4241.1565031927075,13009.699689046041,0.0,0.0,0.0,397.2252482685185,-14087.312765802795,-23261.83446075814,63.021564990572735,196.7522478999952,-61.640661512871425,0.0,0.0,SUBMERGED,UUV
1781496336.4831207,-5.0342346550006685,0.06648446835860258,-18.90758745675297,-6.423332242206436,-16.827361217334662,-15.737619375692203,3.9390694227015386,3.300627290735482,-12.176740697728576,0.0,0.0,48.357119999999995,477.6758618782371,-10746.976572585765,-9721.679678475342,0.0,0.0,0.0,8854.86760815807,5819.040491824446,-972.5122389977383,443.12459017064634,-747.6963819973262,866.0078366571646,0.0,0.0,SUBMERGED,UUV
1781496339.928552,-4.81498015214786,0.020231992363869373,-18.932107208216706,4.6301618728728196,17.026337264993646,14.200667579322003,-3.73047975197644,4.469391250969071,-16.379324099636648,0.0,0.0,48.357119999999995,-1088.9588922233643,12447.2806660796,13234.149564014464,0.0,0.0,0.0,-9042.151678060958,-4679.902654503001,-21903.223921277935,-187.95871871320963,754.8113265275316,-541.2172846765694,0.0,0.0,SUBMERGED,UAV
