timestamp,x,y,z,vx,vy,vz,roll,pitch,yaw,buoyancy_x,buoyancy_y,buoyancy_z,damping_x,damping_y,damping_z,wave_x,wave_y,wave_z,added_mass_x,added_mass_y,added_mass_z,coriolis_x,coriolis_y,coriolis_z,surface_z,z_over_l,phase_name,robot_type
1781495076.1749504,-8.059785889067593,0.0001453798690069565,0.7821757909853725,4.195714110643713e-05,5.058327859876922e-06,1.2124900742282807e-06,-0.001256402774298939,0.0020728933158109357,-0.0014054757810491607,0.0,0.0,0.0,0.0,0.0,0.0,0.0,0.0,0.0,0.0,0.0,0.0,0.0,0.0,0.0,0.0,0.0,SUBMERGED,UGV
1781495077.1251395,-7.653419292183422,0.07726478399234109,0.7823586777791739,0.6663888569037985,-9.574892063090451e-05,-0.038531839358572295,0.02581425254236578,0.012242944229968702,9.601444724571836,0.0,0.0,0.0,0.0,0.0,0.0,0.0,0.0,0.0,0.0,0.0,0.0,0.0,0.0,0.0,0.0,0.0,SUBMERGED,UGV
1781495077.9250247,-7.280850408814959,0.13387491893742468,0.7824891451333378,0.5642565972862584,0.0037777132216801623,-0.07320796910200632,0.013747068925017931,0.02281809419444155,8.595949821748547,0.0,0.0,0.0,0.0,0.0,0.0,0.0,0.0,0.0,0.0,0.0,0.0,0.0,0.0,0.0,0.0,0.0,SUBMERGED,UGV
1781495078.724986,-6.887669193700867,0.17653771350471084,0.782216275915259,0.8057124090295742,-0.02150692104787668,-0.009703360225138322,0.006937689226569642,-0.002008613717900155,3.382071228220329,0.0,0.0,0.0,0.0,0.0,0.0,0.0,0.0,0.0,0.0,0.0,0.0,0.0,0.0,0.0,0.0,0.0,SUBMERGED,UGV
1781495079.3249834,-6.45323716992848,0.19302572364058188,0.7836847513800557,0.6953777828137716,0.10553962629026505,-0.3049101591110514,-0.2875447885211378,0.0837316665050977,0.3509365929566901,0.0,0.0,0.0,0.0,0.0,0.0,0.0,0.0,0.0,0.0,0.0,0.0,0.0,0.0,0.0,0.0,0.0,SUBMERGED,UGV
1781495080.3249934,-6.088803281286844,0.15411297521106862,0.7821066818998114,0.5139249639383244,-0.0011450909288815425,-0.005884911028005028,-0.008751125111557463,0.005075911324072912,-11.475528767452976,0.0,0.0,0.0,0.0,0.0,0.0,0.0,0.0,0.0,0.0,0.0,0.0,0.0,-0.0,0.0,0.0,0.0,SUBMERGED,UGV
1781495081.0250332,-5.7139923763457805,0.07043296118914391,0.7836691192398384,0.5586957137926912,0.033916375686952244,-0.318613926415143,-0.02376386553949652,0.0404702743473933,-13.29514998699409,0.0,0.0,0.0,0.0,0.0,0.0,0.0,0.0,0.0,0.0,0.0,0.0,0.0,0.0,0.0,0.0,0.0,SUBMERGED,UGV
1781495081.9750178,-5.348055152616175,-0.029637857498117315,0.7821482858223171,0.46152207298330317,-0.0034374071362686803,-0.006246162652495208,-0.00569186313673259,-0.005201122067293919,-18.29918388282565,0.0,0.0,0.0,0.0,0.0,0.0,0.0,0.0,0.0,0.0,0.0,0.0,0.0,-0.0,0.0,0.0,0.0,SUBMERGED,UGV
1781495082.4750185,-4.982518391260155,-0.17129106446633027,0.7821256563833062,0.833388298450494,-0.0013563863629476314,-0.0006849840582368843,0.00819707019973523,0.005212767707530703,-20.594717217422374,0.0,0.0,0.0,0.0,0.0,0.0,0.0,0.0,0.0,0.0,0.0,0.0,0.0,0.0,0.0,0.0,0.0,SUBMERGED,UGV
1781495083.2252002,-4.610595823730073,-0.29897254104844967,0.7821930171498985,0.13581863123108623,3.241058436538255e-05,-0.006220676686877202,-0.008962026917255504,0.007753768333541381,-23.067484718259276,0.0,0.0,0.0,0.0,0.0,0.0,0.0,0.0,0.0,0.0,0.0,0.0,0.0,0.0,0.0,0.0,0.0,SUBMERGED,UGV
1781495084.0750566,-4.27962095697596,-0.5004607971556417,0.7821165011178947,0.7277658957727212,0.001482439512321243,-0.0037428092725697434,-0.002504521174138322,0.003810989486914892,-28.701380525159156,0.0,0.0,0.0,0.0,0.0,0.0,0.0,0.0,0.0,0.0,0.0,0.0,0.0,0.0,0.0,0.0,0.0,SUBMERGED,UGV
1781495084.5749831,-3.916861785787814,-0.690157556737245,0.7822749814348685,0.999129857046257,-0.03380175988527581,-0.026538095925447026,-0.021984234524978698,-0.009016915287744339,-25.962979845460314,0.0,0.0,0.0,0.0,0.0,0.0,0.0,0.0,0.0,0.0,0.0,0.0,0.0,0.0,-0.0,0.0,0.0,SUBMERGED,UGV
1781495085.225047,-3.7661282299332326,-0.8543715387735121,0.7824526840019578,0.7147350155633221,0.03200415103708798,-0.048689279650642334,-0.06179359153334492,0.006357140027816368,30.386770356619238,0.0,0.0,0.0,0.0,0.0,0.0,0.0,0.0,0.0,0.0,0.0,0.0,0.0,0.0,0.0,0.0,0.0,SUBMERGED,UGV
1781495085.775001,-3.4298022136459494,-0.635501468621665,0.783172091257271,0.6446694113577541,0.0461284472117611,-0.16557648782775358,0.13166511342185103,-0.026087933349416833,34.396143951953306,0.0,0.0,0.0,0.0,0.0,0.0,0.0,0.0,0.0,0.0,0.0,0.0,0.0,0.0,0.0,0.0,0.0,SUBMERGED,UGV
1781495086.625098,-3.134348252341047,-0.4302443237847957,0.7821260398855515,0.4783875676292954,0.0005201503699864551,-0.0007404254373064353,0.00463277041860145,0.008756582020317712,37.72300540554044,0.0,0.0,0.0,0.0,0.0,0.0,0.0,0.0,0.0,0.0,0.0,0.0,0.0,0.0,0.0,0.0,0.0,SUBMERGED,UGV
1781495087.5250783,-2.814309264028995,-0.1721029127724999,0.782712697236252,0.378851307757707,0.10960443710762377,-0.10964648730036275,0.0620663033101755,-0.0015654911593590529,28.766100639003533,0.0,0.0,0.0,0.0,0.0,0.0,0.0,0.0,0.0,0.0,0.0,0.0,0.0,0.0,0.0,0.0,0.0,SUBMERGED,UGV
1781495088.4250863,-2.453557524672647,-0.02756579746562315,0.7820965994508682,0.5608301849928791,0.02184860635443943,-0.007899624734690705,-0.0069682288904963615,0.008089275638226624,20.555858812835,0.0,0.0,0.0,0.0,0.0,0.0,0.0,0.0,0.0,0.0,0.0,0.0,0.0,0.0,0.0,0.0,0.0,SUBMERGED,UGV
1781495088.975083,-2.0791550508070906,0.09654041805845555,0.7845058325144444,0.4846441474864004,-0.01043488524162127,-0.39006679707747133,-0.28156461958057055,0.1405999337463126,17.29572220031942,0.0,0.0,0.0,0.0,0.0,0.0,0.0,0.0,0.0,0.0,0.0,0.0,0.0,0.0,0.0,0.0,0.0,SUBMERGED,UGV
1781495090.0750353,-1.6974280161214244,0.17405972257802124,0.7822068731298468,0.5040488915788218,0.00014782677398806482,-0.0011993416907253994,-0.003953106924319015,0.0013675589882282606,10.238599238453752,0.0,0.0,0.0,0.0,0.0,0.0,0.0,0.0,0.0,0.0,0.0,0.0,0.0,0.0,0.0,0.0,0.0,SUBMERGED,UGV
1781495090.8750386,-1.2890733081539465,0.2500108801436163,0.7826106569974792,0.5941329248933763,0.0014386500512533276,-0.09343948048704785,0.061883175092668025,-0.0003743185992398356,10.92490761269913,0.0,0.0,0.0,0.0,0.0,0.0,0.0,0.0,0.0,0.0,0.0,0.0,0.0,0.0,0.0,0.0,0.0,SUBMERGED,UGV
1781495091.675061,-0.9150960638818799,0.31567197381348533,0.7821453329887292,0.517033279229433,0.0008150738699592361,0.0022664892203453947,-0.0046730534566043576,0.003412103258153335,13.363903370103431,0.0,0.0,0.0,0.0,0.0,0.0,0.0,0.0,0.0,0.0,0.0,0.0,0.0,0.0,0.0,0.0,0.0,SUBMERGED,UGV
1781495092.7750423,-0.6449303835807226,0.4912576236865608,0.7821083314840801,0.12233122305305927,0.15248690677235754,0.0036802162624117573,-0.008293029054541172,-0.009590472908384266,-26.369544119713115,0.0,0.0,0.0,0.0,0.0,0.0,0.0,0.0,0.0,0.0,0.0,0.0,0.0,0.0,0.0,0.0,0.0,SUBMERGED,UGV
1781495094.8750489,-0.3129867254120146,0.31333494190820255,0.7822228880323508,0.44649409918428173,-0.05248122387147944,-0.010500316483752744,-0.010680686541862265,0.0004836560677267024,-38.29394204583169,0.0,0.0,0.0,0.0,0.0,0.0,0.0,0.0,0.0,0.0,0.0,0.0,0.0,0.0,-0.0,0.0,0.0,SUBMERGED,UGV
1781495096.975297,-0.19992629856890048,0.17846137025393977,0.7822211206811248,0.019058449658294063,-0.10277782043081049,-0.00881243264744596,-0.01088180195629678,0.001092456358099469,-10.74615972039114,0.0,0.0,0.0,0.0,0.0,0.0,0.0,0.0,0.0,0.0,0.0,0.0,0.0,0.0,-0.0,0.0,0.0,SUBMERGED,UGV
1781495099.3750432,-0.20308156468141017,0.1473016961548945,0.3729353342232492,0.00019751785032637447,8.06079974150094e-05,-2.822404374079065,-0.0015211134320308455,0.003741087490827557,-3.0486819286460123,0.0,0.0,0.0,0.0,0.0,0.0,0.0,0.0,0.0,0.0,0.0,0.0,0.0,0.0,0.0,0.0,0.0,SUBMERGED,UGV
1781495103.5250068,-0.04722544655219191,0.14166010340545654,0.23464323692622108,0.30060139744816017,5.1874105697402584e-05,4.4323287541691414e-05,-1.721519061849003,11.339315732448561,-8.688696568984648,0.0,0.0,0.0,0.0,0.0,0.0,0.0,0.0,0.0,0.0,0.0,0.0,0.0,0.0,0.0,0.0,0.0,SUBMERGED,UGV
1781495105.5249677,0.165161427451905,0.12179771038753856,0.017093840330636375,0.566089333178608,0.19473028824425032,-1.7312133737073996,-6.5713009923248755,18.030711467764345,-8.682004072407231,0.0,0.0,0.0,0.0,0.0,0.0,0.0,0.0,0.0,0.0,0.0,0.0,0.0,0.0,0.0,0.0,0.0,ABOVE,UGV
1781495105.7249532,0.23684411023339288,0.0216739684576334,0.02774321992932149,10.593839706833245,-8.784785600073135,15.139512374251463,-5.966910717019772,17.01953491238771,-8.975749969833688,0.0,0.0,36.004930977205014,-238.1888226888845,242.32555380872043,19245.654581583967,0.0,0.0,0.0,10063.88801609732,7215.212106823834,-23023.25417802113,-96.40970183785183,25.624385159729105,-10.740023040598391,0.0,0.0,ABOVE,UGV
1781495105.825193,0.3269060404537376,-0.5337013261418925,-0.5204127783168309,4.64912203935801,-8.459212734052821,-9.070657623974101,-4.8712925770318884,13.33897507083652,-7.569804061895206,0.0,0.0,0.0,0.0,0.0,0.0,0.0,0.0,0.0,0.0,0.0,-0.0,0.0,0.0,-0.0,0.0,0.0,SUBMERGED,UGV
1781495105.875067,0.3790570605148136,-0.8932558567349268,-0.8758877279697272,5.050826213759801,-9.17172841608637,-8.51343249800503,-0.23721519559384355,15.630735736168505,-7.38971061637177,0.0,0.0,48.357119999999995,-1063.4082555376574,-2747.6065300228515,-2985.509273505834,0.0,0.0,0.0,77.91466992366385,148.24278682755966,-183.37957505911885,-79.29685652040958,-182.56217036799538,198.43316691407117,0.0,0.0,SUBMERGED,UGV
1781495105.9249794,0.31419953041000637,-0.7516657552611984,-0.7797951355816113,-7.290656204780625,0.770594827324032,-16.342194692702293,5.1869116897655285,18.225342475286148,-6.7340778847224065,0.0,0.0,48.357119999999995,-7397.320465606036,-5210.776788714448,16377.738142027316,0.0,0.0,0.0,8675.316560080113,-1411.2530959252585,-22442.288011557397,-408.99330480056057,-28.226766903650237,-283.1882333982188,0.0,0.0,SUBMERGED,UGV
1781495105.975017,0.44074488387100935,-0.8516750944852961,-0.8390527976691289,-9.589379253327207,15.599411228053325,-18.268399447056375,3.047120419010808,12.819824292042483,-8.10734470650497,0.0,0.0,48.357119999999995,-10948.814408960798,-1810.1751846078234,119.27266090189991,0.0,0.0,0.0,9948.864219934556,-6713.658973261008,13561.430267146116,-25.21911818322328,-9.551797361879967,-412.4306510043772,0.0,0.0,SUBMERGED,UGV
1781495106.075041,0.2389186105161209,-0.8733402504782674,-0.8212674350536892,3.0664921710596618,-17.073961911583083,-18.329952472998528,-0.3061490220284168,21.51846592803022,-8.766866564209755,0.0,0.0,48.357119999999995,-4814.244619942884,3340.8043374394833,20099.43599401148,0.0,0.0,0.0,-2859.0659578098725,-13528.973820112715,-22593.052329784496,-184.4171728171114,221.6491004018653,-172.39320155701319,0.0,0.0,SUBMERGED,UGV
1781495106.17501,0.45675844130744975,-0.9175600430050048,-0.9230551892950526,1.5575838528556925,16.67385439059923,-15.459988496234722,-4.470045222526737,10.098968063347657,-11.099555835922867,0.0,0.0,48.357119999999995,338.30891461753254,11322.791999098046,-9332.359469994815,0.0,0.0,0.0,-11280.814130056442,-7398.095151957916,-1213.503432085007,-351.9216145535073,726.9147879379874,741.4454694375777,0.0,0.0,SUBMERGED,UGV
1781495106.3250327,0.3272040138676837,-0.7605513974907278,-0.9262910871896831,-15.454668317082989,0.6692671891489008,-10.227337211657431,3.6166366398556558,12.391405081017394,-13.450346007883065,0.0,0.0,48.357119999999995,10326.145433157842,51.324697635802195,-7088.339995970571,0.0,0.0,0.0,-5027.20810722532,9977.992267380905,-3862.9383536343107,526.0020660496671,324.5957643593483,653.1248915622512,0.0,0.0,SUBMERGED,UGV
1781495106.4756627,0.21526542169303375,-0.8724124387378781,-0.9148618923166931,0.40326526065517454,-16.00511331582431,-8.471986113262718,4.642110572315747,19.774648566186883,-14.775002353168237,0.0,0.0,48.357119999999995,-26.68422147154559,-11046.52673993632,-4979.302867240362,0.0,0.0,0.0,10499.437553747997,6993.890056589303,-6164.134260721972,230.732917971833,-466.17090513368237,696.1146568483988,0.0,0.0,SUBMERGED,UGV
1781495106.5750191,0.3845134623692924,-0.7934171147411611,-0.9774367534076615,-16.29443686392678,4.580879418225727,-0.7346311883241718,-4.740130228308555,9.760521877186173,-16.317415644391396,0.0,0.0,48.357119999999995,-10433.179741436856,-1922.4723773818853,-5331.254207412968,0.0,0.0,0.0,14619.575407394255,-6514.6567420501615,20445.48723108768,-129.9954585420468,158.76237090818174,92.34938522434024,0.0,0.0,SUBMERGED,UGV
1781495106.7251983,0.22535083237936254,-0.8470199208011226,-0.9290900400221263,-1.542444734415381,-16.860677897435142,7.3162750604951095,3.908798334448546,12.233658568855883,-18.463831723196872,0.0,0.0,48.357119999999995,-4661.801447597645,6568.748554136202,-2054.9419257583495,0.0,0.0,0.0,-5900.480628362,-14978.64395028089,22018.50604095227,95.29670067873678,182.86937690778296,153.06722421104257,0.0,0.0,SUBMERGED,UGV
1781495106.8253012,0.41886777828588345,-0.937522248507686,-0.9686280814837273,5.334332655780035,16.748090437284937,13.631945702996905,-7.166090878440515,21.152640753150916,-19.936882883896597,0.0,0.0,48.357119999999995,1440.9930662709114,8249.27896901571,17841.102294940836,0.0,0.0,0.0,-12071.115642321736,-862.231954630548,-8763.185344203159,-283.81582594394945,1153.5004573573995,-690.7539483176631,0.0,0.0,SUBMERGED,UGV
1781495106.9750395,0.3712888160607403,-0.7814192602823518,-0.90941361697174,-17.13894055350976,1.2419885505370818,18.561762731909656,-10.142529424711428,13.036555103204007,-21.59065041333265,0.0,0.0,48.357119999999995,12233.261708931655,-343.56397767970884,21032.082525521433,0.0,0.0,0.0,-7828.227872257119,10635.903012126557,-13813.927557879999,946.496318842913,412.3976151843585,-663.8703925659771,0.0,0.0,SUBMERGED,UGV
1781495107.1249707,0.20385268227985823,-0.8963874675555009,-0.8272621513807212,-0.6102595970291302,-16.068424493076428,17.050090459760057,-2.1629136204514072,7.3479174900182835,-24.048320065096664,0.0,0.0,48.357119999999995,45.47337405962101,-11130.049626297649,18823.201844145664,0.0,0.0,0.0,9370.6326949025,5422.0799669472935,-10103.477330105365,359.0961536206777,-1180.7877830998684,-900.0699541181806,0.0,0.0,SUBMERGED,UGV
1781495107.2250302,0.43763973087604946,-0.8141848856824186,-0.8656171260463689,-13.52226545545851,6.635280223721836,14.771732591428904,-7.625033090586933,18.874173328604616,-24.66607280445842,0.0,0.0,48.357119999999995,-9516.182181411481,-670.5511096273445,-1103.8817176912976,0.0,0.0,0.0,14121.874980168159,-8518.64027304741,-11350.402260753124,-18.048216111843548,-90.61968633621466,127.59869586282841,0.0,0.0,SUBMERGED,UGV
1781495107.325025,0.20418891553098317,-0.9620338768423786,-0.7956641939733461,9.42366321428122,-8.204000017599013,10.774323918240679,-2.15898281401441,7.902932766637761,-26.759136685982053,0.0,0.0,48.357119999999995,-8494.147842197284,7094.755998498435,-15678.5686215475,0.0,0.0,0.0,1888.4580716149194,-15307.083750310749,23698.356624009983,-213.42512831292493,274.896211004525,333.82159844780256,0.0,0.0,SUBMERGED,UGV
1781495107.475047,0.4142506557571887,-0.9880090488824568,-0.8305020993783974,8.559012153221142,15.996757591258575,4.666020497075373,3.033457420027911,12.257913164488157,-28.233088173518485,0.0,0.0,48.357119999999995,2261.0335764145043,5510.488608466727,-18301.917043719775,0.0,0.0,0.0,-13391.116114963905,2080.7175683679798,23054.100107777325,184.8213789430949,150.38928119162458,140.50111887594818,0.0,0.0,SUBMERGED,UGV
1781495107.6250658,0.4466451577620838,-0.8250394456780138,-0.8449263998443537,-15.262019717422385,0.480829241868749,-2.2870743814080337,-3.069242093124074,20.229864423553746,-29.79320012772612,0.0,0.0,48.357119999999995,9945.660389580904,-7006.220243203663,-21750.6845938909,0.0,0.0,0.0,-3819.2645120404572,15050.908007390324,22157.227485933818,624.2644031343284,-522.3443716826214,698.6436390537742,0.0,0.0,SUBMERGED,UGV
1781495107.7249708,0.3477148406564837,-0.9967499893198349,-0.839863489575235,14.149333436343829,13.272272363743172,-6.720213239526032,-1.3567709912398895,8.086050683471205,-31.086915649109905,0.0,0.0,48.357119999999995,788.1722164027008,-10248.828415699676,8027.391148129549,0.0,0.0,0.0,8541.64665365801,4391.774998914751,2881.5494799787284,394.02066478294785,-677.9863371949042,-876.0289123074989,0.0,0.0,SUBMERGED,UGV
1781495109.8282351,0.3175068017934579,-0.9153660150949886,-0.9956721843804852,16.046611235159077,17.139476219569012,-13.027151323481174,-0.8253545879824901,5.250578976481809,-47.06141390596766,0.0,0.0,48.357119999999995,-8530.148465474733,12045.820610028813,-20107.87914823248,0.0,0.0,0.0,1891.9466323843767,-7871.959285704497,23059.274651562864,-536.1962989666728,715.7418709621121,883.0064911586741,0.0,0.0,SUBMERGED,UUV
1781495110.2283046,0.10979381118639037,-0.8795352469357293,-0.928522992673404,1.7354723569907529,5.0015232702895585,-15.564909142995868,-3.1025762487294695,9.029120330178628,-48.30147033748323,0.0,0.0,48.357119999999995,2518.5168514724237,-4451.843873190572,11389.457895842032,0.0,0.0,0.0,6142.814976540668,-3855.3862185400344,-628.8903258768073,586.1425095217301,-788.027715748768,-739.5111614970699,0.0,0.0,SUBMERGED,UUV
1781495110.6783748,0.3825051949198232,-0.8802559401979645,-1.0093282211974666,12.175590472489157,12.72876062585451,1.9214132434589777,-12.39562272010552,18.340680269792426,-47.66301365352297,0.0,0.0,48.357119999999995,6647.666207239801,-5624.589666036447,5159.7721477947325,0.0,0.0,0.0,-14178.086374243918,14083.790713361197,5752.61377034321,-3.745014419150227,107.81668978775372,116.68942022662532,0.0,0.0,SUBMERGED,UUV
1781495111.0783558,0.27729885301229035,-0.8575564878612724,-1.1384883764467395,-3.3760122395049548,-4.765316443469369,18.569786324852302,-11.083881194838442,17.676161011618728,-46.06543038153449,0.0,0.0,48.357119999999995,-11376.25757699016,10497.931965927368,12351.002820852842,0.0,0.0,0.0,6410.530189069578,-4798.1049226612195,-23126.34458143318,-211.91677784101853,-21.461138534969905,-181.61554288824993,0.0,0.0,SUBMERGED,UUV
1781495111.4784276,0.09984324056556328,-0.8731869896195384,-1.1037107334078804,-5.61087526928957,-9.158277872490855,7.298867121385706,-8.749521730611082,16.408960303580482,-43.10467625539386,0.0,0.0,48.357119999999995,5003.970899375238,-2951.4252364214126,-17323.926050465147,0.0,0.0,0.0,5930.948707677166,-7870.115061799104,-30.10063575172694,586.973615952541,-560.4787070553688,429.27580248320885,0.0,0.0,SUBMERGED,UUV
1781495111.9283495,0.3415912669582199,-0.8697105866783114,-1.1965290152196282,6.844824098988563,0.8404980175191787,-14.666414439362583,4.782024479301505,8.181994643222014,-39.35299900244789,0.0,0.0,48.357119999999995,3367.3298266730817,-9382.717578518295,-9362.398035085514,0.0,0.0,0.0,-13657.598852748051,13757.524983004398,-992.8680270109635,-133.03956889680316,-470.5353337008104,390.32385602554933,0.0,0.0,SUBMERGED,UUV
1781495112.328562,0.22839035691733411,-0.8063300878236639,-1.02733075888,-11.787343382119204,-16.582175115436034,-13.792082267660485,5.538580171028238,8.060115268163015,-35.525145610175706,0.0,0.0,48.357119999999995,-10142.768375667187,11290.988441034986,-498.7173193360867,0.0,0.0,0.0,11728.797046489135,-2486.149416718394,20227.75144831297,-127.6970812931352,-212.79035913288453,-85.35210779382811,0.0,0.0,SUBMERGED,UUV
1781495112.7283566,0.12054066751897675,-0.8993763279645306,-1.1174908777903274,-12.842584065533437,-15.90189739649459,3.4869855395425757,6.74190269861951,11.691735640883053,-30.874865515804547,0.0,0.0,48.357119999999995,9745.035330956873,-1895.7576121182963,21256.67737754445,0.0,0.0,0.0,-3090.7824147586975,-6324.568285371682,-14187.28448558919,944.463082594482,-899.9769820825227,-872.8564128095177,0.0,0.0,SUBMERGED,UUV
1781495113.1284173,0.348492744405042,-0.7764956704393642,-1.2917730638065328,-13.485952798097259,-1.1901809876311282,18.67943483689276,5.44237175906547,17.4537823657948,-25.601389620209236,0.0,0.0,48.357119999999995,-997.3824259579245,-4060.929017514253,-441.2350218958484,0.0,0.0,0.0,-7892.889996183947,14203.716553022612,-12666.14000796431,-77.25363332264226,36.55375391912963,-2.138994872400346,0.0,0.0,SUBMERGED,UUV
1781495113.578404,0.151547304050019,-0.721821762185646,-1.2645595927250135,-15.329997190283613,-9.47558295659471,4.447942297366918,-6.236797011317787,20.37648598488912,-19.166786433635522,0.0,0.0,48.357119999999995,-4831.344906334764,8023.217795197816,-198.09987374220023,0.0,0.0,0.0,14376.131754185022,-1516.4329001349838,-13165.399482214874,-15.554482142371146,25.266781116671336,317.7136523419577,0.0,0.0,SUBMERGED,UUV
1781495113.9784358,0.18394595189959556,-0.9174895698279122,-1.1976154379909367,-17.258945751981933,-5.603726531040099,-16.68875179271662,-4.5044415820631585,16.93037262519666,-13.355448408431053,0.0,0.0,48.357119999999995,12493.66831102024,-294.9210472398805,-22521.477567039565,0.0,0.0,0.0,-8655.809993239913,-8985.894943107907,19232.62994209029,839.7571326877558,-235.56948666425652,633.9995247554994,0.0,0.0,SUBMERGED,UUV
1781495114.3783636,0.36054977684531847,-0.7225070165824845,-1.1610445029354965,-7.575879578989179,15.233935883182223,-12.174039794413357,-3.753877298632976,14.077297832174319,-6.7781629033259225,0.0,0.0,48.357119999999995,-3728.1113442389674,-6666.036878203329,2104.6323219255387,0.0,0.0,0.0,-4478.364830817198,14342.897912152206,9662.999338206722,-180.08681470677269,32.049765785954634,-186.72186408955145,0.0,0.0,SUBMERGED,UUV
1781495114.828351,0.1503188413692481,-0.7083005424547405,-1.1105688001478278,-16.499085094044556,4.002412774008112,8.824711385838931,10.099059584433013,13.345056234667405,-0.8392886014582175,0.0,0.0,48.357119999999995,-1303.200263896812,5950.0314221615645,1278.1731939681804,0.0,0.0,0.0,12882.196960522338,1604.5833905267477,10934.758372105924,70.41056254532958,165.87930129511014,-312.6169807624432,0.0,0.0,SUBMERGED,UUV
1781495115.1783195,0.28792441715931644,-0.8675400963315877,-1.3557989594974644,13.92665899827852,5.337029310046574,18.054536907325094,1.728497013929948,10.286132250998914,3.5603235843276817,0.0,0.0,48.357119999999995,6216.752052678919,-2100.0130422979732,-11321.620679571715,0.0,0.0,0.0,-14295.32257299918,-6410.515123200041,901.5039380949383,163.0369002769175,-628.0019335797441,373.39845799862997,0.0,0.0,SUBMERGED,UUV
1781495115.6283522,0.2432771600978236,-0.6956337381004214,-1.3894297880745825,-0.5585819052468214,12.831314144738064,2.0864882316582705,13.8936497907925,18.608976560163615,9.499491874894218,0.0,0.0,48.357119999999995,-6293.894076310719,-10356.278053276714,-4370.898277676161,0.0,0.0,0.0,-1142.661627396515,13288.369209222245,-6802.251918002512,-393.26736908998157,-227.02227660736907,831.6918067198399,0.0,0.0,SUBMERGED,UUV
1781495116.028367,0.12639029853106432,-0.7544812361561841,-1.1792542797522034,17.140837888569873,-6.103389207656784,-17.524552587681693,14.535975183198845,21.859066091893393,13.698575153215103,0.0,0.0,48.357119999999995,1163.6478920659026,10704.013832366085,-4597.402731781067,0.0,0.0,0.0,7643.5861147350115,-5309.951997999984,19983.781234199127,-184.22068908857284,-112.45909518153854,-261.91243846027794,0.0,0.0,SUBMERGED,UUV
1781495116.4283721,0.33582683382485784,-0.838383437476921,-1.3384100552732143,16.54969579041529,-10.553731293669024,-10.47120364637457,13.0857166813026,22.076046571627963,17.13673711564781,0.0,0.0,48.357119999999995,1783.7601133898097,-1289.5846922220412,15837.115038975757,0.0,0.0,0.0,-12351.507880848576,-7429.979154562699,-6465.597195452801,-229.48148547740098,-840.3609955306758,-147.72413179463422,0.0,0.0,SUBMERGED,UUV
1781495116.8783333,0.2151209848111849,-0.6980095417398289,-1.2853971792188714,8.090416534057,1.0978712175600516,10.993611971100789,2.1884263791419514,13.72347454787398,18.718893406715036,0.0,0.0,48.357119999999995,-12056.52869313331,-9253.939923720525,13923.268376798198,0.0,0.0,0.0,7746.772031005667,14081.526064558704,-3975.4789371232537,-817.3605719151767,-496.0905348786346,-1148.3608107675745,0.0,0.0,SUBMERGED,UUV
1781495117.278351,0.041129034356313154,-0.7233132689878027,-1.4381632258539296,15.814734831773324,-17.166704460629255,16.188587694996293,-1.756387945385865,11.704539688817425,20.98612314552907,0.0,0.0,48.357119999999995,3035.7046134004595,7540.939091138034,814.3385601568339,0.0,0.0,0.0,4980.644588819019,-837.4786139100138,-16182.048673076533,-107.4680734871003,-70.87043483026841,468.2793798656134,0.0,0.0,SUBMERGED,UUV
1781495117.6783183,0.32841230676340416,-0.8081566492899876,-1.3973899451006357,13.30816578437355,-16.30184278552326,0.8765727010908337,-0.40708351153122285,10.343422917801696,21.89219484665263,0.0,0.0,48.357119999999995,-25.16774568958206,-1640.407486656636,-21598.030099551004,0.0,0.0,0.0,-9907.284749785193,-6831.826983635472,19916.182754998023,-78.03967049800995,-345.99413830255605,89.09495074582482,0.0,0.0,SUBMERGED,UUV
1781495118.078324,0.06636152986608138,-0.6832552937452042,-1.2915349537881182,-3.2770501646086574,0.04741009378390748,-17.44899637359246,-0.31545433992344596,9.68071428171104,22.699721806089435,0.0,0.0,48.357119999999995,-6068.370524483319,-3388.7861685641856,2937.8441655405595,0.0,0.0,0.0,14200.44370355332,13753.883352591398,8514.7571097348,89.0600926838385,100.74943050452354,240.05870067362554,0.0,0.0,SUBMERGED,UUV
1781495118.528417,0.1163369412048264,-0.7203256177409952,-1.284489136046734,9.531349592856353,-9.708328118407008,-8.221589666875486,12.583707405630772,21.70587097135559,23.66941952020771,0.0,0.0,48.357119999999995,8642.22398055022,8681.31790997716,2200.8403665840065,0.0,0.0,0.0,-2062.8220315921567,-2152.131459049359,9434.220788176768,204.89256928755378,299.7583011984677,-1049.5438034761698,0.0,0.0,SUBMERGED,UUV
1781495118.8783934,0.2410600602707602,-0.8164769521302313,-1.5334909745015515,-16.265274379882907,15.660413604506271,7.287941143474973,3.3686057485075516,15.946804280877885,21.521576695224073,0.0,0.0,48.357119999999995,-5158.484248137488,-4164.781529188759,-13606.542663850714,0.0,0.0,0.0,-2679.352340393296,-3919.6559755757594,3150.255934582774,-730.4419247125614,-821.5801181601219,873.8200057478625,0.0,0.0,SUBMERGED,UUV
1781495119.3284338,-0.006140796418816864,-0.7245703905824008,-1.4777395106242903,-9.368804081915222,14.648148351964606,16.10794527194202,12.315034823355226,22.936301159165495,19.97473440104949,0.0,0.0,48.357119999999995,-2305.005278978737,-7250.786562193824,-6745.457664623445,0.0,0.0,0.0,13231.336736947553,14339.67877345506,-3995.167235738899,114.64790425658458,-82.21068883953563,20.493059128588982,0.0,0.0,SUBMERGED,UUV
1781495119.7783747,0.06413341408543491,-0.7145346986690562,-1.560398758288506,3.8436335695023556,3.2218717971793636,-1.599660305528495,0.9587526436287394,13.968313341012838,14.474265452063573,0.0,0.0,48.357119999999995,11150.595888579011,6462.323006421961,-5710.235421104603,0.0,0.0,0.0,-7053.2209586412355,899.611553651258,-5361.572179560443,427.2437937921367,497.88803057098346,1132.288289304819,0.0,0.0,SUBMERGED,UUV
1781495120.1285975,0.18136060799574957,-0.8636269466176291,-1.5056231265481637,-13.574705892102353,5.16225524743745,-17.981359382003053,8.809243186396586,21.82919728237325,11.946398070472156,0.0,0.0,48.357119999999995,-9796.683200391944,-2997.1633968382075,18644.532883622465,0.0,0.0,0.0,3251.6517833229154,-5312.8006125718675,-9699.61371153119,-1037.7794685833655,-882.2361366343698,-1070.3856359266194,0.0,0.0,SUBMERGED,UUV
1781495120.578423,0.005192810558458188,-0.7317479108245981,-1.4463130028178144,-15.531446443472554,13.115807514312404,-7.599122101300667,-3.692639358524563,12.769622633784959,6.742005513139623,0.0,0.0,48.357119999999995,553.1245459078572,-5664.708825621766,17675.67584043289,0.0,0.0,0.0,8242.301823472906,14046.156519423126,-8820.08178007189,592.3431965411511,-230.07755466744328,-216.17644657402678,0.0,0.0,SUBMERGED,UUV
1781495120.9784179,0.1534156312017651,-0.7617693398481971,-1.6523147209768587,-9.630840008390418,-5.1542621489473115,10.856080357742714,-8.707355013917233,15.814920160481108,1.8772758332480148,0.0,0.0,48.357119999999995,4692.01999781102,9470.320171407735,154.17666880134058,0.0,0.0,0.0,-14250.831852407795,-3729.713974635216,-14939.54448126124,-31.60302966291098,-8.8975231652017,340.0315827366035,0.0,0.0,SUBMERGED,UUV
1781495121.378647,0.09473787585357996,-0.9139501613869747,-1.519625136193867,-9.092088359242107,-9.43803097874511,15.15588941629924,-8.665592723869109,19.949081819534076,-3.5934274622867934,0.0,0.0,48.357119999999995,-12355.089314874554,-1112.4610601529373,-21767.332217081756,0.0,0.0,0.0,8579.060362484452,-7664.142316439802,15472.282333889045,-954.3890987633188,-656.5589020745621,837.9183891565049,0.0,0.0,SUBMERGED,UUV
1781495121.7783844,0.07583200949995392,-0.6947433429664822,-1.4655886422903965,9.928119956621297,-11.756897231551669,0.05150917174457062,-9.237862531335942,24.035657926195626,-8.856930798063694,0.0,0.0,48.357119999999995,6685.897623446974,-1996.1505207159641,4068.498099428234,0.0,0.0,0.0,794.7303287405657,13136.527639047097,7198.241952431084,368.1916158393675,222.94111601396168,-325.8938635280251,0.0,0.0,SUBMERGED,UUV
1781495122.2283967,0.24535556582976378,-0.7832624033391202,-1.5344184697302632,-4.6725641113352205,-17.317551248354395,-18.69989607474626,2.4376064876957866,23.05361174713807,-13.916294906669492,0.0,0.0,48.357119999999995,1417.272755857538,6792.208489524446,408.8256691533987,0.0,0.0,0.0,-13214.38877335872,415.36350681365275,12569.95784499447,-77.27669883228255,99.27501420484305,-323.1145624483896,0.0,0.0,SUBMERGED,UUV
1781495122.5788183,-0.05406138441883528,-0.908495319445474,-1.6343036493154406,11.694339950224014,-7.211398273495324,-11.241618456165398,-6.68316596887997,27.12274649068625,-18.89488945734149,0.0,0.0,48.357119999999995,-6054.9627470297355,-2440.814288490196,-8479.054089711699,0.0,0.0,0.0,14345.331880471611,-6088.530279208382,-2317.671822737323,-65.48570397912407,-548.224979728404,335.9045938698626,0.0,0.0,SUBMERGED,UUV
1781495123.0283701,0.03307054061622545,-0.735134368017176,-1.6930447997379883,16.40521399004852,1.3785705875146421,14.217955293233329,0.9506674962915963,18.833465478558356,-22.880401032670367,0.0,0.0,48.357119999999995,8865.124425145481,-6071.940502958337,-7144.646985908682,0.0,0.0,0.0,-2436.4058312768275,14330.389052501996,-3660.1925456470835,472.6738168175691,-81.16543701302054,599.8964189143311,0.0,0.0,SUBMERGED,UUV
1781495123.4283412,0.19769127712685033,-0.8787384565449796,-1.6104730000274627,17.024788791277352,5.004290896963449,13.310604244770268,1.0677340202728747,15.25193344032633,-26.693649489299574,0.0,0.0,48.357119999999995,-1030.5749450211583,11100.454968400016,-8114.19569926531,0.0,0.0,0.0,-7787.880522616754,-6174.676830505257,21635.876996763967,117.12790411580546,5.461227882675544,-31.92135149925255,0.0,0.0,SUBMERGED,UUV
1781495123.8283293,-0.07212740304024597,-0.9048668206396431,-1.5661114064560726,4.937396133767035,14.991649216150568,-1.9490739418578904,-2.8550317902334883,14.802103334255147,-29.798642041575114,0.0,0.0,48.357119999999995,-2259.8305730398556,-1501.2726789719525,12888.028764612303,0.0,0.0,0.0,12632.602330218546,-7398.6683090675515,-2703.1676480983597,159.7530220908565,-696.8174844737969,-157.12104679948652,0.0,0.0,SUBMERGED,UUV
1781495124.2783554,0.07704168338585633,-0.7887401750498896,-1.6156191417500394,15.524982515141039,16.008214572709754,-18.130226026392183,-13.256907724346116,24.63981040914261,-33.084818633362666,0.0,0.0,48.357119999999995,11577.951173682794,-7963.139801746839,11144.597657093344,0.0,0.0,0.0,-6828.100350923156,14223.94367536507,-764.2983267939064,737.3365266111698,-234.52764338617223,-940.5053128885785,0.0,0.0,SUBMERGED,UUV
1781495124.678419,0.06521398909588172,-0.8629617273279415,-1.838719146807443,13.260953543059042,16.479804469652272,-4.028439066783162,-16.747415738649327,26.449274221181014,-35.302140114649696,0.0,0.0,48.357119999999995,-5016.077125484948,10552.974621773023,58.235942173977655,0.0,0.0,0.0,-2555.2311482460727,-5670.297943443937,-14322.390838609641,-31.10502468825064,-50.499154933111754,703.5696771288756,0.0,0.0,SUBMERGED,UUV
1781495125.0783947,-0.0976291942929313,-0.8674844391511509,-1.6206424153806895,-2.8641728653182703,4.131244030722486,14.85969366838214,-15.456305092794592,27.880755435118534,-36.08733565633746,0.0,0.0,48.357119999999995,-38.28122555305284,-2077.033615811356,-22008.61763791166,0.0,0.0,0.0,10296.74341884964,-6367.13802798992,17000.47462824696,123.21518200266846,-620.8415867530691,174.5775185522847,0.0,0.0,SUBMERGED,UUV
1781495125.4783728,0.18585358564583077,-0.809415453192379,-1.7302543674878381,-4.577581974343458,0.6122278406535712,12.460000545515578,-13.255005535400421,28.954538993062062,-35.966719826551355,0.0,0.0,48.357119999999995,3723.939836549656,-692.3218751895705,4904.638242233357,0.0,0.0,0.0,-13686.24242490736,11952.078479202508,6092.760502667134,-123.49177754527369,288.78182755264413,204.90415952824267,0.0,0.0,SUBMERGED,UUV
1781495125.9283721,0.1335524465106384,-0.848603198074344,-1.6804498237469767,-9.390517518255091,-6.35742229364996,-5.847615209511237,0.29097944504291273,17.179538877471185,-33.52143010615208,0.0,0.0,48.357119999999995,-7255.366775018581,9317.757481593875,911.7419695316846,0.0,0.0,0.0,116.67754233398773,-3238.853678578293,11325.528939398584,-178.01691127786768,103.31476412186757,-925.1371317724158,0.0,0.0,SUBMERGED,UUV
1781495126.2784,-0.12182622797092424,-0.8537547641489857,-1.7846227969149617,-15.071573765498153,-15.596285743675363,-18.61746642965535,-6.625928178101295,24.316520314412713,-32.8607494202268,0.0,0.0,48.357119999999995,6707.230548555259,-7384.021715888714,-17009.507692286414,0.0,0.0,0.0,786.0293650227895,70.24579100723759,7203.991640918871,901.0972149232658,-1037.7719032642017,1215.300210164935,0.0,0.0,SUBMERGED,UUV
1781495126.7284331,0.12006402998754143,-0.7784644107318884,-1.893839314753429,-12.528054024098122,-11.78125424784923,-5.149138684161374,2.161389908027969,17.777395149271612,-30.430271416614183,0.0,0.0,48.357119999999995,1485.668890546523,-2195.095292412124,-9543.078234621922,0.0,0.0,0.0,-12594.68432780654,13120.567288882601,-799.5722721457139,-249.14956454622404,193.94898212413298,-179.98310301516722,0.0,0.0,SUBMERGED,UUV
1781495127.1284142,-0.014603875976744118,-0.8296224604326088,-1.729784820308427,-11.643485821455785,-9.040094716418865,15.353474755240091,3.9897098476648987,18.616569114758782,-28.01280942768058,0.0,0.0,48.357119999999995,-11737.513935617575,12453.226008141777,-5077.64647424782,0.0,0.0,0.0,13243.110879671716,-10567.993619413075,20555.162695245577,-144.70590689195504,19.883197084602447,255.10990424639198,0.0,0.0,SUBMERGED,UUV
1781495127.5283358,-0.09569830323389575,-0.8739350863336339,-1.7778412645043415,4.327492535188887,10.485043244804654,13.612093379998242,2.325732458417344,21.128691313428817,-24.489770287146683,0.0,0.0,48.357119999999995,10949.702739995957,-7043.329154458331,21676.382200892545,0.0,0.0,0.0,-5079.929667414344,-637.0636573767451,-14344.696920947883,915.364780260626,-1281.969571487036,-1343.1610663726,0.0,0.0,SUBMERGED,UUV
1781495127.928378,0.06337059625200815,-0.7132461603838839,-1.9827263907503194,8.136840663178555,15.324520778669948,-4.532303250271863,2.029217100656677,26.63692807399453,-19.63846422703809,0.0,0.0,48.357119999999995,-1611.0378036620273,-132.5220965926314,-607.4056606164031,0.0,0.0,0.0,-6995.176690870704,10869.342215504452,-12327.38076791067,-73.52065266054123,55.60235074740568,108.55007473556338,0.0,0.0,SUBMERGED,UUV
1781495128.3784072,-0.15085994239449202,-0.772214982591648,-1.9096636518644252,-7.235176490136748,5.196512171982084,-17.53307202936548,-5.749494580908397,29.045816170311593,-13.61285189602177,0.0,0.0,48.357119999999995,-7088.32090074069,10775.665185879689,1071.99802284038,0.0,0.0,0.0,14675.125021306914,-6110.416168249728,-16930.556317628638,-19.530292258880344,36.642857318004125,385.5365195381267,0.0,0.0,SUBMERGED,UUV
1781495128.7783499,-0.05087392609546002,-0.8688180880346763,-1.8780773273023132,11.105194780729386,14.95495609490465,-4.077285574456869,-2.7141023977892336,25.06503160550655,-7.12488073545406,0.0,0.0,48.357119999999995,12863.121653719563,-4518.146258426585,-22743.53008239022,0.0,0.0,0.0,-10677.042088440507,-3331.5235124494907,19970.813928109506,799.6460287828987,-639.1031090234624,861.1939435081803,0.0,0.0,SUBMERGED,UUV
1781495129.1783683,0.08166645269109056,-0.6631561618636582,-1.8341414185966227,13.82293607876055,13.36575757503692,17.361918451705996,2.2569958659383142,21.316918987561863,-0.8967640149489811,0.0,0.0,48.357119999999995,-5096.935242009866,-837.4415747665582,2540.7611647535036,0.0,0.0,0.0,-2742.160155428099,12376.040970204069,9127.760242140923,-230.86510051653295,137.09951914502557,-261.22558316908817,0.0,0.0,SUBMERGED,UUV
1781495129.6283538,-0.10400090553338845,-0.7244519732872106,-1.7758203034866777,-1.709644215551629,16.747974896835014,8.942892037578108,15.374994121853398,22.11491856708919,5.381168063978705,0.0,0.0,48.357119999999995,-2372.3129913380794,9407.854274228355,2.394045699415471,0.0,0.0,0.0,13862.76012056779,-3374.2429520144556,14179.013254228948,-34.58403737491995,-15.798380131332111,-354.7482705826274,0.0,0.0,SUBMERGED,UUV
1781495129.9783587,0.020245079540231855,-0.7971603853684759,-2.0451278087692115,9.777096447602558,-12.374356311188988,-6.754332088539158,10.405816268807202,18.056490063824718,10.160210512169352,0.0,0.0,48.357119999999995,3553.691266085545,-6544.668996929424,-12119.606876675161,0.0,0.0,0.0,-13698.309473170972,-986.4840361895235,1781.3566385343547,-58.971166924852824,-813.8858706820008,554.1714535521949,0.0,0.0,SUBMERGED,UUV
1781495130.4283593,-0.08187293201016604,-0.6097613243057187,-2.030067985600696,16.917926155464095,0.8098518638951595,-16.114556363400297,18.309513585574546,25.8956037012729,18.023112968324767,0.0,0.0,48.357119999999995,-8523.422851282396,-2762.0975047030383,-5112.880932129544,0.0,0.0,0.0,1957.7569987215247,13588.13245688625,-5937.923530040878,-432.9764693505107,216.9986192833147,408.25059014626606,0.0,0.0,SUBMERGED,UUV
1781495130.8283408,-0.1482418537798893,-0.7637786701460941,-1.8621863955230586,5.680209454636603,-16.50252535602888,-1.7234254554934725,19.904153799360845,28.31984000518112,23.96231539911735,0.0,0.0,48.357119999999995,927.9860412168217,12511.956819822983,-12133.798899745232,0.0,0.0,0.0,7927.448397297274,-9259.53229724451,22941.02948288937,-175.64152336697333,287.24426538881465,245.28564250822365,0.0,0.0,SUBMERGED,UUV
1781495131.2283878,0.07489697361799484,-0.782605323070676,-2.000324271953864,4.263927078491694,-16.446143507966255,18.21005909191842,17.01336199262211,28.489888577911216,28.132758953356756,0.0,0.0,48.357119999999995,2396.991214272826,-2675.770702305056,10099.509981955487,0.0,0.0,0.0,-12893.668207331455,-6118.814448008975,481.54189366185335,-249.47529585007356,-682.2606811887971,-219.94710647579336,0.0,0.0,SUBMERGED,UUV
1781495131.6785285,-0.039861522388152784,-0.6268907209262559,-1.9244118796454233,14.102350836742454,-14.054032046373182,7.239326343147387,7.546101244890823,16.278982958865274,30.42950355646095,0.0,0.0,48.357119999999995,-8660.588573017374,-8603.395791647523,3725.4822135296536,0.0,0.0,0.0,1977.9312627943114,14040.891184376,7528.356680136126,-317.6800454259403,-52.171393661114266,-575.960137404749,0.0,0.0,SUBMERGED,UUV
1781495132.0283139,-0.16707746294339887,-0.7598019478287754,-2.0243094795567567,-16.62970494139328,7.72450459105238,-9.635653702326445,14.17174094780385,23.645127054776182,34.33487464242892,0.0,0.0,48.357119999999995,8228.093211405952,12381.35231599369,-21590.274538291083,0.0,0.0,0.0,-1228.033751815563,-12017.206896631895,14360.559930512209,958.2359823874981,1095.568680780698,1387.315230928838,0.0,0.0,SUBMERGED,UUV
1781495132.428318,0.06897295990410132,-0.7067471903791192,-1.9986258790303018,-8.405870054570585,14.830049839370968,-17.230554856211686,9.853766293088487,20.50499369825297,36.40265426205079,0.0,0.0,48.357119999999995,-418.83000456731156,-4738.700791415453,652.5760196118181,0.0,0.0,0.0,-9282.923594245505,-3126.3912208425804,12046.267373739462,-104.70296437488466,-100.56015074025495,-389.3619531278828,0.0,0.0,SUBMERGED,UUV
1781495132.878336,-0.1781801286023638,-0.6618229316378417,-1.94133161294844,-16.063965883544796,15.198951093028905,-0.251085465732718,12.391119633693037,13.741987504699834,38.08573633193776,0.0,0.0,48.357119999999995,-10760.287139635715,-5103.171686083388,-1093.1082285140942,0.0,0.0,0.0,13764.38685803034,15177.002457730578,17141.874606280067,-55.490185975698566,-23.459782496800234,246.74523742001873,0.0,0.0,SUBMERGED,UUV
1781495133.2783225,-0.18071708197130137,-0.7298358483248337,-2.0521691012332957,-16.204013872308757,17.3230357185302,18.938006899504604,13.023023677138596,15.936471643739532,39.673396335300914,0.0,0.0,48.357119999999995,11312.780190909616,12868.518470148278,23048.316408449704,0.0,0.0,0.0,-5783.506567958703,-11427.803367736931,-20057.791649620445,753.8631165182262,954.5482513202207,-1214.1138431818238,0.0,0.0,SUBMERGED,UUV
1781495133.6783388,-0.061353815423379525,-0.7146355957276275,-2.2484123399096108,-1.252945055228376,4.197362017230428,9.16131480430065,17.39747892617012,20.499750912693866,41.370947260966,0.0,0.0,48.357119999999995,-1703.3356825887763,-3211.249352778331,-2850.855642834321,0.0,0.0,0.0,-6939.714754607587,-5027.154257061249,-8881.17275247825,-236.74860845299057,-244.0934816678801,440.21095699223736,0.0,0.0,SUBMERGED,UUV
1781495134.1285198,-0.28801955533107343,-0.6946075502537493,-2.1440941055691627,-12.931169266754754,13.64333650958327,-12.139976601093293,20.49337870333968,24.882380568290603,41.369130786899376,0.0,0.0,48.357119999999995,-7474.910490067686,-6649.359746406221,-117.87823767606464,0.0,0.0,0.0,13983.38891431659,13719.53322900155,-9388.29170153253,-36.379749578501695,53.45221860189786,-163.95819343046537,0.0,0.0,SUBMERGED,UUV
1781495134.5283418,-0.16957828466757735,-0.7081020373287331,-2.0921650935853378,4.432103100819162,-6.113860811033867,-15.85949587462632,18.405405348906758,23.95343156415155,39.41260734737841,0.0,0.0,48.357119999999995,12687.2106155258,12405.706831590896,-18631.667716293832,0.0,0.0,0.0,-10000.792206959732,-8851.801420605185,23522.251333915767,466.8230077215384,628.6746413170703,882.2775545914798,0.0,0.0,SUBMERGED,UUV
1781495134.9283345,0.006293598907344527,-0.7626100558225033,-2.1264978987977496,6.602014455320872,-10.472871117673431,0.6652212343540433,13.810520654985883,21.959743910821803,35.728866345967575,0.0,0.0,48.357119999999995,-4502.568516433627,-2418.1404801732187,6795.868643463021,0.0,0.0,0.0,-3640.5358828715935,-6386.206721978943,4365.545077786936,-489.94316315721187,-443.60470836235476,-646.9203006156345,0.0,0.0,SUBMERGED,UUV
1781495135.3283403,-0.3350942497462697,-0.7050808837720842,-2.17590733348505,16.558559705329955,-13.085519021428295,18.518178241927373,9.80253067357478,19.34781177183128,32.49067380544027,0.0,0.0,48.357119999999995,-147.9368262578991,-2903.486586374911,9062.832541953192,0.0,0.0,0.0,10624.653340141882,13481.419632268273,-22437.49135486182,-130.33742309630418,-133.59524095826234,-85.20304554795494,0.0,0.0,SUBMERGED,UUV
1781495135.728364,-0.12278696276724008,-0.720732127707305,-2.2458531610450354,14.376963784594684,-8.527304098016412,8.68525115327518,6.835332757509946,17.50010142589842,27.83989117250029,0.0,0.0,48.357119999999995,5308.906816301037,12045.790504705124,-19081.991880044756,0.0,0.0,0.0,-14271.202976332108,-11937.92234524104,10765.051744226477,244.60512563486,1040.386312837226,935.3167127788369,0.0,0.0,SUBMERGED,UUV
1781495136.1783366,-0.12656216852586177,-0.8290648603293826,-2.3056660431722773,14.345351361876137,-16.421654481106536,-13.983606640200701,2.9722098768000884,25.663161237235958,24.552264256901513,0.0,0.0,48.357119999999995,-8059.621741453705,-1205.0588559175817,-11439.836527053909,0.0,0.0,0.0,1049.1069880511309,-7688.313245163959,793.4734274433447,-690.2424265033445,-639.8993814925755,760.6846936864433,0.0,0.0,SUBMERGED,UUV
1781495136.5783079,-0.2704697542163582,-0.7047618138051813,-2.0831345067010427,12.113993936133005,-0.3464169969169857,-14.938689883596917,4.080355215452392,29.71030357046206,19.68899611645128,0.0,0.0,48.357119999999995,775.2848427872028,-6169.905198229057,-3235.7318593016676,0.0,0.0,0.0,8321.623552982961,15567.921798491969,19276.495290326493,-177.24684013122672,-111.06411267777287,75.66018238576652,0.0,0.0,SUBMERGED,UUV
1781495136.9783545,-0.09912257293247913,-0.7267002682966109,-2.283648968105482,10.318688085786922,5.493900325803521,1.7241493901078964,2.683264341082062,31.026806051258088,13.17302404526339,0.0,0.0,48.357119999999995,398.18616342853323,12991.374485190658,22129.980258739826,0.0,0.0,0.0,-10803.247437299073,-10491.699235400334,-16519.82175207964,-225.40446561154454,1061.0606250164526,-771.3847791425845,0.0,0.0,SUBMERGED,UUV
1781495137.3783278,-0.28959569790399114,-0.880081529612588,-2.3288134305128247,-6.499323346460356,16.11032272691717,18.788435205289343,4.152379109414416,32.15371881753295,7.21977569729296,0.0,0.0,48.357119999999995,-10391.644555058941,-2440.1459558088864,-1062.9804916145106,0.0,0.0,0.0,13635.651503063764,-5936.373702236933,-11351.409142711094,-51.3023512365433,-93.06048537212747,326.3437611158697,0.0,0.0,SUBMERGED,UUV
1781495137.8283212,-0.33876349897524144,-0.7238634359785803,-2.3280826361358042,6.913106619425121,14.898739314497332,5.515352480572796,3.6929297214029466,22.778143590483367,-0.8446472662063631,0.0,0.0,48.357119999999995,3242.930959770245,-8191.066161192837,617.6508104815663,0.0,0.0,0.0,4713.287531713141,14585.649309927843,-16176.532960362194,-107.14162512303763,-39.28482212585877,110.91952517215876,0.0,0.0,SUBMERGED,UUV
1781495138.1783187,-0.060261622679691165,-0.7907436316521914,-2.271298869477028,-15.194027679000786,-9.33873461394492,-12.116317670450089,2.967223417784179,28.817597532648527,-4.8427170986293255,0.0,0.0,48.357119999999995,-996.0104965046543,12043.5355534157,3837.374459143978,0.0,0.0,0.0,-8309.815790895278,-9505.034747092584,7515.733359039678,-313.5835595228539,366.90413540481376,-817.8282865804304,0.0,0.0,SUBMERGED,UUV
1781495138.6283653,-0.2884613389606436,-0.9067693199734257,-2.187147635728474,-14.615674257117801,3.898991075928011,-13.330291214227726,-4.451923594547073,20.482440439587144,-11.15220705938888,0.0,0.0,48.357119999999995,-5601.500121779295,-1346.5376207448944,3048.7867510310493,0.0,0.0,0.0,14113.341372103321,-7778.822391087836,8555.963390159612,70.93867863711012,-240.73652158471324,-56.44121096036703,0.0,0.0,SUBMERGED,UUV
1781495138.97838,-0.21115466984464296,-0.6898513374124903,-2.3955773871592627,3.491870332910464,-9.685206841538466,0.46498426720198843,0.3708561552471784,23.61539061672061,-14.233176753046342,0.0,0.0,48.357119999999995,11507.453649711095,-117.31625447687006,-14665.984354221453,0.0,0.0,0.0,-12494.56980716011,10745.2602319775,5006.63303671612,680.3562832395743,413.42392992957883,567.4605738116868,0.0,0.0,SUBMERGED,UUV
1781495139.4283948,-0.19140041269902036,-0.8164456635540814,-2.4878183911488,-9.55606153385887,-17.294513308163346,18.616878247337436,-12.042014613279703,26.72348083292956,-19.270526855643038,0.0,0.0,48.357119999999995,-2529.880361917933,10606.471053499801,-7089.880841380665,0.0,0.0,0.0,-5896.68996386091,-5692.4243216432205,-3888.824678676093,-460.56278035374464,575.6563177920824,970.81753620354,0.0,0.0,SUBMERGED,UUV
1781495139.8283415,-0.3402247096008045,-0.8840449956608132,-2.227050529453026,-6.546684557875284,-14.391917266606296,5.246994746657362,-15.631861680752772,27.913136214454685,-22.72966266169367,0.0,0.0,48.357119999999995,-1381.6695623981677,-1373.0584696105766,-7903.32217990592,0.0,0.0,0.0,12883.835855104497,-7256.498951546626,21616.868793092395,-163.2666830217168,149.11736678624513,5.725302185575202,0.0,0.0,SUBMERGED,UUV
1781495140.278403,-0.2115943455129069,-0.7574352167302815,-2.349716689803288,-17.147839631717197,-13.681978000567018,-12.861653783261461,-10.25272837797364,32.28520749315712,-24.870579600913956,0.0,0.0,48.357119999999995,12619.041273048859,-8172.212896993495,-10955.068093793716,0.0,0.0,0.0,-10928.43100650357,15621.067925351894,23043.683734257083,155.9919604938841,-290.44560632082744,413.54377981490387,0.0,0.0,SUBMERGED,UUV
1781495140.6783588,-0.13320288741718284,-0.8143188544656187,-2.3929031504741194,-2.1590315779699196,-7.911480693659712,-12.145837533082258,-7.126590257498612,28.57671356724215,-25.996653557100462,0.0,0.0,48.357119999999995,-5110.06494655757,10030.443583440658,11533.491155551015,0.0,0.0,0.0,-3012.6261744319545,-3839.8870917896343,-880.9208591450164,-760.445296036593,797.1992520000861,-1227.1067160380294,0.0,0.0,SUBMERGED,UUV
1781495141.0783694,-0.4651670517522198,-0.8539488300759189,-2.457881680635803,-2.262609475452517,-6.441693200816166,0.2995244857795394,-5.0379611630412775,24.91365297309013,-26.34343641021403,0.0,0.0,48.357119999999995,317.9296662559221,-1982.0745510505196,29.2201028531778,0.0,0.0,0.0,9106.510998720387,-6363.08785348798,-14538.063101686059,-20.887300567102944,3.743803802844978,191.33517192213088,0.0,0.0,SUBMERGED,UUV
1781495141.5283625,-0.2845012734326999,-0.7776616391244557,-2.5267696820146233,3.048356629894298,-0.3290018666518957,17.750632051920444,-3.804643757706266,22.37194815175999,-27.184374686451253,0.0,0.0,48.357119999999995,11125.890998662679,-8866.965065264128,4056.5648446661066,0.0,0.0,0.0,-13408.406060640147,14525.913863597969,-19980.75296942818,15.230480950528694,-84.09592075072331,-152.48101629715757,0.0,0.0,SUBMERGED,UUV
1781495141.928337,-0.2595854779085131,-0.7906005173616636,-2.5054306244897857,6.274866918905274,5.504171164429941,2.7879111413364375,-6.566372791096516,25.641713574293746,-26.593799594053642,0.0,0.0,48.357119999999995,-7563.397214985943,8080.173568828191,-17249.993384746267,0.0,0.0,0.0,351.9184735868448,-957.4452654418556,7542.96476953469,-1039.6395857185541,1204.1726071508292,1529.5211656038864,0.0,0.0,SUBMERGED,UUV
1781495142.328357,-0.3995515865145935,-0.8850020526458138,-2.3121105270213245,16.286072967796883,15.852841924478184,-16.529664012525785,-7.653149887881478,28.22731830085354,-25.313602544870516,0.0,0.0,48.357119999999995,1963.7327458725704,-1167.5049820957008,1210.0778103843838,0.0,0.0,0.0,6726.605753017749,-7985.096099735474,11195.038295763825,131.7061864404865,-143.2163456655394,-316.73346933061134,0.0,0.0,SUBMERGED,UUV
1781495142.7283375,-0.23091668965161316,-0.7551664751318554,-2.5676973410867423,14.180474985476135,11.734755885176696,-11.588195070131107,-8.772374693164226,31.268461066155552,-22.470843410708436,0.0,0.0,48.357119999999995,1621.325005109386,-4832.852558265016,21041.90675313027,0.0,0.0,0.0,-12386.579553299734,14131.897693327106,-22491.82489640856,109.6115892485979,-250.55224476662247,-143.18563560449087,0.0,0.0,SUBMERGED,UUV
1781495143.1783712,-0.3067103949383955,-0.7380725355332598,-2.5291157244116063,13.415150927790126,16.89251551247616,9.472241096982131,-8.234866788078431,31.843444196276103,-17.337639306062098,0.0,0.0,48.357119999999995,-12796.420485945406,10488.525742552667,22320.166149133514,0.0,0.0,0.0,10799.636408718443,-4200.021512607315,-21480.020501513027,-778.1814721921307,778.2800274676948,-1097.7266879479382,0.0,0.0,SUBMERGED,UUV
1781495143.5783143,-0.4791428200823474,-0.8704499947147283,-2.5705049447892554,12.951795298559672,5.466382227352645,17.322333601882892,-3.232672057689926,27.17179720085484,-12.448715184871139,0.0,0.0,48.357119999999995,4615.173709241582,-521.8362296442747,-3953.863472359698,0.0,0.0,0.0,3270.437008667114,-8723.081130239932,-7555.929221406763,317.86666878186674,-251.9549702895429,426.5677314568785,0.0,0.0,SUBMERGED,UUV
1781495143.978339,-0.20883098652044793,-0.716367325657846,-2.5447326707158866,9.898998330954234,-0.2889424880673388,2.2139114787418497,0.9020714943994234,24.117646138761078,-6.839691878627225,0.0,0.0,48.357119999999995,33.22079911658182,-8171.140463815957,-14630.404667731807,0.0,0.0,0.0,-10417.644091136186,15394.66556502927,23418.183996294632,77.37134447983121,-321.8571378161002,237.4161817503687,0.0,0.0,SUBMERGED,UUV
1781495144.3783226,-0.3793634590249685,-0.7099987362748726,-2.448389377405131,-7.432995450528215,-17.316141638865716,-17.350194509526006,6.853482647452325,24.13305325463093,-1.8427393103472434,0.0,0.0,48.357119999999995,-6064.874759812494,9545.39417870297,8698.545583966456,0.0,0.0,0.0,14004.127835191255,-3204.94962244533,2006.4749882409558,33.89329810854798,981.6126223547634,-858.7746384147563,0.0,0.0,SUBMERGED,UUV
1781495144.8283963,-0.3614012212359935,-0.8821328262639028,-2.4942098965736834,7.094416694338711,-10.792583935177573,-9.052616195347051,10.839064748802889,32.94822149431591,4.751119649430043,0.0,0.0,48.357119999999995,9354.30704723187,-48.10295257411765,7236.403283716608,0.0,0.0,0.0,-2892.1956146467696,-10284.084408042085,3707.98976744451,537.5064169870224,-459.2824662574724,-633.4071881992587,0.0,0.0,SUBMERGED,UUV
1781495145.2284257,-0.3174820496104917,-0.6796104255096164,-2.7128342092596966,5.420240343099492,-15.293785222655718,11.03402366206871,13.166738241375265,34.42598386157201,11.412821340274279,0.0,0.0,48.357119999999995,-1446.1394441748384,-10120.786636346103,8185.536775851228,0.0,0.0,0.0,-6924.720350671112,14283.072755122535,-21832.160051356892,92.12297988571342,-113.88042649784641,-90.08668253925397,0.0,0.0,SUBMERGED,UUV
1781495145.6283772,-0.5068405762929434,-0.7042286916891348,-2.5734379859914864,-13.598039441239791,-9.089109884317898,16.228923031582557,11.427409814214657,34.53722824471743,17.192298402479913,0.0,0.0,48.357119999999995,-483.92944730340594,9830.347463429816,-19143.111771838543,0.0,0.0,0.0,11411.203539783726,-3433.5887448058575,10521.564924839124,173.31551144457472,1166.4193563922602,793.4518629590648,0.0,0.0,SUBMERGED,UUV
1781495146.0287004,-0.23152328256579513,-0.8015897719027976,-2.6172265969139064,-14.94631228048048,-3.00047715505047,0.11273201712664033,11.828361119540428,34.63527920233658,22.600764479123207,0.0,0.0,48.357119999999995,9682.977824532734,-510.076540264014,9.69128621164335,0.0,0.0,0.0,-14354.287343474556,-9050.8471160359,14175.204132866234,-77.76241343940603,-218.35247312773492,-94.13813197490973,0.0,0.0,SUBMERGED,UUV
1781495146.47841,-0.3012790818710097,-0.6161871832923311,-2.5886807073779408,-17.168365330329223,1.9742008703516385,-18.703553867726605,7.195696417975232,21.749278397408744,26.168350706976984,0.0,0.0,48.357119999999995,-5699.902973769031,-9143.458402093513,-149.8574284323565,0.0,0.0,0.0,-1833.0378651935855,14563.095895326318,14878.182391731483,33.91053931836196,-9.99985231228759,-182.4111692346179,0.0,0.0,SUBMERGED,UUV
1781495146.8784075,-0.5326716401205239,-0.7206005112722287,-2.6319664193900505,-16.4298969802644,5.775679522565684,-7.219448783143744,10.155475845440536,18.860083553806767,29.980080851973693,0.0,0.0,48.357119999999995,1167.6991840673768,11527.778566277679,21062.871298454924,0.0,0.0,0.0,7169.712380285979,-6120.271904546472,-22020.813547687903,35.05101045699524,794.374106344068,-582.5597917201653,0.0,0.0,SUBMERGED,UUV
1781495147.2784123,-0.3327708896641235,-0.74361405315204,-2.8292858722195335,-4.932908564270123,14.77374921867236,11.103875946323601,14.471606695715726,20.944635923643716,33.7623075692708,0.0,0.0,48.357119999999995,2906.0129420721014,-1013.3930820759022,-4168.760850821562,0.0,0.0,0.0,-13564.341386492879,-7918.936645816638,-7157.9903882942635,-124.4486898378862,-296.2738442653565,34.48613360694887,0.0,0.0,SUBMERGED,UUV
1781495147.7283223,-0.4912766681601973,-0.6238058236353274,-2.7743407734424927,-15.462437114531514,15.70871965933716,13.489119356345865,24.770771391721983,30.268734040285242,40.45063503406986,0.0,0.0,48.357119999999995,-10676.894229397069,-8808.281173631483,-3358.8810499805777,0.0,0.0,0.0,5890.484653500649,14233.933499827228,-7918.132915721197,-367.20346750243823,-12.345064842747604,695.3711351234897,0.0,0.0,SUBMERGED,UUV
1781495148.128411,-0.46838401368193316,-0.733216186908804,-2.600436197924809,-13.649540974821257,16.933441704856534,-3.288280876558363,25.97768583022663,30.466472229222074,42.59499865523941,0.0,0.0,48.357119999999995,5287.303184297151,11709.218727897862,-6055.254877083457,0.0,0.0,0.0,2307.6948686746664,-7393.190674710602,20749.122154902478,-199.39950182852576,2.3864529742843263,-181.4121595811834,0.0,0.0,SUBMERGED,UUV
1781495148.5284362,-0.283917733660022,-0.7094270216020604,-2.781923097337147,3.248514091072822,4.239715174545108,-18.540513118911967,22.255399634391487,31.018952300087264,43.67199352857033,0.0,0.0,48.357119999999995,-48.796731562285245,-2125.9453696495675,14331.385362694542,0.0,0.0,0.0,-9596.384825235,-6622.614644639537,-4458.536489048813,-547.6232480628219,-808.8652657059409,-311.60170226561286,0.0,0.0,SUBMERGED,UUV
1781495148.9784255,-0.43858888216443265,-0.6518338294581999,-2.6709065242870924,-8.819127766549858,12.200810178804366,-4.775776011126553,10.314825424939247,20.05447197538761,41.13321665454901,0.0,0.0,48.357119999999995,-12257.649244148563,-10273.623996002038,6937.354557406707,0.0,0.0,0.0,9938.994968700088,13543.318030079483,3835.327878209375,-488.124358584911,-312.4128433989775,-1033.8066793084963,0.0,0.0,SUBMERGED,UUV
1781495149.3783975,-0.5921323377598182,-0.7117047251341319,-2.8253481575041484,9.072998427965585,-6.238265211162047,15.088185550837283,6.703793173137445,17.353089821404488,40.423630608575166,0.0,0.0,48.357119999999995,7242.907801934262,9041.802973863141,1265.2841859965977,0.0,0.0,0.0,-332.14535128747593,-3012.8186629049815,-16790.011633647548,-137.65268911981497,-85.28928381824473,603.6513463759107,0.0,0.0,SUBMERGED,UUV
1781495149.778422,-0.3412307160793734,-0.7245858940332746,-2.874063978486422,10.619331299707921,-9.882153734335242,13.345554087362155,8.180501642760523,19.70762488521172,40.25867872546789,0.0,0.0,48.357119999999995,-764.8627626019779,-951.4400159228719,-19480.818018780472,0.0,0.0,0.0,-8203.081448831748,-7933.9033803656075,11575.149602449028,-531.4853418062429,-722.5140480291168,235.72357534913607,0.0,0.0,SUBMERGED,UUV
1781495150.1789398,-0.5603962447563935,-0.6819197791091713,-2.668193671241625,9.422543412828976,-11.309635431594378,0.8934792922517115,8.520370942272761,22.007031735088802,39.24256921980118,0.0,0.0,48.357119999999995,-4022.5895925637046,-5681.668356558141,119.2400160378856,0.0,0.0,0.0,14385.165882749072,14850.383958628583,13639.075261125712,16.19851889848275,13.084046879567726,269.37651080241983,0.0,0.0,SUBMERGED,UUV
1781495150.6283753,-0.49674210874686503,-0.6600053849172871,-2.695389673594117,15.68444861589569,-17.17717750835891,-18.18603111782541,20.562484049382796,32.03240770704484,38.91814623488212,0.0,0.0,48.357119999999995,11161.929921959372,7125.707439785949,62.379930478314456,0.0,0.0,0.0,-6588.091703638104,-67.57958729473921,13549.235556787135,-5.309498134766468,51.39461120673786,-825.5025924806334,0.0,0.0,SUBMERGED,UUV
1781495150.9784358,-0.4475791766194755,-0.7887575259901911,-2.9703434617309687,12.531607379048976,-7.4981032208286935,-9.917452494321589,11.394437949591627,29.627708973327373,34.196679789904806,0.0,0.0,48.357119999999995,-6908.859646342753,-2623.950163996169,-6689.573874343417,0.0,0.0,0.0,-392.3472670537076,-5859.133532043217,-4447.725583183697,-480.10491390407844,-439.29970809178604,751.3735775654222,0.0,0.0,SUBMERGED,UUV
1781495151.4283304,-0.667120900764388,-0.6962861048113788,-2.851107579993586,8.686660501047664,0.4044734952326383,14.649597956328746,15.911634973453156,33.2615102836256,29.292619370396377,0.0,0.0,48.357119999999995,57.9358777542728,-5113.939491636744,-5855.945834306807,0.0,0.0,0.0,9950.416123101752,14252.468614448564,-5145.288361153651,246.6199890556984,53.10893312312693,-33.604375347183336,0.0,0.0,SUBMERGED,UUV
1781495151.8283737,-0.42821530781124706,-0.6916105035557852,-2.858770630723669,7.725111002305942,4.1520818592305355,12.60758185443066,13.51404329361941,30.424079972683327,22.60272096926218,0.0,0.0,48.357119999999995,7700.118775578487,11499.549142011856,-11169.747751429222,0.0,0.0,0.0,-15369.298102529643,-6988.42645676712,23038.51580184093,184.91792860563476,165.23025469411553,317.2525386983581,0.0,0.0,SUBMERGED,UUV
1781495152.2284906,-0.46653549881107326,-0.8483528874503617,-2.8586870648240477,-11.291141089114268,15.528211801490341,-3.460195607661966,6.895607492633011,27.738946702096932,15.498033495836228,0.0,0.0,48.357119999999995,-12602.442833501262,-4182.705173014125,17369.00631400806,0.0,0.0,0.0,6643.477257633225,-7211.794109208007,-330.9232655082383,-733.2883147926992,-577.1958916643338,-959.0396107571472,0.0,0.0,SUBMERGED,UUV
1781495152.6783347,-0.5992852384213986,-0.6992606526027649,-2.796979969834592,4.366677053733223,15.549315626513001,-17.506887649497376,-6.008815291007852,29.0673388600174,9.040649648917274,0.0,0.0,48.357119999999995,1941.9139317968006,-7094.362380355169,9733.530396381542,0.0,0.0,0.0,6891.561978208684,14188.143247168126,896.0617610533234,567.7233142497713,-102.18081690156083,-325.30542758540344,0.0,0.0,SUBMERGED,UUV
1781495153.0783346,-0.49023391868541527,-0.7248221560697461,-3.065052031778221,1.6669217422799196,16.537230638547314,-2.4351613078185386,-11.603742283038104,32.37581242515285,2.053003972949946,0.0,0.0,48.357119999999995,1952.6763041499596,8702.174251518409,5126.001305125023,0.0,0.0,0.0,-12928.267069599775,-2293.671458821851,-20339.751477657846,46.83326016148403,-148.62651384074454,167.622745559617,0.0,0.0,SUBMERGED,UUV
1781495153.4786046,-0.5840187118555621,-0.885628315595206,-2.9327282408036424,-15.994092304538633,4.294546579937063,16.769138026132186,-12.667862962791167,33.928709450015674,-4.348494015545796,0.0,0.0,48.357119999999995,-11991.127886331335,-527.0231514396646,-15172.729619997126,0.0,0.0,0.0,14197.200866551673,-6416.573538559894,13801.462312692176,-660.1879833836197,-849.0107179103776,697.0414305397952,0.0,0.0,SUBMERGED,UUV
1781495153.878346,-0.5289070970492905,-0.67590875256677,-2.868017356101196,-16.86947997369245,0.21591116537467847,10.671905802135814,-13.187945021606785,36.866588538970205,-10.652578403729112,0.0,0.0,48.357119999999995,9167.608709596483,-3622.7061334316736,428.0291968172323,0.0,0.0,0.0,-2902.360164666856,14452.721312486969,12514.343799304515,83.90156943021177,43.1467210075799,-319.93104395986273,0.0,0.0,SUBMERGED,UUV
1781495154.2783706,-0.45658984230985733,-0.7873154611319256,-3.069893797081749,-5.935379338463601,-17.037098137241536,-6.133504988567153,-14.569094226549774,38.95984981730073,-16.626736552677183,0.0,0.0,48.357119999999995,-1575.091318657726,12615.688533907321,22228.092360139468,0.0,0.0,0.0,-6671.0863825829665,-8332.998748739059,-19994.002086555563,-422.12931053212765,931.1963810806021,-790.163263382516,0.0,0.0,SUBMERGED,UUV
1781495154.678356,-0.7183255318207703,-0.8656944735169178,-2.99588298131189,-5.108372300372057,-15.086157619161185,-17.473887431012578,-11.641285183233219,35.76399262747532,-20.583127271442063,0.0,0.0,48.357119999999995,-366.7744239926998,-3824.8306591581318,-7272.708363092545,0.0,0.0,0.0,11430.818330519862,-4381.702808915762,-3739.756465749501,284.7686822440445,-515.22666894861,310.63612444266806,0.0,0.0,SUBMERGED,UUV
1781495155.1283572,-0.6146533368186609,-0.7204760969925276,-3.1065687050924327,-15.87078323320515,-11.783292331926535,-5.315673517117609,-6.722829047996172,23.546477963389393,-22.918239686995424,0.0,0.0,48.357119999999995,10868.345021998866,-6143.349872929917,-2119.296414733984,0.0,0.0,0.0,-6450.188875973126,14496.288450747437,-9552.023970497587,182.61429096691413,-28.493633460345066,486.8715777686422,0.0,0.0,SUBMERGED,UUV
1781495155.5283587,-0.4670982447997162,-0.8244123838306077,-3.0612394206228335,0.39032135039236526,-8.670725150664099,17.644775155550715,-7.771188310527235,23.271580462158635,-26.43213347995284,0.0,0.0,48.357119999999995,-3541.111636082698,10818.591011344062,-18805.345884726255,0.0,0.0,0.0,-4455.86711319848,-5456.297697073314,22946.595481268458,-71.5752352529833,621.974321646965,491.63408237929997,0.0,0.0,SUBMERGED,UUV
1781495155.928346,-0.6880844265577166,-0.8753473543745441,-2.904373070997825,2.3517667555736175,-4.531455394152463,9.390910242544349,-12.36578962676637,23.80739036152658,-29.379429558709077,0.0,0.0,48.357119999999995,-338.8512219754893,-1047.7773080236032,6045.629767450567,0.0,0.0,0.0,11216.815861903473,-8308.37119063184,5082.262994662928,275.6918599051724,-404.08525907049614,-100.71243281592928,0.0,0.0,SUBMERGED,UUV
1781495156.3783484,-0.5238624749012855,-0.7578347582150466,-3.025112849196113,6.836418384053034,0.9690735271521774,-10.248164799815964,-22.916453230116414,33.42677422577191,-33.182319333850316,0.0,0.0,48.357119999999995,11978.668725695527,-7845.24642639188,5353.588823589829,0.0,0.0,0.0,-11545.681149769367,14195.427414091946,5587.719842744396,363.14501674676865,-11.977779881879083,-565.4397295909697,0.0,0.0,SUBMERGED,UUV
1781495156.728361,-0.6064102601246416,-0.8271364099037327,-3.152224249248618,15.90656285766068,16.854457184579175,-16.673622440729865,-16.859390060066694,29.187798312154207,-32.99093308542271,0.0,0.0,48.357119999999995,-10917.526290761441,12206.559941750826,-17990.581938297062,0.0,0.0,0.0,5485.029328400298,-8989.704004888885,8763.65415779337,-998.6753349508558,1075.9290169783865,1633.4757985863325,0.0,0.0,SUBMERGED,UUV
1781495157.1783416,-0.7810125584277645,-0.8622908895146374,-3.0701898714598395,14.254103248560103,14.753092574352738,-1.7670970651664422,-20.958288753980067,34.021863806837665,-33.41098443395949,0.0,0.0,48.357119999999995,185.9205036100787,-382.5056195944054,-11117.707210770937,0.0,0.0,0.0,9493.926967708867,-9056.439817825338,607.083686027953,477.9443390233231,-550.4221595062081,133.72195762683864,0.0,0.0,SUBMERGED,UUV
1781495157.628355,-0.6193118779869098,-0.795618812452068,-3.211096527315561,14.271650044868318,15.198347912493324,18.936393934783545,-5.908850252964655,23.233370291238785,-28.85514649850926,0.0,0.0,48.357119999999995,10181.862323870691,-10914.807526485625,-9868.33173113521,0.0,0.0,0.0,-13473.347997335048,12623.45716101117,-481.6603140877345,404.89904506339707,-648.4600345119331,1085.8692742859062,0.0,0.0,SUBMERGED,UUV
1781495157.978364,-0.6084195237383258,-0.773247533741513,-3.1300727349223623,-1.6708951973977326,-5.139907646967635,10.562892517166354,-14.257246275510324,30.53262846095008,-28.06111495332625,0.0,0.0,48.357119999999995,-12770.825986210428,12524.040211589832,22372.642102566682,0.0,0.0,0.0,11346.109976635853,-8303.458627562592,-16157.600423642034,-943.2383494067152,1064.364411785927,-1477.5674588060242,0.0,0.0,SUBMERGED,UUV
1781495158.428356,-0.761002753716162,-0.8763804710358113,-3.059582366701995,9.81036341272239,3.958082944577307,-10.216266242461367,-2.181231016947386,26.32886456105359,-24.81578414754578,0.0,0.0,48.357119999999995,1881.997198196026,-43.25447104852355,16686.906202764705,0.0,0.0,0.0,6599.417500906633,-9461.768971545462,-7444.766594092964,718.7520372581988,-651.0505906028495,-243.85876828765544,0.0,0.0,SUBMERGED,UUV
1781495158.8283575,-0.6012140698801665,-0.765471716125685,-3.3098486388624524,8.90768202471087,1.0993712823065347,-15.516576916369472,-2.436012375532259,28.93568610771434,-20.92559401084385,0.0,0.0,48.357119999999995,1700.6906827274474,-9791.79530237621,376.82955611224975,0.0,0.0,0.0,-12749.30678781153,14257.991130309261,-15832.59284182232,-19.55867388835376,-21.451690156897214,-85.78869334440166,0.0,0.0,SUBMERGED,UUV
1781495159.2783937,-0.7028196889053391,-0.6893483160882472,-3.291703877238609,16.639212019395845,9.331690147166617,2.5318988921861907,-12.430275081530894,38.56585824441748,-16.526996444287516,0.0,0.0,48.357119999999995,-11906.77869322428,3949.8499587031874,587.160602008114,0.0,0.0,0.0,9116.137870779869,3803.4290791150997,-15957.668714589974,19.940404528532326,-122.98910000185192,467.48590264076665,0.0,0.0,SUBMERGED,UUV
1781495159.6283903,-0.6693077904800153,-0.8945727673037134,-3.0952417464241084,-11.679536970981355,-16.47559902908956,18.811572736277633,-1.8599401998646898,38.084198815573224,-11.19411552937428,0.0,0.0,48.357119999999995,9757.12082040006,-694.1238519829634,3742.53415517369,0.0,0.0,0.0,-3698.521535045292,-8956.3356499448,7710.353155621288,338.9596342062503,-312.7223786609411,-684.1666553180859,0.0,0.0,SUBMERGED,UUV
1781495160.0783825,-0.5120626018241778,-0.7023353536560479,-3.2329722047251637,3.506663949456697,-14.259210423892647,6.3902522108041335,-6.514956162817384,35.16107020713918,-2.6920686357685875,0.0,0.0,48.357119999999995,-667.2186325273129,-8846.141096758658,2961.4019842835287,0.0,0.0,0.0,-8847.136705784449,14035.442035270587,8605.878971016096,-201.03718182317812,-29.339884763993805,-140.63114918241968,0.0,0.0,SUBMERGED,UUV
1781495160.4783692,-0.7756519337463603,-0.6888187329820336,-3.2404704466340624,-15.686462676054967,-8.00160469832274,-12.625617957778186,-3.5403479577107224,31.79391618511716,3.3838052947633304,0.0,0.0,48.357119999999995,-4303.917512434514,7782.349979494308,17599.547320070447,0.0,0.0,0.0,14040.8258188853,-776.3791890027442,-23467.712697955885,-270.0008969467739,129.99011607055496,-212.26250296807126,0.0,0.0,SUBMERGED,UUV
1781495160.8783574,-0.6885550470762674,-0.8482661685273298,-3.3406487480244706,-16.312305693430325,-4.490138128237359,-14.046484039237903,1.1231508851259122,29.796683062285,9.651371128765785,0.0,0.0,48.357119999999995,11614.730211719187,-72.19073251947995,-6953.235391060183,0.0,0.0,0.0,-8713.111213055754,-9883.333629840661,-3956.3666071070315,661.4628331022856,-618.9861952601808,773.1147288952985,0.0,0.0,SUBMERGED,UUV
1781495161.3284023,-0.6662030539041968,-0.6876832153134711,-3.4221131567328014,-16.725197886195655,1.1087193289831128,3.5928591086121173,17.026003728382324,34.124012291252384,16.20974887580084,0.0,0.0,48.357119999999995,-2477.28878898922,-11572.894384124742,-5515.650034249411,0.0,0.0,0.0,-5991.202049583946,11127.78365051155,-5558.390752694172,-392.73835705909164,-444.2492237315277,906.8408766751936,0.0,0.0,SUBMERGED,UUV
1781495161.6783679,-0.795551221239124,-0.7114794137061577,-3.202522954147142,-6.819862037617003,17.32857031715371,18.733089088103885,9.817399307713673,26.532074020378595,19.647514668223092,0.0,0.0,48.357119999999995,710.4820472973839,11257.642509584379,18683.32496568478,0.0,0.0,0.0,7945.631067889297,-5672.979374215808,-9864.699536548269,504.39528100639654,1191.937002333403,-993.347635834674,0.0,0.0,SUBMERGED,UUV
1781495162.1284134,-0.6243795791261186,-0.8185781266472617,-3.3493963486339586,-3.822625267138349,14.590536815947155,5.887268916907733,21.67414729676881,36.17435310344755,26.51514486861339,0.0,0.0,48.357119999999995,8489.524330380904,-313.1279748380972,17274.446302379765,0.0,0.0,0.0,-14311.704278930294,-8712.245630913356,-8344.9331460859,374.00947704550083,-774.7194821740595,-341.1384908245118,0.0,0.0,SUBMERGED,UUV
1781495162.5784101,-0.5975148830533472,-0.6792100616914848,-3.3288607181259535,-14.959139628271506,16.419022631613956,-17.033781275082916,9.556278325827217,33.00136456341547,29.3989558927225,0.0,0.0,48.357119999999995,-5159.256298066407,-12208.490575864347,9165.693686408757,0.0,0.0,0.0,-2913.2341778469718,9153.646722801444,1590.697034477704,-643.1880727632929,-672.0281045280308,-1246.1329122136403,0.0,0.0,SUBMERGED,UUV
1781495162.9783711,-0.9133555643800119,-0.6955020082922757,-3.3761034309804696,-12.117476990025056,16.475460826446263,-11.179201395663352,8.039982070085287,28.985709015717603,31.580980954157468,0.0,0.0,48.357119999999995,348.782092596869,5250.937422638673,423.1890451284257,0.0,0.0,0.0,8973.54653993275,2166.9846709063186,-15652.060284473771,-71.37355989296688,-55.76736826992933,299.63371598933844,0.0,0.0,SUBMERGED,UUV
1781495163.3283913,-0.5633328836492028,-0.7568822883771624,-3.3893663112241597,16.81811961377629,-12.221311231127444,3.4446313835954796,17.690389097938837,34.774629470415896,34.996072553732596,0.0,0.0,48.357119999999995,223.7615775782694,-1508.625217079136,4318.244972513084,0.0,0.0,0.0,-11407.300195001892,-7625.683945669944,7061.382855319639,-246.15907738649094,-341.5347631591494,-147.5447588486535,0.0,0.0,SUBMERGED,UUV
1781495163.7783139,-0.7246910541464934,-0.6418478432325989,-3.3021206777044707,6.911284184562143,0.41532153965389584,17.948952186774882,8.105487040704466,24.88083452220543,35.2835368512206,0.0,0.0,48.357119999999995,-11853.583703295499,-10044.167058928857,641.8484985817106,0.0,0.0,0.0,8528.91678800325,13799.806558962555,12045.147787879854,-88.27982815633412,-10.862655791792415,-488.4535708707412,0.0,0.0,SUBMERGED,UUV
1781495164.1785672,-0.8746391684655722,-0.7142599269684928,-3.4030823902772234,15.185837145955526,-16.739942968368716,4.917227865701588,8.971168547855536,23.304076307278187,35.547202666379235,0.0,0.0,48.357119999999995,3997.319349792656,7699.186353505771,21672.210330686776,0.0,0.0,0.0,3820.0136340882673,-456.8375658109567,-21106.67681709227,201.17553163302287,745.706475536353,-513.5332097766102,0.0,0.0,SUBMERGED,UUV
1781495164.5783172,-0.6839922449099212,-0.751652130135923,-3.5573579038443928,14.545586078126611,-15.892400060344627,-15.96503565433795,10.750272297317935,25.793200605023607,35.97415290810349,0.0,0.0,48.357119999999995,-215.73581029765384,-779.6167122574371,-8792.735144262935,0.0,0.0,0.0,-9391.24451675945,-8307.59153193042,-2066.712263159318,-391.51253642258695,-493.45269630656907,180.75490236964256,0.0,0.0,SUBMERGED,UUV
1781495165.028371,-0.8658784432434278,-0.718452239795697,-3.4984329262099907,14.946565221209415,-15.221865807451042,-10.570360156458117,24.386991417335885,37.530269409937645,38.72603591063272,0.0,0.0,48.357119999999995,-11594.425838819376,-11589.678303987308,-2966.2417537794136,0.0,0.0,0.0,11357.923343777727,10808.82585196843,-8402.019866973003,-277.9413054095469,-260.2725111057283,1104.700076576552,0.0,0.0,SUBMERGED,UUV
1781495165.4283845,-0.802184949635515,-0.6770254907013383,-3.3533184689537845,10.363072299568527,-8.268928838392462,5.106873112750169,22.29354055428536,37.798146867433765,35.99705855385424,0.0,0.0,48.357119999999995,10222.482859479653,8246.724609357681,-6532.534375251348,0.0,0.0,0.0,-4592.943014290672,-1533.8749740698272,20970.868619284505,-119.39516751480836,-141.3792615227234,-308.84493499512973,0.0,0.0,SUBMERGED,UUV
1781495165.828362,-0.6495942255781951,-0.7890882033419451,-3.5187167426373684,10.011511802534352,-5.588415747078259,17.661212788110202,18.946161409109138,35.681163835054484,31.390777381419337,0.0,0.0,48.357119999999995,-2045.9379981094157,-282.1126967716856,14287.14794335209,0.0,0.0,0.0,-6647.769139867884,-8934.041540560507,-4374.0734313378125,-709.9058465771452,-626.4622325095362,-323.186007190821,0.0,0.0,SUBMERGED,UUV
1781495166.2783518,-0.8585405398294976,-0.7492842632658145,-3.388165343039703,6.810285717359739,0.08123317506036365,2.9526585784060386,3.6118575415175354,28.14366123246061,24.95371082179252,0.0,0.0,48.357119999999995,-3922.30032972467,-11812.958019927777,12889.942375989312,0.0,0.0,0.0,13483.418257170364,12687.586922633998,-2847.1359314308856,0.8137909858251291,-716.733860752387,-677.9941531769609,0.0,0.0,SUBMERGED,UUV
1781495166.6783285,-0.8980163962295376,-0.6792008700210956,-3.588050114459061,5.365345136729538,5.946680444901084,-17.31919802122113,-2.086971340785541,28.747909329186278,20.341343312279,0.0,0.0,48.357119999999995,11972.053352426945,5257.6890462657275,1627.434021023718,0.0,0.0,0.0,-12545.610640126986,-1278.489499082279,-13488.442584519034,-95.31298587228977,-63.37585338413578,397.65579510142146,0.0,0.0,SUBMERGED,UUV
1781495167.0782645,-0.741653523385044,-0.8620252309527123,-3.556545122493484,-13.249865369557398,14.926091240914994,-11.408242960488039,-4.42594544372069,30.27066078557603,14.356866960691688,0.0,0.0,48.357119999999995,-8302.359484774835,-298.0768698468681,-22410.686380694053,0.0,0.0,0.0,1483.7764327910786,-8982.923859354534,18560.012095597463,-884.3612975073614,-352.83693247582613,555.6236250589449,0.0,0.0,SUBMERGED,UUV
1781495167.4783266,-0.9019898149778787,-0.6876923125765286,-3.39708555650959,-14.247270127135785,12.06066205282077,7.171894892847701,-8.010864115163718,34.164536098114866,8.32225180755423,0.0,0.0,48.357119999999995,660.9669488825982,-7118.850348647266,1844.8039644794767,0.0,0.0,0.0,8827.129247227966,14552.335040197802,10152.261958518895,176.8620491550269,45.82088567059448,-5.4560237218874335,0.0,0.0,SUBMERGED,UUV
1781495167.928296,-0.7373450163229561,-0.6712023464840018,-3.520355886216467,1.2064044645670255,17.210606143805173,15.63152666808377,1.424157928818607,41.80146779509374,0.6058053312171569,0.0,0.0,48.357119999999995,9770.527748787723,2899.936457308527,-121.19472237885903,0.0,0.0,0.0,-14310.401010927664,5391.030300500061,14778.637001341944,-3.898936401085585,-9.398316149622534,-117.73086134880029,0.0,0.0,SUBMERGED,UUV
1781495168.3282793,-0.792405846236291,-0.8969910174676305,-3.6046640162896266,-16.387591556281812,3.7345178498252363,1.3250541882393323,-2.291462676180747,38.57576161251658,-6.618766939860212,0.0,0.0,48.357119999999995,-9983.500218820122,1189.9952554058812,22076.470059572635,0.0,0.0,0.0,3385.986725873696,-11767.201175232249,-16025.034243324757,-969.3510797526086,-49.277010341500194,-625.282696123099,0.0,0.0,SUBMERGED,UUV
1781495168.7283728,-0.9927645248052501,-0.7425147368597023,-3.619354226065812,-17.372169364675386,-1.2919882109413288,-18.494893078566673,-2.9031508230563463,33.48443047000365,-12.115374932234948,0.0,0.0,48.357119999999995,2674.283528171595,-10760.572788634929,-4101.661234580251,0.0,0.0,0.0,5754.929766924246,12677.66025053785,-7212.156827620219,263.24073087880964,-317.44167224680956,734.7560958354338,0.0,0.0,SUBMERGED,UUV
1781495169.1784117,-0.8419285147785388,-0.7362024406356847,-3.7618419250944646,-6.766404047145869,8.702146390885815,-6.530542565567749,-15.8509846893823,28.929248757456634,-18.279239027614377,0.0,0.0,48.357119999999995,5496.251115477649,1464.4070117615713,-403.02306796768005,0.0,0.0,0.0,-14448.168097230966,7182.170419249485,-12713.232007487873,-35.0314552459094,94.61103604566117,50.57830007587005,0.0,0.0,SUBMERGED,UUV
1781495169.5284863,-0.8931643625562198,-0.9203625455218697,-3.5303969792823207,-2.6701541055879074,-15.011318656034497,9.945894438085865,-9.284998479857327,28.28031598809081,-22.68710080246778,0.0,0.0,48.357119999999995,-10797.85011586238,-16.394756616170703,8644.85221068272,0.0,0.0,0.0,13240.71092585579,-10108.49679573239,1970.2434621910238,-378.11398376489313,-384.2934858462962,-428.64905497587245,0.0,0.0,SUBMERGED,UUV
1781495169.9784772,-0.9061180536511657,-0.7760195260943255,-3.5265637563599026,-14.502973302244826,-15.377589316779929,14.30551606795169,-22.966285069078094,31.776588570693754,-28.83494115488105,0.0,0.0,48.357119999999995,3101.1531274150257,-11565.962219354627,2903.7470639718445,0.0,0.0,0.0,5300.093949145851,7504.470773663684,8643.57123632713,210.66268187095795,-349.0603721611665,-942.6640860544242,0.0,0.0,SUBMERGED,UUV
1781495170.378405,-0.850228501196081,-0.7957522102101849,-3.816088211562188,2.426034281307408,-7.552605286253699,-0.7168188811279466,-27.969985935029694,34.23431364324223,-33.228933234167094,0.0,0.0,48.357119999999995,6.577230472969185,4319.2553990025635,6946.456921811039,0.0,0.0,0.0,-10019.089184519247,3334.0664842378274,-20989.132837735735,66.43137782997951,-132.6823561688703,102.06625150072445,0.0,0.0,SUBMERGED,UUV
1781495170.778368,-1.0318916813134371,-0.9073237255110443,-3.648053843241535,5.805583831947375,-4.699906272581571,-18.56108111659872,-27.260177386984346,36.571522382513216,-37.59101435375576,0.0,0.0,48.357119999999995,-8307.368172595177,471.61745820142517,-13268.045284031936,0.0,0.0,0.0,14264.517412225268,-11507.975923160797,3411.9803221867783,-420.73437566573546,-458.98783802113655,252.67794617814678,0.0,0.0,SUBMERGED,UUV
1781495171.1784089,-0.8746493491961513,-0.7861767271473502,-3.620664601105923,15.867117432318135,15.830223837684706,-8.200458781355923,-28.119391402058312,36.53368541248742,-39.50425144923979,0.0,0.0,48.357119999999995,11048.09902015331,-11655.694359826994,-1560.9303032707903,0.0,0.0,0.0,-6213.112759307175,13330.01222041208,17518.872333159532,-111.98294312995627,-35.942075964413306,-214.5818338553373,0.0,0.0,SUBMERGED,UUV
1781495171.5784702,-0.8472526088847875,-0.8217749535240908,-3.7800916859024034,15.3425068987622,17.14864554568216,12.188348284469113,-25.31464739928249,36.071214316139184,-40.02714454924568,0.0,0.0,48.357119999999995,-2633.909390754337,6466.397296513199,19495.341937449684,0.0,0.0,0.0,-5667.589042979467,1426.0042403686807,-11003.60509251783,-741.1047183283522,1020.5344827098515,-986.1626817627318,0.0,0.0,SUBMERGED,UUV
1781495171.978389,-1.130113845424748,-0.8663386694660051,-3.708788777606912,1.14294510833404,4.4799297193571626,15.979384435780236,-21.671133237315903,34.24852908565093,-39.695173592583586,0.0,0.0,48.357119999999995,-105.47611742954487,-231.11477243551298,-2135.768846690977,0.0,0.0,0.0,10787.348031725222,-9365.582430565235,-9890.220656570153,138.49020887884987,-168.9532592998757,23.926400650586128,0.0,0.0,SUBMERGED,UUV
1781495172.4283295,-1.0101516158191122,-0.8124996103255302,-3.827333058480428,11.287499434562193,12.177364093713056,-1.286802284612078,-10.022125633884341,24.745101767654972,-36.1036056089352,0.0,0.0,48.357119999999995,11665.193676136738,-11780.549511042806,-8.533779842294969,0.0,0.0,0.0,-8680.427775603192,9876.64384009085,-14033.333414199275,-36.543021400784134,-42.49539357608438,818.4900693895385,0.0,0.0,SUBMERGED,UUV
1781495172.8286452,-0.8644400951588507,-0.7913707625449785,-3.822464318187046,10.476008648766982,9.770893951130391,-18.766986564461245,-9.95558650901768,26.264846603615034,-35.48259515237493,0.0,0.0,48.357119999999995,-4913.910519375373,4307.8660055954815,-22619.494824698042,0.0,0.0,0.0,-2870.7813579523468,3616.9552701315797,18141.41884618835,-760.9165820548753,842.3468424022293,690.9025755711568,0.0,0.0,SUBMERGED,UUV
1781495173.2283988,-1.06749052956125,-0.8722313735595262,-3.6169389036688484,-7.1324163380315175,-11.175095985096227,-7.839017165930802,-12.094537611344178,30.89215857090467,-34.80203698335434,0.0,0.0,48.357119999999995,567.0452474156199,-2.0858052103681906,5735.337691594103,0.0,0.0,0.0,8991.55220620421,-10625.675144177025,5459.083800961209,344.7361128981254,-347.07804525684037,-97.60647957003113,0.0,0.0,SUBMERGED,UUV
1781495173.6283932,-0.9460070899705239,-0.8135144093074628,-3.8958795952383722,-10.036978511360962,-15.348581241166308,13.239483219056607,-10.95583670384302,34.42688396276686,-32.13535900350459,0.0,0.0,48.357119999999995,4531.5251276492145,-10190.66405194036,11574.209859916142,0.0,0.0,0.0,-14071.663927981659,14214.160387914875,-23302.10095639466,119.68747777333081,-196.24057247978783,-254.61481144281652,0.0,0.0,SUBMERGED,UUV
1781495174.0283954,-1.0090655166913973,-0.7292633917654958,-3.8945062292896995,-15.009905488408046,-9.038825944423968,15.650356400244844,-13.597822141961142,38.27437029865654,-28.641358738067815,0.0,0.0,48.357119999999995,-11794.73495743537,6626.130671599398,-11271.382671331157,0.0,0.0,0.0,8584.26337016999,934.1001843743811,676.0181302891715,-717.6976991094825,736.9485755840966,1281.8578692998535,0.0,0.0,SUBMERGED,UUV
1781495174.4783864,-1.1524512091642571,-0.874190932028136,-3.802838529931936,-13.626942936355203,-15.917889805033985,-2.489640009281341,-14.843865811218304,39.45615076612552,-21.49788752224187,0.0,0.0,48.357119999999995,2802.8989751993427,495.14576081599483,-10319.115694485497,0.0,0.0,0.0,5541.822137585011,-11585.183007876392,-267.93586735543386,553.2165671598578,-341.3519190559356,211.26232933548397,0.0,0.0,SUBMERGED,UUV
1781495174.8784082,-0.8659477542502592,-0.783234774524925,-3.8655340322915337,-12.418092321193479,1.6340186068124394,-18.69785274746194,-10.360349803818576,38.23081194688103,-14.177253717909966,0.0,0.0,48.357119999999995,958.1130018975038,-11957.409707653707,-4526.663761312737,0.0,0.0,0.0,-12524.402823373504,13020.509989722732,20178.823562026573,106.1951396036282,-85.62215529890356,187.49345790639734,0.0,0.0,SUBMERGED,UUV
1781495175.2782784,-0.9962732059807149,-0.6746833804401612,-3.8074142486797338,-9.662955845999715,5.569982015391517,-6.514582253164224,-2.735839031196474,35.191577949236844,-6.36385846291908,0.0,0.0,48.357119999999995,-10689.021031264025,5660.161144802684,15804.599338019687,0.0,0.0,0.0,13609.555803797659,2373.2714429188636,-6002.3606666943415,-639.373011406971,896.2533673807884,-1036.1914138258612,0.0,0.0,SUBMERGED,UUV
1781495175.6783695,-1.120144450733947,-0.8731697581014335,-3.956659410849489,7.453439001239752,14.941806966316808,12.814006913735303,3.207973252272482,32.14516114069368,-0.3434278751908263,0.0,0.0,48.357119999999995,10532.343715857603,-70.47391656365352,-633.730908650999,0.0,0.0,0.0,-5756.994463169485,-9832.528541586655,-12120.32004709562,102.67624902606852,-74.71789465011689,502.78916927096304,0.0,0.0,SUBMERGED,UUV
1781495176.1283326,-1.0178882640229223,-0.7326771457677113,-4.049614501151267,-7.388688290852152,15.680602116200276,12.747082884976999,15.46721261700768,42.07543373184501,8.28421572895302,0.0,0.0,48.357119999999995,-144.557343711191,-11990.24269767016,1283.5072243591162,0.0,0.0,0.0,-9469.317336229456,9185.368977099226,-17206.3883185601,-87.95071490842423,-7.318214276881424,341.53628011698186,0.0,0.0,SUBMERGED,UUV
1781495176.4783306,-1.087706881420892,-0.7281065407556069,-3.7720497262747905,14.306347691412634,-8.529812601019675,-1.3352814535464725,15.05728111143731,35.5770749725734,12.775166846070332,0.0,0.0,48.357119999999995,104.53029127509721,10460.516756462312,7521.333347905885,0.0,0.0,0.0,9852.134774955732,-4791.783185876239,3365.563890038566,338.8100881197927,640.5979771540856,-784.2848073054414,0.0,0.0,SUBMERGED,UUV
1781495176.9283195,-0.9664780841287293,-0.8508617249478705,-3.9017683769019404,14.87883010158483,3.8118114001486827,-18.344102106405018,18.294058594451638,43.94687834787386,21.342849227500437,0.0,0.0,48.357119999999995,11969.383594170351,271.35801849542753,2210.5371351550016,0.0,0.0,0.0,-11757.65911106189,-11824.231915188138,9591.211307836362,158.3276408493247,-184.77836142846635,-332.6993310638456,0.0,0.0,SUBMERGED,UUV
1781495177.328334,-1.0446002704835666,-0.6827986275543659,-4.024128127604329,15.942133902097272,-1.1210917641659102,-4.4167480440368525,21.128602035534808,44.39071692578662,27.971775405043505,0.0,0.0,48.357119999999995,-6105.878126890517,-11652.763975485688,19320.544061370332,0.0,0.0,0.0,-1392.6551514931716,13529.153040199722,-23122.176773221865,-210.51272282356575,-465.2854756121672,-468.6409931815165,0.0,0.0,SUBMERGED,UUV
1781495177.7283309,-1.247891992520215,-0.6926063450740045,-3.943767141201788,8.79690443384499,-17.211757024575988,14.96711892129096,17.744781072550612,41.445856447803614,31.246796038753214,0.0,0.0,48.357119999999995,56.01977195581453,5174.589857118104,-5925.479375028161,0.0,0.0,0.0,9978.648858071327,2643.512869975052,-5286.008508332075,287.04790339009224,469.47425181153983,452.7206808520461,0.0,0.0,SUBMERGED,UUV
1781495178.1283636,-0.9333321807458227,-0.7779144142351998,-3.9981712002351575,7.184272479772659,-14.823701058504131,12.555594942065653,16.7525034464583,37.48641426487995,33.55477927963961,0.0,0.0,48.357119999999995,4373.018991080522,-182.72335394807286,-2844.0675976107887,0.0,0.0,0.0,-14933.250616416419,-9625.727179568947,18918.63215305892,84.93800263381684,128.35378320137025,80.763258002189,0.0,0.0,SUBMERGED,UUV
1781495178.5283387,-1.0958262490210562,-0.6577634604088785,-3.9520180689983686,-12.678215969056287,3.4111975876107827,-3.4195011849562675,16.52811025444495,33.996416314174574,35.70605841394019,0.0,0.0,48.357119999999995,-12668.375142988129,-7592.471230486709,17570.693905396325,0.0,0.0,0.0,9663.220117927996,14301.754188841312,-8495.851493534685,-880.9490569101482,-439.6117354370736,-1017.0629537739483,0.0,0.0,SUBMERGED,UUV
1781495178.9783342,-1.2017013553231803,-0.6817525218306746,-3.8555151903765186,2.0023565863208,-8.493194359310618,-17.822636171551526,20.34668894185611,31.739427559692132,38.975785262040176,0.0,0.0,48.357119999999995,1009.4177577125025,4460.482680328138,10307.512944637567,0.0,0.0,0.0,8092.5594239132715,3816.5747538880987,506.761148128129,497.142298341365,723.6162180899205,-604.2040463012515,0.0,0.0,SUBMERGED,UUV
1781495179.378367,-1.0925209758552044,-0.7595281179045617,-4.175209554395072,-0.47920435952854024,-3.365059572448616,-3.2262867990859263,23.82869935108896,33.20070210021177,40.37720506408786,0.0,0.0,48.357119999999995,3652.6440839821844,949.5968172072791,4381.3544501167835,0.0,0.0,0.0,-13796.747318315347,-12080.542661376932,-20241.055392853967,88.73168016399522,77.9678045111764,-114.21565161783202,0.0,0.0,SUBMERGED,UUV
1781495179.7783716,-1.189996570321885,-0.7049350532207908,-4.08569760036748,-17.005736902994283,16.097356387901897,16.604525679600815,25.953160311475457,35.876821576789304,42.444405803484344,0.0,0.0,48.357119999999995,-12075.672654184806,-12086.880357881708,-16466.236802901094,0.0,0.0,0.0,8762.614743024147,11267.974453626002,6982.270594680121,-894.6119759153594,-789.723599047225,1187.8048978427978,0.0,0.0,SUBMERGED,UUV
1781495180.1783028,-1.159199742254482,-0.6921954990352758,-3.9036568599028523,-16.72155753583307,16.847802555120893,11.711649945823977,29.602211816294517,39.40477857667961,44.06778041639921,0.0,0.0,48.357119999999995,6905.108354852593,7100.6373343802925,1076.9891718170811,0.0,0.0,0.0,323.49657624215706,49.005852498580225,11094.528873008667,119.34065666859657,184.63733408508276,-848.6587885393027,0.0,0.0,SUBMERGED,UUV
1781495180.6283624,-0.9950301814612815,-0.7518298426151471,-4.101849516142868,-4.9819754413568855,7.3602700590251,-2.5212365924259137,21.99707987422883,36.90608456920668,38.876439358128344,0.0,0.0,48.357119999999995,1241.8935247933982,2535.2176043841246,-583.6836325081796,0.0,0.0,0.0,-13037.67382153308,-14166.133930354026,16345.588285075419,36.3913364492219,50.1582398356844,174.56963411052527,0.0,0.0,SUBMERGED,UUV
1781495181.028359,-1.2345952600105299,-0.7432694461700589,-4.057177334000831,-15.093845345402515,12.397372804438652,-17.800595836104417,18.864552659418543,34.91485591724984,35.53658921062804,0.0,0.0,48.357119999999995,-8365.112934053324,-11720.14791205355,22629.01725594161,0.0,0.0,0.0,14640.914002444457,13399.90456368008,-21424.442113100053,-468.2637094947429,-656.9282616811582,-738.6944004590806,0.0,0.0,SUBMERGED,UUV
1781495181.4286368,-1.3157192887936209,-0.6938230662353239,-4.14959067060164,-15.232205878846367,10.589322831871666,-7.413881585298529,12.441040237218035,33.536569122707974,31.185165323713093,0.0,0.0,48.357119999999995,10041.803807325312,5014.742423177997,-3886.9243228444375,0.0,0.0,0.0,-4669.69974602262,2737.6227190851696,-7444.237517882419,326.7410969647668,372.80289240165564,963.560523300283,0.0,0.0,SUBMERGED,UUV
1781495181.8285139,-1.0350915764922326,-0.8079392271386837,-4.12749817408083,2.03172020961782,-12.787779887255052,16.790994966363886,7.553601366093646,33.249249210636506,26.695979932522665,0.0,0.0,48.357119999999995,-2461.884981852447,428.2199156078589,-13944.527405317467,0.0,0.0,0.0,-5750.174603505737,-11526.942036632841,22904.27203393021,155.0093453358839,139.54680728012613,-162.46531507464275,0.0,0.0,SUBMERGED,UUV
1781495182.2284265,-1.28975616274144,-0.7347560946646728,-4.0247130429643265,-1.276790180132652,-13.223300092043809,15.195724201911815,4.033878194358055,33.18365407572443,21.55044321967533,0.0,0.0,48.357119999999995,129.01249739564437,-7655.104263383426,15073.884934449068,0.0,0.0,0.0,9208.219639492288,14271.395309931877,-5484.643930839647,523.3440853218973,-362.99199640794,-287.8311730596341,0.0,0.0,SUBMERGED,UUV
1781495182.6784177,-1.1650202886718148,-0.7134953883621538,-4.215427490934581,6.71427782669887,-17.050408340249348,-7.742536682460029,2.8390377842024987,44.43144692474076,16.258806059060507,0.0,0.0,48.357119999999995,2800.5897243394666,12599.961815650577,22814.194651233283,0.0,0.0,0.0,-13113.543854412688,-8271.475675873753,-19049.95959825424,35.67292511134309,1076.2575664871001,-794.6285756921853,0.0,0.0,SUBMERGED,UUV
1781495183.0783646,-1.2725466429808738,-0.896712277590808,-4.271729678312621,8.817329344186126,-14.844710495804256,-16.85139022102266,3.3269186062183405,49.23975817040961,8.838270248543736,0.0,0.0,48.357119999999995,-11087.296636212224,-275.98546516562936,-52.81703804998392,0.0,0.0,0.0,6801.979119971993,-9241.086894502481,-13876.843941269966,-21.77212862581704,30.561402018538672,471.95544368105135,0.0,0.0,SUBMERGED,UUV
1781495183.4787621,-1.306317925345108,-0.7268696036722899,-4.133989622550903,14.772923352415663,2.232132749856641,-2.8031774159026526,-0.7832274239635343,48.24955822053073,0.9051273842008353,0.0,0.0,48.357119999999995,4029.4463728666833,-8537.687905534143,-22708.250442270593,0.0,0.0,0.0,3967.6614141637447,14844.22326657504,18511.623003680867,527.0679509256024,-675.4320217282165,613.8848103062129,0.0,0.0,SUBMERGED,UUV
1781495183.8783112,-1.0930653811949362,-0.7697752400668503,-4.228178990903679,14.90753847337982,8.73516240582593,18.075678153065112,-1.913006745408197,44.21534171912782,-5.823246299678875,0.0,0.0,48.357119999999995,-218.51647634041456,11317.845282724544,5579.596751649616,0.0,0.0,0.0,-9777.82765451468,-6729.910024129114,5509.047885726791,-371.7141969519631,509.95935819227276,-794.0066184537432,0.0,0.0,SUBMERGED,UUV
1781495184.3285282,-1.2604318194548558,-0.9173976262154928,-4.105804856411805,14.212981811972691,-3.432173820221327,8.052459397257554,-9.081316581182987,35.324213456508105,-12.80355223400203,0.0,0.0,48.357119999999995,-11476.20094700356,42.75384228479377,1053.9626868846672,0.0,0.0,0.0,13924.089951686798,-8976.911063126932,6766.667306639563,-59.86142521889929,-93.13407062619771,-206.40007642590945,0.0,0.0,SUBMERGED,UUV
1781495184.678411,-1.275627913848953,-0.6994519963360613,-4.291828556957685,-5.5451045171074185,9.772368983533777,-7.793766127226502,-6.6457293602289,39.150897286032475,-17.057306394551816,0.0,0.0,48.357119999999995,12291.574830381498,-1044.7283841610436,-17194.469173603396,0.0,0.0,0.0,-9884.865589632314,12121.223216383456,8119.805768664573,855.4998277182516,179.2670167678366,671.4865691016607,0.0,0.0,SUBMERGED,UUV
1781495185.128402,-1.2483487042908223,-0.816235726540509,-4.399909420130484,8.65681884919449,16.445706747786936,-15.526598415199112,-18.844276277355767,36.10919441063767,-22.779849022327507,0.0,0.0,48.357119999999995,-1384.9124191789356,9225.309563392255,-9369.16386632329,0.0,0.0,0.0,-7338.091555976331,-2967.7843117374036,-1459.4564927511583,-508.61538779204085,698.4380654780341,869.1363982040634,0.0,0.0,SUBMERGED,UUV
1781495185.528418,-1.333832569038341,-0.8920465386445303,-4.113199922541645,-10.08168197932019,1.628553988960213,-0.705951112247997,-24.174126230190627,37.71315488312608,-27.262453329694566,0.0,0.0,48.357119999999995,-3607.778965254106,-522.6554917292722,-5266.002268755794,0.0,0.0,0.0,14466.774148746095,-8722.26075617092,20536.477636727708,-134.99695566963382,142.6314611518415,70.26784845645628,0.0,0.0,SUBMERGED,UUV
1781495185.928356,-1.2471668389037454,-0.7529324427449862,-4.3191661442249485,-13.428585756304583,-2.203585029284945,18.5252313222181,-25.805744104290593,39.89785152158638,-31.511301191217694,0.0,0.0,48.357119999999995,11339.022202409074,-1925.0972317607261,21205.024193688863,0.0,0.0,0.0,-13542.405066630115,12411.400716077602,-14228.435785415266,667.9786739266241,120.8091985609339,-444.02769181136335,0.0,0.0,SUBMERGED,UUV
1781495186.3283584,-1.3522740912647426,-0.8603117234692632,-4.420066388127011,-12.07976583190285,-16.238903105372373,9.548872400499008,-30.678655136643734,41.66443416529647,-35.598476599910946,0.0,0.0,48.357119999999995,-7536.8141273484025,11553.28741257777,-584.4985209742521,0.0,0.0,0.0,719.6665323491534,-8592.935889758439,-11987.457899145735,-132.58420069165993,72.63967688210286,928.0073773392696,0.0,0.0,SUBMERGED,UUV
1781495186.7783475,-1.511357160984341,-0.8825157490428271,-4.297380066985101,-16.847008591720382,-13.931335848272592,-12.479832181495905,-17.44902848842419,36.74423548222565,-33.272076796814865,0.0,0.0,48.357119999999995,-854.0689679547235,-103.0544295845503,1256.3667939334919,0.0,0.0,0.0,12044.577404582482,-9594.756296540763,-17377.461204471787,-65.51926625434353,85.46153164388079,-34.51879472517795,0.0,0.0,SUBMERGED,UUV
1781495187.1783414,-1.2685119037809522,-0.788593988789747,-4.386053614162874,-8.33397287618898,-10.96483762132244,-16.160454374501303,-15.924740117607893,35.38847730397549,-33.28494500941355,0.0,0.0,48.357119999999995,8730.244671014978,-5172.534215703061,-22615.35354338399,0.0,0.0,0.0,-14870.037598121762,14525.425642197108,20156.460925364376,454.56692084235715,-449.07336979144475,480.66538924909577,0.0,0.0,SUBMERGED,UUV
1781495187.5783663,-1.2444591628750383,-0.8266844586780244,-4.2982755622507804,-5.047509137096791,-6.1506442740924445,-0.21557671049695354,-12.230811742158183,31.73724850707575,-31.66171297053158,0.0,0.0,48.357119999999995,-10372.28915160871,11093.678589108586,2751.9261023988997,0.0,0.0,0.0,4838.910199150656,-6451.618943163953,8684.639932626706,-329.99437565886427,262.28216596211456,-1214.4718011656203,0.0,0.0,SUBMERGED,UUV
1781495188.0285296,-1.4374096464976773,-0.8904914459675888,-4.17875368086126,-16.41422486503293,-16.15911005460827,18.916966762371366,-17.150000329170663,35.51161671997749,-32.807766976040305,0.0,0.0,48.357119999999995,887.8158073877156,-468.1919354747083,2250.695313273417,0.0,0.0,0.0,10516.620908753037,-11405.810128785535,13868.718920860056,19.532921570391657,-20.203494232242175,19.14960632555785,0.0,0.0,SUBMERGED,UUV
1781495188.4285226,-1.321316874301612,-0.795214564870843,-4.474285411505838,-1.8693956104060396,1.279915721707932,7.77419142296039,-18.300001458030568,39.82009611278225,-31.060521832308936,0.0,0.0,48.357119999999995,3532.5236635960523,-7051.8969286790425,19052.260148740173,0.0,0.0,0.0,-14467.39105559303,14094.298058407576,-19096.40337555568,182.72285475313214,-292.7477947260696,-247.71178308081178,0.0,0.0,SUBMERGED,UUV
1781495188.8283515,-1.4388331206390328,-0.7685593685650601,-4.4751742157046,1.0742466108468167,8.452157327806216,-12.577728317150514,-19.43149036445192,43.584589215155404,-29.023074614772142,0.0,0.0,48.357119999999995,-11805.640303972821,9043.815487724063,-6582.761972449995,0.0,0.0,0.0,9860.317099038077,-2797.5348939695978,-4308.69856337199,-496.29427989033945,511.11664325676463,1269.2519658442197,0.0,0.0,SUBMERGED,UUV
1781495189.2783935,-1.5693365992236787,-0.8778768665871514,-4.400024181674617,-11.676772229409968,-4.626626465050027,-13.302707498862981,-14.496373942714987,38.103946280263116,-19.96882280307941,0.0,0.0,48.357119999999995,1327.5285261063293,485.8091091590274,-1791.4311332901598,0.0,0.0,0.0,7463.206891571468,-11574.476612724113,-10360.004377064335,150.83521955332097,-103.25469815499663,79.16075689934851,0.0,0.0,SUBMERGED,UUV
1781495189.6283622,-1.2723493527731857,-0.7447787680708671,-4.480262874253955,16.641621191851783,10.4119589953787,0.2955390291222142,-14.627052529239084,45.51531162710558,-17.13018864239876,0.0,0.0,48.357119999999995,-285.07698930303826,-5133.523801822148,12713.947876362978,0.0,0.0,0.0,-9023.890154492647,13786.692719076305,-2728.6848639556483,-506.0450031906514,-37.62675099732739,-84.83614995314046,0.0,0.0,SUBMERGED,UUV
1781495190.078351,-1.3986283551773167,-0.7113728310377101,-4.360830464443465,6.477996499985069,17.3242732369095,18.66036323528961,-1.7494764458359846,36.60473345432953,-7.0782622554937245,0.0,0.0,48.357119999999995,-8912.326034279731,8231.604915812068,11014.335171805078,0.0,0.0,0.0,14019.682372562233,-1158.5365177149129,-480.6915912263253,-375.8033760738025,736.5656031681208,-961.0681912736758,0.0,0.0,SUBMERGED,UUV
1781495190.478411,-1.5187194331487168,-0.8812409088420669,-4.51663846496492,15.777838432293777,2.8273737324923762,6.55130967807551,4.79959292849384,34.046055093844465,-0.7799703693192558,0.0,0.0,48.357119999999995,9818.94665117019,-43.00495541011088,3340.271586293322,0.0,0.0,0.0,-4136.4720753194115,-9750.82229759665,-19158.82100743145,-149.425804041934,62.78696258458898,268.02620277154176,0.0,0.0,SUBMERGED,UUV
1781495190.8784218,-1.3855510103993611,-0.7099426877801763,-4.572911153584854,15.484088616222332,-3.111155790592252,-14.23446560636096,10.573516758942288,35.80956633138725,5.787688055281357,0.0,0.0,48.357119999999995,-2243.28147119877,-9655.999726275724,-17006.642576587095,0.0,0.0,0.0,-6181.981562343528,13974.985472360533,7741.871118650243,-786.2347400616911,-707.6342958117884,789.9085325138291,0.0,0.0,SUBMERGED,UUV
1781495191.3282924,-1.5596702868681753,-0.6859129333440588,-4.460608978439914,9.934563595049084,11.033165326012044,-15.413666294245884,12.66163586087653,46.49952980802655,14.933287101263666,0.0,0.0,48.357119999999995,-4444.492246447362,5421.00724807744,-15479.113209348516,0.0,0.0,0.0,14035.327308465192,2451.8937102255813,5678.080342732439,-147.30254252411942,937.8565869991289,613.1980616101764,0.0,0.0,SUBMERGED,UUV
1781495191.7283556,-1.3365718584525916,-0.862508960808235,-4.494278355063761,11.56440064417192,-12.873042663243904,4.900965947383053,14.494615641971595,46.28162998325265,20.928264545427975,0.0,0.0,48.357119999999995,11044.096690772258,-85.71294393587746,442.3140222505024,0.0,0.0,0.0,-13313.331476358251,-10336.430090067555,12625.413757908682,8.197350909316235,-76.84533057311441,-77.20340360582591,0.0,0.0,SUBMERGED,UUV
1781495192.1294606,-1.4361563849925798,-0.672285267634065,-4.566795017877431,14.033305806955452,-14.502275191550916,18.833692251211314,14.430003971308874,42.72867246341153,26.272025436599822,0.0,0.0,48.357119999999995,-8579.510074635178,-9138.138733694223,22797.57922864697,0.0,0.0,0.0,1451.4416175580554,14571.04766854434,-20236.833573092616,-809.8134516356968,-551.4417445920545,-822.2858067351558,0.0,0.0,SUBMERGED,UUV
1781495192.528399,-1.62916163565025,-0.7536288766481541,-4.534026028603501,-7.348028725663499,-6.124940927168398,4.84958211901755,14.015151456039789,39.6329008939853,29.98579486012061,0.0,0.0,48.357119999999995,1751.575652728631,10282.14645276908,-7408.893991523097,0.0,0.0,0.0,6915.791261743601,-5032.155850929817,-3561.645628308819,407.88562895760833,618.2204619733586,916.4715079780359,0.0,0.0,SUBMERGED,UUV
1781495192.9783785,-1.4629207090858536,-0.8018041335151248,-4.6973650423622555,5.411354842757625,-15.358634840328985,-17.337966082623744,15.353624151647308,30.849666186639585,32.806067474434904,0.0,0.0,48.357119999999995,8631.188934316498,67.67202870560794,-2094.7901058614475,0.0,0.0,0.0,-14256.824635471841,-10624.139481143193,-9754.87784652578,21.70583975813552,-126.28838598042587,30.64761048752616,0.0,0.0,SUBMERGED,UUV
1781495193.3784082,-1.4804136523647105,-0.6783493418341978,-4.562697379371349,-13.920611614442834,1.7864915859624189,-11.650726399046503,19.088038675289347,29.979047025706283,35.905117402544846,0.0,0.0,48.357119999999995,-10638.282121395643,-11897.703461239153,-19753.161500728318,0.0,0.0,0.0,5176.794663541633,14173.175896844106,23405.67433871645,-641.4905486628941,-531.4816883354262,864.8769571840915,0.0,0.0,SUBMERGED,UUV
1781495193.7785115,-1.5699329697261089,-0.7316324325790756,-4.448412538944903,-15.257156473755678,7.569716296408127,7.320180142989741,22.68331191670488,32.2969911543315,39.06460549372358,0.0,0.0,48.357119999999995,1728.123938218418,6598.5962995042155,6146.719950518228,0.0,0.0,0.0,7193.085281781867,918.5687229979585,5057.259367088764,358.9306515913811,534.9054576152254,-733.547312799047,0.0,0.0,SUBMERGED,UUV
1781495194.2283714,-1.3746138912514247,-0.7667677335862109,-4.647917933280182,-0.960853785007115,-4.862439572020477,16.31257889064316,29.57218642470636,40.216508911184384,44.63161140262441,0.0,0.0,48.357119999999995,4123.977412287936,492.41874812724734,5426.995115933439,0.0,0.0,0.0,-13783.167060641517,-11669.50754170013,5496.318955343659,-116.63946898244868,-318.4514161095231,184.91170808368082,0.0,0.0,SUBMERGED,UUV
1781495194.6283963,-1.6320273674661292,-0.7053168795258655,-4.648724267435997,-16.772299976409098,15.631884712426594,2.461269106538972,27.841367394831,38.47861699965523,43.96434254636395,0.0,0.0,48.357119999999995,-11906.361835453512,-9337.36502514814,3811.054363977756,0.0,0.0,0.0,12679.570425126318,14473.697213217212,-19842.875451435,-82.77051140115645,-11.014919593031976,-167.92089480955488,0.0,0.0,SUBMERGED,UUV
1781495195.0283701,-1.676011317769423,-0.7186397957256282,-4.6053910972336185,-16.78920506865414,17.31178538261362,-18.319308417233383,22.25635550703652,35.92180245266409,41.9686250109277,0.0,0.0,48.357119999999995,6538.436158435933,7775.238819755386,-17727.096953461823,0.0,0.0,0.0,970.1542318110578,-583.2439953504568,8134.6060837290115,915.0976471049057,1079.2513242980567,1235.1664607414918,0.0,0.0,SUBMERGED,UUV
1781495195.4283981,-1.366682907825239,-0.7643462812836642,-4.67099326152714,-3.398926367931767,3.2826420482323377,-11.179433603469763,19.177816783293085,34.5640353911435,39.50994232206822,0.0,0.0,48.357119999999995,-1117.0393438872736,-1047.4937436229727,1273.745025484919,0.0,0.0,0.0,-8025.215883846378,-8172.87009859124,11077.741855766217,-136.08681228744354,-132.9115179106614,-248.94585086304093,0.0,0.0,SUBMERGED,UUV
1781495195.8283453,-1.6846727261563605,-0.7206828359613984,-4.616142979660286,-0.30406443523793847,-2.2752530672985216,7.671241457715749,14.79755179384671,32.049491823795634,36.83180755183347,0.0,0.0,48.357119999999995,-2905.1981818809636,-5293.087957242299,21258.022429845787,0.0,0.0,0.0,13324.940950945555,14266.591720242654,-22707.099074538673,-177.5715958057542,-300.52490738863565,-206.1082627135517,0.0,0.0,SUBMERGED,UUV
1781495196.228371,-1.6528298827871442,-0.725822561414921,-4.75407315307208,16.83862411968372,-17.150147358835863,17.798251240833636,9.893364815440806,29.37387558172813,32.76511972126464,0.0,0.0,48.357119999999995,11734.253205471676,10311.025351580893,-5125.817496515098,0.0,0.0,0.0,-10314.998698170832,-5280.504052491489,-5858.686541857586,357.1788136547152,500.76666478161854,1268.0254599664115,0.0,0.0,SUBMERGED,UUV
1781495196.6783562,-1.5422026161034836,-0.8234540032719111,-4.865828977278212,3.538849619656617,-11.585756147546558,1.6784206361910379,11.688100893744615,38.829248227020884,31.460628060274708,0.0,0.0,48.357119999999995,-1545.3047435548422,107.00379270476633,-887.5056969364844,0.0,0.0,0.0,-7112.898595737704,-10799.2644559808,-11778.830880301983,-95.3822098566878,-75.5394685214649,111.51483804953021,0.0,0.0,SUBMERGED,UUV
1781495197.0783644,-1.669578684586723,-0.7668112526290263,-4.635177081594752,6.459145965136036,-16.861340760002637,-18.459225318257598,11.283512839449198,42.06215909578909,27.191910635729933,0.0,0.0,48.357119999999995,-1991.9745536991823,-12215.17428886347,-21918.14767143683,0.0,0.0,0.0,13105.745630282849,13732.822421278213,21925.86684051196,-287.43351412445793,-729.0348178532892,613.2518546960121,0.0,0.0,SUBMERGED,UUV
1781495197.4783428,-1.5264577894744047,-0.6898651195373797,-4.708001000327712,16.011039927628758,-7.128333570399103,-10.385358949169275,10.22050147523535,43.30464531193973,20.34360081859167,0.0,0.0,48.357119999999995,7555.00773882093,9267.711433013365,9276.641269814912,0.0,0.0,0.0,-14138.333288940512,-2692.090559570937,1347.4426759535895,58.30239461406998,766.2326287312815,-811.832430095536,0.0,0.0,SUBMERGED,UUV
1781495197.8783624,-1.635425362546307,-0.8882063844232788,-4.843744557895495,15.575698314513845,-2.265103959485214,8.720272225065163,7.481692494421184,45.77769717421877,13.06625272674281,0.0,0.0,48.357119999999995,-10482.961089909615,-318.48487064950353,5258.758893525428,0.0,0.0,0.0,5080.203177905798,-8805.237525423441,-20420.531248581072,106.13626773649025,180.97579646086322,189.29579044680816,0.0,0.0,SUBMERGED,UUV
1781495198.2782733,-1.7082092407264224,-0.7112421473056347,-4.7262668183873515,2.595828386657436,17.003730286673463,17.0093982880285,4.96455906647348,44.72452512843225,5.058108618381948,0.0,0.0,48.357119999999995,5245.591246294723,-4359.523714463246,-20948.48175877389,0.0,0.0,0.0,2512.5205808754945,14087.449293695987,13587.78338389544,860.6344598030604,-340.8838995606212,562.8001757337638,0.0,0.0,SUBMERGED,UUV
1781495198.678338,-1.4696124229855003,-0.7842238899644405,-4.791838889961382,-0.7327629677612804,16.486551556363732,1.7521125114509124,1.1462619369160618,40.973796421449954,-2.510694969300381,0.0,0.0,48.357119999999995,58.15409500174679,11697.048824123362,324.89472284933413,0.0,0.0,0.0,-11068.455663705028,-8098.5503964384825,12873.09413630612,-87.01147125796825,72.7888503634055,-518.2707756516292,0.0,0.0,SUBMERGED,UUV
1781495199.0782907,-1.7010240767628904,-0.9161989015760276,-4.768237298032147,-17.37221249059905,0.3517120825075917,-17.43865642948129,-0.7042172671393898,36.96476874921532,-8.730366752221178,0.0,0.0,48.357119999999995,-8689.3105268314,-2435.023154850389,22307.314035811858,0.0,0.0,0.0,14566.023967555782,-5540.713126161531,-19862.541906780476,-485.25814842764026,-439.9177697964643,-430.5086573005945,0.0,0.0,SUBMERGED,UUV
1781495199.478348,-1.7301418425461024,-0.7167027266518202,-4.880904106923233,-16.355000300456066,-3.190071033054009,-10.11306598393263,-6.38106323885403,33.36593269026214,-14.39687822971199,0.0,0.0,48.357119999999995,9633.518371976004,-2704.3213634573503,-2576.8535552898193,0.0,0.0,0.0,-3960.5654866379277,13535.383966790847,-8997.444614868924,234.74961899807724,53.1166463054672,418.1329860477037,0.0,0.0,SUBMERGED,UUV
1781495199.9283645,-1.639618551112861,-0.8277486066284414,-4.998929355001687,-16.0750525381178,-9.145572495570786,9.78336082698932,-22.00423165745118,37.619649277945484,-21.375105306005807,0.0,0.0,48.357119999999995,-618.3100648739714,9262.182660059087,-1834.0389583037204,0.0,0.0,0.0,-8544.650448590171,-3398.9200148803666,-10062.050618422143,-183.84250027714845,221.32009848662932,628.1810071069793,0.0,0.0,SUBMERGED,UUV
1781495200.3283737,-1.7408784650331006,-0.9167085602647748,-4.734366849850078,-15.45573406080047,-14.256152019086247,15.942036324189173,-25.132534076550108,37.853024844553275,-26.570332530070235,0.0,0.0,48.357119999999995,-4857.870714459289,-736.7972944606586,-19196.58108566522,0.0,0.0,0.0,14585.912100342557,-8151.727053430821,22817.31009441105,-307.7108201272252,-62.896722692714576,159.58827594544243,0.0,0.0,SUBMERGED,UUV
1781495200.7283564,-1.6087582967042717,-0.7372088860336621,-4.858983542429682,0.7551138470963786,-8.966827620118268,1.591109953533255,-27.49055805984949,39.638692514851975,-30.654609629929702,0.0,0.0,48.357119999999995,11907.978240971277,-1591.552402702822,11224.053688948006,0.0,0.0,0.0,-12365.675820556648,12276.747011336447,-994.5192475938245,576.0508326496251,382.5224966951058,-454.44785558100506,0.0,0.0,SUBMERGED,UUV
1781495201.178441,-1.556920223240859,-0.8562590041032029,-4.888791625192336,-11.868987563182952,-16.91480197833548,-18.913183903289386,-15.947713822421605,36.141663770985915,-32.185050655599305,0.0,0.0,48.357119999999995,-4696.343090010732,10797.720598760197,9613.31064061979,0.0,0.0,0.0,-3503.7720043180652,-5291.734067698506,1176.7103723378534,-663.5631010672575,709.5608582411513,-1199.8099666248454,0.0,0.0,SUBMERGED,UUV
1781495201.5783226,-1.8857647916246874,-0.8882158897908229,-4.884155169059041,-8.617804031702509,-13.602165349328072,-7.464637041421887,-14.244498052680921,31.77940611091947,-32.6288590356326,0.0,0.0,48.357119999999995,-229.98404589085015,-1209.8084717022286,4209.387916074395,0.0,0.0,0.0,10964.879571556274,-7239.309029249333,-19838.356384805164,-127.29878564492661,133.8793792090692,43.586108155729676,0.0,0.0,SUBMERGED,UUV
1781495201.9782705,-1.6821277717295564,-0.78973837535471,-4.99000686650961,9.378618866637181,3.8033876084192335,11.544548473103053,-12.17932076499314,29.25216551807344,-33.08681920450276,0.0,0.0,48.357119999999995,9866.690261671967,-4854.762319007651,-16297.154866618052,0.0,0.0,0.0,-13928.57675570122,14101.912984310591,7122.578854891449,545.8309068191422,-278.2037773687537,562.7719509069397,0.0,0.0,SUBMERGED,UUV
1781495202.378484,-1.6672694603447162,-0.8800066477804361,-4.851434557332047,11.590454960277237,7.475572970743352,15.526692403462015,-11.87553736050189,28.0053917136418,-33.80626972574337,0.0,0.0,48.357119999999995,-11728.123439707577,11894.10198769658,831.1636209416639,0.0,0.0,0.0,3789.1512369948427,-7968.760579341761,15350.546698044913,-137.12701606404175,63.979981033186604,-854.8192526543105,0.0,0.0,SUBMERGED,UUV
1781495202.828351,-1.8067174549460705,-0.893520918632432,-4.759528588183833,-6.022213430741415,-6.159792400826232,2.4623425069688976,-22.366797594553564,34.90840687526799,-36.1774889707117,0.0,0.0,48.357119999999995,357.31191310183135,-385.90006057075715,-601.3916206219197,0.0,0.0,0.0,9192.879034659512,-9186.25589182079,16184.734259314533,-58.396424998797414,66.78973828625156,-97.06921396590589,0.0,0.0,SUBMERGED,UUV
1781495203.1783323,-1.6646572282636491,-0.7890171958464157,-5.095519215420946,11.945302311870732,11.13962370059032,-18.463382305146524,-11.497063951128359,28.874720539740203,-32.22732114023587,0.0,0.0,48.357119999999995,-235.43267519235428,57.9561041374628,-9475.573830064299,0.0,0.0,0.0,-9332.37190672593,9981.527257155623,-1197.0651150919286,-419.31069672652256,465.17819094965853,75.7587247548177,0.0,0.0,SUBMERGED,UUV
1781495203.6283221,-1.8362912557498712,-0.8070270232698932,-5.040686061680532,16.35184355850582,16.05865143663675,-6.944796535059277,-25.458482078919488,41.203175727895456,-34.07210652554342,0.0,0.0,48.357119999999995,-11513.643305267198,11118.546459233217,-3444.503059593592,0.0,0.0,0.0,11608.143120613218,-7233.732305115256,-7804.135620557222,-296.5723983835188,323.15471187404466,1157.34942568447,0.0,0.0,SUBMERGED,UUV
1781495204.0283604,-1.8091320891966218,-0.9106722643235563,-4.881755521002407,7.973095137041431,1.6692195446671947,10.847578943453376,-23.198878753335617,41.59009707933049,-30.117563198657074,0.0,0.0,48.357119999999995,8001.12430122744,-2448.9323003549753,-14228.571080167614,0.0,0.0,0.0,-1126.6385774660725,-5759.612096662288,22927.99061644701,34.33380880213694,65.01488589395538,-0.27635314265034694,0.0,0.0,SUBMERGED,UUV
1781495204.4284267,-1.6240068289457343,-0.7467225124107573,-5.049066746666872,7.370293011799437,-1.562784798875762,15.150051047124977,-19.30080052904743,38.779035579491875,-22.951034161209538,0.0,0.0,48.357119999999995,-726.8804523647417,-1647.2800829167707,8707.443476542152,0.0,0.0,0.0,-8652.135615643729,12381.399514782031,1951.6557841134056,-430.12402616470166,275.4213685833038,1.3585253802856556,0.0,0.0,SUBMERGED,UUV
1781495204.8783603,-1.7936255501804106,-0.7553482099282234,-4.914199864145398,4.233594072099125,-8.501013230873555,-1.7082154473124196,-2.0986670643923335,31.54643943445372,-14.751519597251596,0.0,0.0,48.357119999999995,-6448.148483313194,10473.535777739433,7252.1303581831135,0.0,0.0,0.0,14075.539735401111,-4847.451528910226,3562.9894828176725,-53.503318502265536,577.2199364187123,-744.7653651064643,0.0,0.0,SUBMERGED,UUV
1781495205.2283316,-1.8053399287613177,-0.8884632426992656,-5.08074228673002,-14.543420176648544,-14.363632950140389,-18.854565684274757,-8.234084418161553,36.773572262032694,-9.415461881643552,0.0,0.0,48.357119999999995,11788.730312569209,-5874.33335689847,-20467.026169801375,0.0,0.0,0.0,-12745.197163017176,-1720.5385386338987,12433.026448435394,826.2164021862561,-1074.9565609260999,1169.7881248129838,0.0,0.0,SUBMERGED,UUV
1781495205.6783447,-1.7508316471288532,-0.6853388286987778,-5.131818730720199,-15.115424205216048,-9.604998951943559,-7.3039162710161465,7.285810757493994,35.07438818332301,-2.0390652462609933,0.0,0.0,48.357119999999995,-6074.55833797155,-2140.592338140455,-19208.274004948733,0.0,0.0,0.0,-1494.6774906887933,12997.262518259595,10796.818907859648,-946.3909618767312,63.98097245175661,494.54977169388053,0.0,0.0,SUBMERGED,UUV
1781495206.07834,-1.853966246642707,-0.8088075618368266,-4.923312598470654,-16.13403757717376,-6.097022459289868,13.267496195711665,11.188620085605512,37.73029833789248,4.275841796009556,0.0,0.0,48.357119999999995,36.519785230660524,12274.930354285472,15.908409688979939,0.0,0.0,0.0,10404.669822337508,-10904.424515103368,14226.805428335396,-20.393846743659292,4.572254001774891,-303.92574263801976,0.0,0.0,SUBMERGED,UUV
1781495206.4783127,-1.7656458828912387,-0.8652562954571187,-5.145421780294316,-9.374492451898789,14.903266923627617,14.770207177227956,14.428634550045462,40.840927693492226,11.258421565314698,0.0,0.0,48.357119999999995,7085.2111136616095,-3990.088317391776,22385.925904920114,0.0,0.0,0.0,-14480.98788024531,-3953.420701093448,-17609.774801891166,282.72839534139797,-859.1177960187887,-499.47570140702794,0.0,0.0,SUBMERGED,UUV
1781495206.878354,-1.9038331358762122,-0.6536831481330097,-5.1630943404405585,-5.886089471533843,16.818259804928555,-1.8922137480645882,16.326376836880986,43.675371822944854,18.101432265685872,0.0,0.0,48.357119999999995,-11813.815016578461,-121.2681259251146,-5143.924270742724,0.0,0.0,0.0,9525.094641497635,10938.972247309586,-5952.638375607176,-396.899763522531,307.3000293539845,575.7336431495015,0.0,0.0,SUBMERGED,UUV
1781495207.3283565,-2.0054814615311805,-0.7667199639278368,-5.144989628848743,-16.192560167999506,10.365608411601395,-18.262981582149312,4.4140584687150906,34.93428215747927,21.59397638991748,0.0,0.0,48.357119999999995,938.2464630418734,10223.359097134207,-984.3499376743955,0.0,0.0,0.0,8050.616987886854,-5219.78005999513,-11399.90208358429,78.36648101083239,161.3075871392575,654.6799900163558,0.0,0.0,SUBMERGED,UUV
1781495207.67836,-1.6964016553893495,-0.7964687701858386,-5.181706004867473,14.815907744840604,0.21433581235808408,-6.995750975062714,15.733212512433182,41.04191964243166,27.16333979534244,0.0,0.0,48.357119999999995,-39.095231731464644,-6425.533459165421,10300.96692896891,0.0,0.0,0.0,-9921.97127661906,-1354.296659196736,322.66210568208805,-508.66202792983285,-738.695126309904,-590.3240074196564,0.0,0.0,SUBMERGED,UUV
1781495208.1284077,-1.891421086991657,-0.6419760448728886,-5.068972295097425,1.1915588880827492,9.783671147002222,15.10033865799395,8.10280729076345,30.27543761078426,29.410660660858557,0.0,0.0,48.357119999999995,-11090.74472486248,-696.7592718283872,9044.763665552362,0.0,0.0,0.0,13075.403548685392,11515.209930602094,1448.8116894754307,-396.0254562028468,295.44886674692464,-363.86192698783805,0.0,0.0,SUBMERGED,UUV
1781495208.5783978,-1.9021193284421525,-0.7607958594922907,-5.042944345768331,-11.271686240697223,16.466635177139754,10.67101496455538,22.624383468522037,33.767880364200444,34.0280953187375,0.0,0.0,48.357119999999995,5645.475406189035,11668.005461492225,7696.6775797435475,0.0,0.0,0.0,2183.9536263241616,-7329.311447571045,3229.385835336175,486.86712367929215,675.6659878806978,-1244.5470478454383,0.0,0.0,SUBMERGED,UUV
1781495208.928436,-1.8004449843846746,-0.7541359994504687,-5.280548527749657,16.710540103919435,-14.578728211353017,-3.8278092527427727,13.344981883483214,27.914136855333947,33.90195073479628,0.0,0.0,48.357119999999995,-2316.75915549302,-7600.82805042352,-21110.93831854803,0.0,0.0,0.0,-6061.449116882932,466.5260370898236,13707.442789005543,-689.8170007159873,-1172.1353236569896,896.1268357761526,0.0,0.0,SUBMERGED,UUV
1781495209.3283682,-1.9728922986260744,-0.6814274728978214,-5.036576104678495,3.808339871076713,-9.629405396797155,-18.56601378909503,16.869843793110668,30.44936393300405,36.97886801017034,0.0,0.0,48.357119999999995,-1665.167413399306,-0.6522809776353111,419.07095863696543,0.0,0.0,0.0,13286.350632977512,10810.550930587935,12828.612258622448,44.12541073212313,59.41982997452911,100.72016728009145,0.0,0.0,SUBMERGED,UUV
1781495209.778381,-1.8733509224647795,-0.7594235333722584,-5.132685031847618,13.826308619206714,-15.550019903958528,-4.743069498743354,27.119986452933194,39.02249465809427,40.124820606694556,0.0,0.0,48.357119999999995,10816.355981960549,12292.057802465059,-1012.9337795660576,0.0,0.0,0.0,-5789.947145905782,-10045.065696166908,16757.79079935753,-112.28437977261291,-23.07024939961018,-496.090593945108,0.0,0.0,SUBMERGED,UUV
1781495210.178585,-1.8361304249664951,-0.7751790117053097,-5.32349361562893,12.985046265899408,-14.35986628568319,16.22303684608165,24.7693472908695,39.107696462784034,39.26665714206822,0.0,0.0,48.357119999999995,-2521.5090878962155,-3697.946775259123,20168.95529640663,0.0,0.0,0.0,-5713.233963623257,-4459.543261855908,-12490.614839652699,-792.9615129243299,-950.8814368093929,-651.0217920461298,0.0,0.0,SUBMERGED,UUV
1781495210.5784407,-2.108707289601666,-0.7128532844464495,-5.232038922235446,-2.802552584228638,3.1123204994772413,13.24677979364736,20.9555635817834,37.5048465300598,36.67358316114474,0.0,0.0,48.357119999999995,-105.46606958925484,-176.79452490924427,-2760.7706757641163,0.0,0.0,0.0,10791.022480546853,11002.848056460793,-9014.012649315686,159.22198932150627,170.8395222280146,-57.9503954590551,0.0,0.0,SUBMERGED,UUV
1781495211.0284019,-2.0146931924014115,-0.7423213032871829,-5.352485302511823,8.343707910978681,-5.617913765591804,-5.900667072837149,4.653494329244139,27.364186515114856,31.25982476474203,0.0,0.0,48.357119999999995,11656.983591196993,10327.046052890764,-165.9272175760395,0.0,0.0,0.0,-8871.794933250663,-5395.933292065154,-13113.540842754455,7.126298496562782,76.60874533971702,925.3874815728013,0.0,0.0,SUBMERGED,UUV
1781495211.3786,-1.8678669226413975,-0.8084848573551349,-5.250394607186607,-16.2536490343033,13.534992415337538,-18.865097179788968,11.363087726529452,31.980910178963846,28.42955325054132,0.0,0.0,48.357119999999995,-9775.783883791792,-6256.862348708689,7467.0144670061945,0.0,0.0,0.0,3604.1833939354096,-1427.3311212792391,3501.382287947549,-596.9402533498338,-518.7675176525238,-1152.4203990967083,0.0,0.0,SUBMERGED,UUV
1781495211.8283525,-2.048554187212455,-0.6931923347731662,-5.160289059230114,-10.706674125077836,16.383377253777713,-4.09193929670798,2.796840964895565,33.600920871378996,25.271999389724126,0.0,0.0,48.357119999999995,796.8546823531894,-737.2871607115196,6633.760025039402,0.0,0.0,0.0,8568.539143789956,11859.400309019682,4345.973351099779,401.87921652845955,323.35144218493883,-29.12249143202513,0.0,0.0,SUBMERGED,UUV
1781495212.2285168,-1.933788797610044,-0.7699091951383681,-5.426183329186123,-9.031219997636526,16.991947334040884,12.268126109092783,1.5381783656388757,36.83383357223363,20.284478856670304,0.0,0.0,48.357119999999995,3714.149866592068,12398.713791328904,10010.288246880407,0.0,0.0,0.0,-13795.527022000762,-12067.103635678646,-22777.164292477046,74.66437440467178,172.7333120663116,-235.3871860303263,0.0,0.0,SUBMERGED,UUV
1781495212.6283956,-2.0103358405456637,-0.876675581212618,-5.357611431488722,-13.056578030429872,1.923978889136483,12.467101389060481,0.8654391590995693,39.17138330938011,13.823802209964855,0.0,0.0,48.357119999999995,-11313.465143998708,-7167.067437169184,-18604.265960151202,0.0,0.0,0.0,13170.14537942626,-243.58001479527138,9639.50319760474,-757.4812183633119,-1098.2868358398928,1241.2029100600807,0.0,0.0,SUBMERGED,UUV
1781495213.0284095,-1.9876613614715388,-0.6725014757564415,-5.229239044398516,-13.679027941648316,-0.8127994425999989,-0.028583976267818872,-0.9924230717261757,42.45156261233402,7.205249971307038,0.0,0.0,48.357119999999995,8168.071790919389,-67.06843251937833,-2.302769425980377,0.0,0.0,0.0,-1437.3565617260992,11196.157204461211,14236.942104946093,-1.600594979919912,-11.007800977528868,-367.4234183702594,0.0,0.0,SUBMERGED,UUV
1781495213.4283793,-1.8916054624019032,-0.8463626002641346,-5.4446149416321905,6.417031504498634,-15.939950293297798,-18.319160448113365,-2.3295196233238307,44.54055542953612,-0.6763584666166289,0.0,0.0,48.357119999999995,-1291.541052405888,10790.72718486312,22125.16003626868,0.0,0.0,0.0,-7042.8304832461645,-14094.888931977139,-17001.064287226407,-483.1146638925962,725.0511036240284,-600.5644122917179,0.0,0.0,SUBMERGED,UUV
1781495213.8783805,-2.0039252737495605,-0.9270757428067775,-5.321294278416584,-7.041048399016261,-14.38044875295961,-2.4522488517401397,-4.046759252071916,32.822371494034805,-8.033245964952048,0.0,0.0,48.357119999999995,-10145.796329022836,-2855.2627239092712,16409.811524931574,0.0,0.0,0.0,13880.058903770423,-5607.10912481695,-6880.9210753331645,-591.5823604669554,-830.631857021929,-784.5145916742773,0.0,0.0,SUBMERGED,UUV
1781495214.278365,-2.0947312983673294,-0.7340667425026576,-5.473665224313314,11.284083237567277,-9.117103089673396,16.91110754084626,-7.632724229863094,28.25894232145207,-13.07609502064193,0.0,0.0,48.357119999999995,8530.564934273016,-2596.024587239589,341.48025716220684,0.0,0.0,0.0,-2228.0403890367884,13373.349002935216,-15570.689753585906,-64.72550671631922,-40.34557346618476,267.27877470806857,0.0,0.0,SUBMERGED,UUV
1781495214.6783304,-1.9341810775561699,-0.854216465180741,-5.5068666937467,12.45155646247502,-5.152909884294879,10.750514902292592,-13.438725805085125,29.005792418808536,-18.64215748887776,0.0,0.0,48.357119999999995,-1537.8679336941705,12164.744983532126,-21271.903375427606,0.0,0.0,0.0,-7033.499109698778,-8057.106502141662,14258.943853285016,-594.8023282749656,1178.7901496404813,1019.8402434146897,0.0,0.0,SUBMERGED,UUV
1781495215.0783622,-2.081860540940306,-0.8936137214176189,-5.276481256647673,11.616235287927097,15.604369833168438,-6.210866810599153,-17.759900016089862,29.815283096792996,-23.66936399305665,0.0,0.0,48.357119999999995,-478.52399115623746,-4686.431954255478,3537.5864807748812,0.0,0.0,0.0,11713.897199064268,-3308.9126609838418,7940.334803092299,173.45360595092598,-329.8059104803388,-325.92231054528736,0.0,0.0,SUBMERGED,UUV
1781495215.5283551,-1.9418825475681303,-0.7555775893367391,-5.425737965062768,16.628535400248186,5.2832782172377355,-16.439903256589794,-24.508323545127634,37.663494476060905,-30.825430322993043,0.0,0.0,48.357119999999995,11951.582879825814,-1761.5275123648273,2796.5913774648825,0.0,0.0,0.0,-11686.938781658195,13113.790902278251,8694.850119939527,207.7391859695132,194.79268498020204,-295.400234456144,0.0,0.0,SUBMERGED,UUV
1781495215.878354,-2.075010254851471,-0.9236619810147032,-5.523368003193229,-7.731933861981919,3.2295635171945327,-3.8471754850182376,-25.20265140531824,32.737153520503284,-32.45684110280438,0.0,0.0,48.357119999999995,-10433.627902545299,9474.149336172073,-14014.309442496764,0.0,0.0,0.0,4760.024866068657,-13925.852469060357,4069.9426328920435,-868.5225538873842,580.0392189373123,1206.5660293293417,0.0,0.0,SUBMERGED,UUV
1781495216.3283064,-2.2294736842487195,-0.8994180981603342,-5.464393263400314,5.7179187732162475,13.631804791049397,17.696131026390596,-20.036373165212513,35.27009830151008,-36.07415065668308,0.0,0.0,48.357119999999995,58.7243170594171,-2981.0155885537724,-7051.6025093819735,0.0,0.0,0.0,9965.931041730284,-5401.593777566443,-4056.1629852913916,338.8065645484301,-487.92375034549315,327.0992670813992,0.0,0.0,SUBMERGED,UUV
1781495216.7283566,-1.901628933797931,-0.8090058062994453,-5.509053790560165,3.5400236429526735,9.201679491328566,9.556928636961178,-18.797505201832053,31.78325910120092,-36.09894816854526,0.0,0.0,48.357119999999995,4276.359833530669,-299.9905363608343,-1875.4426755989784,0.0,0.0,0.0,-14905.052940049227,11679.142309240526,18098.332237996474,67.06415991695604,-103.94167063229807,141.79212474203223,0.0,0.0,SUBMERGED,UUV
1781495217.128362,-2.0580479571640695,-0.8976133603513853,-5.479282718593212,-15.722405154476846,-12.1135295431623,-8.195858847425423,-15.452579107332538,28.892942776940124,-36.61287265993798,0.0,0.0,48.357119999999995,-12738.205907903499,11435.404781577137,18924.987003615643,0.0,0.0,0.0,9870.10706477394,-13508.309263453826,-10262.165009719885,-946.5513766126522,799.0701889829315,-1371.7381388675735,0.0,0.0,SUBMERGED,UUV
1781495217.5283272,-2.221392400100101,-0.8678038267850117,-5.5797583036227065,-16.832446498007698,-15.647618396077112,-16.879629722077144,-12.585963576102483,26.49402769301023,-36.192098511717525,0.0,0.0,48.357119999999995,6600.314078086825,-8701.174584919507,-2339.5080124499987,0.0,0.0,0.0,630.1723693010572,2518.9273807254626,-9280.418760887536,204.6563567764573,-290.3795717614822,941.9646123777904,0.0,0.0,SUBMERGED,UUV
1781495217.9783418,-2.029696451905777,-0.8255850526604126,-5.7107486925009425,-4.071123506912466,-3.675375075580903,0.16154151996877575,-15.830403801793818,27.536762932448845,-36.51594507456135,0.0,0.0,48.357119999999995,866.507279725193,-724.1324809580567,14.332263084683369,0.0,0.0,0.0,-11990.364737026328,11885.57313533294,-14596.976262692124,5.235641071665322,-0.06571189756066831,-107.80694668976585,0.0,0.0,SUBMERGED,UUV
1781495218.378319,-2.142618630396752,-0.8528884301547549,-5.560943963830046,-17.007676701603724,-16.826733946486673,18.553974567598303,-17.60621751656467,30.310559530249144,-35.97399694343948,0.0,0.0,48.357119999999995,-12017.909680065342,12763.693135679374,-22813.658848170675,0.0,0.0,0.0,13145.228812869547,-11761.165937907514,17688.491168266097,-849.4795498909704,1005.628055478134,1339.3736144599725,0.0,0.0,SUBMERGED,UUV
1781495218.7783332,-2.116786353229954,-0.9026176081228633,-5.459143608463264,-15.515061352887225,-13.038150244704239,9.09258227329719,-19.88964230233952,35.08362698921655,-34.6481655495627,0.0,0.0,48.357119999999995,10403.955942594244,-7450.730966821299,5695.634764485528,0.0,0.0,0.0,-4806.062514222546,218.30318715841622,5394.861979891366,427.96108856090757,-535.3221304450152,-1197.3696344646235,0.0,0.0,SUBMERGED,UUV
1781495219.1783717,-2.083094279942068,-0.787507175082823,-5.757556143429825,-1.1422711442335565,6.444081343625005,-8.378083448690903,-19.358032160798135,37.85126335200505,-31.716489384895223,0.0,0.0,48.357119999999995,-4551.140898763361,824.5261390063763,2377.9430181834896,0.0,0.0,0.0,-3088.1718978704657,7905.103443027208,-18117.786305195095,99.73466704587972,-145.52564575688453,223.0692688470512,0.0,0.0,SUBMERGED,UUV
1781495219.5783644,-2.264221283995356,-0.8667828958623864,-5.55602288249001,-0.3958387589305252,11.681700081135315,-16.745198866514066,-18.952259296063335,37.54543622604757,-26.57470565029718,0.0,0.0,48.357119999999995,26.034373275704365,6042.563827427679,-18162.123743411325,0.0,0.0,0.0,9950.834065285937,-14370.08985821173,9590.0855732108,327.6692222020893,406.42091953316634,233.02251564326767,0.0,0.0,SUBMERGED,UUV
1781495219.9783487,-2.005097101594505,-0.8593584911911939,-5.617687927410252,16.483799741521487,11.59405000369241,-2.798161630263709,-15.724459405514986,38.29631663455517,-20.245282805889946,0.0,0.0,48.357119999999995,3097.507434852898,-12094.389690011913,1363.9859280471544,0.0,0.0,0.0,-13756.154551006377,10402.725965289845,10709.437868979778,-112.29293861370441,-182.21004508404815,-412.00377136811653,0.0,0.0,SUBMERGED,UUV
1781495220.4285612,-2.041476928567022,-0.7133805121391936,-5.589390842255162,4.136201439827487,17.175931027607948,18.71538714915308,-2.6956835087783535,29.094496453328208,-10.460642118395283,0.0,0.0,48.357119999999995,-8983.634136222416,179.16577302305697,-318.85341295028513,0.0,0.0,0.0,2739.884705537381,9739.381817412013,15447.83419540552,52.76682626462018,-46.939523043374365,-384.4018801908693,0.0,0.0,SUBMERGED,UUV
1781495220.778302,-2.249923103143382,-0.9264268024015128,-5.691421265518056,6.652840727399807,-11.222329372610307,11.051937025230623,-7.249483476815501,33.01645675281308,-5.4052997977832655,0.0,0.0,48.357119999999995,7974.307378863427,61.49667777955306,-9965.240243416392,0.0,0.0,0.0,-1011.2566954542413,-10641.900529735853,-695.012590591968,640.5622478496027,-382.2256272314746,546.5588827536629,0.0,0.0,SUBMERGED,UUV
1781495221.2283325,-2.118262370332158,-0.8248387217200821,-5.830203761264005,16.343544873010455,-1.1487350034999424,-10.31706081601151,8.501006374130144,29.961308306146783,1.5464231779158562,0.0,0.0,48.357119999999995,261.510568971791,-10491.504768853078,-3670.1963940716437,0.0,0.0,0.0,-11157.285717140034,5672.066774466863,-7649.339845933864,-216.02336611892912,-381.7656394665646,614.2668941420035,0.0,0.0,SUBMERGED,UUV
1781495221.6283708,-2.1887004231905265,-0.7042270822973696,-5.584782993600691,2.9852602362320413,-16.742237935026367,-16.409838801335525,12.454080370710754,33.00446387176062,8.082471494638753,0.0,0.0,48.357119999999995,-6845.753146449141,3469.8861147250086,-6467.9192358310975,0.0,0.0,0.0,15369.851139698423,4527.088019518485,21026.45484716707,-156.12521016653054,-168.7235389311827,39.24443747386215,0.0,0.0,SUBMERGED,UUV
1781495222.028374,-2.1501636736661833,-0.9115524304246481,-5.682101331485145,-0.1184384429116977,-14.38931437539569,-0.710671856646564,15.70944754487986,36.227809008665496,13.815485929383168,0.0,0.0,48.357119999999995,11864.589396245772,776.829111208126,14204.312217856628,0.0,0.0,0.0,-7295.689691690431,-11423.887097023498,-4314.14052250719,849.8468875009969,-483.24518970148944,-665.9977887723796,0.0,0.0,SUBMERGED,UUV
1781495222.478376,-2.022032124960556,-0.7998397143651442,-5.744798422202809,12.782665327582901,-15.968050668345269,18.82847614423121,6.2968703855067565,36.01028130012435,19.184477786571623,0.0,0.0,48.357119999999995,-331.62396762112957,-8966.72128035362,6611.52874313509,0.0,0.0,0.0,-9495.250736484388,2354.629428411975,4432.888975242944,-416.25709740329916,-560.300432806055,-731.8406848677771,0.0,0.0,SUBMERGED,UUV
1781495222.8783896,-2.352740623497061,-0.7119952246559519,-5.771661175669524,-4.82588626051293,-7.862714025099279,7.732792818550494,6.901942336852714,33.87166307314879,23.367862444813955,0.0,0.0,48.357119999999995,-2621.656349153424,1666.6377179688013,2201.71060662256,0.0,0.0,0.0,13423.532249172276,6653.102591610691,-18291.466792766772,-87.34223016760363,-132.1900658073748,17.691948977550553,0.0,0.0,SUBMERGED,UUV
1781495223.2783506,-2.187633330917061,-0.8543506756983114,-5.821821658343775,-9.928492582788646,-2.9496703576057355,-12.70513264811516,6.0043590620899865,30.469021593872817,26.55026388801701,0.0,0.0,48.357119999999995,12393.98790775653,3861.255796752513,-18505.879021955465,0.0,0.0,0.0,-10166.0740700717,-13841.589285326636,9868.14539539531,865.6403609464778,237.3235548955083,799.3355513000818,0.0,0.0,SUBMERGED,UUV
1781495223.6783724,-2.0869212822037504,-0.7219548163768055,-5.743106801029832,-14.637379245151365,16.250884671851,-15.352100279476623,6.40744856571783,25.517757743881194,29.011511139531287,0.0,0.0,48.357119999999995,-4903.696202817912,-11989.11230980963,6.435825336288436,0.0,0.0,0.0,-2902.916892923599,9122.786861301844,14015.728616529987,-37.64342524025732,19.75576615216326,-673.0767100535163,0.0,0.0,SUBMERGED,UUV
1781495224.078464,-2.3735005214020846,-0.7424238896852502,-5.773080714572734,-12.405770224374091,16.424219720830813,0.6406714819129744,5.866884128012315,23.85301812296629,30.812410096137917,0.0,0.0,48.357119999999995,21.847837248027815,3068.0080010030847,22139.191700565225,0.0,0.0,0.0,9477.391132908799,4878.345818364139,-18051.005223248223,138.11090900739165,664.9839859772138,-235.87009677037994,0.0,0.0,SUBMERGED,UUV
1781495224.4784136,-2.149444293408148,-0.81403661836673,-5.9562450581912,3.3961170485385415,3.322745532379539,18.229370530843887,8.805172507648189,24.805350321356737,32.93983817322599,0.0,0.0,48.357119999999995,4129.130588046459,269.4808144148184,-5488.568230560409,0.0,0.0,0.0,-14007.454102348158,-11248.4460050689,-5492.314734899192,-96.79715410205932,-243.48390937907652,-127.58417227761404,0.0,0.0,SUBMERGED,UUV
1781495224.928358,-2.250356235663038,-0.7683238180797362,-5.973117575846904,-9.088815443020158,11.805156930916269,6.828028257672422,23.261417616595327,34.48284276605466,36.361846674786634,0.0,0.0,48.357119999999995,-7613.2934728070295,-9942.019620528052,-1306.204793051731,0.0,0.0,0.0,806.3017263141369,4586.699434715451,-10651.570156257685,-198.01903238045347,-147.77504152117217,958.8674706511514,0.0,0.0,SUBMERGED,UUV
1781495225.3283994,-2.3326916902664614,-0.7225860517982962,-5.708428245264702,-6.668796928674345,8.488353457882415,-12.931463533975636,22.76994493522186,35.89477042787224,36.51598968352587,0.0,0.0,48.357119999999995,2112.3662678693277,3306.5719855107063,-11070.520722660045,0.0,0.0,0.0,6209.0416287523785,4714.842356585968,22246.439375919053,-141.98804112171453,-115.67428400617173,-119.30877520632745,0.0,0.0,SUBMERGED,UUV
1781495225.7283654,-2.0986045380795426,-0.8151049062701499,-5.922778740909414,12.48308005398797,-12.806365398645386,-14.878756546515339,22.080246314525706,37.217941681966664,34.94569930784463,0.0,0.0,48.357119999999995,837.3991718069461,897.4110577117931,10602.724804347668,0.0,0.0,0.0,-11629.815813359844,-11670.18070490194,-400.8843035760674,-298.26167341277693,-387.80858036657537,177.2555819594739,0.0,0.0,SUBMERGED,UUV
1781495226.1786613,-2.2037881670309676,-0.788717433235516,-5.825706024497293,-2.1529802061384484,-0.3754130241829307,3.53198674400993,6.312207286836823,26.821049767225343,28.98380779365234,0.0,0.0,48.357119999999995,-10719.071729599751,-8747.400421392334,4051.189926445985,0.0,0.0,0.0,5442.5034169815235,2162.462861893206,7163.158358048224,-409.4691195191963,-343.9367152366599,-1195.9482784754719,0.0,0.0,SUBMERGED,UUV
1781495226.5283678,-2.3508779355605482,-0.7334914626524797,-5.885082740837163,12.463271307422882,-8.29900149038917,18.416694596884245,14.699776130657146,32.68487891191867,27.494143906560335,0.0,0.0,48.357119999999995,10674.790016782814,7324.307733241529,-22422.844224786422,0.0,0.0,0.0,-4893.754741628407,-129.68909870933885,15951.0389460682,1017.7395224199115,1131.4544317198142,1311.6676393909552,0.0,0.0,SUBMERGED,UUV
1781495226.9283602,-2.0981589731808743,-0.8603115534518341,-5.909092637001754,9.80603521577515,-3.6822088917777536,7.859619211074217,8.800703332235388,30.94038440257677,22.355155530889736,0.0,0.0,48.357119999999995,-1952.4215889042757,19.11421223053369,1004.9119229636397,0.0,0.0,0.0,-6734.806674839721,-10972.027455041738,11529.037289094056,-114.38438673556568,-94.27883896897023,-161.3681514726668,0.0,0.0,SUBMERGED,UUV
1781495227.378384,-2.3027684122211753,-0.8063410832383662,-5.826131733069639,7.950773418619394,1.887801116540063,-12.038915608216962,-2.679479697822368,28.57573446497919,17.799972959070256,0.0,0.0,48.357119999999995,-6849.840125509874,-12143.388699967898,-562.9399889412543,0.0,0.0,0.0,14997.751284172502,9322.64546166764,16163.93471376272,-70.08961343039189,77.0556397080754,-136.41493993159725,0.0,0.0,SUBMERGED,UUV
1781495227.7783837,-2.338745463576391,-0.7051013202623261,-5.920391790939193,7.228707477733776,6.406166825567987,-14.519889350164688,-4.538623071918649,30.638155621136807,12.005979149958877,0.0,0.0,48.357119999999995,12219.43626203323,3174.800727008369,21304.105652325103,0.0,0.0,0.0,-7855.884325689001,4933.412762606866,-14140.290806840767,885.9663498912828,1022.9370354684812,-1030.8830712237411,0.0,0.0,SUBMERGED,UUV
1781495228.1785097,-2.2744953380688804,-0.9272398864648806,-6.094195782404481,-11.127047739075197,14.164276658016304,0.665216835395201,-6.077623421486276,34.81262052113687,5.624958817215743,0.0,0.0,48.357119999999995,-2814.334539869042,2418.424814282232,-509.9974946810441,0.0,0.0,0.0,-5425.5941190506255,-13433.207324189389,-12461.315280678666,-79.46684291084912,-46.03252315868199,99.28570415085498,0.0,0.0,SUBMERGED,UUV
1781495228.628339,-2.448660375830605,-0.8715771175709084,-6.024713132441324,4.078527623892056,16.3355461986246,18.381552400582937,3.950946793982915,36.19541166970196,-1.6538727872530854,0.0,0.0,48.357119999999995,-1662.4600613365753,-9325.004082375834,-193.38931514635954,0.0,0.0,0.0,12841.204500083044,3555.1337947043976,-13217.609687627431,-6.0907488311613065,-39.1642328496731,390.66183433347413,0.0,0.0,SUBMERGED,UUV
1781495228.9783332,-2.1894166515728686,-0.7394053023416209,-6.007677506754297,-10.884819801652272,10.61174531376605,10.699950392181744,-7.2293991558432324,38.599207876384156,-7.472149460009343,0.0,0.0,48.357119999999995,5283.719513091514,5034.98772473264,7729.174324433575,0.0,0.0,0.0,-13978.440232529803,3075.8580801210883,3100.840688155526,-111.75902193214526,626.647642637611,-406.1256784437899,0.0,0.0,SUBMERGED,UUV
1781495229.4284062,-2.2518862150396575,-0.9713566075428091,-5.97586440134171,-16.980756925475376,1.9266781412425837,-14.585651044593789,-2.2454607666166777,27.985448612630208,-13.379500040222363,0.0,0.0,48.357119999999995,-9246.981161492622,1689.2650122297566,6319.288092975937,0.0,0.0,0.0,2785.662948498639,-12568.425713813276,4568.912952717881,-461.4588392961641,-197.27797903279995,-463.2416712193725,0.0,0.0,SUBMERGED,UUV
1781495229.8284338,-2.4599487410033625,-0.8320586132035458,-6.052771774510071,-16.646107886965666,-1.4012294174982847,-12.75931010947056,-5.744112428743554,25.21291600998452,-18.17183931291347,0.0,0.0,48.357119999999995,1316.9784699986785,-12455.90468934238,9891.347741199583,0.0,0.0,0.0,7049.18429796188,9998.670463837094,-22420.93098119571,-195.0633317005645,-142.11867692315437,-92.97034091164747,0.0,0.0,SUBMERGED,UUV
1781495230.2283533,-2.2349207662922623,-0.8266557091369776,-6.168506209331188,-5.175270947936244,-16.111565944200084,3.0171731522297724,-9.470866267433301,24.491911683395333,-22.4741923359728,0.0,0.0,48.357119999999995,619.4390596828154,5639.209674093874,-18057.74553649649,0.0,0.0,0.0,-11596.703322272706,2045.432690660665,9111.433645752488,-226.14054665515977,1029.8500527637766,519.5262431049393,0.0,0.0,SUBMERGED,UUV
1781495230.6283367,-2.4145847983902233,-0.950283469205197,-5.932109424245579,-4.091095397238998,-15.322037204396544,18.44817814540924,-13.02459863183981,23.219495927137583,-26.696967884230176,0.0,0.0,48.357119999999995,-6234.224431235245,-162.4948325230313,1293.080180404721,0.0,0.0,0.0,14349.6242896769,-10043.43551695448,11037.06018678985,51.70444279014466,-120.80277246294975,86.40962172338746,0.0,0.0,SUBMERGED,UUV
1781495231.0783765,-2.3633433065732152,-0.8189835343097721,-5.972344766334114,-13.692361499283392,-15.588417822095849,3.191443400671282,-24.42133578493107,34.94532242049238,-33.17112642316932,0.0,0.0,48.357119999999995,5251.158137892102,-12297.471435056428,-297.8242761782027,0.0,0.0,0.0,2408.4622990740168,11205.02675663421,15357.64054538511,-71.40189943052007,6.582321247683561,-427.3066225368033,0.0,0.0,SUBMERGED,UUV
1781495231.4284077,-2.326949537478308,-0.8834401997426391,-6.266890171684477,17.08503633479331,9.961523724119944,-15.381310793348808,-20.34553526109896,29.47945666746362,-34.140509259660014,0.0,0.0,48.357119999999995,-2026.105980844608,8106.293595759361,-4603.5963986727475,0.0,0.0,0.0,-6543.168801850023,-1434.9812307003585,-6692.587196974532,-341.0188223489788,403.52848990995733,760.8859986985069,0.0,0.0,SUBMERGED,UUV
1781495231.8783715,-2.5502704906402576,-0.9248661491334305,-6.118537174029977,4.249694458346735,-3.368169000786854,-11.597738889229968,-22.01065836091913,34.25123284591966,-37.42349884695143,0.0,0.0,48.357119999999995,-3486.5946148847397,22.349290013848282,-3843.2758898549,0.0,0.0,0.0,13878.718415275329,-10482.710692157143,-7550.701429803712,111.80999551664925,-244.3733888834239,-115.33319905858521,0.0,0.0,SUBMERGED,UUV
1781495232.2783794,-2.3603875485984647,-0.8467162871929639,-6.1191429182848545,16.039978895206353,16.334204167342794,5.133101423621721,-18.76589313774785,33.800093015398446,-37.7430975282053,0.0,0.0,48.357119999999995,12618.794154178915,-11534.836138480337,-15760.550003915523,0.0,0.0,0.0,-10005.792170396671,14664.33039291803,23793.925194417403,77.25015786941364,-194.37511340039296,321.27745422105954,0.0,0.0,SUBMERGED,UUV
1781495232.6784663,-2.280785286961971,-0.8837432104362092,-6.169700401189168,15.745733504991225,17.213755618720405,17.921195444575908,-15.942161348759356,31.57093163627875,-37.21031062752371,0.0,0.0,48.357119999999995,-7470.865296134083,10518.306104380199,14850.369273113924,0.0,0.0,0.0,-3984.8210507994177,119.17406816843913,2259.98837575097,-939.474800614594,946.9589735441153,-1434.55322858866,0.0,0.0,SUBMERGED,UUV
1781495233.0783737,-2.601092347501313,-0.9026530394536213,-6.191902070360596,-0.04996703816402215,2.0043582065397745,5.175054738620404,-11.844152705964028,27.96873887672287,-35.70319829542493,0.0,0.0,48.357119999999995,153.58488115990593,-615.4336682695196,743.5377232667088,0.0,0.0,0.0,9472.350342411984,-8362.573329679923,-16498.32276699019,-65.23708396410967,62.58568158839523,83.08845730790826,0.0,0.0,SUBMERGED,UUV
1781495233.478356,-2.349720515305074,-0.8434655520231169,-6.262101753040153,-3.7863303431074136,-3.521193663964982,-15.323428929778604,-8.870147380131575,26.85534248549488,-34.18256389958996,0.0,0.0,48.357119999999995,6716.753939961638,-6453.833478284374,-20978.529338710166,0.0,0.0,0.0,-14573.725354111197,14526.857182558731,14059.095685627963,369.6010776218096,-530.0370869902152,486.5233830598284,0.0,0.0,SUBMERGED,UUV
1781495233.9286253,-2.3756743395735014,-0.8210318841053957,-6.333004034356723,-5.271812511282117,-7.674941408413792,-12.380749587370115,-12.014462692953893,31.82550916301541,-33.74731203128915,0.0,0.0,48.357119999999995,-6853.354616128841,5416.725969175821,-14123.00276987833,0.0,0.0,0.0,-601.0111790938995,2431.8273094967362,3743.6194414834385,-795.6681472831048,864.6098137179886,1060.0372610795735,0.0,0.0,SUBMERGED,UUV
1781495234.3283136,-2.5158009373197525,-0.937986298837674,-6.06211071685976,-7.687359155234688,-12.4154318658629,6.105471008815449,-11.820690705043043,34.376915408714915,-31.508364291496463,0.0,0.0,48.357119999999995,1593.4301330835765,-129.78498535412007,263.23116530432947,0.0,0.0,0.0,7186.725747496357,-10106.491387173754,13182.741120964678,48.21108051834963,-41.9793904857796,-172.0981951570474,0.0,0.0,SUBMERGED,UUV
1781495234.7284462,-2.3656855799486394,-0.8372935257291516,-6.318773953556608,-6.095313961441943,-14.040900792283892,18.760929221623243,-12.29839103505092,37.3494292451804,-27.208059606649872,0.0,0.0,48.357119999999995,1790.9029899958534,-8587.900745100289,22618.28233492174,0.0,0.0,0.0,-12441.239367959945,14607.98205100923,-20035.44120737567,70.74985537276956,-504.9080622619685,-320.69893898763695,0.0,0.0,SUBMERGED,UUV
1781495235.128323,-2.5222846312027825,-0.775890862232349,-6.3414613362613315,-13.86286917913276,-6.666322326829199,4.660662732284843,-12.38434260044361,41.937943680984866,-22.68894371102196,0.0,0.0,48.357119999999995,-11492.139658113572,8192.757863042,-2681.1220389548093,0.0,0.0,0.0,11743.56137407011,-1661.882126039256,-8815.28925613082,-243.54379620395747,248.86619942809773,976.7529051852814,0.0,0.0,SUBMERGED,UUV
1781495235.5783942,-2.6137328911251583,-0.9209428204997128,-6.319242536964834,-15.14143822099416,-15.666413656111203,-17.980279418336536,-4.907491163178326,33.47961957019112,-13.256323047973678,0.0,0.0,48.357119999999995,4284.273482315967,15.99270211961951,-1948.4245236715587,0.0,0.0,0.0,3596.1527526444224,-10356.409600484523,-10077.392631291272,191.9376432774772,-122.89531752464279,289.9148392493779,0.0,0.0,SUBMERGED,UUV
1781495235.9783075,-2.3520702665946427,-0.7975375595991795,-6.340661297341086,-11.172034142956386,1.2840342189597163,-11.342479087176283,1.043396094977799,30.41473471427216,-6.438149237605647,0.0,0.0,48.357119999999995,46.29807270748918,-11461.915235493158,-19463.074497393405,0.0,0.0,0.0,-10403.84930613941,14386.02939894558,22988.724827133396,11.025384385430165,-571.4328938481141,430.01359904238456,0.0,0.0,SUBMERGED,UUV
1781495236.3783817,-2.5250576809793572,-0.7646203013191815,-6.202548952396017,-9.505862550878335,7.3170664080174195,7.430743003786438,7.1199497152590645,30.225036034648248,-0.19949707168288494,0.0,0.0,48.357119999999995,-2912.038854481172,9988.392550287961,11342.958145310113,0.0,0.0,0.0,13021.76888430967,-3823.8488821382675,-904.9197571058426,85.98860199948847,808.9653211252329,-708.8124379696839,0.0,0.0,SUBMERGED,UUV
1781495236.8283327,-2.476761604964154,-0.9330160265479502,-6.251785978109926,-17.166285617999247,-4.902161381163302,15.568565756586498,14.48298922810039,40.96544935767191,8.245945689361614,0.0,0.0,48.357119999999995,8726.027003391018,546.8762073591919,4358.013201582153,0.0,0.0,0.0,-2036.1539552569657,-11962.285572576162,6874.115367675394,388.23566178267754,-280.48340894718206,-468.94112503307866,0.0,0.0,SUBMERGED,UUV
1781495237.1783934,-2.4595354696107927,-0.7029037197815634,-6.433360015495028,9.60530879522729,9.983267197299718,2.7101495487268923,17.977529610779836,33.673956270586146,12.911085451385146,0.0,0.0,48.357119999999995,-5405.071350086821,-7338.299417217806,-16843.061018813412,0.0,0.0,0.0,-2359.7449245220396,14418.375651669126,7466.436670549911,-892.667033258966,-460.61536908696934,784.6072500201851,0.0,0.0,SUBMERGED,UUV
1781495237.6283674,-2.647845723754201,-0.738235389630937,-6.327132477779311,-4.101556942032112,17.221864485712974,-18.57642054133396,16.274137614843113,41.024249858243614,21.493283395007197,0.0,0.0,48.357119999999995,-2891.1638875087456,4225.730457915397,-9105.216527781302,0.0,0.0,0.0,11695.962134152438,241.03879706620364,5699.81112568364,129.02836150904304,611.0019270419084,335.2472815984625,0.0,0.0,SUBMERGED,UUV
1781495238.0283654,-2.3947530621033195,-0.8727709466314079,-6.379219582205728,15.052551465800772,2.468030819896644,-9.30372693353084,17.14665334035839,40.63278083499868,26.789113906920225,0.0,0.0,48.357119999999995,10600.980092771899,18.289232040792058,-843.742212131696,0.0,0.0,0.0,-14117.782277747272,-10793.132141018805,16626.541821690185,21.22365844868503,72.82308561679491,90.14114329979819,0.0,0.0,SUBMERGED,UUV
1781495238.4283698,-2.4671435246789533,-0.6959969136722939,-6.417478749306794,16.386525025868693,-3.2617239948972236,11.123522576275107,15.81575599728739,36.80220912934266,30.734212618198057,0.0,0.0,48.357119999999995,-8970.781593809203,-10096.813131866818,20371.086962414865,0.0,0.0,0.0,1893.7490967420358,14184.777997281064,-12367.586985744132,-1029.3161762855518,-698.594930255107,-1145.9222876262193,0.0,0.0,SUBMERGED,UUV
1781495238.8283584,-2.71770317587921,-0.7569571895390432,-6.433420656226509,9.154729134589719,-16.81913303889585,16.476457984786396,13.529882282994771,31.617442721569795,33.11139726392572,0.0,0.0,48.357119999999995,447.9668475467254,7071.645853162895,-350.52655006623587,0.0,0.0,0.0,8883.769520759124,-183.18381559994214,-12751.443409582578,23.01354171464324,77.43762234949158,454.7713933828725,0.0,0.0,SUBMERGED,UUV
1781495239.2783327,-2.521593189507107,-0.8144325018765824,-6.58466891769011,16.60733003755481,-12.567471368723917,-1.0902584677644533,19.46842583323258,27.581180517757435,36.09773687418055,0.0,0.0,48.357119999999995,7503.076671729955,256.24118417194273,-41.493880702103695,0.0,0.0,0.0,-14594.89465863898,-11095.609247409178,-14075.032099782886,-1.388673599337198,-15.897409532945492,-99.56696885296599,0.0,0.0,SUBMERGED,UUV
1781495239.6783595,-2.55962090403178,-0.7037553670113091,-6.478910007655028,15.812540396594745,-16.873584454968153,-18.915648260611093,22.53432765640079,29.052929487366892,39.94426781495906,0.0,0.0,48.357119999999995,-10793.449694640469,-12232.802109266773,-22963.43203988445,0.0,0.0,0.0,5220.029564998387,13061.463245772797,18325.25381893097,-1020.2249548405315,-907.5290966902377,1330.5229582896584,0.0,0.0,SUBMERGED,UUV
1781495240.0783525,-2.6284480376826695,-0.7484424041952361,-6.292930305569617,1.1602451353595333,-6.554116184643346,-8.093441365711545,27.352667406030918,31.093999546297567,42.466228595421676,0.0,0.0,48.357119999999995,1876.847792804056,5534.366488475674,2062.2008000149754,0.0,0.0,0.0,6881.256991056917,2187.2112718057338,9830.281391368253,172.02204272961453,249.16178070479447,-589.2443503253268,0.0,0.0,SUBMERGED,UUV
1781495240.5283105,-2.4506695749975935,-0.7819936162056189,-6.4913440471935475,12.263570979442482,-15.591255533875296,14.03807354237262,27.274260582940386,36.596938831334704,45.40786325653032,0.0,0.0,48.357119999999995,7783.906844407288,3929.15410990744,-49.451112104861046,0.0,0.0,0.0,-14827.418004980027,-14743.786799052592,14658.428074344112,1.5277442912866666,12.703989559524096,241.21456919267223,0.0,0.0,SUBMERGED,UUV
1781495240.9283626,-2.6037249042001323,-0.7403924990996803,-6.5296391877203455,-3.679037862666147,0.7196663413975296,14.865522823467202,25.87501763479836,35.0046735855193,44.55989105791335,0.0,0.0,48.357119999999995,-12796.59665934374,-12620.46235651901,21161.58816035658,0.0,0.0,0.0,9865.32511338941,12128.285687541884,-22883.829726965523,-665.4794241927157,-584.4803826770111,-949.7120974337064,0.0,0.0,SUBMERGED,UUV
1781495241.3283947,-2.784495877364165,-0.7404136069541946,-6.519584733969708,-7.882045607848671,7.588149788734766,-2.076048128145675,19.08844155242641,30.768095239161006,41.410196948601985,0.0,0.0,48.357119999999995,3750.834705692591,3847.114265795947,-5419.950833158143,0.0,0.0,0.0,4422.391554984311,4286.6576351600625,-5908.32224051794,368.87504117237125,427.41332783032396,657.4340040506484,0.0,0.0,SUBMERGED,UUV
1781495241.7783625,-2.546648983297896,-0.7955464741529618,-6.683555982274035,6.7236689545818615,-5.076722832693712,-18.25721265444382,12.960503943759889,27.82629371435313,39.09208579356297,0.0,0.0,48.357119999999995,1106.7201101188243,2251.1834992164795,-4699.157045257772,0.0,0.0,0.0,-12345.584183644682,-13276.401794192834,-6389.419042243085,-209.50602539743758,-150.646230091839,-196.75145585119026,0.0,0.0,SUBMERGED,UUV
1781495242.1783931,-2.618521899098518,-0.7769684186317415,-6.503158874815643,-12.533179400766214,15.740834855413251,-6.1569002348380915,12.112492183028918,31.186430698280265,37.52475465237696,0.0,0.0,48.357119999999995,-12141.305658742622,-12620.521407032882,-13477.223468544225,0.0,0.0,0.0,13548.743126655683,9946.850907939115,23558.65555915695,-350.557701335098,-308.50568976211633,624.0609264261826,0.0,0.0,SUBMERGED,UUV
1781495242.5783775,-2.6955496755129307,-0.699895699047569,-6.438384737954888,-13.986275807416723,17.241470329536472,15.196659057354974,13.996417270218824,34.75080635108472,35.029675158832134,0.0,0.0,48.357119999999995,8132.812131863094,3054.040489117286,10219.502540389849,0.0,0.0,0.0,-1057.388205274322,5628.429579689364,637.9798518765034,644.578434221721,716.4619442973534,-943.4959307928059,0.0,0.0,SUBMERGED,UUV
1781495242.9783642,-2.6056078684802855,-0.8542687799220483,-6.749605465121393,-11.90267478811845,4.2553454247387235,14.360115846639722,13.607782018375332,38.77995132952043,30.354701838632867,0.0,0.0,48.357119999999995,-1910.767767305237,364.40742005593455,302.27192897213234,0.0,0.0,0.0,-6465.246139070723,-11352.728561534423,-15543.045284186248,46.01099067126189,46.90105420500814,83.73470233075304,0.0,0.0,SUBMERGED,UUV
1781495243.3783402,-2.7528812106158136,-0.8063561904029845,-6.544668937108837,-9.392705772273432,-2.428649689182101,-2.6617382190661685,12.254514329156711,43.0204975235247,25.501452998985496,0.0,0.0,48.357119999999995,-1323.9897722591813,-12264.557468994768,-21646.675328718622,0.0,0.0,0.0,12411.84032519256,12496.962860366762,15160.414524524123,-106.46710431696155,-1003.9123893765955,763.9268454416344,0.0,0.0,SUBMERGED,UUV
1781495243.828337,-2.7413098831570126,-0.7041059794479115,-6.645769159905575,-17.0793779375315,9.070623050003139,-18.03689756155008,10.335831843584328,37.124086412787534,15.034437745974815,0.0,0.0,48.357119999999995,11142.715709414975,1569.5752929579278,-15020.370206701153,0.0,0.0,0.0,-6255.161468313541,7100.734485122195,4997.954774387148,886.4681110118298,718.9427235791723,966.5909882063464,0.0,0.0,SUBMERGED,UUV
1781495244.2285333,-2.529146752058564,-0.905839427619288,-6.611725097001116,-6.245849314035787,-11.917053027630555,-4.884096979385778,3.2548487923775804,33.28252870425098,7.514460253583104,0.0,0.0,48.357119999999995,-2939.444083864245,4896.794442384889,-945.310688456922,0.0,0.0,0.0,-5261.013366765877,-15090.389029892747,16684.504786840313,68.32469998382336,38.82034711736482,-33.02109037600815,0.0,0.0,SUBMERGED,UUV
1781495244.6283586,-2.7848831886579126,-0.8311909560704875,-6.595495743199357,-4.902620213834597,-15.911750993535799,16.251847844365095,-1.1219725103608345,31.89606781454813,1.1103303277472667,0.0,0.0,48.357119999999995,202.80923962856275,-12817.710361021574,22538.807345737,0.0,0.0,0.0,8819.346607029283,11313.1025114121,-20126.85295314059,92.11429072127727,-874.4553801429965,-652.5220583981837,0.0,0.0,SUBMERGED,UUV
1781495245.0283418,-2.6764627237657144,-0.7487459295557242,-6.81656620091745,13.503955856857086,-7.620734457978026,12.776360112699829,-8.638012514587615,33.36071067167765,-5.054424312218305,0.0,0.0,48.357119999999995,5892.459125412496,3041.4397108225735,-2466.4116732753314,0.0,0.0,0.0,-14427.27848390225,5209.108405440353,-9227.099423099713,-60.944187193123284,261.93688333953554,197.06267293910042,0.0,0.0,SUBMERGED,UUV
1781495245.4783661,-2.7116101046686207,-0.9281615299393668,-6.811451621628374,0.04693876394143415,-15.576622983210884,-7.342552339856444,-16.321145767567653,43.33676323696469,-13.169574491358903,0.0,0.0,48.357119999999995,-6222.946708190649,7352.940389073398,-15.867394251753572,0.0,0.0,0.0,-1061.2948647325632,-14763.06830058431,-14005.6651894805,-42.956810103262924,-35.50453321631681,227.83974687068343,0.0,0.0,SUBMERGED,UUV
1781495245.8790226,-2.811437875457614,-0.8742049856432634,-6.623605194547966,-1.6373570026640545,-14.896843754219926,-18.738728804790988,-17.17590570430061,43.023811979640044,-18.74890845925354,0.0,0.0,48.357119999999995,189.11454980568482,-9621.165887088275,-22554.921936754796,0.0,0.0,0.0,9283.122687322346,3207.0532254966834,17921.899118413563,187.60977833840968,-1138.2112351289793,737.1956542761211,0.0,0.0,SUBMERGED,UUV
1781495246.2785826,-2.558149093153302,-0.7685538742651702,-6.759506890220648,16.478549067193125,7.158793123762026,-2.836433745902215,-16.72055956771213,42.810920789218166,-22.931767523018703,0.0,0.0,48.357119999999995,5579.584291795152,356.87779982715205,1539.0780163916872,0.0,0.0,0.0,-14461.914513829077,9574.102476514032,10581.668052796507,-63.98719197349452,170.4212523499399,54.61615562617261,0.0,0.0,SUBMERGED,UUV
1781495246.728333,-2.6419566635694083,-0.9441043096466106,-6.687314284764053,8.739360589623722,-4.2059810741928025,18.247197584069927,-7.89014215269319,29.99861922507764,-24.63710790331472,0.0,0.0,48.357119999999995,-8851.56387943117,9500.528836126392,1057.2782558789354,0.0,0.0,0.0,2399.597965570835,-13977.127494720993,11180.554235865375,-135.2860336196256,11.439725311502665,-468.56535790911755,0.0,0.0,SUBMERGED,UUV
1781495247.0783243,-2.8657666684615317,-0.847238409770449,-6.765456018378235,3.0691083767460263,11.130235283617303,11.405564557532935,-13.238381942189088,34.67176051060882,-27.57637700297434,0.0,0.0,48.357119999999995,5058.134494280771,-11176.493898732908,-10600.574601172386,0.0,0.0,0.0,2899.8058004544664,6857.270307210227,-89.56541452145188,612.9670379635411,-801.9130758430858,1229.7477723169552,0.0,0.0,SUBMERGED,UUV
1781495247.5285351,-2.685483222367816,-0.8101431671739963,-6.923623267073628,13.674770359986281,17.00030684855769,-9.34548304116124,-13.031798353599118,28.899708945799528,-29.670782400581206,0.0,0.0,48.357119999999995,2662.728932634549,68.86988129533513,-4270.558381579689,0.0,0.0,0.0,-13437.540489584404,9882.108066338873,-7003.6508998553,-128.67185954786484,245.58928252426227,-78.91364226379943,0.0,0.0,SUBMERGED,UUV
1781495247.9283535,-2.77841971221555,-0.9253119654344688,-6.689493198168839,-3.327417378598211,3.693226124732166,-17.10558876862242,-15.772020662581468,29.548230444403803,-31.518231327715863,0.0,0.0,48.357119999999995,-11001.645463380682,6491.156013681142,-5540.765315433357,0.0,0.0,0.0,14148.576139147628,-15499.320800137773,20961.90572274851,-177.37201591207292,83.51736354395169,343.1435031528456,0.0,0.0,SUBMERGED,UUV
1781495248.378329,-2.7329800567307125,-0.847141659799777,-6.709705255935069,9.016970657088823,11.718873356921183,-0.7548913125703629,-26.148432949546056,38.77637576525762,-35.026457600557386,0.0,0.0,48.357119999999995,11062.370357088577,-12190.490514464613,433.05454782587293,0.0,0.0,0.0,-6403.991445354692,10745.919483281396,12457.151954103001,52.62983434850311,-88.84557849061014,-890.6361707042392,0.0,0.0,SUBMERGED,UUV
1781495248.7283516,-2.7686914593556238,-0.8434986919697051,-6.94703190100233,-16.647983440359745,-17.25053983358043,17.581240680646818,-19.86688888720501,34.802811158340496,-33.42802728041634,0.0,0.0,48.357119999999995,-6906.4104754087575,7941.743257678114,-8576.907858540704,0.0,0.0,0.0,-442.4724127334407,-991.2705159501475,-2329.7094746605667,-589.1764820693732,619.1226340819824,1112.6777167169544,0.0,0.0,SUBMERGED,UUV
1781495249.1783113,-2.9591065999889308,-0.9138811149944616,-6.814080744014696,-10.212110073364869,-10.81666507752649,9.687378009058284,-22.132568886626718,38.420303212180876,-32.214103240735945,0.0,0.0,48.357119999999995,-783.2865031930735,1103.8085996859593,-3094.5505445775552,0.0,0.0,0.0,12038.445107232903,-12420.962480369966,-8479.04142714526,141.53128816332597,-166.95062875871383,-161.6796032062359,0.0,0.0,SUBMERGED,UUV
1781495249.578384,-2.7061400166342504,-0.8462914792853393,-6.8437773612044115,-14.010209499244183,-16.053903479788943,-10.452842821858669,-18.097484552263715,35.90854859492189,-28.51352635406467,0.0,0.0,48.357119999999995,8551.903060693689,-11112.175839513298,-7393.048358282071,0.0,0.0,0.0,-15424.741234808924,14616.630816491815,21817.676015067318,107.44813706529351,-195.02086977264491,354.8048548888298,0.0,0.0,SUBMERGED,UUV
1781495249.9783802,-2.7142057216575455,-0.7841242653352927,-6.853854273123438,-12.293155265097344,-8.293616873895521,-17.104375094498046,-13.054216774690728,33.729307604179326,-23.80350006769632,0.0,0.0,48.357119999999995,-11065.674715298386,7485.251179687161,14046.544859354311,0.0,0.0,0.0,5634.2069329360265,6.643225434655051,-3756.080497968164,-911.3547761774166,854.3188909445547,-1407.0673539777422,0.0,0.0,SUBMERGED,UUV
1781495250.3784084,-2.980542932691966,-0.9228218860086241,-6.914367645907595,-9.793993409400525,-3.04939270265879,-1.593609849690574,-7.147707823056942,32.11254421873416,-19.59686880395254,0.0,0.0,48.357119999999995,4326.586784748763,-524.4923790372852,-279.9371959003347,0.0,0.0,0.0,3442.064033744895,-8685.279923714666,-13040.966725117998,47.83337167171678,-58.715030603531424,325.0128722090476,0.0,0.0,SUBMERGED,UUV
1781495250.8283796,-2.7987138026559943,-0.8237220930245311,-7.031469285381765,-9.418619992973047,0.38971536940648255,17.98455792565252,-0.2675174291280031,34.29776911642651,-14.709259644906055,0.0,0.0,48.357119999999995,2369.735676501651,-11809.442836191332,2009.1922612378403,0.0,0.0,0.0,-13174.515063621802,12621.245330906311,-18217.10426494002,8.363703000135281,-12.381740035180211,-41.02235757346013,0.0,0.0,SUBMERGED,UUV
1781495251.2283683,-2.860844649674536,-0.7349801229539906,-6.949034448664555,-7.677733364042134,5.194290721484476,8.812057468267774,1.5031683378586744,37.50738344446405,-8.494108871715023,0.0,0.0,48.357119999999995,-12388.980241006175,5215.3066028171725,-19163.5177823467,0.0,0.0,0.0,11138.719679300364,2632.958460549688,10398.222246482665,-879.998883044935,1083.0152842518632,1238.517621190288,0.0,0.0,SUBMERGED,UUV
1781495251.6284094,-2.8346697226942332,-0.9448810234557817,-6.820034811305147,11.471513752342364,15.402514463503557,-9.652773673305465,2.073662383225807,41.91361996311539,-2.361167761628111,0.0,0.0,48.357119999999995,9047.875682912156,-46.6657735214516,1810.0495364370458,0.0,0.0,0.0,-2637.628835756204,-10605.13442867884,10181.493497815962,211.3506243739447,-168.60271881886254,-518.5800745591121,0.0,0.0,SUBMERGED,UUV
1781495252.0284178,-2.7867884627444344,-0.7529885981930138,-7.055630752432329,13.440889864530558,11.547087619259297,-15.971004050544062,4.688434403784311,44.31196404127053,5.547886488166353,0.0,0.0,48.357119999999995,-1588.1925318851538,-9591.832108608243,19649.21230457797,0.0,0.0,0.0,-6648.294645244828,14485.139366187354,-22767.0054955706,-116.497450772095,-423.35424145833986,-319.2893242281014,0.0,0.0,SUBMERGED,UUV
1781495252.4283571,-3.009479486581178,-0.7482445466951873,-6.971628546017027,12.129857301672164,-8.11411593911081,-1.5253113440918435,4.693980642033126,41.47537070316745,11.424967879138874,0.0,0.0,48.357119999999995,-1810.2231082187834,6836.38808784468,-5402.259066702145,0.0,0.0,0.0,12982.81587848598,421.2104220871188,-5713.619686141678,163.90235697753133,449.8782547740225,416.2091374504721,0.0,0.0,SUBMERGED,UUV
1781495252.878418,-2.9466772155055527,-0.8971613505095533,-7.058475198351105,16.44225190072412,3.345754457693521,18.663165172213855,5.412876250094859,29.327622671916437,17.408900884911112,0.0,0.0,48.357119999999995,9152.118694105864,2029.0721317561356,-996.8913714308213,0.0,0.0,0.0,-3211.93797092611,-13114.87165574627,-11382.393579979145,122.74211967788904,-26.13674885788577,372.08737301027395,0.0,0.0,SUBMERGED,UUV
1781495253.2784367,-2.7782025980603287,-0.7240100838434228,-7.013468091037329,16.636141642886706,-1.5329268455238438,6.730778712580307,9.65416320234367,28.396670864508735,22.18500291428497,0.0,0.0,48.357119999999995,-1791.8093567697729,-12755.391589890338,-21523.30079190658,0.0,0.0,0.0,-6610.910840563298,9633.914116759433,21491.778111860483,-210.92766654238022,-867.6239773419965,710.8212039137217,0.0,0.0,SUBMERGED,UUV
1781495253.6784062,-2.9735615374048745,-0.7296525341528324,-6.876412770601649,5.811196863823284,-16.847261584042922,-11.787360340297417,13.949397644882884,27.770370565632064,26.86719744045503,0.0,0.0,48.357119999999995,-153.35801014508388,5671.379022073108,8998.15611600001,0.0,0.0,0.0,10639.440225041342,2229.85192827861,1794.735863323458,332.7453355919995,657.7126424830229,-479.77675530016927,0.0,0.0,SUBMERGED,UUV
1781495254.0784009,-2.8805621022095482,-0.8461277749680597,-7.147334715822615,4.500425797632387,-14.027323016307873,-14.570668011479501,18.474302234911466,28.743479941151687,30.535978418589465,0.0,0.0,48.357119999999995,9831.325989656823,384.95377482966495,6330.260947919725,0.0,0.0,0.0,-14156.041660725024,-11211.06237152012,-21283.154126853733,76.63591980289087,64.50545506609808,-109.55869419106821,0.0,0.0,SUBMERGED,UUV
1781495254.4783945,-2.918658465760422,-0.7110280773926764,-7.13085465180921,-14.59675847094381,3.1377971200128654,0.625099933213654,22.049955467555623,32.31917975534632,35.241006558229024,0.0,0.0,48.357119999999995,-8525.87056249643,-11405.350193404913,-14538.795455700547,0.0,0.0,0.0,1648.8814699054305,12466.343566858173,4576.7713844739665,-874.5155325491945,-800.8063287444174,1355.1679029914635,0.0,0.0,SUBMERGED,UUV
1781495254.878377,-2.972125001702552,-0.7413977324055805,-6.895293136534256,-16.46870862735051,8.977734536251027,18.88674131351207,25.651958303606385,33.749676168132694,38.99718532336975,0.0,0.0,48.357119999999995,750.8969586146793,5612.805978120278,-718.2542865913588,0.0,0.0,0.0,8379.09824132244,1899.6666743339613,16131.013344756282,-81.6929448107802,-84.01597099187877,-350.21715927844014,0.0,0.0,SUBMERGED,UUV
1781495255.2784212,-2.8326765866137857,-0.8076754181053161,-7.1949191682939,-8.180743363039152,13.362452600622438,8.604213618880987,27.37412930546911,34.41902649135673,40.528634610287405,0.0,0.0,48.357119999999995,947.4828475475299,-587.4138966078215,21492.19831416703,0.0,0.0,0.0,-11673.99318852344,-7988.460701615235,-20652.042663591506,-8.863558799440117,-312.0099218480092,-42.84335793104912,0.0,0.0,SUBMERGED,UUV
1781495255.6783874,-3.055731268497871,-0.7131000874541599,-7.128009559907552,-5.156791175626487,10.27707737668026,-10.67031156942377,26.111474137345095,36.53353683389947,42.67746033281428,0.0,0.0,48.357119999999995,-11268.426573924064,-6878.376918484334,-2987.7759078576096,0.0,0.0,0.0,12277.497489925294,14529.583071385188,-8413.570771573604,-265.42859208032604,86.0661796785332,400.6736026587124,0.0,0.0,SUBMERGED,UUV
1781495256.1283667,-3.1291091440137437,-0.7527585402012967,-7.142551783567274,-15.17256326330673,16.303778264551283,-13.840196013300652,12.345451780441737,27.626202113331537,38.40151516492657,0.0,0.0,48.357119999999995,2033.955415418759,3803.609755658761,-226.6828937545338,0.0,0.0,0.0,6388.6484028084815,4053.903626104367,-13119.877864238688,21.301187585610833,61.338833188733126,403.5118554868144,0.0,0.0,SUBMERGED,UUV
1781495256.528402,-2.8292792676986536,-0.7981622123541932,-7.187222413328328,-0.5865319081830764,1.5604367041697191,1.32821225304008,9.193773859771161,25.15316546580839,36.95827971382489,0.0,0.0,48.357119999999995,1634.6042705604345,1047.9946895770552,-22024.267231627673,0.0,0.0,0.0,-12760.603031429266,-12180.268100162306,19833.580832732154,106.95867464181576,97.79128086271301,45.97069154848691,0.0,0.0,SUBMERGED,UUV
1781495256.9284167,-3.0117190069728865,-0.7456434615031744,-7.039530527607968,0.934304669599567,-1.7753523020165107,18.587572238406825,8.41938181216104,25.151150433653378,35.785994668498354,0.0,0.0,48.357119999999995,-10863.491523043063,-11360.824723680355,2667.9671721293485,0.0,0.0,0.0,13149.921696493413,12652.057890814498,8887.673249840665,-125.58147715803379,-160.831269280037,-610.3714969536865,0.0,0.0,SUBMERGED,UUV
1781495257.3284173,-3.0734580913546226,-0.7478810906056355,-7.203859187348719,16.82830395981518,-16.225627276281518,8.03368731660433,4.651481841394215,25.308784256144648,33.381857026252156,0.0,0.0,48.357119999999995,10355.925400384644,7982.072669184483,7758.103358646883,0.0,0.0,0.0,-4845.590627839702,-1274.2465705872914,-21425.88102150159,-142.85726606857403,-100.07204367066402,265.83854178173146,0.0,0.0,SUBMERGED,UUV
1781495257.7283952,-2.888846526864331,-0.8441127183185999,-7.298186523670042,16.94558111853242,-14.811548403569898,-11.874417294042244,5.428314084971696,28.05686019180248,30.535890164716715,0.0,0.0,48.357119999999995,-2468.322103166055,-310.2398412611353,-13457.14889974374,0.0,0.0,0.0,-5915.542712858662,-9204.601915524112,3240.992454111915,-648.0161752046968,-642.3762774271569,342.55188710171325,0.0,0.0,SUBMERGED,UUV
1781495258.1783135,-3.1149697197627493,-0.810997121624532,-7.187777284430944,8.805720731148822,-16.2234949226956,-13.561590306391501,15.91314183326566,38.41932796117427,27.597055814792327,0.0,0.0,48.357119999999995,-3542.0892444608394,-11339.18723262001,-12113.000232539558,0.0,0.0,0.0,13712.484128794658,12252.948988376464,2026.1263715002906,-25.431752177356945,-728.7173182426302,710.8232994265425,0.0,0.0,SUBMERGED,UUV
1781495258.5783472,-2.9527346121850555,-0.7019672914441955,-7.144443714757112,12.582491893543013,-2.7761041140550304,7.458778794483022,14.213937241157504,39.86672096252229,21.939269107260397,0.0,0.0,48.357119999999995,12158.946329534672,5656.287846670289,-2232.1474336953966,0.0,0.0,0.0,-11708.544301020398,1800.181042553791,18029.127677658267,-1.3155464892246975,-118.53545185190967,-198.8723578015979,0.0,0.0,SUBMERGED,UUV
1781495258.9784062,-2.8905485374185664,-0.9126781173174754,-7.2726688787311256,12.462098054058687,0.21304557135154112,16.829146502310763,11.020730829341417,36.413146437372085,13.858322223641462,0.0,0.0,48.357119999999995,-6835.63359366677,12.392154412104452,18351.90738991462,0.0,0.0,0.0,-870.8297989930479,-9688.059106666062,-9537.69927731274,-942.2245865189359,-485.9961414123415,-553.1056110817001,0.0,0.0,SUBMERGED,UUV
1781495259.4284017,-3.0737005696145436,-0.8565771636978362,-7.131115580928482,9.454522392522959,6.570345809097003,1.0621375206599666,-5.277665081201016,26.641925907373814,5.964832292702901,0.0,0.0,48.357119999999995,-1273.6026456071531,-11497.596598821096,10430.845716078056,0.0,0.0,0.0,12007.30118129238,6687.451943723489,59.40062055326962,212.42963328500946,-783.2212500193934,-748.2896570697316,0.0,0.0,SUBMERGED,UUV
1781495259.8283756,-3.028520368932466,-0.7511638044844355,-7.396659227702135,9.088586857591753,12.825160443151724,-18.540947876800455,-9.695614994490336,28.964202180543886,-0.506954537384314,0.0,0.0,48.357119999999995,8609.398096650588,3630.1302772982017,285.904496744033,0.0,0.0,0.0,-14488.420066274326,4214.3516686430785,-15337.919113371663,-22.01153364548461,0.20154717994091698,152.33165900263995,0.0,0.0,SUBMERGED,UUV
1781495260.22839,-2.993131019608338,-0.9567936916314297,-7.316006412930598,-9.720005846455793,10.665316104557569,-9.414581644635032,-14.125535673674952,31.815947958514506,-7.114428874749962,0.0,0.0,48.357119999999995,-10188.249916723567,1432.984994677732,-21472.292293560222,0.0,0.0,0.0,4102.453800581852,-12494.616380551965,14777.756339940344,-1018.9356889715032,-70.764310596588,668.283969249258,0.0,0.0,SUBMERGED,UUV
1781495260.628363,-3.059514527474697,-0.7674661418378772,-7.183233265343681,-11.860160151970634,7.111669058614913,10.131949360562313,-16.73404637652898,33.412069574405145,-12.979254864160339,0.0,0.0,48.357119999999995,3852.7801321720412,-9534.523816934166,3701.4074998165456,0.0,0.0,0.0,4386.185034257839,13976.262372038433,7686.081904929297,315.49250490233703,-72.26642212326281,-440.9031491882722,0.0,0.0,SUBMERGED,UUV
1781495261.078357,-2.8899515473635637,-0.7733257288837379,-7.308444486034232,2.994299747898313,15.466477340209401,14.083436103532176,-9.523059818357455,35.85842268743901,-18.958940375059697,0.0,0.0,48.357119999999995,4507.916909239945,1762.2690848280329,276.9424709956623,0.0,0.0,0.0,-14600.79808386449,7007.188721536822,13002.80662743635,-36.05444914401751,72.24296901877995,-38.212273894194254,0.0,0.0,SUBMERGED,UUV
1781495261.4785817,-3.1075368398512,-0.9572355959510032,-7.35069646363113,-15.825856515682997,-2.5449481785903343,-1.1299477358157068,-10.048501040722952,33.82757181133585,-23.402616411879627,0.0,0.0,48.357119999999995,-12232.88728272972,925.4762655185476,18278.845866925985,0.0,0.0,0.0,9287.192486928223,-13408.662784287797,-19618.230977737494,-800.1290862816915,219.65756535272726,-664.1411235229575,0.0,0.0,SUBMERGED,UUV
1781495261.8783967,-3.1669082266910165,-0.8288086225225553,-7.3978834637136455,-17.299611577034597,-8.37724172037576,-18.83048068384142,-7.486158748714532,28.210760940195808,-26.129465305012225,0.0,0.0,48.357119999999995,5882.214634990311,-11577.964692378457,-6785.503376718564,0.0,0.0,0.0,1773.4684001347364,10853.067503157501,-4146.5554316296275,449.3756089332005,-557.5472648402182,1146.8504109385465,0.0,0.0,SUBMERGED,UUV
1781495262.2783878,-2.906278887131578,-0.8439100756918804,-7.368501966160062,-6.035167718133959,-13.718990730017671,-7.986225707177681,-7.758483120480945,24.507623825840646,-28.347838337215595,0.0,0.0,48.357119999999995,-26.274212348955313,5006.640539308145,-7839.341958376123,0.0,0.0,0.0,-10145.774535864119,2621.558048125932,21326.87007305859,125.2169350155491,-159.9539097494651,-129.25550291263627,0.0,0.0,SUBMERGED,UUV
1781495262.6784363,-3.1643257248584646,-0.9584719286803861,-7.285689055942525,-3.7201902494742476,-11.121729413482363,11.73914141057838,-7.969229329363012,23.36272295657042,-31.324662506525506,0.0,0.0,48.357119999999995,-6147.838077356116,155.23460663784448,12905.74988586492,0.0,0.0,0.0,14051.917218658597,-10452.510960439275,-2942.5028298877096,-135.2307254663672,-440.75696798316767,-54.72321604151857,0.0,0.0,SUBMERGED,UUV
1781495263.128389,-3.116544480819097,-0.8771550822673417,-7.26935984853861,-14.794805211104133,-17.015422349827077,12.971011923244946,-22.14287690081225,29.054104715046165,-35.1486512512877,0.0,0.0,48.357119999999995,6333.220449279848,-10538.956066822306,5689.413296569364,0.0,0.0,0.0,1227.380536240411,5042.174806022627,5413.093840875854,395.1475146245489,-554.0428976435744,-1177.4817563471304,0.0,0.0,SUBMERGED,UUV
1781495263.478461,-3.0161270729671195,-0.8750027495015741,-7.4705027017163035,15.964878907571,12.648586333900223,-0.39094482378711237,-11.406769808306414,21.812039945166465,-33.47898187104031,0.0,0.0,48.357119999999995,-5673.45643821177,9290.927944167102,-22894.711498602668,0.0,0.0,0.0,-1935.5921934518592,-2852.3406941394737,18466.497506116084,-813.6884381304474,1132.934165483133,1091.9514162279065,0.0,0.0,SUBMERGED,UUV
1781495263.8784907,-3.2066002713693607,-0.9302851216065047,-7.264728001901836,8.74842511148844,11.342274416519999,-18.210344680175513,-14.517813908017288,25.290012844634994,-35.09944104803207,0.0,0.0,48.357119999999995,-6.960298301726086,-298.0238557534174,1894.5531516908695,0.0,0.0,0.0,10758.656187446668,-9706.396715488234,10241.34338362806,143.81912777234297,-171.42177670813598,-56.84282260686601,0.0,0.0,SUBMERGED,UUV
1781495264.3283944,-3.0062470147911413,-0.8578408647088194,-7.421204296307712,16.197239043610097,16.170260413950867,-7.337962027587958,-23.52144519233952,33.677441938481934,-35.958544111538785,0.0,0.0,48.357119999999995,9970.776166304082,-9771.44646258067,1644.5710820264994,0.0,0.0,0.0,-13710.858720562499,13889.104801163063,10265.25916186736,32.47122245191808,-15.081413171653995,-124.78825069907279,0.0,0.0,SUBMERGED,UUV
1781495264.7283762,-3.0706309132025598,-0.8369120663782939,-7.542119428899468,16.40819883620681,15.238301440052552,13.1629369984511,-21.46999738400233,32.60535430471002,-33.474209597712964,0.0,0.0,48.357119999999995,-9435.5431231527,7603.107270456097,20003.535590064766,0.0,0.0,0.0,2820.5528170795324,-412.32651262223953,-22701.883156527387,-572.7979948888665,310.91913162016647,-570.0065423281035,0.0,0.0,SUBMERGED,UUV
1781495265.1282892,-3.288361363890676,-0.9234067009195346,-7.469655765721503,3.0117664023176687,-1.0053339366434864,15.478443600188372,-17.712841765068678,31.21095645070082,-29.69518883306252,0.0,0.0,48.357119999999995,2750.5794042738207,-891.987387451932,-11335.047519942687,0.0,0.0,0.0,5595.792826562736,-8119.866722002802,671.0298307606308,615.9340083244075,-574.4411598230364,434.6595665000086,0.0,0.0,SUBMERGED,UUV
1781495265.578393,-3.0650020520233037,-0.8544754788451678,-7.619416243256509,13.320273840761285,7.299409493354428,-2.435006290287029,-2.639383248800211,23.973836726454465,-24.32183249718293,0.0,0.0,48.357119999999995,2827.238262223585,-9839.450178812775,-9933.017045274702,0.0,0.0,0.0,-13400.121546014889,13541.67049443308,-349.7802750040631,-158.94428605077934,-537.376192675262,449.0961189177482,0.0,0.0,SUBMERGED,UUV
1781495265.9783847,-3.103855199593629,-0.7937134487247046,-7.445621235440775,-2.4996747539065076,-13.324946596344535,-18.635227446540387,-0.22637972536505135,24.20600437920126,-19.85280754336565,0.0,0.0,48.357119999999995,-12051.049820016304,8345.246355009056,-4107.0326632066335,0.0,0.0,0.0,12313.998989875114,-1707.953297138568,19724.019342130785,-111.31219998264781,-212.9209027396122,-113.3388550079921,0.0,0.0,SUBMERGED,UUV
1781495266.3784053,-3.2354742346588354,-0.9493688923885815,-7.453052905554033,-3.3644539737891144,-15.920948981600436,-6.6876882453453526,2.1205372272595295,28.145101568428668,-14.95911110485534,0.0,0.0,48.357119999999995,7196.248968852211,-325.58148165534385,16473.183892988993,0.0,0.0,0.0,360.6975535385459,-8759.647546228558,-6921.719322778625,888.4230052982009,-780.1393816240886,-661.7045377579279,0.0,0.0,SUBMERGED,UUV
1781495266.8284814,-3.0215680780313154,-0.838467269799967,-7.591522728698615,9.509767206270546,-6.601075437133072,15.829992667142344,-7.2272223990097135,38.11364637162815,-9.04157857452476,0.0,0.0,48.357119999999995,874.263748518688,-12133.349880898397,8377.331328489765,0.0,0.0,0.0,-11750.765317104651,8897.517645962631,2199.9935484266284,-342.2363148718165,-682.7429081349748,-721.4407146321109,0.0,0.0,SUBMERGED,UUV
1781495267.228387,-3.2622951087466587,-0.7408689904454324,-7.635479239134042,-7.146615969596277,-15.100600604838165,13.137169316796665,-6.823567965827002,35.91110684146973,-1.9600056908834482,0.0,0.0,48.357119999999995,-8034.697215177806,4924.434639742392,910.3615273245442,0.0,0.0,0.0,14686.729716321752,2583.8195912107917,-16581.475249144692,-55.85823447170542,-126.13489005492903,137.68335432066988,0.0,0.0,SUBMERGED,UUV
1781495267.6283634,-3.212940808111817,-0.9422733196414147,-7.597276243177068,-11.09614729582473,-11.071815234364486,-4.541676979318284,-3.528478851906746,31.476282442958873,4.236998208667338,0.0,0.0,48.357119999999995,10589.850123079934,419.71000855149015,-20379.389528787437,0.0,0.0,0.0,-4726.623845369188,-11284.73457177318,12641.153897325667,983.8260326004901,-205.69680488008302,668.5617537940558,0.0,0.0,SUBMERGED,UUV
1781495268.0284152,-3.035755526024614,-0.740614560823572,-7.582422862789453,-14.231626372992999,9.440031380968458,-18.596347035485152,-1.5132157342086956,28.47727913591427,10.740850201376277,0.0,0.0,48.357119999999995,-1832.5741687462573,-10862.342666277616,211.61062623297084,0.0,0.0,0.0,-6865.370850038085,13342.371508589364,13179.29851585578,-40.564975819763745,-5.346929864581778,-202.22141592919098,0.0,0.0,SUBMERGED,UUV
1781495268.478352,-3.2080802384194596,-0.7086974462314254,-7.50591273285554,-14.921078922142902,-2.8767946160112245,-3.152189015328024,13.48326668186748,27.853218207627492,16.388044363954744,0.0,0.0,48.357119999999995,-8020.353928618293,933.0546270675545,-2368.5698696460972,0.0,0.0,0.0,15241.218117520235,8050.286262755295,18432.549467976783,-76.31553532664374,-115.36996567146934,77.03930723984217,0.0,0.0,SUBMERGED,UUV
1781495268.8283832,-3.1501825549722544,-0.8839364878668728,-7.761564797956803,5.452906919973766,10.168120615725083,14.468068410483758,5.371745597638782,23.801470239269854,19.99471313946414,0.0,0.0,48.357119999999995,9474.956778748887,-348.43960642220975,-6347.435138229237,0.0,0.0,0.0,-13762.52281002613,-9085.091857751813,-4605.488049454676,252.83008679708752,-338.36872017217354,377.2272004593807,0.0,0.0,SUBMERGED,UUV
1781495269.2783341,-3.2051938280280394,-0.7251990110546579,-7.775648690785924,-8.207494394339468,16.63337434765134,11.277202365712162,19.52946442180287,31.50872199982704,25.965404777843005,0.0,0.0,48.357119999999995,-6408.4710588920625,-10952.740008629678,-5096.0727587660895,0.0,0.0,0.0,-4307.552729155335,9455.935857761244,-10498.9740115614,-195.56924610222595,-173.5521385385935,849.5453465215717,0.0,0.0,SUBMERGED,UUV
1781495269.6783652,-3.278345711782925,-0.7598326623538456,-7.550920385293851,-4.81928913866701,15.13541203528072,-6.903326945572069,20.821726685591234,34.20821922421101,30.178264228043968,0.0,0.0,48.357119999999995,127.88666634081483,7083.724495322374,-11256.655483340297,0.0,0.0,0.0,9614.125369830963,114.84369366114606,22607.91970694687,-177.3044114789304,-99.0782568316297,-90.93832200449646,0.0,0.0,SUBMERGED,UUV
1781495270.078392,-3.072814923021522,-0.8461053303442378,-7.725584074260957,14.125810652840965,-3.347411879104223,-17.88474482694977,20.27763388907568,33.569457061619325,32.67222612376764,0.0,0.0,48.357119999999995,4911.849977402689,-29.440471081589344,10762.530828550387,0.0,0.0,0.0,-13834.453829530716,-9922.038793216361,-496.6070617064554,-45.352980213278244,-577.1100629949555,14.009618095486328,0.0,0.0,SUBMERGED,UUV
1781495270.5283902,-3.143712345667444,-0.7393451931617403,-7.669854022907928,-0.32189345726448626,6.779665803471459,-1.7970247236332177,7.779880349612016,25.26235604252844,32.230735195749524,0.0,0.0,48.357119999999995,-9562.517808434708,-12199.091682902606,9021.980212867264,0.0,0.0,0.0,3120.517754540168,11298.712521793841,1645.162858239701,-673.5155438689015,-598.6648524240168,-1383.769779321779,0.0,0.0,SUBMERGED,UUV
1781495270.9283974,-3.402860475444421,-0.7561430142193875,-7.762692005608315,16.898135325373914,-13.3979262040925,17.879590397235237,4.509993534178023,23.08789583970268,33.31158447642573,0.0,0.0,48.357119999999995,1126.897312386478,4266.936500367296,4126.994774962309,0.0,0.0,0.0,7417.527346509117,3353.2033675435314,-19455.792704390802,-154.23745425066565,-127.77121354908945,205.92825607299915,0.0,0.0,SUBMERGED,UUV
1781495271.3283858,-3.123489119871025,-0.8298419995730154,-7.846952413553454,16.86929928009186,-16.089425878545534,10.413802076064844,5.639868438006521,21.206968174151207,33.169590147437994,0.0,0.0,48.357119999999995,3120.9787105736773,510.11318897725556,-16054.30962748891,0.0,0.0,0.0,-13530.428601030095,-11477.130215427282,6927.7756680794955,1.234260840833338,-326.29556416351517,-49.354189162934965,0.0,0.0,SUBMERGED,UUV
1781495271.728326,-3.2890153492648535,-0.7324641926978075,-7.655372590628162,4.1356465930186745,-5.963737134767147,-5.482301998626101,4.433731896395063,20.408958393696373,33.08837420602465,0.0,0.0,48.357119999999995,-9977.032718239245,-8127.499715656726,778.9000925524286,0.0,0.0,0.0,13781.903069300304,14491.247947466347,11814.776212384266,8.712372055630397,11.346246296792248,76.61229582001673,0.0,0.0,SUBMERGED,UUV
1781495272.1783237,-3.316826068651629,-0.7316031000015315,-7.619923831117817,15.173840690658107,-14.983297545484898,-16.69917448643265,18.358910132390402,32.51472810858135,34.398509423318345,0.0,0.0,48.357119999999995,2960.640570879524,2501.6271892303457,-644.1291245497762,0.0,0.0,0.0,5250.131037083842,5858.871021753525,15965.245614219048,-72.04648682093395,-75.35513877611582,-336.83665156136453,0.0,0.0,SUBMERGED,UUV
1781495272.5288038,-3.1695535121866,-0.8419850446052471,-7.953983661050672,4.172774181523878,-2.200385661754293,-7.428170703400877,7.257594736095174,26.445747067335056,30.485301085656364,0.0,0.0,48.357119999999995,-905.1981307435398,-303.7152820226718,-3904.1081645280206,0.0,0.0,0.0,-8056.381642894934,-9211.185386920959,-7625.196467956488,-246.62741443556146,-256.3821062770952,171.61914754901258,0.0,0.0,SUBMERGED,UUV
1781495272.9783206,-3.367915796135658,-0.8159599776250337,-7.873469703849601,-1.3469504869058961,7.7058857752993895,17.40716093130376,17.27159797397287,33.33372404943825,28.307045696328966,0.0,0.0,48.357119999999995,-9628.669378237653,-11668.735572534331,-508.53058767710553,0.0,0.0,0.0,14121.124056463554,9562.400357987672,-12324.80025636574,-45.09553692974412,-54.56728829175897,541.5804309367289,0.0,0.0,SUBMERGED,UUV
1781495273.4285276,-3.4227487124934473,-0.7370132599199772,-7.8994263994020395,10.830931914728303,-4.483640855607808,8.80437549704688,2.6640285589759305,23.848264519184927,20.975480157851525,0.0,0.0,48.357119999999995,6322.5717037208815,1441.7403606387952,-289.3767244363606,0.0,0.0,0.0,3992.467693315151,9080.006124992575,-16740.13544680544,-91.27106521478618,-50.452766300179775,213.76798010226327,0.0,0.0,SUBMERGED,UUV
1781495273.7783659,-3.116991301715689,-0.8936661667942416,-7.855793058472117,-16.863502584759463,10.731049129187262,-6.300197558824728,9.060613502384129,30.438992287010816,17.10549514976598,0.0,0.0,48.357119999999995,-3704.683976971192,-14.59217404869103,7996.701752880371,0.0,0.0,0.0,-4682.092337397089,-10220.229574557135,2883.211584605271,-504.5558668364842,-389.9209990876662,-341.06522237767064,0.0,0.0,SUBMERGED,UUV
1781495274.228385,-3.3550050610045936,-0.8257299540044772,-7.753304971004917,-8.690005639522479,16.75563390192316,-16.228102486541598,-4.738086697764398,22.504941232773827,10.655462735823606,0.0,0.0,48.357119999999995,-984.7526937085411,-12075.614256903915,6898.63293547284,0.0,0.0,0.0,11926.60588072053,11555.502600479736,3891.9215953193498,227.36885630055028,-508.69961887562215,-597.9272934835996,0.0,0.0,SUBMERGED,UUV
1781495274.678408,-3.2655377768743694,-0.7029062190733263,-7.814181720304012,5.651570360625415,10.57918806812037,1.5666504134804227,-3.0153291215580604,33.91091599401331,4.3840864151602155,0.0,0.0,48.357119999999995,12255.372295290337,2281.769467184414,5691.884057995891,0.0,0.0,0.0,-10106.02907874979,6589.459278877812,5451.204281456866,392.036905410357,472.55654179830384,-871.3708212317763,0.0,0.0,SUBMERGED,UUV
1781495275.0283897,-3.26941905752426,-0.9677834156086351,-7.954320626008011,-15.160930201046147,-1.3991425324381443,18.2065522010105,-11.040398874308766,29.725683877352097,-1.7403635229044634,0.0,0.0,48.357119999999995,-10472.037386462549,-63.39433059536835,-18495.101391641736,0.0,0.0,0.0,4590.263307896581,-9806.521717256528,9755.172732286926,-965.3989977543193,-615.8200158973722,734.0361931031129,0.0,0.0,SUBMERGED,UUV
1781495275.478396,-3.438156332742639,-0.8571642085719722,-7.933240327404418,-13.530793858945536,7.891990766462138,7.437188685662068,-3.4059112182488827,34.34714022581017,-8.451795656840742,0.0,0.0,48.357119999999995,70.76488197414915,-11299.441898969188,-10752.45816600387,0.0,0.0,0.0,9898.30563216858,7109.611736239065,240.34858294274727,417.7962176543298,-801.0885192164561,836.9879022889016,0.0,0.0,SUBMERGED,UUV
1781495275.8784082,-3.159716120838802,-0.7853212758174839,-7.913249857965304,-11.451252640930583,-13.961130182672257,-11.500743443327542,-2.5080423433958563,30.69713379640712,-13.571334724944325,0.0,0.0,48.357119999999995,3929.755205386423,4065.632481149672,-217.72455036016478,0.0,0.0,0.0,-14707.810734217916,3873.3581561712003,15165.524913537884,0.6549366377791692,-24.558019599435198,-134.13850168968918,0.0,0.0,SUBMERGED,UUV
1781495276.2783751,-3.3271757322587043,-0.9828764556220367,-7.945980148453642,-9.313103506223737,-16.38272977129313,-14.828142372520283,-4.086595497718145,28.38077646756391,-19.07673482659829,0.0,0.0,48.357119999999995,-12813.927633260751,397.2618670162017,21739.235216038098,0.0,0.0,0.0,10316.219597577929,-10705.68747061017,-15421.117612900816,-875.1891822827931,-187.44182945405302,-637.3050764648152,0.0,0.0,SUBMERGED,UUV
1781495276.7284176,-3.4028393015287404,-0.8550912384325061,-7.912003308531839,-16.609545830080105,-6.061398503643796,4.146445712597783,-11.894480261300393,21.592228962642288,-23.337770608801,0.0,0.0,48.357119999999995,3074.5872199948676,-12805.334893623456,20806.983377321063,0.0,0.0,0.0,5026.631834971458,9876.024481143262,-13179.086144122039,661.6469256965033,-1156.9470976117311,-1130.5807903127145,0.0,0.0,SUBMERGED,UUV
1781495277.1284225,-3.261888110949433,-0.8439387357625538,-8.159489904875434,-5.176925855884768,-15.853596838503728,18.6893282232471,-16.448862308868794,22.85673403575967,-27.651913526259,0.0,0.0,48.357119999999995,894.115492124678,2380.72290050311,-393.5687868204159,0.0,0.0,0.0,-12051.73621716508,5933.354055991551,-12778.84757502231,-57.974486429400436,79.6246644176274,131.84508803180535,0.0,0.0,SUBMERGED,UUV
1781495277.5283813,-3.394505526035911,-0.9626177263858853,-7.975234018826222,-2.1184938471401473,-11.173148507714766,5.608862815018074,-19.40289522951434,25.140567570788786,-31.25417866350886,0.0,0.0,48.357119999999995,-12358.622244408778,2649.993043627474,-22594.25379971947,0.0,0.0,0.0,12982.603889042603,-13474.038213551972,20288.829801218257,-765.9066303255757,163.40963592246248,606.8971641285821,0.0,0.0,SUBMERGED,UUV
1781495277.9284427,-3.3543059939196325,-0.8591823314720405,-7.909835451031996,16.607504256684805,8.810165116986106,-14.047837403731425,-21.234580782715803,28.502888903458285,-34.91207225667308,0.0,0.0,48.357119999999995,6797.206733327169,-12183.237059361592,2891.944844906571,0.0,0.0,0.0,556.4961033425925,10241.570864917747,8597.475314271616,243.0827967541638,-324.2174995342833,-1075.4629577225476,0.0,0.0,SUBMERGED,UUV
1781495278.3783805,-3.1642455262031493,-0.8544106718467039,-8.043967101856492,2.4096966617722373,-4.246561179056444,-12.645048352729328,-14.56049503419945,26.370338648485593,-34.950423762603876,0.0,0.0,48.357119999999995,57.859792670702596,1481.0407009818139,2266.61274112754,0.0,0.0,0.0,-11136.145936936437,7573.163179408794,9673.387816590588,-167.11400297405115,218.59510041471307,-156.41897160470435,0.0,0.0,SUBMERGED,UUV
1781495278.778377,-3.5066058950405212,-0.9348452053274323,-8.074507772276363,6.2800804736916485,1.151164860144473,5.798946605428413,-11.726241207767877,24.646671703911462,-35.80182723324051,0.0,0.0,48.357119999999995,-5089.221153274862,1382.8500114322817,10021.611220186602,0.0,0.0,0.0,14336.59810154591,-12427.132175497565,-22855.873122563476,-143.93604159564384,152.7606649548265,-152.76377210953052,0.0,0.0,SUBMERGED,UUV
1781495279.1783252,-3.416665844590269,-0.8746449153113511,-8.14516584599585,16.601599829982256,17.353692462042684,18.472181700508774,-9.07334312253689,21.87280644549156,-35.12106821978653,0.0,0.0,48.357119999999995,11446.430607081125,-11864.158376363173,-12388.783653474438,0.0,0.0,0.0,-7187.59522895114,10534.409426298076,2119.1801293519707,737.2156025639065,-861.1392741967626,1534.9519589006668,0.0,0.0,SUBMERGED,UUV
1781495279.5783825,-3.2089933187997977,-0.8695947501948808,-8.056691836770119,14.221098360851688,14.867349317803882,4.991129591447729,-5.728374799698102,18.301695331778276,-33.74833747856701,0.0,0.0,48.357119999999995,-3199.3814409176257,3954.1718635692346,-1615.042714651058,0.0,0.0,0.0,-4950.042722430367,3943.883239425783,17176.616329318724,88.23493055605405,-134.6235650159855,-349.3113158871438,0.0,0.0,SUBMERGED,UUV
1781495279.9784896,-3.549120415846275,-0.9288616562907542,-8.073050337413772,-1.559998585879065,-2.4470917964698042,-13.703699141572525,-4.075579889000809,17.341881976804135,-32.70955230710907,0.0,0.0,48.357119999999995,-187.79827787323316,338.57499982922496,19609.796329983335,0.0,0.0,0.0,10357.492410650015,-10612.244361777617,-11825.867540651947,294.6198453342447,-363.64918412856963,61.29959081946188,0.0,0.0,SUBMERGED,UUV
1781495280.4283307,-3.3650561702435957,-0.9092696431064935,-8.096337395170451,11.11070705357143,8.592685436840087,-12.083945522497785,-13.020675480043066,27.853677424555272,-32.1478727963172,0.0,0.0,48.357119999999995,12147.66644457116,-12707.739413875073,17829.231312624783,0.0,0.0,0.0,-12363.469628944511,9496.329237984517,-8659.36356488771,693.1309004123483,-1137.1470263081346,-1506.1785554951343,0.0,0.0,SUBMERGED,UUV
1781495280.8283904,-3.3587161046608873,-0.8162782316932127,-8.30604111090996,12.297511384899444,7.094807374837942,-0.07958918482991345,-14.177930511023224,31.189023953645684,-29.54861570691315,0.0,0.0,48.357119999999995,-6664.345384430761,2368.173654407298,-6.754331695591249,0.0,0.0,0.0,-440.67056483410533,5877.638746123888,-13965.35625527113,-27.69542608060895,-41.33610663099073,475.19589446543904,0.0,0.0,SUBMERGED,UUV
1781495281.2283735,-3.5310758933705193,-0.9151521263303379,-8.09445271825418,-7.202318479954945,-16.21284952250694,18.32522380433301,-14.563362479570118,31.544092171553114,-25.037103099587224,0.0,0.0,48.357119999999995,546.0013926194281,2646.0578318150256,-22200.265558716117,0.0,0.0,0.0,8503.751241658789,-13412.519125006966,17998.816791757097,197.33632602082795,215.422835429036,96.39145517374169,0.0,0.0,SUBMERGED,UUV
1781495281.6283321,-3.261758845252126,-0.8646182374157088,-8.181559916503609,-4.393794812799347,-15.816633549356174,8.741663415247825,-12.032789307007468,32.26378000437857,-19.213394515848893,0.0,0.0,48.357119999999995,991.9051786248806,-10797.867676206426,5286.466669303472,0.0,0.0,0.0,-12087.915758715697,13206.758250638877,5658.0390684932645,-239.2075586336404,-285.7312494198547,-317.3415496651111,0.0,0.0,SUBMERGED,UUV
1781495282.0783253,-3.306040662970248,-0.7462114968333257,-8.136521133250827,-12.810150540440045,-15.99056912920274,-16.916049119088747,-1.193803344003192,21.67469236232284,-10.511218297839969,0.0,0.0,48.357119999999995,-10826.671378617075,1411.1664865285134,969.4326194559396,0.0,0.0,0.0,5960.415653276558,7543.23177768146,11447.870998130235,-144.6262029696076,91.23644860009588,-652.2801678096994,0.0,0.0,SUBMERGED,UUV
1781495282.4283369,-3.514530136513029,-0.9550756592173513,-8.257946218319233,-13.063988861268108,0.6916123875447675,-12.532194560718908,-6.413134893532071,25.93315066189657,-5.829062329814,0.0,0.0,48.357119999999995,7479.610399718851,53.79671057678358,-10418.058123856597,0.0,0.0,0.0,-304.8206297002939,-10606.046844347253,-202.4615368558409,654.4017214103545,-397.8574169032343,528.3494840374508,0.0,0.0,SUBMERGED,UUV
1781495282.8783789,-3.34744236199504,-0.825638403369501,-8.36619534350155,-11.431087695622768,6.631416250499036,5.524331074303343,7.730831932770784,22.334862942687774,0.765346511930848,0.0,0.0,48.357119999999995,-104.38428209169528,-11756.769375340687,-8901.91599275567,0.0,0.0,0.0,-9731.113653936483,9804.643890973262,-1738.706336500103,-425.58335086667256,-678.5130395819599,810.7673552734608,0.0,0.0,SUBMERGED,UUV
1781495283.2782876,-3.4657830061593415,-0.7562762711998956,-8.125700257698233,-11.326531814629739,12.404849702620504,17.603974201665853,11.287496519394523,25.522439984510473,6.860988421026145,0.0,0.0,48.357119999999995,-3505.249851133333,6131.971217055826,-851.8271583120269,0.0,0.0,0.0,14502.850043211905,1230.8334499314487,16503.615931243367,-70.09841727283798,-111.0098455574628,-175.44999469915524,0.0,0.0,SUBMERGED,UUV
1781495283.6783066,-3.4016304456386535,-0.9392181046627867,-8.28281222186677,6.870550919568491,10.46506165023399,4.120566658835702,14.239628513576887,27.858605792817677,12.05337965310435,0.0,0.0,48.357119999999995,12726.633191001436,-9.416881975971268,20552.759738491695,0.0,0.0,0.0,-10915.962439193407,-9513.612240673527,-13072.59950566759,826.245463404759,-605.0750232616299,-642.1716671212936,0.0,0.0,SUBMERGED,UUV
1781495284.1283798,-3.3250365568444122,-0.7779859402240241,-8.316518338211218,-6.540833554147756,17.358253005379282,-18.00327304244068,5.634625588686956,29.83824493276153,17.567497682965634,0.0,0.0,48.357119999999995,-3773.3635432447263,-12797.847520128882,19063.400787286966,0.0,0.0,0.0,-4483.183370256729,11423.457687017599,-10386.077109167287,-930.7833160795808,-1010.0196977561758,-1207.799270899524,0.0,0.0,SUBMERGED,UUV
1781495284.5283418,-3.605536058011151,-0.754422421042784,-8.358009542610322,-3.9787866947669315,14.34580639350055,-9.332418743984903,4.42360184897332,27.329251323587574,21.484147049690343,0.0,0.0,48.357119999999995,-725.8281232248038,3617.870258280199,-45.23527683620694,0.0,0.0,0.0,11917.255144928597,4280.212104697475,-13965.714121344368,-10.869004445360197,6.158713147576659,177.2778028762346,0.0,0.0,SUBMERGED,UUV
1781495284.9784331,-3.4702552087543004,-0.8655797924060799,-8.41867233929517,-16.045750849795635,11.624555029832537,6.684236035515326,6.122459200338659,17.94014772566535,25.20751837556381,0.0,0.0,48.357119999999995,11100.840232651446,5986.4590037934195,3214.996230666467,0.0,0.0,0.0,-6586.175328343458,-14482.102663848447,-19256.80657284607,-130.7739769057177,76.69017627132556,144.45519994104149,0.0,0.0,SUBMERGED,UUV
1781495285.3283398,-3.3625930577306247,-0.7282488399785558,-8.284174208454624,16.809000996135687,-6.304517850595339,16.57420596516149,3.544488286183133,19.17993894847398,27.43115893240624,0.0,0.0,48.357119999999995,-7308.1847426870745,-11515.89961800256,1817.48816766603,0.0,0.0,0.0,117.35221913461783,12368.634484425258,10015.998511909878,-220.15112246075364,-116.20110529858249,-777.7512585779291,0.0,0.0,SUBMERGED,UUV
1781495285.7783527,-3.5634162210148146,-0.7455380093849128,-8.20868098151632,0.2717427915625421,7.2745075887848625,3.9304097792381065,12.994505291210213,21.347481628387357,30.72384514052673,0.0,0.0,48.357119999999995,-1113.458014603173,738.5168621548336,-123.6282909774978,0.0,0.0,0.0,12876.283880911462,8516.396376102555,15075.597177448766,-16.61089062515718,-23.500090445791916,-8.280074795877113,0.0,0.0,SUBMERGED,UUV
1781495286.1783628,-3.392912764736018,-0.8348007583775514,-8.450994434733996,16.810823256567627,-16.723153562074405,-18.8278559087536,14.715806764029999,23.522494148175007,32.41567824613598,0.0,0.0,48.357119999999995,8380.056831799397,2340.8028746455234,21215.7174068946,0.0,0.0,0.0,-13262.05217645579,-14232.649934036504,-16602.779156241817,350.40498009898886,98.8006625530907,-244.81942496887683,0.0,0.0,SUBMERGED,UUV
1781495286.578358,-3.483675612990926,-0.772589668923819,-8.51235617241309,14.987116928240688,-16.36824075909415,-8.368208852496684,18.119611886905922,25.82301422222055,33.65445299667438,0.0,0.0,48.357119999999995,-9734.782990132082,-11535.71541480873,-4864.015268325307,0.0,0.0,0.0,3989.1197649481437,8625.22976923907,-6154.69233366411,-433.7781972763023,-415.2772596140683,1272.3646259303018,0.0,0.0,SUBMERGED,UUV
1781495287.0283148,-3.6678094513800423,-0.7455381857696992,-8.453930625471074,13.967828714114754,-15.669024529771384,11.587351316491628,10.119380056773094,23.764786437239515,32.02709696411052,0.0,0.0,48.357119999999995,-16.708938739810755,224.61004907480975,-847.7787761562294,0.0,0.0,0.0,10387.817507162712,9379.211454630904,-11927.600600400725,77.07163934102897,90.28236565477746,36.485301322770646,0.0,0.0,SUBMERGED,UUV
1781495287.4283445,-3.3532677099646753,-0.8240107821159699,-8.441555014119592,12.716977700939873,-13.181919599139936,14.969093942408309,8.577344167550537,22.3526659672457,30.227463495632,0.0,0.0,48.357119999999995,9464.657291285688,9015.585432280113,-21955.996718924627,0.0,0.0,0.0,-14908.377031748414,-15041.089043409247,22077.338708632444,420.6890912095404,621.7919577870019,656.8253365514627,0.0,0.0,SUBMERGED,UUV
1781495287.8283608,-3.4295307200469303,-0.8060367842855315,-8.387561738242178,-4.694022170996833,6.45707633685093,0.232526083554914,3.6082584389032966,18.426402593553913,28.17293396839083,0.0,0.0,48.357119999999995,-12182.06807993635,-11495.026650326994,9128.50955332202,0.0,0.0,0.0,8764.698377309332,6811.007996336586,1530.3470445807864,-668.0411116859308,-659.418183319138,-1507.6082771767403,0.0,0.0,SUBMERGED,UUV
1781495288.2283225,-3.6527856363533733,-0.7511223648088637,-8.52870296566207,-8.25767797382693,12.303539502639776,-18.591498827164617,0.8904098398426683,15.780465986730878,25.422499822425216,0.0,0.0,48.357119999999995,3975.3478596725195,1920.1194478679456,3670.1007938330545,0.0,0.0,0.0,3760.151931710839,6250.890645096824,-19118.39470485929,-157.37777207005263,-98.20253766657721,233.38408849264187,0.0,0.0,SUBMERGED,UUV
1781495288.5783598,-3.323882611866873,-0.8777156298643088,-8.458713716068859,-4.021419658500972,-1.556213914451302,-10.921104048185192,7.573054813701477,22.983052020628882,22.385094838468284,0.0,0.0,48.357119999999995,-3587.6432305199305,-768.8140704132975,4532.302084549785,0.0,0.0,0.0,-4736.347071758737,-8766.564298008314,6876.8545030459145,-350.47057944099436,-299.219206767346,-421.8934386113135,0.0,0.0,SUBMERGED,UUV
1781495289.028366,-3.562735508021925,-0.7996088594262089,-8.391248641552052,-14.53601890617944,7.8999897195698425,9.429644206890737,-3.1319929904002586,18.166007071341365,18.523716105143215,0.0,0.0,48.357119999999995,-3895.4898526193015,-11483.147462548868,761.0995377264521,0.0,0.0,0.0,14116.224288618072,12687.492077800413,11871.782949181856,40.35764007156224,-41.46317332539048,-82.04752639222195,0.0,0.0,SUBMERGED,UUV
1781495289.428331,-3.544589150993318,-0.7403406282112025,-8.535397979139146,-0.8474732630385671,-12.6372076340623,16.888932911574564,-4.855175522706617,19.643807452002886,13.339691467856605,0.0,0.0,48.357119999999995,12699.074818787361,5705.530223564951,22039.59918391443,0.0,0.0,0.0,-10503.648971116587,1909.0707978058692,-21349.77329821537,547.5378115086426,622.5469112538915,-712.063717467765,0.0,0.0,SUBMERGED,UUV
1781495289.8283973,-3.461057605305749,-0.9393786994796197,-8.644192276899282,2.0813883501158545,-15.772247831063062,1.0550093433150267,-4.825179392856286,24.763216026213108,7.852553450015748,0.0,0.0,48.357119999999995,-7334.342785059318,-154.18005413699547,-8448.993956024893,0.0,0.0,0.0,102.25131493934714,-9666.26356407448,-2421.7713162195064,-553.2411082954286,-458.885543682937,557.0936718465288,0.0,0.0,SUBMERGED,UUV
1781495290.2783701,-3.6474875993270963,-0.8563460612363016,-8.608787464986177,-11.358657907171297,-7.657166049999225,-18.765972335215714,6.423350446690916,28.262193240401803,1.6778461286961839,0.0,0.0,48.357119999999995,-484.21121838415297,-11254.84536431064,-2677.476249416061,0.0,0.0,0.0,11613.072741338514,7769.521491614363,-8901.745750599312,122.4671595659181,-300.52574873701775,595.4142622001023,0.0,0.0,SUBMERGED,UUV
1781495290.67833,-3.41079971397013,-0.7655698049544613,-8.55186571537334,5.878126013061056,-13.980331129792397,-8.130358151208467,4.097791715944678,25.557567323962196,-4.078987563129847,0.0,0.0,48.357119999999995,7736.802232630655,5322.55434694053,-8343.758501167833,0.0,0.0,0.0,-15438.593242668645,2231.297320137378,21810.962750870916,136.8518190386414,-141.3500773272363,19.747237051348222,0.0,0.0,SUBMERGED,UUV
1781495291.0783718,-3.4778310714877216,-0.9907019073149753,-8.562661349203209,9.645613331054161,-11.123949339835518,12.542872422848006,2.4530475263977842,22.323406794850868,-9.885413235985702,0.0,0.0,48.357119999999995,-11305.594964100506,156.72868829879775,12405.0671612778,0.0,0.0,0.0,6113.4202618476675,-10470.969461260838,-2226.2405557966467,-758.5415470654414,-415.2444738008846,-680.9520957186706,0.0,0.0,SUBMERGED,UUV
1781495291.5283403,-3.597779574249851,-0.8813343382265328,-8.48698062711762,-5.324370160985517,-16.952764845315702,12.618813689709333,-12.073024863942715,22.85604817468789,-15.460389347566936,0.0,0.0,48.357119999999995,166.17576616130776,-10315.962627586887,5158.411476955534,0.0,0.0,0.0,9884.73638050197,4661.489077497127,6020.98231563209,261.46788712103,-493.7421373707483,-743.549908723309,0.0,0.0,SUBMERGED,UUV
1781495291.8783631,-3.418644006816722,-0.8303634032328518,-8.73542703112153,12.274306604174539,13.311603352985658,-1.1469595138119617,-4.3758471965916454,19.78216916279296,-19.166394522529167,0.0,0.0,48.357119999999995,1326.6676575612853,5631.398353811729,-18296.13645025615,0.0,0.0,0.0,-12382.25293066162,2054.52109756193,9433.963019417246,-126.1864543548302,1035.8533737985993,523.936644308156,0.0,0.0,SUBMERGED,UUV
1781495292.3283217,-3.592135717098368,-0.9878602891700793,-8.688169270856859,16.65263077099913,2.3984443787542133,-18.36183939085669,-16.527068789930095,27.301400372835165,-24.838517186226657,0.0,0.0,48.357119999999995,-12220.016964856259,2146.5182673600925,-16566.392275048584,0.0,0.0,0.0,9374.67900879787,-13011.981299407376,7320.994957837109,-905.2287459278801,-182.4407408934347,703.5776340461966,0.0,0.0,SUBMERGED,UUV
1781495292.7283401,-3.561805907469885,-0.8387016058664696,-8.555330847502553,7.814128985243482,15.941112469621423,-6.097622678468442,-18.44238970655086,31.64766992326048,-28.9615865490728,0.0,0.0,48.357119999999995,4127.39719798291,-12318.520383429825,-283.09704777954613,0.0,0.0,0.0,3822.9741921755453,11066.791993230901,15341.362471150142,-70.02928715745537,8.528210388581195,-405.28730851916936,0.0,0.0,SUBMERGED,UUV
1781495293.128338,-3.41729097867918,-0.8601949995560825,-8.7779253530496,5.972649891696776,14.87883216593716,14.50342270359825,-17.506933439345868,32.7659815853144,-32.16607261028541,0.0,0.0,48.357119999999995,41.347786316991815,4376.204945087762,21390.12161800918,0.0,0.0,0.0,-9907.623561557899,3640.8101078853356,-15209.68639731901,-357.45964477434103,960.7566005792991,-406.5966079366097,0.0,0.0,SUBMERGED,UUV
1781495293.5283718,-3.722146196585762,-0.9453203206912416,-8.729369704873138,-12.901987873499948,-2.002227460883512,14.220644444329825,-16.53691995470465,31.95294756919701,-34.17419047625708,0.0,0.0,48.357119999999995,-5275.856441551719,41.517903008020255,-3873.67294453182,0.0,0.0,0.0,14364.734873919839,-10593.618605770016,-7498.209969586219,60.79076867010762,-248.0961904905658,-86.82265436371273,0.0,0.0,SUBMERGED,UUV
1781495293.9783542,-3.6878086776053225,-0.866487580202986,-8.805902865283015,0.01560088507500379,6.479730974472644,-4.792073268868486,-2.564620470882806,22.51317975084706,-33.75552763806459,0.0,0.0,48.357119999999995,6118.717341226458,-10773.481333614442,-479.8990341456992,0.0,0.0,0.0,1184.0633373843443,6409.067047111276,-12234.466940287466,56.73704825896505,-111.7437565420662,869.158207665371,0.0,0.0,SUBMERGED,UUV
1781495294.328321,-3.41197776642644,-0.8945701020589774,-8.752350391966512,-10.073641436086813,-14.288066109781774,-18.876312846245177,-10.364257875235587,29.149860622515437,-35.077657671190636,0.0,0.0,48.357119999999995,-3153.26158924045,7095.547419435064,8648.76515460837,0.0,0.0,0.0,-5431.118232744169,370.4050105782676,2312.6075747699906,-583.8243746227052,622.5478961179783,-897.5682047665377,0.0,0.0,SUBMERGED,UUV
1781495294.7783298,-3.6769495831968144,-0.9520069637269114,-8.653346021459232,-16.351083595543123,-16.110559924543935,-5.147067306933243,-4.190268445771023,21.07652922365551,-34.743090396999705,0.0,0.0,48.357119999999995,-5581.677485828192,2194.587004103084,3209.1151756222553,0.0,0.0,0.0,14147.299018902318,-13216.692001153628,8179.543830580337,99.15629026172915,-135.0293763021658,243.2595728089185,0.0,0.0,SUBMERGED,UUV
1781495295.1783926,-3.6126412040453424,-0.8707207460951949,-8.858462943922577,-16.942585888910482,-16.535289079330603,10.780962842819473,-4.950796245037604,23.80687082944191,-34.54451349842987,0.0,0.0,48.357119999999995,12329.208268049442,-11763.430523464642,7835.39973249105,0.0,0.0,0.0,-11277.879290888715,13000.91334859671,-21924.844400607013,37.215797162200516,-145.14122750083322,-224.88957405792507,0.0,0.0,SUBMERGED,UUV
1781495295.5783432,-3.526167379824113,-0.8463371143437811,-8.927992614785158,-3.1684479461176247,-3.397218406848302,13.481946604988584,-7.864694173888569,27.973177659448623,-33.50319388733591,0.0,0.0,48.357119999999995,-5300.723220420348,5277.28833277472,-14045.578359660747,0.0,0.0,0.0,-2513.3355515080902,2593.4971300290176,3650.993677596125,-761.32267633371,859.6370397859281,964.0905687962006,0.0,0.0,SUBMERGED,UUV
1781495295.9786046,-3.708012303734037,-0.9539964395293357,-8.663313798819011,-3.560084009571092,-1.1354818777461249,1.4122045556271963,-8.020856349369893,30.42473076589558,-31.746136549124362,0.0,0.0,48.357119999999995,-15.973359813734985,527.2014749333727,-1241.5129929005443,0.0,0.0,0.0,10642.707099256017,-12160.122819957136,17339.79027730647,-90.14635799304277,78.52522303577356,53.72523262635666,0.0,0.0,SUBMERGED,UUV
1781495296.3783865,-3.536384476576046,-0.8584973542422841,-8.899558089463312,17.14918333318301,16.854234789134054,-18.840895977504243,-9.108526368507404,34.08121484517099,-28.314031394769916,0.0,0.0,48.357119999999995,4021.869396997485,-8713.34867964868,22787.517418377112,0.0,0.0,0.0,-13718.47551318428,14602.272248245443,-19849.54058805163,199.97820209661143,-518.4897176823534,-391.62936499085924,0.0,0.0,SUBMERGED,UUV
1781495296.7783055,-3.6566927687483783,-0.8035763585686246,-8.961757271645444,16.460869540018837,13.655556029630006,-6.077010177390557,-9.73074914347444,38.863850685108446,-24.67091303663211,0.0,0.0,48.357119999999995,-11662.31285956274,8142.03614022696,-2698.3683364204926,0.0,0.0,0.0,9033.983523001674,-1580.4519753586578,-8768.237974378419,-291.4888574271631,246.6648029106351,1075.8880961956297,0.0,0.0,SUBMERGED,UUV
1781495297.2285335,-3.798729359136347,-0.9172059038883263,-8.913938557049118,17.044991656290385,11.149931228031342,14.801736019122002,-3.5360345602860255,30.284477199635262,-16.95124201136782,0.0,0.0,48.357119999999995,941.2124159473931,983.4165333293923,-44.352368038597554,0.0,0.0,0.0,7931.331024791897,-12161.539832650873,-14125.48032871318,183.1491845504927,-129.41524123435033,209.69305186398034,0.0,0.0,SUBMERGED,UUV
1781495297.5783682,-3.49010679147407,-0.7711339485718589,-8.927374408789294,4.772473530120286,-7.489208346956688,14.221811168427505,-5.383633921909939,37.13877649136517,-12.264071239724784,0.0,0.0,48.357119999999995,-1149.819120196299,-2617.7159142397168,13277.591134076572,0.0,0.0,0.0,-7757.177274071657,12794.435131263515,-3292.4620822628135,-595.4641447456214,177.61254580775656,-85.03379334712307,0.0,0.0,SUBMERGED,UUV
1781495298.0283043,-3.6248346512380314,-0.7667261650133055,-8.810346109602623,1.7080951090218524,-13.49155835312433,-3.249782929750955,7.979076552638458,28.562966416353145,-4.879987275816765,0.0,0.0,48.357119999999995,-9267.816621344236,6865.2866054635915,5797.917071427071,0.0,0.0,0.0,13847.765696054568,550.0259540690822,5254.733838362818,-177.93718838350605,441.40184096582504,-706.5471611263972,0.0,0.0,SUBMERGED,UUV
1781495298.378339,-3.6671303535498563,-0.9226966972890823,-8.983373161345297,-16.419694893414743,-10.610306741918706,-18.831711796755272,2.160716444124114,32.70742575123429,1.2192752329094148,0.0,0.0,48.357119999999995,12350.733953364446,-2496.4811169600657,-18810.78045685754,0.0,0.0,0.0,-10151.92068242892,-5878.984040845101,9952.9544184679,927.2461642748572,-875.4223639586633,1037.501853220783,0.0,0.0,SUBMERGED,UUV
1781495298.8283417,-3.598815935171811,-0.7481839962840353,-9.064688432416524,-16.364686269951676,-5.371160052222389,-5.954660260441081,17.981558299755143,29.788239353974706,7.510430915359813,0.0,0.0,48.357119999999995,-1624.6057304481594,-10356.625214192325,-10781.161088674686,0.0,0.0,0.0,-7024.030873438265,13287.072924194505,301.9184827607796,-576.3641271161684,-587.1754279001927,778.9412854358131,0.0,0.0,SUBMERGED,UUV
1781495299.2284842,-3.706301686592155,-0.797631806646836,-8.817407793347746,-17.096791404605053,-1.387408356347526,15.143717165256003,21.224943247659976,31.85772217227289,14.397641539589584,0.0,0.0,48.357119999999995,-583.5003322946634,10252.444622100857,-252.54401821293172,0.0,0.0,0.0,14170.900423644294,-518.9035855617035,19595.446970166093,-145.74388264543077,-189.8948684995186,-143.88180845904822,0.0,0.0,SUBMERGED,UUV
1781495299.6283534,-3.61451539132892,-0.8947602041773075,-9.036215073694338,-6.1364780643561545,17.07926123502032,13.447454019732065,25.238297327053438,34.622774802590115,21.07954099119507,0.0,0.0,48.357119999999995,10717.799040047654,-1135.5551716017983,21533.35726869028,0.0,0.0,0.0,-13961.71460646516,-7225.773670566437,-15241.84226718695,552.4531257509659,-780.8010860410761,-542.615015679136,0.0,0.0,SUBMERGED,UUV
1781495300.028346,-3.7133012348452175,-0.6712306463609264,-9.095979732480323,-2.565129721494231,16.29500138919404,-3.762831771954615,25.33225535225558,36.37524260123334,27.608391078012875,0.0,0.0,48.357119999999995,-8118.27246940087,-5522.255639031073,-749.3581856044563,0.0,0.0,0.0,1505.7784362648376,14584.777781194713,-11776.034565969967,-144.79533347277595,73.71580510278856,314.8433396363687,0.0,0.0,SUBMERGED,UUV
1781495300.4783292,-3.8648894032640007,-0.7582657881697534,-9.039121865908285,-13.9697256017031,14.917489188196686,-17.534658097005945,13.424652644260407,29.880572575198865,29.858477228743187,0.0,0.0,48.357119999999995,-571.4471513312416,4380.027527772252,850.5686606905787,0.0,0.0,0.0,11688.815792981964,3249.421356355284,-16523.382006536904,23.89786130452731,77.21542545411302,408.1776272572799,0.0,0.0,SUBMERGED,UUV
1781495300.8283474,-3.5287416304064703,-0.8130970225411925,-9.080853660879331,16.469965895361714,-5.007451723474374,-5.433184234463493,24.07305519583575,35.46098461578005,35.91481351114413,0.0,0.0,48.357119999999995,705.2246881739362,-2988.449807114405,8376.461802673732,0.0,0.0,0.0,-11662.403210389424,-5707.755857763459,2411.289188872329,-344.8218240615621,-591.9179935746199,-251.53887862633314,0.0,0.0,SUBMERGED,UUV
1781495301.2783341,-3.6629725391068444,-0.6707247555358196,-8.9741806299304,5.772637000734951,5.663574049543794,16.60053310128844,13.721874646690164,23.160549854112055,35.84600990062851,0.0,0.0,48.357119999999995,-10650.194315240593,-7718.112868756599,2722.81648627472,0.0,0.0,0.0,5372.946714009708,14245.45558621991,8750.456521632304,-253.0796232416973,-1.9911776567539299,-524.4704639921522,0.0,0.0,SUBMERGED,UUV
1781495301.6283453,-3.8182442383314696,-0.7939685725280747,-9.087424512090646,5.565939201921911,-12.747921999777136,13.648384625978588,19.224074601714676,27.678545251706865,38.92405031212401,0.0,0.0,48.357119999999995,7044.17526814648,11915.042149017063,-14278.812347534478,0.0,0.0,0.0,411.6014009552714,-8943.124705871891,4097.437315927005,790.7486045051546,974.1007483034242,1420.0451607779696,0.0,0.0,SUBMERGED,UUV
1781495302.0783293,-3.6408631509227023,-0.773587481599173,-9.23379483350273,15.159107727873518,-16.76352803549493,-5.762253389532965,17.41423166536675,21.94325662578884,40.144704959980004,0.0,0.0,48.357119999999995,1097.0744112752498,-414.8936739766404,-7065.265480315988,0.0,0.0,0.0,-12302.68232400383,-8950.339946558059,-3827.5133211186608,-226.07926956575756,-390.07791629625996,-1.1888581953244142,0.0,0.0,SUBMERGED,UUV
1781495302.478487,-3.786113990511451,-0.7133509410963472,-8.975281262380188,-0.6377464003208713,-5.431701760661554,-18.212852488762664,20.053800375462984,22.821115903102864,42.019950990226725,0.0,0.0,48.357119999999995,-11959.798341660064,-8652.984624552348,-9155.875671918615,0.0,0.0,0.0,13378.536783197313,15575.962078686272,22564.511921576282,-99.4574770337221,-43.322147200891564,282.4999200962125,0.0,0.0,SUBMERGED,UUV
1781495302.8783784,-3.785559558583315,-0.7614752656560726,-9.04435450987842,-2.515602288198479,-0.568439653954181,-4.604347940959813,21.76405125090419,25.02007472344573,42.8118431140415,0.0,0.0,48.357119999999995,10705.701904550844,12417.047973984154,19444.61700700033,0.0,0.0,0.0,-4786.307122999465,-8252.366313481889,-10648.620218201693,935.5297973762137,1228.7013610151946,-1642.8857416294902,0.0,0.0,SUBMERGED,UUV
1781495303.2783499,-3.7079898531609454,-0.7699513185829423,-9.31031545674109,-17.054630211865057,17.174802230619523,15.127251821064087,25.220322091011035,29.160096021455516,44.29791531696351,0.0,0.0,48.357119999999995,-1307.6317430403992,-1679.4803037255692,-118.38170812891119,0.0,0.0,0.0,-7373.033426953622,-6842.699913264915,-13573.389626791348,-44.29496575628656,-8.15920540513806,247.7943036123949,0.0,0.0,SUBMERGED,UUV
1781495303.7283878,-3.91467463692891,-0.741813219825655,-9.160312476805684,-7.443530402789089,8.76378876225024,12.061699789661946,26.328657358935423,32.10305229065047,42.7869831028109,0.0,0.0,48.357119999999995,-4438.431119593737,-5682.599135256278,18.85472531273276,0.0,0.0,0.0,14261.920382377586,14552.520829130986,-14583.201244526008,-35.99971333570925,27.341216839596424,-188.44415732527605,0.0,0.0,SUBMERGED,UUV
1781495304.1283948,-3.8215964879512616,-0.7327703636618271,-9.160746181368305,-11.492818773490654,14.677760672342316,-6.732003476834113,21.415688349990216,29.346697886630825,38.67405689353483,0.0,0.0,48.357119999999995,12531.071160714191,10735.406108637311,-23038.335436167177,0.0,0.0,0.0,-8973.336447096237,-5035.954679939638,17972.672081285396,915.0737688583615,1176.3104007333397,1443.908818116985,0.0,0.0,SUBMERGED,UUV
1781495304.5283132,-3.603647629336297,-0.8253041005299466,-9.177356876009744,-14.098864220452715,9.888552732828227,-18.400439229328175,16.599484551187334,27.39097082089167,33.765593529102865,0.0,0.0,48.357119999999995,-3947.0938493045705,-955.7799944918116,1865.0831848969951,0.0,0.0,0.0,-4176.182367987881,-8350.486531305974,10142.041975893779,-197.91687068646738,-161.49287123228424,-410.8188512254494,0.0,0.0,SUBMERGED,UUV
1781495304.9783037,-3.8311362037479757,-0.7688651905437709,-9.07739466132491,-14.578008988183552,15.692547284510134,-2.6181091801950505,6.754545416058836,28.487749632556977,30.53015460470895,0.0,0.0,48.357119999999995,-3645.4557367751577,-11241.5457758907,-118.61552565151501,0.0,0.0,0.0,14470.909505016378,13397.25425736214,15043.809357121,-26.5752067910131,6.62213200268232,117.54487387765806,0.0,0.0,SUBMERGED,UUV
1781495305.3283982,-3.8017841476354857,-0.7265558435970315,-9.32948896016937,4.1112674228827135,-15.172689379807704,15.732888336088937,6.635368660752883,25.75197529792087,24.327922937238473,0.0,0.0,48.357119999999995,8410.175090476727,10075.248832555806,-5772.829874500662,0.0,0.0,0.0,-14150.233854684546,-4756.034800140384,-5111.679522908601,113.85901504277957,538.7192730323779,855.545556072994,0.0,0.0,SUBMERGED,UUV
1781495305.778442,-3.781249618411626,-0.8877932636416722,-9.368518032605413,-9.899984952341997,-3.0266279820903703,11.124963699061224,5.657994117828465,35.40387698631828,19.95538903780481,0.0,0.0,48.357119999999995,-7947.165128004586,-296.47951938119326,-4731.661168869695,0.0,0.0,0.0,1105.997334484644,-9264.130436810778,-6555.4995385291495,-376.3035775139287,-294.89754143559145,554.8050349275809,0.0,0.0,SUBMERGED,UUV
1781495306.1784089,-3.876462356623009,-0.7598623416356105,-9.140455114319007,-7.496879221221206,-10.985650582826429,-8.102254689818286,5.124895842528392,39.89445834031522,14.112055078220262,0.0,0.0,48.357119999999995,895.4746730135304,-9638.122411876155,-13299.824270128967,0.0,0.0,0.0,7973.051023833128,15467.685281730453,23275.738322457746,-204.61321521062905,-323.82391726082113,223.628425051544,0.0,0.0,SUBMERGED,UUV
1781495306.578411,-3.683769182989808,-0.7284782626242504,-9.290305015080206,11.039965115276434,-13.081176215790297,-17.57960384242603,4.532962062145447,41.43646949952365,6.666534082159929,0.0,0.0,48.357119999999995,2030.5577388610798,8806.224519468436,9498.586699703335,0.0,0.0,0.0,-12646.210484924375,-1979.5614844889787,1084.9826765794592,-286.4159764436688,756.3633487331816,-596.0136872943459,0.0,0.0,SUBMERGED,UUV
1781495306.9785068,-3.9170712916841945,-0.9172369832504008,-9.35385768761652,11.922980177548315,-8.03614183670331,-2.4653750816817013,2.6258959306732095,39.48335799613193,-0.19572669041672944,0.0,0.0,48.357119999999995,-10025.970043123709,-1179.5585081810884,620.7130963534648,0.0,0.0,0.0,14197.67261339536,-7456.2294169734205,-16245.923606115657,-26.710160031234864,104.36343066706877,30.171030666092584,0.0,0.0,SUBMERGED,UUV
1781495307.378404,-3.885435572409812,-0.7345446830273215,-9.303385628236745,13.23592969558029,12.196653198208883,17.33409136003459,1.837989331998037,36.21766864137594,-6.493523910691362,0.0,0.0,48.357119999999995,8992.476351218964,-5091.896034148105,-21086.175142933076,0.0,0.0,0.0,-2281.219282648383,14300.657618895064,13736.431716044077,958.4018305171701,-419.27002862110874,807.4000050511788,0.0,0.0,SUBMERGED,UUV
1781495307.778354,-3.670041501017454,-0.8302602537407893,-9.318830415265134,10.969057079271668,15.407185377893143,10.577667532933617,0.10712966227762205,33.513112773634795,-12.107948930313515,0.0,0.0,48.357119999999995,-836.9248522245186,11361.984278011621,405.96229214836706,0.0,0.0,0.0,-8430.834537362687,-7166.097012933613,12577.449708075303,-107.06628270378997,73.44313828312103,-642.0859034466976,0.0,0.0,SUBMERGED,UUV
1781495308.2283688,-3.8842313155762698,-0.9375715286269434,-9.212759090584925,8.207255113423018,16.97758075980054,-8.265238386552463,-9.721815110371752,28.313954383165253,-17.638571191859338,0.0,0.0,48.357119999999995,-5929.816543571863,-402.7788848320689,110.67855714923374,0.0,0.0,0.0,14626.439699953204,-9267.795722660354,13710.974783852758,12.369376570625755,-23.566350715650376,77.11875553819908,0.0,0.0,SUBMERGED,UUV
1781495308.6284053,-3.85268123424058,-0.7601287875008631,-9.407164704365352,6.9597920909367526,15.426858014386895,-16.481925982585555,-13.241793151580856,28.901354725859658,-20.861142819131715,0.0,0.0,48.357119999999995,12554.702528168104,-3473.043996485163,19576.435672896958,0.0,0.0,0.0,-11243.363868662154,13650.984731989894,-23500.29895200779,432.9846144881265,-151.7456774044103,-401.05751935237123,0.0,0.0,SUBMERGED,UUV
1781495309.0284157,-3.842582976916298,-0.8623238429226477,-9.517160295765358,-12.16790870652792,-0.7794382430953133,-2.1970240304564475,-17.579311390076647,33.21853780943791,-25.36226134935616,0.0,0.0,48.357119999999995,-4679.27960923486,11198.88319823341,-6143.0942109311445,0.0,0.0,0.0,-3272.8149513362946,-7285.344476942202,-4877.081520634616,-455.4421935198527,512.6490185356125,1090.4123706358835,0.0,0.0,SUBMERGED,UUV
1781495309.4283512,-3.9265626443861206,-0.8955619383928601,-9.235213402522904,-14.780442210273215,-6.439811443022632,18.219634604507974,-20.16584261527499,34.48153165880354,-28.74071171981459,0.0,0.0,48.357119999999995,452.7139325357874,-4465.116517824334,-2111.8692953406844,0.0,0.0,0.0,8900.114678004982,-3320.3570010373815,17890.915981677048,-117.93717271876537,133.98585794016265,-251.03544979530588,0.0,0.0,SUBMERGED,UUV
1781495309.8293748,-3.767207205973639,-0.7733394480109884,-9.431206730170635,-13.253713532605516,-5.82626061961457,13.771691429998274,-21.02446018338958,35.06623930487483,-29.919569128368767,0.0,0.0,48.357119999999995,7689.29485760891,-1649.2562142554812,12481.441989651232,0.0,0.0,0.0,-14203.08023268657,12253.934811137044,-2505.624776200162,243.84664982120484,356.4922020687857,-67.08242577695626,0.0,0.0,SUBMERGED,UUV
1781495310.2783742,-3.7715130464553726,-0.8505274932106713,-9.411487764701317,-16.96416501043761,-15.815179369475196,-10.207826499139344,-9.08517799034384,30.235307974829063,-28.947275441133463,0.0,0.0,48.357119999999995,-8230.860780282366,10872.269012866846,10731.679899992203,0.0,0.0,0.0,1120.8145261873333,-5371.658127711854,-73.69994677803334,-766.5626552430507,748.9073466178467,-1409.3338826574143,0.0,0.0,SUBMERGED,UUV
1781495310.6784124,-4.06929734125873,-0.8841017966489341,-9.484544932832026,-16.53866359450381,-16.80856835536794,-15.865113648607117,-6.8980371109436796,27.29540174292911,-28.13689119765055,0.0,0.0,48.357119999999995,1706.8192898384361,-2883.584151328469,66.20466548793338,0.0,0.0,0.0,6766.445488485726,-5165.5564734320415,-14597.46888209553,-33.342993918410585,3.4227150257974106,311.65459349698307,0.0,0.0,SUBMERGED,UUV
1781495311.078376,-3.782543718040473,-0.7941927076519971,-9.52554577967231,-3.646657925886109,-3.6235162475312133,-1.7149326411011636,-4.0104729130172965,24.616303676891114,-26.87502062066236,0.0,0.0,48.357119999999995,1872.8186615264954,-1923.5534750703503,-22016.200699897177,0.0,0.0,0.0,-12885.599057038118,12905.680296596604,17255.738696156637,74.56556170411113,-137.48534623723697,57.818151975847485,0.0,0.0,SUBMERGED,UUV
1781495311.4783587,-3.944127309466642,-0.8654133483281606,-9.374745719729352,-2.213433987786573,-0.2927213280056774,17.676735886074955,-3.163766636027245,24.547064109663154,-25.50058101586785,0.0,0.0,48.357119999999995,-7939.871474424642,9883.055132896274,5219.259439447931,0.0,0.0,0.0,14135.045500728478,-13705.681517471836,5773.559443890699,-37.89209590314804,193.8239187389842,-316.7831474204505,0.0,0.0,SUBMERGED,UUV
1781495311.9283502,-3.9650289418314575,-0.9213335496128554,-9.345831175662486,-13.272491369038708,-9.53185376860375,7.827589565448875,-10.525409895734368,34.8373733136376,-24.436373414738345,0.0,0.0,48.357119999999995,4726.9933106425215,-1757.9986770090625,1033.084175614291,0.0,0.0,0.0,3150.4629822648244,-7070.981368424902,11373.54344733206,130.49835506246117,-135.91010004607097,-488.5661792001671,0.0,0.0,SUBMERGED,UUV
1781495312.2783327,-3.8357847560721146,-0.7426128336162859,-9.635565564967724,16.626594858737654,15.894359591030588,-8.17563815750398,-0.37268064839040715,28.104297604175844,-19.528406182586604,0.0,0.0,48.357119999999995,-2294.4380604553703,41.18590059342901,-10798.188832983375,0.0,0.0,0.0,-6140.6191494887125,10063.93339281424,215.41104109917683,-554.5011266047649,519.705965602076,260.82736783897997,0.0,0.0,SUBMERGED,UUV
1781495312.7283316,-4.058638226887304,-0.8024707457287783,-9.537805653952551,4.239150727890163,15.460427726637285,-15.680109588641265,-10.268096846111675,36.997629018669926,-15.048689018195756,0.0,0.0,48.357119999999995,-3430.1413308677893,11730.472782916017,-9611.865801382608,0.0,0.0,0.0,13703.69911844642,-10773.635185630375,-816.0238041613519,47.17127222598858,679.2214153679257,719.9643892716982,0.0,0.0,SUBMERGED,UUV
1781495313.1283514,-3.886108036088249,-0.9116453254196105,-9.488292364686908,16.296827471794167,7.61284908056402,-1.124612770901452,-8.62012087584084,37.91518479341911,-9.302757335492666,0.0,0.0,48.357119999999995,12284.907375129585,-4307.254085082876,-4583.580675444943,0.0,0.0,0.0,-11744.069970019147,-3474.6473970255447,19844.257743488626,50.35698239223957,148.12799210160227,-58.844996779629014,0.0,0.0,SUBMERGED,UUV
1781495313.5283513,-3.832315716045417,-0.6794143984057255,-9.590066337263583,16.81536533761819,4.624229337344592,18.41322506755086,-5.977292609875576,34.416581250958124,-2.0226538876505327,0.0,0.0,48.357119999999995,-6475.2578162168575,-319.21577671525534,15684.021694007397,0.0,0.0,0.0,-1323.7652824100546,10645.01259680617,-6034.362938133273,-846.9032811726594,411.40040465928087,-480.8720799628696,0.0,0.0,SUBMERGED,UUV
1781495313.9283686,-4.092985916214877,-0.8230107692483026,-9.615168827076786,3.216785694542592,-15.732776968183295,9.544138706695971,-1.604245860447876,29.509443759271434,3.947545717269414,0.0,0.0,48.357119999999995,53.855365308016275,11703.068435696,799.7346195951347,0.0,0.0,0.0,9846.346902602896,-12306.429503761607,-16633.646873265156,-117.42921847107363,-20.851733110473017,111.73829545582653,0.0,0.0,SUBMERGED,UUV
1781495314.3283129,-3.8986725171207097,-0.8534812871704411,-9.669205191297877,-0.2056489638155865,-17.011075404857337,-10.21396964928206,2.0241422586472937,27.23736170429384,9.812353095283344,0.0,0.0,48.357119999999995,7214.524552391694,-5288.365888668538,-20908.317414339755,0.0,0.0,0.0,-14572.453178075739,-2442.3506732822902,13458.74636171135,471.5159600560944,-1058.770333237812,780.5543034608279,0.0,0.0,SUBMERGED,UUV
1781495314.7783313,-3.9468720363069942,-0.6562775261473591,-9.665069417701469,14.870446297091883,-8.153248016226504,-17.34036360872124,16.585569818206302,30.094964158152326,16.279151489567298,0.0,0.0,48.357119999999995,-9589.835710637557,-3066.3813424666196,-19419.66491684854,0.0,0.0,0.0,3144.851299392696,13527.631852646322,11101.377131495994,-1019.2208150248044,-49.22097637005814,717.9617300317017,0.0,0.0,SUBMERGED,UUV
1781495315.1783168,-4.004661849079481,-0.8018729353137697,-9.498359666159113,-4.250648771480741,-11.1124676313801,0.8209704821387572,18.963736452531595,31.565714307586724,21.537189594036267,0.0,0.0,48.357119999999995,1202.5597008919874,12247.691468906005,78.49944672041397,0.0,0.0,0.0,7777.327733130156,-9943.566875271606,13765.076460597702,-11.158608353881917,28.150441305171743,-512.0703001567936,0.0,0.0,SUBMERGED,UUV
1781495315.6285634,-3.8225763595632647,-0.8281321136895075,-9.63931941459063,9.036365829868299,-17.398626922129598,18.409553059042178,10.825225211703644,32.46252943295865,26.165595419695748,0.0,0.0,48.357119999999995,9738.774028589496,-12.78784979250081,-2896.8230683651923,0.0,0.0,0.0,-15012.713034113334,-10396.633959962383,18946.83185344309,68.94696500061866,129.0051980313282,127.40483932364315,0.0,0.0,SUBMERGED,UUV
1781495315.9783835,-4.097898345273434,-0.6598917167548711,-9.696842202847838,-15.060031397644252,12.133762059423127,7.929712716089114,20.743629368996448,34.63386628336771,31.31146821902829,0.0,0.0,48.357119999999995,-10813.249299759129,-216.12857846726098,-5686.951753906016,0.0,0.0,0.0,12950.849037284963,11187.466070408747,-5307.078430550964,-320.74769288727924,327.794014369187,395.3339509735462,0.0,0.0,SUBMERGED,UUV
1781495316.428405,-4.109906558439709,-0.7796550426788879,-9.74185737230267,-14.364527158237465,2.149663371500207,-14.704805816844235,7.5484728877288525,25.10152534729597,31.940263741649165,0.0,0.0,48.357119999999995,5065.349335888361,11498.26849141985,-4807.265998390495,0.0,0.0,0.0,2763.7421786212367,-8774.0903319078,-6351.411023039465,342.7030982123719,462.7329678020766,1079.2707660927592,0.0,0.0,SUBMERGED,UUV
1781495316.7786252,-3.8687785348614545,-0.7451380500308267,-9.73625728295634,2.01876424364709,7.146397183133919,-15.726389296694192,17.62032915328399,30.262566713466907,35.45933379092134,0.0,0.0,48.357119999999995,-939.5493557109801,-6266.371270813188,11386.955668700917,0.0,0.0,0.0,-8245.140226785457,-1589.8081872416087,-734.3801946234294,-623.2388449695932,-771.0835312665496,-721.4768109416952,0.0,0.0,SUBMERGED,UUV
1781495317.22839,-4.096200841212231,-0.6651538279562553,-9.620873360727892,-9.035586209351951,14.377118505564523,2.121597557280001,7.309083556726026,20.42763594525841,35.73645805422385,0.0,0.0,48.357119999999995,-7239.802924954411,-804.9320476636572,10403.05131770232,0.0,0.0,0.0,14141.708099836253,11567.545220390974,-81.78578348515998,-139.03199276159629,320.70357885812143,-34.09435600427305,0.0,0.0,SUBMERGED,UUV
1781495317.6284099,-4.074775351603884,-0.7684323577754506,-9.80428985090028,9.085623447619621,-1.475234624986562,18.69839883694643,8.965226141280246,18.332979889781175,36.326797997150315,0.0,0.0,48.357119999999995,10237.14407120756,12144.115921340222,4159.824301136336,0.0,0.0,0.0,-4803.716228499948,-11779.464135611892,-19802.585241075907,-199.11592165665343,57.59488769497895,218.066295028949,0.0,0.0,SUBMERGED,UUV
1781495318.0284014,-3.927443171753891,-0.7545419678307367,-9.859390024105451,10.59121305285393,-6.222483918580625,7.215523895297528,10.80485753449352,20.10715336956474,36.85066999324743,0.0,0.0,48.357119999999995,-2321.3119947807204,-4565.778532098158,-17058.999110517878,0.0,0.0,0.0,-6092.693462731001,-3379.831690552978,7433.057398179155,-743.1700244367855,-977.0682711748158,743.4250328423486,0.0,0.0,SUBMERGED,UUV
1781495318.4283607,-4.142330590889483,-0.6942931763291238,-9.607534421921526,13.66733660566495,-15.028594340631612,-11.29933411668371,12.97774558057868,23.13389612857296,37.64136270100277,0.0,0.0,48.357119999999995,-153.88374048715744,-3.065379470669994,888.4113628773127,0.0,0.0,0.0,11384.788825171032,10879.643360546164,11857.25081977452,84.09436360354924,95.36383193819641,31.158952645665593,0.0,0.0,SUBMERGED,UUV
1781495318.8283997,-3.990004207003783,-0.7490243829937805,-9.832949562114111,11.553615917828596,-11.26930632620954,-15.16887713137551,14.012334052965567,25.551057962313298,36.17841607935929,0.0,0.0,48.357119999999995,9124.200651679079,9812.206826890872,22084.748827840063,0.0,0.0,0.0,-14370.206994986343,-14426.278352980957,-22176.41001800832,390.8806056004173,511.6146466901062,-576.9541976282288,0.0,0.0,SUBMERGED,UUV
1781495319.228397,-4.035489240008644,-0.7821341099109973,-9.931885925883753,-4.81228047789364,7.927318134659433,-0.39861373960283086,16.102820246838814,28.741728371567227,34.921476470395966,0.0,0.0,48.357119999999995,-9378.981678964796,-6959.063088149657,-4552.277319743675,0.0,0.0,0.0,3398.678158372393,-218.25638547898234,-6632.632368843477,-408.79385905348136,-365.0930464949301,1051.125095022634,0.0,0.0,SUBMERGED,UUV
1781495319.6784184,-4.230608098590084,-0.7050680229146865,-9.832213573705895,8.695502918679354,-3.8521580314620487,18.44403148429834,15.324870580347177,27.87249101793813,29.76912982712284,0.0,0.0,48.357119999999995,607.3804578226211,-202.7216375462395,-3813.092542275998,0.0,0.0,0.0,8575.02770502912,11073.772487764581,-7702.372934114847,239.73051169197737,200.36391152832036,49.46074668884104,0.0,0.0,SUBMERGED,UUV
1781495320.128424,-4.0727181217051145,-0.7172492175761348,-9.955779189238859,16.589541040767326,-11.919398873309863,5.05936615520599,-0.46073228359879836,21.322082107942382,24.32125288774511,0.0,0.0,48.357119999999995,10515.620165867891,10166.556295611954,-452.644296488053,0.0,0.0,0.0,-13487.396271144244,-5081.509428213272,-12324.13061237431,-13.718301153427767,122.48797796673293,616.2599322552206,0.0,0.0,SUBMERGED,UUV
1781495320.4783437,-3.9837072308576014,-0.8449514219989024,-9.7987093759702,-12.88467726074795,17.004582296783394,-12.495845737567825,5.610706054368597,22.75586853306929,19.095723911761258,0.0,0.0,48.357119999999995,-12226.114548044854,-6198.27985885074,8541.90062627603,0.0,0.0,0.0,9678.710932617252,-1534.4351960045265,2289.412061558153,-611.5061041308629,-567.318997553804,-1207.5526305480516,0.0,0.0,SUBMERGED,UUV
1781495320.9283283,-4.159934082009926,-0.6753630846240315,-9.761781993243806,3.403401994014999,12.2622041118726,-13.300291297733661,-3.673094534397061,25.800468730874524,13.911058824042556,0.0,0.0,48.357119999999995,3384.8710858151844,-811.330275642438,7730.176110614231,0.0,0.0,0.0,5066.941277816038,11859.805983267233,3145.4732399798595,511.03505577132347,365.3948877751576,-221.19355435346733,0.0,0.0,SUBMERGED,UUV
1781495321.2783897,-3.964996013886242,-0.83029528691624,-9.967454833295351,-11.37122015625474,-2.574357229674913,0.43063660658470776,-3.3899243068915186,22.001419841250765,7.825543179561274,0.0,0.0,48.357119999999995,-1172.6926307772471,8232.517077079647,-20362.638803024158,0.0,0.0,0.0,-7546.180066281057,-14520.46255302047,12993.36118041648,-594.9647483608973,627.107813713552,517.0851738446898,0.0,0.0,SUBMERGED,UUV
1781495321.7286794,-4.133560591408456,-0.8946710109448223,-9.953938543152951,-16.50122848105364,8.603437789746112,18.532821810799483,-3.9036282840841503,33.5190593877811,1.0552043768657453,0.0,0.0,48.357119999999995,-10196.59438773243,-3988.0932108518905,-12976.96976675127,0.0,0.0,0.0,13636.926784196472,-4180.774462326528,2704.585043775439,-538.7250004629927,-791.2581297464815,893.2294998821965,0.0,0.0,SUBMERGED,UUV
1781495322.1283476,-4.032951297945759,-0.6720385638155784,-9.850145713774547,-16.621146570507324,2.8425348705275555,5.113079446405872,-4.716199649468275,33.231738976347245,-4.6573231166902795,0.0,0.0,48.357119999999995,11895.718215748875,-122.19524513188559,48.88011986545927,0.0,0.0,0.0,-8388.230558789162,11440.635957721806,13954.282415950096,13.210171951597701,8.098351970608402,-368.4087475130439,0.0,0.0,SUBMERGED,UUV
1781495322.528336,-3.9961164900374846,-0.8591201431527129,-9.995735515128525,-6.506721469298505,-17.173062141458974,-14.38853129682559,-4.375328668231203,32.785289334815296,-11.13491276725863,0.0,0.0,48.357119999999995,-4033.943524851463,11106.88030345654,22502.626594437446,0.0,0.0,0.0,-3919.066319672135,-13970.900871317743,-17747.59911161631,-647.5437817370733,743.632293403908,-771.5811736680481,0.0,0.0,SUBMERGED,UUV
1781495322.9283657,-4.24272184877068,-0.8611976855737925,-10.006331580886451,-4.967780134374742,-16.12337507795742,-12.962666037641098,-3.4298668306687827,30.197931969290817,-16.117352704210642,0.0,0.0,48.357119999999995,-385.99992232413564,-6027.060022178277,-1681.285607410317,0.0,0.0,0.0,11447.54102338561,-1320.7924284179255,-10371.570909238906,88.71793928361846,-198.06425203678094,357.26345480778593,0.0,0.0,SUBMERGED,UUV
1781495323.378346,-4.083141279819988,-0.732250254213156,-10.100737633673026,-1.6609119505973804,-13.926695007791505,4.690932513471763,-5.315586985164808,19.220795877962033,-20.82139983640969,0.0,0.0,48.357119999999995,11653.206649113004,-590.3574114075725,-1057.212158361438,0.0,0.0,0.0,-10987.39130701607,11719.33424342627,-11336.603944350994,110.4910993184189,56.364969975313706,364.7641986516093,0.0,0.0,SUBMERGED,UUV
1781495323.7783332,-4.036774190007772,-0.8734302253308802,-10.020038696078455,-0.37684140827925194,-12.321861349877482,18.023176094973554,-9.176034617027852,18.8255853122057,-24.54805841711504,0.0,0.0,48.357119999999995,-6703.127499460627,12866.565978335328,-21829.695632007843,0.0,0.0,0.0,-590.3732829986443,-12383.997893227875,22020.276469706692,-609.0243244218976,773.8114528346989,908.4221698984506,0.0,0.0,SUBMERGED,UUV
1781495324.1787548,-4.1999819259932,-0.8729737896505392,-9.87117685215837,-1.2732124485667844,-10.3699526842673,7.750836940698609,-12.9141909709335,22.092715799038942,-28.403015685345032,0.0,0.0,48.357119999999995,128.49280749913567,-4819.593586013014,4227.491692724107,0.0,0.0,0.0,10005.169894724386,-3166.095124549453,7201.174017722989,234.34554039326574,-385.75703997021,-443.5029415786439,0.0,0.0,SUBMERGED,UUV
1781495324.578366,-4.034019022131375,-0.7909449096139037,-10.17897038864152,17.092576223314186,14.545636963689567,-16.579819241163282,-15.24885256240944,23.32061668790809,-31.156177763270023,0.0,0.0,48.357119999999995,3135.9972778264646,51.39339435605438,5142.211424361173,0.0,0.0,0.0,-13571.438771963038,9663.205945972488,-20561.022649473918,81.40298284657358,-88.3237516847279,-56.88410002793859,0.0,0.0,SUBMERGED,UUV
1781495324.9783156,-4.169634927222676,-0.8880523853991769,-10.098517084097011,16.8242773090641,14.649893555040427,-15.396541453969451,-17.9971652330102,25.512010392513606,-33.305267262003284,0.0,0.0,48.357119999999995,-12164.87620778142,9317.547447610152,-15442.108653564306,0.0,0.0,0.0,9550.792638651328,-14045.011553352593,5878.4155092361025,-881.7590391936543,600.4749006678646,1228.488744213293,0.0,0.0,SUBMERGED,UUV
1781495325.4283102,-4.299247297765846,-0.8733614230524008,-10.087054710173096,14.417585564700754,16.70769590551013,6.275563537666635,-12.299204086452752,26.494496215765874,-33.855901621238914,0.0,0.0,48.357119999999995,1107.166970437099,-3213.3333314891893,-8431.296099332974,0.0,0.0,0.0,7789.586878546005,-5102.4504697668135,-2579.4123714110183,448.57378969215,-556.6841447418417,481.8679151474879,0.0,0.0,SUBMERGED,UUV
1781495325.828377,-3.9460547302840037,-0.8000582790140297,-10.074910089402392,13.912665508340039,15.677887265593242,17.525868914483976,-10.645781136499988,23.788353617176274,-32.73770917059357,0.0,0.0,48.357119999999995,1220.0037916362921,-226.11155158352702,-964.1116483925987,0.0,0.0,0.0,-13017.298591733128,11546.87559104615,16933.19609946969,57.115195433384585,-73.9103596141046,98.2642827098349,0.0,0.0,SUBMERGED,UUV
1781495326.228301,-4.160822615321244,-0.8564116908382982,-10.065939706923086,-3.070029661441147,-2.213004418626925,4.319235128876186,-7.015700889785808,20.313106777078698,-31.825941738172123,0.0,0.0,48.357119999999995,-11756.845128452373,11279.752829260708,20489.93974940395,0.0,0.0,0.0,13332.532173216141,-13709.545983932263,-12716.72325649014,-757.6429205767288,797.5941775157881,-1141.2590155245714,0.0,0.0,SUBMERGED,UUV
1781495326.6283886,-4.241593565620055,-0.8523983469666538,-10.205951190275858,-6.865415420276358,-8.472355954146279,-16.398417120102142,-4.0505870305160006,18.43145208292157,-29.914847644714243,0.0,0.0,48.357119999999995,7266.397941889194,-6236.854933561822,-612.1388147491315,0.0,0.0,0.0,-377.0667829451918,-949.7299554551605,-11942.476221031025,70.31726801549353,-129.64327682311242,753.2807786842766,0.0,0.0,SUBMERGED,UUV
1781495327.078351,-4.0506397025984064,-0.7805433459351928,-10.298921859224578,7.44784314629156,4.197820850012333,-10.151315029893688,-5.722257304715853,23.48563616924062,-28.574385341786762,0.0,0.0,48.357119999999995,-36.78878647734882,-634.0594127554183,-182.17025853133575,0.0,0.0,0.0,-9949.210632119364,11793.17442432436,-13518.583629560722,-24.443187449788986,23.660157875300538,-45.280842328944104,0.0,0.0,SUBMERGED,UUV
1781495327.4784222,-4.237184496803201,-0.8316302672314564,-10.087945697325884,-10.112472908303005,-15.854481977506119,7.206262644492347,-6.454061224846464,24.695660497458483,-25.59895004499611,0.0,0.0,48.357119999999995,-3581.672577691371,10961.959813684962,-18309.522043112767,0.0,0.0,0.0,14182.97378061815,-14887.697690378312,23725.502696781055,-338.3090170615337,449.8850685539403,483.78924580494845,0.0,0.0,SUBMERGED,UUV
1781495327.8786116,-4.1431294651287836,-0.8905743736554692,-10.089959864629627,-12.817215085256887,-17.282696919009297,17.221246412123172,-8.247854059887729,28.34283117142886,-21.27534381360055,0.0,0.0,48.357119999999995,12195.197569403394,-7655.248845957266,6994.303855498403,0.0,0.0,0.0,-10788.4580078542,443.3688093949777,3927.425609767525,419.0093622968964,-624.9941378059758,-1207.672376671077,0.0,0.0,SUBMERGED,UUV
1781495328.328372,-4.001106864007889,-0.7165406131137638,-10.184708270066077,-13.602582375138311,-14.698977884118628,2.2557396593341528,-8.29322762762208,25.319544292242927,-14.139579319532809,0.0,0.0,48.357119999999995,-3832.046840650446,-207.73560636948258,5960.330667643109,0.0,0.0,0.0,-4473.779976293008,11139.788322002223,5123.080213447451,-406.33853699317376,285.75216757946095,-277.57811414267616,0.0,0.0,SUBMERGED,UUV
1781495328.6783562,-4.280434705872588,-0.85664333985665,-10.19225285816618,-12.195044979991794,3.4025249590754165,-16.981977395222508,-7.991421421194763,30.51716994294736,-10.511543319439216,0.0,0.0,48.357119999999995,1625.1532567099189,6291.2458125118565,-19160.694492107526,0.0,0.0,0.0,6990.420379328215,-14442.021596454393,10849.40644631051,610.748358984758,470.75472978410744,425.0389331212427,0.0,0.0,SUBMERGED,UUV
1781495329.1295764,-4.114030122806834,-0.8584206984690718,-10.312661783111922,-14.68782542415295,-10.797159305278264,-13.062986958191185,0.4659277487513921,18.9994053833443,-2.6621753774823436,0.0,0.0,48.357119999999995,9363.393143226584,-5202.731970713404,-11275.106288748435,0.0,0.0,0.0,-13866.603925040337,-2676.041596976654,796.7773593081904,417.5708673463223,-745.9092121290754,869.1518479260155,0.0,0.0,SUBMERGED,UUV
1781495329.5283875,-4.129725002304238,-0.6592633877648015,-10.159667650688423,-7.787583652663007,12.618479459348547,8.81866582385994,3.9134992019256027,18.243418912147398,3.2431956293569413,0.0,0.0,48.357119999999995,-11982.383703337968,109.73088323443463,-155.66698355013787,0.0,0.0,0.0,9227.49263570561,10028.879844248044,15152.444872462047,21.377115990135454,-26.362865737871317,-287.6260154773808,0.0,0.0,SUBMERGED,UUV
1781495329.9283097,-4.244683806929957,-0.8316703270412732,-10.229667524642126,-10.316186495531474,14.514722868168894,18.50183791933907,7.878943221357663,19.69422142568177,8.067908483411134,0.0,0.0,48.357119999999995,4772.38733930188,9152.346406203586,22028.310381948002,0.0,0.0,0.0,3103.53548960581,-14495.55786793469,-15680.835484629415,773.928445140439,613.8423223173695,-730.2871497718852,0.0,0.0,SUBMERGED,UUV
1781495330.3284519,-4.104468414180983,-0.7662823272502286,-10.432922207033599,12.034346726978907,5.81228653554436,1.867178957827074,11.742663796948793,21.139700883810644,13.304317296497477,0.0,0.0,48.357119999999995,-329.87994203549084,-10213.155030032789,-4233.874281880604,0.0,0.0,0.0,-9089.015482765728,5051.74884880856,-7038.985494014564,-280.88911404778605,-408.0668319615259,713.4439422342894,0.0,0.0,SUBMERGED,UUV
1781495330.778358,-4.2775731993835935,-0.6537681723984674,-10.374321472767262,-1.2790462706840047,15.093569116137335,-18.686122978448815,9.777183331339542,29.219639916325416,19.024559266035475,0.0,0.0,48.357119999999995,-11660.017042646674,-172.98185278710793,-422.97658286014604,0.0,0.0,0.0,12072.15636864978,10996.462557590272,-12732.701332374345,-41.35628514275401,53.09192322894407,231.25200790616387,0.0,0.0,SUBMERGED,UUV
1781495331.1283946,-4.149792478952544,-0.8567301636763103,-10.26535964183371,9.837633179053242,-16.49605331733482,-10.059233425024786,15.776878431845859,26.248676037136903,22.175401577980708,0.0,0.0,48.357119999999995,11536.109191161178,3426.737337010192,8956.532911814571,0.0,0.0,0.0,-6843.636511832596,-13397.212950853344,1628.062450635357,648.3260985587489,-236.3852931498068,-592.4096566733382,0.0,0.0,SUBMERGED,UUV
1781495331.5783806,-4.013430999738892,-0.7661149518293607,-10.309089132726195,17.095414734918187,-8.77350942269446,12.05855308077926,4.830542597218405,23.137703347665266,24.868396796520113,0.0,0.0,48.357119999999995,-207.3465461049641,-5764.873713230349,2993.2544653244167,0.0,0.0,0.0,-9906.354638229917,-1935.4819345164792,8633.404870404613,-501.1762571866122,-598.8757322058125,-861.251745120534,0.0,0.0,SUBMERGED,UUV
1781495331.9783583,-4.3694778948066855,-0.6975736780915327,-10.406871305564373,6.593999542973846,-14.469744992924953,16.147316152497105,4.523352644179765,20.502886144598754,27.160478837818417,0.0,0.0,48.357119999999995,-753.955141006253,1575.5127855283888,1388.9537470770133,0.0,0.0,0.0,11924.97707272513,6808.445845203691,-17394.43252502366,-80.0671375337437,-103.13515467394957,54.37993994660407,0.0,0.0,SUBMERGED,UUV
1781495332.3783972,-4.146268812791451,-0.8022190936121225,-10.428586266603098,2.7270748478440536,-9.589865024218183,0.3938307895167813,2.39225272269359,18.513404344330304,29.02426977438816,0.0,0.0,48.357119999999995,11449.47415579147,3982.132476876679,-19716.46562150495,0.0,0.0,0.0,-13172.62779705364,-13912.68369608731,11811.640297210939,723.5741292571167,283.8207181561327,661.9514755666098,0.0,0.0,SUBMERGED,UUV
1781495332.7783582,-4.108940424099334,-0.6978940283471428,-10.319689513796474,-16.340069927386832,10.683424160733889,-18.384240231628024,1.9498968378883164,14.286392104988357,30.12785064115629,0.0,0.0,48.357119999999995,-7584.629043394142,-11950.982743324359,175.44439009470108,0.0,0.0,0.0,601.0633970509962,9006.344240114098,13152.332468667908,-83.30058499825017,-8.0433471379611,-842.156036738294,0.0,0.0,SUBMERGED,UUV
1781495333.2283745,-4.33533729107182,-0.6877781845222684,-10.25723761300391,-1.5759957751332716,-2.658825521063503,-7.85851275294754,10.827435423761987,19.113756780120557,31.58558657083983,0.0,0.0,48.357119999999995,-6.169738910499094,765.6923747734796,22.7127994552592,0.0,0.0,0.0,10681.275511872971,8517.117676054691,14205.80405535955,8.232274673631583,7.248766238957092,-88.39021032217285,0.0,0.0,SUBMERGED,UUV
1781495333.6283329,-4.138777486414072,-0.766110138837614,-10.459087393233006,-5.166476806122557,2.800558548876503,12.639044476902333,12.23685428204803,21.9269261425083,31.379034069440355,0.0,0.0,48.357119999999995,7978.831006762264,5750.435448894694,22793.664051647505,0.0,0.0,0.0,-14484.65096001744,-14266.683821936496,-18282.91522059804,415.6168041172705,319.28956516302395,-392.866279964835,0.0,0.0,SUBMERGED,UUV
1781495334.0283635,-4.219551454791164,-0.7540879612954862,-10.570890069237983,-16.670967254937857,16.853219836930037,15.57736267254063,15.157077844855818,25.18195781035741,30.821975367065612,0.0,0.0,48.357119999999995,-10066.100277744106,-9964.63955197885,-2059.336671650119,0.0,0.0,0.0,4719.1666743966,4628.225518379792,-9553.327838925943,-261.5279070260184,-208.92870656071682,1095.0053300283196,0.0,0.0,SUBMERGED,UUV
1781495334.4286542,-4.347175030734064,-0.6805808143137738,-10.36085453029839,-15.549224614081709,14.023221436091553,0.15280496279343514,14.624660397372141,25.561500629971473,28.986586224462705,0.0,0.0,48.357119999999995,2576.050026647807,1242.183115241737,-17298.50533904981,0.0,0.0,0.0,5624.866051095003,7362.181152475494,22679.895272306174,-19.885772564816342,0.7607006075911986,-7.048776832224692,0.0,0.0,SUBMERGED,UUV
1781495334.8783286,-4.118329556364296,-0.771254311552737,-10.49711200202571,-9.368297954976637,14.33797292256597,-17.792382561447425,4.8829623338751365,17.592052893923398,23.18009323356156,0.0,0.0,48.357119999999995,3978.923603953598,8940.356989526146,-20417.858654834443,0.0,0.0,0.0,-14236.126982761523,-15145.400693061802,22953.54777899764,207.01796744857364,536.3092724908895,432.9515405530288,0.0,0.0,SUBMERGED,UUV
1781495335.27834,-4.17541780151402,-0.7997947519788823,-10.415047852660464,-12.032155611014563,6.773931090120431,-7.480723518752031,-0.6017279956537671,15.253539874254193,19.66893123064335,0.0,0.0,48.357119999999995,-12178.045393692231,-8880.210259466841,5193.712337987401,0.0,0.0,0.0,10361.66585741264,2305.669905570889,5876.999750640444,-428.515987422848,-415.7915009835417,-1215.0720596300132,0.0,0.0,SUBMERGED,UUV
1781495335.6783485,-4.362039228148993,-0.6814563307866534,-10.5720424225165,-11.213761055663207,3.1343569458883707,12.275077199890362,-2.9698481235640246,12.026261855672084,15.366463059501472,0.0,0.0,48.357119999999995,5590.754551224433,549.7569763032252,10019.820094421517,0.0,0.0,0.0,1819.2954488800185,8193.692535659264,-22113.21857376147,-143.3753063252438,-61.77740120010765,117.4223963710256,0.0,0.0,SUBMERGED,UUV
1781495336.0783331,-4.134658216239436,-0.8275898881400502,-10.63038421441269,4.443760873210781,-16.75674470823701,15.265422408164167,-6.05336207156889,14.699685447826873,10.331326267672765,0.0,0.0,48.357119999999995,-184.6847225053308,7235.861084156528,-10839.823288108233,0.0,0.0,0.0,-9469.73365285931,-14302.96542547026,522.2342346870414,-494.3586752261064,281.7924562003315,276.1519580969876,0.0,0.0,SUBMERGED,UUV
1781495336.478374,-4.276843559037951,-0.8145967932645032,-10.45220032927216,7.709271657459847,-16.7969057643004,-1.5238741971225724,-7.9280209740410825,18.218384886717036,5.017943054304402,0.0,0.0,48.357119999999995,-6634.928327282449,-10471.222133830743,-3993.469943696907,0.0,0.0,0.0,15362.897473714087,4963.8549310532435,19849.774649699917,-151.8973181282872,175.1120640079293,-91.74181019984943,0.0,0.0,SUBMERGED,UUV
1781495336.8783383,-4.226399494346736,-0.6785148890653372,-10.572313383274652,16.04966771468304,-1.3680557389553036,-18.563595590109443,-8.893486399052621,20.452441555715847,-0.7678744639007267,0.0,0.0,48.357119999999995,12493.450266465952,2993.165503091537,21784.583663415444,0.0,0.0,0.0,-12013.655765477492,5081.240298026878,-15404.856626693154,713.0778634850296,945.161373032554,-859.631685556471,0.0,0.0,SUBMERGED,UUV
1781495337.278374,-4.213895849697774,-0.9044800539533147,-10.708653955980829,14.096046461460173,2.9851828688824877,-7.538246484753866,-8.551840325724969,23.592754415899616,-6.754394073732199,0.0,0.0,48.357119999999995,-5864.9996114588075,2581.820322192226,-856.1618623193608,0.0,0.0,0.0,-1595.4912497030566,-13550.526014178657,-11649.416477384915,-125.48772170758357,-72.03854232116896,229.1120399272263,0.0,0.0,SUBMERGED,UUV
1781495337.7283752,-4.393620531029585,-0.8266211385873548,-10.674047044200098,13.16624084195505,9.628986250117597,13.571946080358192,3.230356171424176,21.230010785106565,-12.62532190319353,0.0,0.0,48.357119999999995,-172.8011146767896,-9135.372612730105,-410.0104868537093,0.0,0.0,0.0,10950.179561690285,3247.1824804952857,-12591.30871366355,19.762832163255812,-81.6133645150262,454.0895334516571,0.0,0.0,SUBMERGED,UUV
1781495338.1283348,-4.16083324338271,-0.7149798821828482,-10.644592783877568,11.745013388148433,13.982550786966607,13.665797788310565,1.4412727576868798,18.504889547265684,-17.44139351116212,0.0,0.0,48.357119999999995,10453.070970128105,843.6650304833149,-22140.634498853065,0.0,0.0,0.0,-14515.18674400118,7965.644888255698,20189.409170647228,563.2417320160572,261.57571815357653,422.9178432126633,0.0,0.0,SUBMERGED,UUV
1781495338.5283303,-4.20274273982474,-0.9396061414515985,-10.572331273394713,-6.4234433815572185,8.66180443713945,-1.607923318319608,0.6884457328498864,13.611464393222054,-22.246449369740454,0.0,0.0,48.357119999999995,-9086.326262211636,4870.724681429247,2747.455053341991,0.0,0.0,0.0,2681.8171877571217,-14113.0147454443,8726.287667014192,-251.64341183134906,-62.18930409669389,-390.0492840145,0.0,0.0,SUBMERGED,UUV
1781495338.928337,-4.385157229570158,-0.8152993391014945,-10.679096520956152,-10.158987881311724,6.013479868315212,-18.57017364719248,-1.7581164318769829,11.117210133442446,-25.866562722680996,0.0,0.0,48.357119999999995,1304.6512503189406,-11377.578903805555,17229.008923428766,0.0,0.0,0.0,7006.470891746911,6109.395076027522,-23231.52517300201,-95.07411892223622,-442.6243925967238,-329.3257279295533,0.0,0.0,SUBMERGED,UUV
1781495339.329014,-4.140676177846114,-0.7873447379721314,-10.801479485123632,-7.48164003417867,4.86221018214322,-10.05273652421534,-4.784983382401601,11.96226340848802,-29.06663760280314,0.0,0.0,48.357119999999995,2613.0953723391744,1188.8387779846164,-6865.893592767896,0.0,0.0,0.0,-13349.9387357774,7652.013431807343,-4044.7090292209714,-303.80773492395565,749.9376746581556,300.2139888116919,0.0,0.0,SUBMERGED,UUV
1781495339.7783449,-4.307008124558753,-0.9083959780709773,-10.78302559461843,-14.029703343812038,-4.191895282110103,15.482059951002627,-15.44884191255015,20.758106325975923,-33.137405589598906,0.0,0.0,48.357119999999995,-11075.864497521243,8772.186348089097,-5781.028015101919,0.0,0.0,0.0,6726.568228396289,-14113.103392403787,-5094.002898278617,-500.1361249598327,138.59268287854067,870.7821173643218,0.0,0.0,SUBMERGED,UUV
1781495340.1783628,-4.353386937006631,-0.8277864135973787,-10.60969585254104,-16.05373552703296,-7.9418421389487825,12.734066636439675,-15.998788385119443,22.323625081646288,-34.73022130506378,0.0,0.0,48.357119999999995,2930.0295299957465,-9505.35360157663,-9661.87069451045,0.0,0.0,0.0,5194.078663603586,3274.053192739029,22146.546044001767,-180.7849888715389,37.682986445661435,-132.63285020888898,0.0,0.0,SUBMERGED,UUV
1781495340.578662,-4.096833325486985,-0.8113178481686103,-10.74458242599922,-8.038592188814516,-13.258159774656875,-2.74277651299463,-12.989692131183999,22.52835475684312,-35.34302885683142,0.0,0.0,48.357119999999995,422.6385723539049,616.1569068808968,11654.13415272146,0.0,0.0,0.0,-11077.361988688526,8653.654859890872,-1430.0054665356367,-391.80997947803365,644.045503355022,-66.53692841553556,0.0,0.0,SUBMERGED,UUV
1781495341.0283875,-4.273441407111495,-0.8795730189063876,-10.682045538583806,-16.870005842075614,-16.884011638863374,-17.923671369300575,-1.6935275603972142,11.032301049464744,-33.98037227257482,0.0,0.0,48.357119999999995,-12421.94243881885,10505.133779006495,10131.39532121252,0.0,0.0,0.0,10630.192245868744,-13542.079112813562,305.00092814435334,-625.8439210505799,470.52731988716357,-1165.2749429528242,0.0,0.0,SUBMERGED,UUV
1781495341.4283938,-4.416050820329381,-0.8497726981061916,-10.849817109343446,-15.236928316842507,-15.964740977076676,-3.78477175896205,2.4299971261157656,7.795597539459556,-33.462759065077215,0.0,0.0,48.357119999999995,4941.344439415094,-6466.918282149274,2905.1922904828816,0.0,0.0,0.0,2598.9813342123266,-630.33289148536,-18436.026732835402,-161.70857985434156,116.86433374047134,393.92334493141493,0.0,0.0,SUBMERGED,UUV
1781495341.7783911,-4.121894815516149,-0.8123227436854248,-10.732129275144304,14.631967568166129,14.358069766172385,14.763305091880568,-5.176163612550209,14.896858639117294,-32.11266991735836,0.0,0.0,48.357119999999995,-4462.457967885632,4632.840508418965,5362.50363141379,0.0,0.0,0.0,-3674.2245836325637,3467.1187868741163,5897.35750836211,-432.93294622170185,404.16452913694496,-764.0317997811426,0.0,0.0,SUBMERGED,UUV
1781495342.2283945,-4.396214525630088,-0.8749018245113208,-10.698791112796412,-0.4153320307033142,1.6046873041192988,12.35034080265623,1.3826449537969454,10.47862322875016,-30.645481588287222,0.0,0.0,48.357119999999995,-3170.1888036488876,5019.9484148821875,1174.7550700765069,0.0,0.0,0.0,13798.527668556097,-14457.19517092529,11105.569683406415,86.77279664729198,-51.56119441041063,266.05421858030525,0.0,0.0,SUBMERGED,UUV
1781495342.6283941,-4.321973123892452,-0.8628471477916727,-10.837180926289784,16.638132329550867,16.592242369711002,-3.4883107604258154,0.16350498468217833,12.1977749591621,-27.88355194295979,0.0,0.0,48.357119999999995,12646.924594624124,-11833.002360504588,21655.102534339243,0.0,0.0,0.0,-10880.026630135182,6604.295761734779,-22431.524599916884,472.5266923330199,-875.2674957771916,-986.9374610223599,0.0,0.0,SUBMERGED,UUV
1781495343.0284343,-4.2103400865919856,-0.7507191231500645,-10.948041652658098,17.069990885760514,14.318256282026038,-18.428406202913017,-1.9488002927116315,16.84636257746053,-24.358752140925674,0.0,0.0,48.357119999999995,-7511.762408014607,3053.267825764884,-9969.382554447942,0.0,0.0,0.0,325.63593894607493,5304.196538016839,-869.10280431736,-630.6041867059092,617.8354686581521,868.0582200644706,0.0,0.0,SUBMERGED,UUV
1781495343.478392,-4.4315061337665504,-0.8440926135913563,-10.90716564431822,2.4744316453015935,14.101925151802469,-7.421530415258321,-9.480371395866328,20.128940229052766,-19.60659163297446,0.0,0.0,48.357119999999995,-368.68271370916614,8659.693916209835,-3898.132259694879,0.0,0.0,0.0,11436.161142213,-14153.28446077973,-7392.989466010233,138.95364458200078,92.66432461216516,103.79895764251974,0.0,0.0,SUBMERGED,UUV
1781495343.8783395,-4.242455021410493,-0.8644882800891558,-10.846836105422366,16.464462141891207,6.543737822436277,16.157806255182912,-8.82221595735645,16.842431196997783,-13.808134828377975,0.0,0.0,48.357119999999995,10770.745581720286,-9399.076943340508,-15069.975959556052,0.0,0.0,0.0,-14775.619081260687,3168.0078382918473,23628.243925557526,286.97643534510166,-194.38206258829484,389.2621914278414,0.0,0.0,SUBMERGED,UUV
1781495344.2783449,-4.1949498250644055,-0.6856758733819573,-10.84106905344128,14.674820653115594,2.812106250887757,11.24216197748451,-3.8947938497294103,13.556298136594728,-7.745760852165316,0.0,0.0,48.357119999999995,-9348.15507148058,457.122394640196,8490.553185895558,0.0,0.0,0.0,2918.2805230641475,9134.51943154394,2339.1425066290235,-603.6252519711541,430.7421284454821,-716.2237144521976,0.0,0.0,SUBMERGED,UUV
1781495344.6783686,-4.4120118818478,-0.8430380405348508,-10.9723720702615,-0.5049293604445935,-16.646790291629696,-5.364430640526926,-2.172365862459422,11.722346297096008,-2.20097623746152,0.0,0.0,48.357119999999995,1429.6657600347985,7513.05730452424,6356.112472451538,0.0,0.0,0.0,6921.565709477987,-14564.231513717794,-21153.93221897354,-162.47720236620492,104.94925207623245,-41.38942416934647,0.0,0.0,SUBMERGED,UUV
1781495345.0783236,-4.188927921270557,-0.8333225771990997,-11.027489116915625,-2.428161397035993,-16.265387302917095,-17.653991739766667,2.9910480388065714,10.82496891309797,3.157624699928648,0.0,0.0,48.357119999999995,2158.9079652494106,-8529.946375315692,-14142.336817381927,0.0,0.0,0.0,-12992.793510506912,1689.4846304150283,4164.736497093122,-150.03359491002337,-947.9208374280718,666.6596795645818,0.0,0.0,SUBMERGED,UUV
1781495345.5283463,-4.309613075764442,-0.6463014797820043,-11.014264062064457,-4.193555501133419,-12.950287960458331,-2.969094968043853,9.581500148168368,18.970009460028024,8.936000855310922,0.0,0.0,48.357119999999995,-11810.16355055017,-31.804195078814214,-12509.314103512152,0.0,0.0,0.0,8193.157977191926,10517.063694693767,2345.2387324503597,-748.8186041275577,563.6494192513311,704.7325871571377,0.0,0.0,SUBMERGED,UUV
1781495345.9284432,-4.343796715477167,-0.8313417173568605,-10.864167782201047,-7.942763134430042,-10.474264852618102,17.782456551596592,9.81226703688044,22.042999395724994,13.95719715358288,0.0,0.0,48.357119999999995,3671.841209871882,10878.758378115715,-2186.5801195674044,0.0,0.0,0.0,4361.198977400371,-14428.573439224425,18133.01518828593,-152.951852056282,66.57512517380516,-46.73401947354891,0.0,0.0,SUBMERGED,UUV
1781495346.3283458,-4.141957071330323,-0.804773865060887,-11.012617857144717,-15.30431072957143,9.308462269504375,11.03166979801627,7.644228978406143,22.732255775270616,17.973743350332743,0.0,0.0,48.357119999999995,95.40133166592446,-7491.667569120669,18432.03405322882,0.0,0.0,0.0,-10178.919816221563,-158.49065946373912,-9621.587977950267,-492.94453612658833,-1135.4441978505135,-679.5386889919711,0.0,0.0,SUBMERGED,UUV
1781495346.7283494,-4.438328510227064,-0.671317752816788,-11.07235598749115,-14.293362816620299,15.314318183166698,-8.074120607370384,5.063069535193716,19.710029324156444,21.62743253359566,0.0,0.0,48.357119999999995,-5404.6512140207205,452.4464408273883,-1451.0054473414934,0.0,0.0,0.0,14509.646309172484,8914.624633959002,-10798.761162489254,48.721590466226075,130.0180891461398,-32.2537034014951,0.0,0.0,SUBMERGED,UUV
1781495347.178395,-4.3822372161689005,-0.7985664427487076,-11.117371596970889,-15.747732089692674,3.459370713020759,-15.613540858327418,-1.6341072559301277,8.234691470443776,24.701170719406424,0.0,0.0,48.357119999999995,5946.156773696284,11827.828497196931,190.86807949914459,0.0,0.0,0.0,1353.8521056255884,-11415.137344332807,-15027.156933954953,-85.93837739896851,12.649365280191741,507.95854821761554,0.0,0.0,SUBMERGED,UUV
1781495347.528339,-4.151067478032288,-0.7292836525008862,-10.98172035500974,5.242428666102086,4.086107547154078,-2.465195262795573,-0.01938541646689125,14.394409460360503,26.62293107088463,0.0,0.0,48.357119999999995,-2790.7159503718567,-9492.67536033519,4872.698037735828,0.0,0.0,0.0,-5828.078026121597,3294.6036788838305,6351.1039763460085,-403.4401772175266,-432.68495898287904,-910.684014497801,0.0,0.0,SUBMERGED,UUV
1781495347.978352,-4.415948987674805,-0.6709651811453524,-10.952863594073232,-7.720483628611658,14.719410497873115,18.426189961043864,2.685763599234506,7.38474157847389,29.37933539676595,0.0,0.0,48.357119999999995,-5737.985973607211,-593.3774890137958,883.2120903281325,0.0,0.0,0.0,14396.358519495057,12366.673299616927,11746.716321820422,47.357110537454346,82.08057143313124,200.11541112868485,0.0,0.0,SUBMERGED,UUV
1781495348.3283346,-4.2639220175976025,-0.8019000932073673,-11.155867964232009,14.636526890454356,-16.88904482046947,10.970498763822013,-2.1084768779413565,7.914109348148067,29.411135723185083,0.0,0.0,48.357119999999995,11463.256043491185,6074.153245153296,-10446.26206165182,0.0,0.0,0.0,-12119.811925530215,-14270.007308855464,172.35139854254498,527.190818821976,202.38107800665966,699.6805660239072,0.0,0.0,SUBMERGED,UUV
1781495348.7783642,-4.203946941945938,-0.7554621723833378,-11.234475126291251,14.70047604732404,-10.93545558962553,-10.225898355844238,7.1886740166078384,13.45302026901225,30.98803319507618,0.0,0.0,48.357119999999995,-2321.8591538063315,-4690.604352176879,-4123.485763146298,0.0,0.0,0.0,-6158.275089638201,-3205.227386803027,-7306.333301357008,-312.7010151993557,-336.31921980183836,589.041317898168,0.0,0.0,SUBMERGED,UUV
1781495349.1783702,-4.445915624920662,-0.6894760026397512,-10.991612320830816,11.475666348881507,-13.185513456918548,-17.219108180587472,8.652880681092885,14.03337960719175,30.5467140628669,0.0,0.0,48.357119999999995,-76.95282537429588,82.2632322890958,-4689.288777699733,0.0,0.0,0.0,10815.46621185607,9922.973015221301,20146.87184030365,-137.36868929723434,-144.29429615568418,-1.2114544261348907,0.0,0.0,SUBMERGED,UUV
1781495349.5783346,-4.234758842757859,-0.758744290178461,-11.104642687228349,8.435224320221344,-8.651386637059067,-2.1935412218927595,8.750032285634946,15.693386949379487,29.212213037385002,0.0,0.0,48.357119999999995,8360.281113959572,8048.059805003261,15931.737920449006,0.0,0.0,0.0,-14230.6045251635,-14294.194969513966,-6531.411557268098,356.5490960610471,417.9895617746096,-542.6475147474557,0.0,0.0,SUBMERGED,UUV
1781495349.978347,-4.283973490034441,-0.7734602848192567,-11.272184696919306,-9.57689777244884,11.30033234452598,17.56198113299442,12.355953875788352,19.159564795997877,27.930966622278962,0.0,0.0,48.357119999999995,-9701.453298520944,-8365.954802164511,344.0821872767575,0.0,0.0,0.0,4014.3780385277714,1973.5144751364824,-15229.812587282404,10.240089216695871,106.54081288717217,716.3209669533069,0.0,0.0,SUBMERGED,UUV
1781495350.428321,-4.47837391232505,-0.6897977001010996,-11.249464272584094,5.199233863444525,-1.7662658817447279,9.34098089330992,0.7796460749886975,9.833244327384232,23.407222550996984,0.0,0.0,48.357119999999995,473.22459806504634,-83.17883636623769,896.6342829149514,0.0,0.0,0.0,8659.940342905813,10612.861624713803,-16808.939134368225,-65.87104150165325,-56.31834559368408,33.36338205260353,0.0,0.0,SUBMERGED,UUV
1781495350.7783422,-4.151537486471321,-0.812357543399546,-11.149869438468498,-13.471812448971862,7.826418856418941,-5.19863707072998,8.93115875797316,16.150186566564685,20.947214758894205,0.0,0.0,48.357119999999995,76.19190888099166,2439.907829361442,3952.6103101709127,0.0,0.0,0.0,-11033.631899754051,-13221.832029156405,7328.190788034371,-200.56449356732452,-174.48772704649846,153.70452197780472,0.0,0.0,SUBMERGED,UUV
1781495351.228324,-4.276543176896233,-0.8275552164156824,-11.104420689829459,-15.651367414606973,15.9285030095537,-16.70801942670671,-5.372484043920962,8.719443038848262,16.172878830784775,0.0,0.0,48.357119999999995,-12104.920459363078,-6628.3102579475135,433.719850920852,0.0,0.0,0.0,10522.400570153584,-639.8081573430895,12453.491128272766,-81.04563846382291,-41.93068526444403,-712.8837045836685,0.0,0.0,SUBMERGED,UUV
1781495351.6283436,-4.408408486552052,-0.6734895538637975,-11.27945025066781,-16.203229125559712,12.793504699118383,-1.3415147182540943,-7.3094728430639,9.673323059566535,11.937164903224984,0.0,0.0,48.357119999999995,8311.532320874225,925.5445360550909,15649.25936274546,0.0,0.0,0.0,1918.9068633725046,9106.48993806442,-20519.856693473543,444.25165378386333,269.85041562819464,-230.29477968863932,0.0,0.0,SUBMERGED,UUV
1781495352.0283403,-4.215012668401547,-0.8589489763496677,-11.349749124172057,-8.942314671500702,-5.322003066568544,17.604725832498048,-7.943065013825022,12.956805446726264,6.403154389988236,0.0,0.0,48.357119999999995,-944.6171944365805,6009.161421251873,-7516.798137438056,0.0,0.0,0.0,-8004.877740819864,-14353.562686167785,-3303.149554479182,-442.4990996220067,10.154895751703691,152.45837110882334,0.0,0.0,SUBMERGED,UUV
1781495352.4783666,-4.398654121292278,-0.8781675512330711,-11.3532314438994,-16.787111795799404,5.446595749922793,8.115120863540577,0.7821078914350043,23.183800681420085,0.6555238767249686,0.0,0.0,48.357119999999995,-10158.410662554932,-4101.310334823643,-2067.351367039412,0.0,0.0,0.0,13651.140101397477,-3859.5898964611933,-9775.24144277973,-101.00434216678389,-184.03185757947048,503.6817075507636,0.0,0.0,SUBMERGED,UUV
1781495352.828408,-4.295360655717025,-0.6748390824054966,-11.239339428741662,12.29209797392719,-12.323307515196891,-8.153044126661797,-7.698941978451696,21.91662364082265,-4.428178317910956,0.0,0.0,48.357119999999995,12536.24338320757,1327.4624801018879,12600.553207744064,0.0,0.0,0.0,-10372.797552670116,7703.915118681323,-2271.750455153038,686.9371188576295,794.9286155932987,-916.0880427311668,0.0,0.0,SUBMERGED,UUV
1781495353.2783465,-4.1752347016586056,-0.8459755741771434,-11.273862176703481,-3.4021626253673363,-16.781327497521303,-15.438770258606068,1.3604469769466698,20.495355886732305,-10.447754646757906,0.0,0.0,48.357119999999995,-1260.9287827652201,11692.542389371709,5456.253032011492,0.0,0.0,0.0,-7915.092597979919,-12195.682211694162,5659.218049735056,-378.812364200976,384.09830264604705,-740.7910060463123,0.0,0.0,SUBMERGED,UUV
1781495353.678404,-4.467901851493093,-0.8506472746894636,-11.388397203318547,0.1375879158955211,-14.983413198889961,1.0895604221546478,3.4348866692906026,17.825834700258888,-15.177564509798975,0.0,0.0,48.357119999999995,-912.7342139371643,-7292.6601569458135,3389.0565891178862,0.0,0.0,0.0,12080.799535368285,448.32832177806677,-19182.2889002432,-127.16023973498037,165.3963358966274,185.9894761423721,0.0,0.0,SUBMERGED,UUV
1781495354.0783923,-4.277094548098958,-0.7186910156206442,-11.414254033725173,17.012382085114613,0.6312107823126136,18.637126062919684,0.13088950729129675,16.75530113288065,-19.83563133548484,0.0,0.0,48.357119999999995,11345.813385611727,176.62553017067785,-16854.02193505478,0.0,0.0,0.0,-12943.604000997555,9456.042793204564,7693.854247021693,709.9443571208406,557.0142622259502,615.6086431304007,0.0,0.0,SUBMERGED,UUV
1781495354.4784234,-4.292421098065918,-0.9454049604657597,-11.29291402194538,16.688036688294456,5.44114226395119,7.522588673525659,-1.1157258077803598,14.9291508121356,-24.06041385327688,0.0,0.0,48.357119999999995,-10140.073268487462,4521.861032997043,862.8678864866667,0.0,0.0,0.0,4535.4685522419,-14349.202204095895,11549.10792311147,-113.72755955770437,-36.009940517349655,-346.7705974322031,0.0,0.0,SUBMERGED,UUV
1781495354.9283955,-4.43787337531422,-0.8664509228935966,-11.24100220496167,16.395835875939287,12.867194192770963,-13.597898138027448,-15.02693306092109,20.87340397616845,-28.71911378750555,0.0,0.0,48.357119999999995,-59.288350988389055,-5046.9944013526065,-694.967586481773,0.0,0.0,0.0,10905.675111518656,-2622.393295790386,16200.12986941429,-70.6232908379886,86.69466534291907,-248.0599578585311,0.0,0.0,SUBMERGED,UUV
1781495355.2783654,-4.2410246942533245,-0.7923957294212647,-11.549250459358205,2.2689608037562006,11.633204642886124,-15.194825157260826,-7.907429727520021,16.22576909264037,-30.335256663870357,0.0,0.0,48.357119999999995,1675.1349141631845,1280.6224567250972,-3702.9401072911814,0.0,0.0,0.0,-12861.020662421688,7541.360850443039,-7759.465809714146,-151.82978814368118,286.1182570642106,61.81899364236868,0.0,0.0,SUBMERGED,UUV
1781495355.7284162,-4.37986492505327,-0.9040997430974659,-11.540331458101157,14.580793909645429,15.948591054231613,-1.9428666387063318,-16.09121306053213,28.133785261595197,-34.86190796363676,0.0,0.0,48.357119999999995,-9233.50729860167,10971.685616731127,-381.54068689177376,0.0,0.0,0.0,3257.7544923189603,-13215.257356886788,-12553.36907451185,-129.9368855773457,-27.725405206141996,598.4331048404904,0.0,0.0,SUBMERGED,UUV
1781495356.1784303,-4.539219937223714,-0.8533757590374367,-11.50627328175901,14.402923257325618,17.390474266926773,18.4782033899537,-4.42620466435743,20.4235728881979,-34.26170217632908,0.0,0.0,48.357119999999995,260.5035759837133,-3224.8203845580374,-145.16928266094723,0.0,0.0,0.0,9284.836405529142,-4791.128034447176,-13507.824204989207,9.6953740125427,-37.544366794742984,260.41756253787617,0.0,0.0,SUBMERGED,UUV
1781495356.5283964,-4.183359922080283,-0.8171622283338956,-11.474897734498592,-2.1435869744199985,3.611796313052474,10.532018586745284,-11.976769771926847,28.06852938203493,-36.20089165006184,0.0,0.0,48.357119999999995,290.9793600139025,702.5172388484607,7501.680389502747,0.0,0.0,0.0,-11146.92534888725,8862.454441793052,3357.904845781543,-337.9868569353182,470.6379371586016,-74.07955045835001,0.0,0.0,SUBMERGED,UUV
1781495356.9784048,-4.323524763728996,-0.8954192884083015,-11.41092709044352,-7.258845856541816,-2.2680775312625086,-8.589008891233997,-1.36728316648292,17.683427322218755,-35.39208769333408,0.0,0.0,48.357119999999995,-11423.89618673621,11731.954577986646,2225.8742572938827,0.0,0.0,0.0,7062.160731185249,-11990.669698688076,9429.746352262116,-262.5592402811425,155.16224385812242,-1001.8372880568363,0.0,0.0,SUBMERGED,UUV
1781495357.328358,-4.4859055968831125,-0.8413785785213542,-11.542442171509174,-15.924865525434656,-16.697807805248658,-17.568296524166662,-6.062959731421058,22.899071778982485,-34.75170676532288,0.0,0.0,48.357119999999995,7947.535895895119,-9500.031228241185,-13664.712855627417,0.0,0.0,0.0,-834.4931186183858,3229.167159379557,3244.732317569073,787.7807718636734,-941.1533270855936,1360.2190375782786,0.0,0.0,SUBMERGED,UUV
1781495357.7785094,-4.251850278753549,-0.7958314335332348,-11.631121778811485,-13.824398514015561,-14.123307935356209,-3.129324489545864,-0.5362649091139008,18.796895186784614,-33.70385230086589,0.0,0.0,48.357119999999995,507.9803758014563,-339.98690856157316,-6654.363059308051,0.0,0.0,0.0,-11620.876070259972,11396.279592651274,-4223.291496347121,-266.0622992730282,297.08584074875733,-121.10232331693476,0.0,0.0,SUBMERGED,UUV
1781495358.228396,-4.431168186674902,-0.8115406237096534,-11.632014932560443,-14.50133416909213,-15.814861363686546,18.783191160725558,-12.495596168762786,31.12031692433457,-32.62132794565742,0.0,0.0,48.357119999999995,-11774.10501485425,11456.885452535476,-5701.361697654024,0.0,0.0,0.0,10383.141883940596,-8244.556538970231,-5190.999651753533,-449.7992526920869,467.84368746507414,1324.40707893862,0.0,0.0,SUBMERGED,UUV
1781495358.5784018,-4.445747853221247,-0.8855388947274428,-11.50239480370834,2.4055155284000653,6.377815353225605,11.71817541900133,-2.0165668549916798,24.73111181666515,-29.274862835463917,0.0,0.0,48.357119999999995,11720.36533529579,-9409.929878848598,19183.617419029106,0.0,0.0,0.0,-6802.87288072563,2505.9420589135148,-10183.647879110245,902.5357444007119,-1277.9261446389828,-1565.6431885737861,0.0,0.0,SUBMERGED,UUV
1781495358.9783976,-4.3337200801832125,-0.7349352567224168,-11.724429229359925,6.843797821863522,13.31857688558647,-7.537282815887107,-4.18150901602555,28.914518387922165,-25.40777368560436,0.0,0.0,48.357119999999995,-4452.483948139974,1250.5295270500217,-1967.3097913890865,0.0,0.0,0.0,-3417.1531919377567,7616.045037129478,-10007.758248568398,-202.10704626133642,153.2753268913168,435.6572591010354,0.0,0.0,SUBMERGED,UUV
1781495359.4785953,-4.3988654479509375,-0.7763498653501871,-11.515292718382765,-16.745766807068964,-12.794902393057978,-14.99626640683435,4.049429391732418,22.88103828399024,-18.61744561764635,0.0,0.0,48.357119999999995,-9139.638704498759,11383.289902730912,10148.026745234682,0.0,0.0,0.0,14013.471966988578,-6461.568581672442,369.7743602447929,-353.06706739043227,725.086066113153,-1094.7579695905024,0.0,0.0,SUBMERGED,UUV
1781495359.8784232,-4.480260135361474,-0.866448519439158,-11.724129557162351,-16.27285472777791,-8.958956128806083,1.210835019597082,7.524151188207912,20.782664998499165,-13.418551712892327,0.0,0.0,48.357119999999995,11405.537543495919,-3658.549799313605,184.9841606869124,0.0,0.0,0.0,-7753.681839555801,-4168.187605400584,-14927.938647215778,-58.68230490426306,-8.32712650871661,581.302490286498,0.0,0.0,SUBMERGED,UUV
1781495360.2783926,-4.314638589562386,-0.6881443369677088,-11.675389078746536,-4.634776216075959,11.488240772803332,18.632189532010276,11.429929940030465,22.34713698757257,-7.477924676582278,0.0,0.0,48.357119999999995,-4530.829511054401,-1299.986275506482,-21786.825226085588,0.0,0.0,0.0,-3346.3798348267487,12369.645567814112,15611.753844847095,-872.474819119355,38.04029686159333,372.2479895599333,0.0,0.0,SUBMERGED,UUV
1781495360.678401,-4.479808509457534,-0.8161118502357386,-11.524207268218252,-2.7043798156125485,14.64559892011479,7.336351388600705,14.072363907623277,26.88399779590307,-1.2724415897704957,0.0,0.0,48.357119999999995,-140.69210491901404,11861.678965983452,697.3194342142236,0.0,0.0,0.0,11384.084868701366,-12172.657219876068,12099.967304478405,56.818169635962995,59.602591593479914,-260.20413387662364,0.0,0.0,SUBMERGED,UUV
1781495361.0783978,-4.37966155576754,-0.8501791632352425,-11.736347725011486,16.110616628970345,7.610718210374012,-11.420148897617896,16.96784611675301,29.51317158477058,5.400873896345073,0.0,0.0,48.357119999999995,9023.85132330556,-4922.889154329651,22009.761865338853,0.0,0.0,0.0,-14478.614469531496,-2810.1164700146387,-21049.753952804553,336.0672228771713,-591.2773040255895,-477.5667149820204,0.0,0.0,SUBMERGED,UUV
1781495361.478349,-4.45684115798744,-0.6291961302506998,-11.751627902857427,16.661618274605733,4.171761296835357,-14.764354160659087,17.50377222381907,31.475602307323378,11.983957781972176,0.0,0.0,48.357119999999995,-11542.599322101814,31.489488874953523,-8067.754039142615,0.0,0.0,0.0,7815.634087166591,10160.639318987733,-2705.170539203251,-556.3212589766894,445.5693477707139,680.5909978558772,0.0,0.0,SUBMERGED,UUV
1781495361.9284437,-4.585041704804437,-0.7468426857378234,-11.749831403885674,16.741321263791093,-1.5396863346448413,2.308331185721875,5.898987248352744,27.703525816417482,17.219344564681517,0.0,0.0,48.357119999999995,508.9974208710622,10921.83489958946,-2454.4850631069007,0.0,0.0,0.0,8782.803893239405,-6788.426661322467,-9231.99978769086,156.0242354508752,291.99598222081147,709.7184722199538,0.0,0.0,SUBMERGED,UUV
1781495362.2783267,-4.284065958903648,-0.7776694959222663,-11.766572544804093,5.837693319208805,-17.35996503131752,18.660380986890146,16.80971124910829,33.26714205252742,23.373984050389684,0.0,0.0,48.357119999999995,99.92952943337005,-7799.098255761456,13637.854289563164,0.0,0.0,0.0,-10351.801812007661,376.0801688428801,-3536.652622559937,-515.1499075512023,-936.6684327986274,-662.9390645204073,0.0,0.0,SUBMERGED,UUV
1781495362.7293105,-4.46639780698698,-0.6139779390595874,-11.670374995114832,16.58786751914967,-6.3891943071110955,9.541571328881197,8.137653111666248,21.54170002347735,25.99465115126332,0.0,0.0,48.357119999999995,-11836.216650956007,-1952.0127307171585,6230.109064793913,0.0,0.0,0.0,8025.260985516112,12726.258984360496,4617.158384564214,-442.71661383646034,177.40878867972356,-520.5196355304729,0.0,0.0,SUBMERGED,UUV
1781495363.178333,-4.520843423402143,-0.7400712204200123,-11.61961470263514,14.158408043457783,-16.4727024869505,-16.19363221073055,22.49079361265745,23.298180266989878,30.98649922612133,0.0,0.0,48.357119999999995,1956.4985166193999,10136.066761388529,5086.4199257784685,0.0,0.0,0.0,6877.456338895219,-4346.334215844184,6142.876922143632,310.5090317921545,499.80730339305507,-900.0841818141974,0.0,0.0,SUBMERGED,UUV
1781495363.5292864,-4.349288353210244,-0.7199861860659434,-11.88640597283482,1.7369092824781802,-11.244192544515613,-16.758810608569775,13.685968815928149,18.74612915845679,32.49528789021691,0.0,0.0,48.357119999999995,-207.52225654852273,-5620.0436140385245,-18178.031496139512,0.0,0.0,0.0,-9312.360250786813,-2062.8122317545867,9222.961753865055,-481.07882902286525,-1040.9968236869609,598.9179879817665,0.0,0.0,SUBMERGED,UUV
1781495363.9784164,-4.575121448486641,-0.6352658870486448,-11.783249573118018,-5.3498479859747725,-3.0779554290155975,4.246053162764736,25.838793450384347,27.121098208885147,38.62658263448466,0.0,0.0,48.357119999999995,-10158.994836764845,-2048.986206739837,-16847.37573192737,0.0,0.0,0.0,13815.423694778085,12938.604670520868,7829.4269679603785,-655.8682556185796,170.6512308000274,443.6863002586643,0.0,0.0,SUBMERGED,UUV
1781495364.378374,-4.465122203413708,-0.7558056399057506,-11.713806985460185,-8.398381150157645,-0.12315208628498076,18.219204165882026,26.814953581369046,28.450428883178926,40.51718006392835,0.0,0.0,48.357119999999995,9000.957873605466,12223.217649923668,-165.79174145070232,0.0,0.0,0.0,-2723.6888279599884,-11305.24411220111,14959.618117391787,-55.9134844834346,1.0588230395967262,-559.7467698394398,0.0,0.0,SUBMERGED,UUV
1781495364.7783604,-4.358697457150076,-0.7128508891648154,-11.91346060730191,-14.423259285831712,16.755998968817156,5.712676145539835,25.082342459552418,29.807923291757632,41.98637068099529,0.0,0.0,48.357119999999995,-1368.011234394561,-4649.27773907424,21580.460758789017,0.0,0.0,0.0,-6969.259310367141,-3310.7742566205006,-15752.71417085463,-593.6365542727535,-916.2068519534195,-543.6142234839192,0.0,0.0,SUBMERGED,UUV
1781495365.1783736,-4.66243622149185,-0.6705597527437595,-11.859996345808495,-13.766189361986134,15.766224465682942,-15.050704186164761,22.409245242864795,27.105569031964485,40.91317820820338,0.0,0.0,48.357119999999995,-2892.295786910689,-924.7449439431962,-968.347632039138,0.0,0.0,0.0,13669.429449881942,12187.21750303567,-11632.04036996892,48.64687202151624,87.02054880117575,-176.62937520723585,0.0,0.0,SUBMERGED,UUV
1781495365.6283972,-4.584348783613738,-0.7086251096265725,-11.951702293673204,-15.91108583440774,15.300745935245647,-11.318172114378571,7.689010631312983,15.805933055129673,36.941349179675754,0.0,0.0,48.357119999999995,10535.718550352669,10952.49683299743,-787.6540576986487,0.0,0.0,0.0,-1701.5729927014718,-2912.2190362026577,-15106.491019016925,-82.37778552683929,-25.932471784380674,720.6333627192844,0.0,0.0,SUBMERGED,UUV
1781495366.0284297,-4.367498880068945,-0.7362343644793432,-11.919939780300401,-8.863895333858467,8.160090896281293,4.11305935108704,7.873302453202995,16.687886720374305,35.8468652983387,0.0,0.0,48.357119999999995,-3299.1042303174677,-2772.5612384487904,-21014.581786271778,0.0,0.0,0.0,-4787.524915079959,-5399.90049808456,21247.99453166079,-238.86982003381294,-296.02628722858293,190.993409984448,0.0,0.0,SUBMERGED,UUV
1781495366.4283783,-4.62631817623322,-0.6731584860209333,-11.767162393851724,-8.188574572353362,5.505537345890992,17.98343175262554,7.791303258011375,19.15319443138677,34.54335732177121,0.0,0.0,48.357119999999995,-478.67777682925237,-1930.3683149770927,3931.2659460769314,0.0,0.0,0.0,11657.623083818153,13030.303641658484,7345.817900185639,230.88965804948182,179.86792719519673,194.17178862154606,0.0,0.0,SUBMERGED,UUV
1781495366.8284247,-4.489563913435649,-0.7051628075857671,-12.016424525859184,9.982300800524317,-15.07057094072147,5.525071449895635,7.8392221226983585,21.025135491713755,31.701802281477633,0.0,0.0,48.357119999999995,6421.773995136642,11599.023142773265,6036.437402130156,0.0,0.0,0.0,-14450.736874068538,-13217.345534604336,-21186.289455061626,37.43741507840575,97.63497927104004,-175.09245228115267,0.0,0.0,SUBMERGED,UUV
1781495367.2283785,-4.496156902384012,-0.7908804333331956,-12.025366233513779,13.993039274862289,-17.37273349953124,-16.16130959930648,9.864096881633825,26.123639862177082,28.468895653404893,0.0,0.0,48.357119999999995,-11030.332318898785,-5476.26464367546,-15212.327128823266,0.0,0.0,0.0,5875.87589280284,-2362.302506056033,5132.02699309059,-873.6635441720451,-916.5102788796759,1264.6110163384792,0.0,0.0,SUBMERGED,UUV
1781495367.6283786,-4.599383957171458,-0.6473871110350813,-11.802291742549855,12.395940756828075,-3.815838937970601,-13.486194125657878,10.055352948179078,31.142960649771105,24.905268782229534,0.0,0.0,48.357119999999995,2821.441297344529,-546.9726882625096,-710.5716076083062,0.0,0.0,0.0,5466.764555197082,12249.827723451332,16359.261531999371,-81.77881438053598,-73.66367827953634,-114.81192199224611,0.0,0.0,SUBMERGED,UUV
1781495368.078389,-4.391756954468167,-0.7265570941338524,-11.952560890150549,15.458907907890989,-11.84883690680184,5.921352768751425,14.49535389924607,27.18378674953568,16.44513789162957,0.0,0.0,48.357119999999995,2096.492747563185,12222.464546727271,-1393.0433244634157,0.0,0.0,0.0,-13700.313831286021,-11034.310563648023,17470.282784622665,52.87550845410773,-17.082695976519123,12.016345710794525,0.0,0.0,SUBMERGED,UUV
1781495368.478449,-4.520220663884855,-0.8502661511770826,-11.967482436018383,16.858106960868756,-9.762761449494537,17.395750879613665,8.740063864438282,23.845313732081042,9.434243553794364,0.0,0.0,48.357119999999995,-12210.310655028547,-4301.659009591627,19567.19639289029,0.0,0.0,0.0,12517.664756171605,-3833.3959918283012,-11132.245584253344,-848.5681648758452,-949.047092753751,-1083.4727374779175,0.0,0.0,SUBMERGED,UUV
1781495368.8784268,-4.629060881067646,-0.6414568520873454,-12.082137057610552,7.835815322790926,11.212513607498213,4.007421072736235,5.08897773830439,21.964937109492727,3.169472789302659,0.0,0.0,48.357119999999995,9299.331653996907,-69.61491426122704,-2206.691991296712,0.0,0.0,0.0,-3449.39507290828,10622.843012214384,-9601.007462447138,233.4030980121914,122.746392505641,487.77465280699596,0.0,0.0,SUBMERGED,UUV
1781495369.328403,-4.485034636983193,-0.7480891230461088,-12.184301841544556,17.118346989079136,0.999066204128511,-18.115101643873786,-9.301140256179016,27.614402012190588,-3.1124389434224033,0.0,0.0,48.357119999999995,22.697385389524044,10737.86898446105,55.456750541583,0.0,0.0,0.0,-10368.122047046232,-6095.486608039175,-14547.353908854733,-30.10593523288003,-17.889976450032748,465.44577462622146,0.0,0.0,SUBMERGED,UUV
1781495369.6784644,-4.62344773775868,-0.8406159348102076,-11.922222397385369,-12.86416340027917,7.270179301335416,-11.999524754762305,-4.472566487375267,20.144865118938377,-8.001186146180354,0.0,0.0,48.357119999999995,-1123.874916233423,-6234.001572312005,5915.647255954116,0.0,0.0,0.0,12110.938216104842,-1393.6169694530677,5156.552851554451,202.61864986067246,-485.40028688133407,-414.3507271387823,0.0,0.0,SUBMERGED,UUV
1781495370.1284513,-4.529267972379906,-0.6689096516592332,-11.973339371270056,1.5665670400016385,15.09931780703866,8.551716459243142,-10.033443202802973,30.914707140092727,-13.756468746194804,0.0,0.0,48.357119999999995,10352.106233150944,-3285.2519848049615,1249.0762004800793,0.0,0.0,0.0,-4846.588419952879,14094.114504040634,10895.782720787372,175.66136282906723,98.13218323652627,-382.94891654185517,0.0,0.0,SUBMERGED,UUV
1781495370.5283916,-4.5026142083458796,-0.8121425267116705,-12.185322840414734,-16.498045076482057,-0.8306301424552638,17.294980810538124,-10.568723170190285,32.73377027007416,-18.37267186818202,0.0,0.0,48.357119999999995,-4275.5414851718815,12526.894508382737,13111.807570678242,0.0,0.0,0.0,-3464.6645826568933,-12103.947855598355,-23067.86138072443,1.0427360781412673,234.43144687917228,-226.14344051917016,0.0,0.0,SUBMERGED,UUV
1781495370.928382,-4.7219533978164865,-0.8402791079243582,-12.111912644131097,-16.648836546902444,-7.053183195071199,2.0929475780599653,-6.876327318482092,29.008852969992724,-21.512694691869275,0.0,0.0,48.357119999999995,-66.84429997774514,-4084.997596106637,-9766.556220627703,0.0,0.0,0.0,10674.54312525989,-4073.43981970763,-989.9067452695954,381.5745029022889,-643.5892034291649,383.49233251219624,0.0,0.0,SUBMERGED,UUV
1781495371.328385,-4.451943157562234,-0.708732383027631,-12.082643731105534,-6.404324365808003,-15.105829768247224,-16.94761754892109,-6.232242198140167,26.010530674436055,-23.64317334918444,0.0,0.0,48.357119999999995,9991.127728550846,-1158.0705933167335,-5030.774196600912,0.0,0.0,0.0,-15095.82629961675,12870.972593758881,20564.382106669807,92.23692001114614,-165.6616986118401,206.24675864349496,0.0,0.0,SUBMERGED,UUV
1781495371.7284074,-4.497170581479406,-0.834693730622874,-12.10654744387906,-4.094225840075374,-10.644342513270933,-10.619814995226777,-3.1187372467791907,23.25800847510935,-25.929839371073008,0.0,0.0,48.357119999999995,-9919.475544112698,12402.146822720277,15375.973161973767,0.0,0.0,0.0,3458.6678802109786,-11938.45106082952,-5522.01637826771,-949.2215251575161,848.7631636744343,-1499.9530760018283,0.0,0.0,SUBMERGED,UUV
1781495372.1783671,-4.711287783526891,-0.8460943806267931,-12.05748016115888,-14.252869704414476,-17.01082188899903,10.56565295952268,-3.7809987546672597,15.333692181793362,-27.799826864533685,0.0,0.0,48.357119999999995,465.85687133190044,-3410.585507282347,14889.330932710065,0.0,0.0,0.0,8522.604070410533,-5083.360770620337,-4910.777259839728,541.4931991895218,-898.2076594075206,-492.26772962961854,0.0,0.0,SUBMERGED,UUV
1781495372.6283293,-4.515898853681399,-0.748276971053247,-12.117833564939104,-14.450300898761125,-9.457633205131122,14.553851202752616,-13.719848064931305,25.205516749233258,-28.982611547230537,0.0,0.0,48.357119999999995,11709.092730511085,-7833.946666610852,7640.836427790263,0.0,0.0,0.0,-12331.962821406243,14164.149141630623,3013.9372492527136,423.7950695072482,-89.74083989800474,-616.0533870809614,0.0,0.0,SUBMERGED,UUV
1781495372.978369,-4.574229023722237,-0.8015604969784227,-12.234770918377878,4.127718025263938,1.642065194273638,0.959056648813621,-7.576854112226609,20.17332768564052,-28.715783699877026,0.0,0.0,48.357119999999995,-11677.935735361927,12477.510985728206,-20557.492456474192,0.0,0.0,0.0,6934.788335896626,-9389.359483935612,12586.44672861632,-1040.5917658565418,1132.244172644055,1632.839305254492,0.0,0.0,SUBMERGED,UUV
1781495373.4283354,-4.754166241183015,-0.8485345638160183,-12.194148540467838,-9.586784959675214,-9.696321326021575,-18.66732485596984,-12.488102861020364,25.31997054794493,-27.548937522962827,0.0,0.0,48.357119999999995,433.7418110849222,-446.6647877136697,-14081.11833400593,0.0,0.0,0.0,8881.289830658263,-8906.506448749167,4098.206263389012,558.0382099627913,-642.7279378986722,180.26173709813906,0.0,0.0,SUBMERGED,UUV
1781495373.8783772,-4.561385794137094,-0.772593014137516,-12.301211180483877,-6.47421751972427,-4.799300648242221,-7.342371160764476,0.9373350076662161,13.929762338608898,-23.900215736444665,0.0,0.0,48.357119999999995,9429.86489204347,-10868.168137161048,-12794.159908111855,0.0,0.0,0.0,-13932.186068442748,12874.914109744357,2839.786002658703,438.51381561602034,-753.7008098133471,1056.5968131660848,0.0,0.0,SUBMERGED,UUV
1781495374.278384,-4.506147879346687,-0.7290603476781403,-12.159010296754582,-4.651357908217816,-0.36425869630156754,12.521243068098238,3.3077288997752365,12.996145773140857,-21.261868285596513,0.0,0.0,48.357119999999995,-10344.219044211926,6529.150353636305,-1587.9709862489092,0.0,0.0,0.0,4876.341553035301,681.1679786635677,17306.191439352413,77.82333218998508,-162.44116384400118,-562.7436560444088,0.0,0.0,SUBMERGED,UUV
1781495374.6283958,-4.7336152747353015,-0.8520543646861133,-12.331592623653494,13.955254339764739,9.102615948418057,16.429502973018636,-1.5037504444423444,16.319648241325982,-18.015845545507684,0.0,0.0,48.357119999999995,5757.401332469939,-1744.4459954766153,-2686.9509124219626,0.0,0.0,0.0,1748.2820693777674,-6904.23083174422,-9054.141728346698,244.05641629882442,-241.2654676867312,558.4371032021754,0.0,0.0,SUBMERGED,UUV
1781495375.0783665,-4.504500080546791,-0.7028556048174844,-12.395989400172391,14.706991789740194,15.96470492741484,-0.8747095587749173,4.5377525844762365,15.949722823183404,-13.792233964056484,0.0,0.0,48.357119999999995,37.01389905505767,-5824.351563424104,-2074.158871474062,0.0,0.0,0.0,-10442.834718791702,14523.30168336572,-9792.902535710191,-171.48354473750356,41.84885575357239,-86.70236477357285,0.0,0.0,SUBMERGED,UUV
1781495375.528333,-4.640499192215811,-0.6676757550237383,-12.395664654611972,0.9300161357487395,15.363632686875082,-18.49510933637771,-5.5577128698485225,25.20803013693735,-8.648094236054598,0.0,0.0,48.357119999999995,-11973.702357923463,4029.601357182062,18.72314606323498,0.0,0.0,0.0,10137.583145791334,3753.6857146543052,-14279.994944325555,-23.448378329142415,-56.249350981112606,548.3234397504876,0.0,0.0,SUBMERGED,UUV
1781495375.9284134,-4.644914556495309,-0.8643044757846328,-12.260968949271996,16.518546175174585,8.223410008069449,-6.261712362680044,-5.787353300065802,24.6816778455239,-3.370451844444298,0.0,0.0,48.357119999999995,9185.916133274355,25.444502187196356,-20098.146317363608,0.0,0.0,0.0,-2767.454727224181,-10310.423300414755,22512.568571484488,515.093078077134,65.75572872949985,340.71544135254567,0.0,0.0,SUBMERGED,UUV
1781495376.3283448,-4.460236775135091,-0.6707557177521358,-12.29166638384786,17.198250823012764,4.654238617750688,14.494679277007808,-4.152880112035635,20.015895643305477,2.9685192738953754,0.0,0.0,48.357119999999995,-1100.753063192477,-8669.213763543656,4837.236687410143,0.0,0.0,0.0,-8151.292175711154,14004.23598719434,6360.160206279762,-300.5503266983108,-80.17051859056411,-242.88540013350513,0.0,0.0,SUBMERGED,UUV
1781495376.7283854,-4.7390153740821095,-0.7098966080329244,-12.400117045893143,6.24270698015053,-16.02065038242955,14.03201653142243,-4.169662158027785,16.366024869766274,8.020596257857067,0.0,0.0,48.357119999999995,-896.627739963573,10021.753253189128,4567.659853364417,0.0,0.0,0.0,12032.129541780676,-4461.457775371721,-20137.173448032852,-152.91048265211504,-174.799550109446,200.40516323859111,0.0,0.0,SUBMERGED,UUV
1781495377.1283853,-4.5693476429989115,-0.8213753444558729,-12.427865701471585,2.730377594697816,-16.855798391366832,-3.022724170359867,-1.2589450462099945,13.862807919883297,13.565664472898256,0.0,0.0,48.357119999999995,11088.289988859322,-1171.8047012090499,-15952.100164509819,0.0,0.0,0.0,-13044.479571144964,-7672.857936489414,6408.947222462443,697.3602604032882,-718.9131738080004,748.8018699215777,0.0,0.0,SUBMERGED,UUV
1781495377.5784104,-4.563527326662531,-0.6353378689397133,-12.46443426804279,14.311495106349025,-11.874495804007148,-17.73659980306049,11.83898994263813,15.973836276606576,18.703661181575917,0.0,0.0,48.357119999999995,-5798.993156934621,-9696.209168062947,-14130.848034310608,0.0,0.0,0.0,-1930.2703683039065,13836.222280234975,4122.587816553933,-815.9651894701732,-618.0113671824372,1011.0852028810893,0.0,0.0,SUBMERGED,UUV
1781495377.9783938,-4.701665273843476,-0.7142587125053139,-12.263430123655898,-1.1780201850873975,-11.444745014514357,-4.610721808247199,13.145978313998945,16.930124268913666,23.039244180356114,0.0,0.0,48.357119999999995,13.440685867485962,8121.021594917832,-1078.8495338287717,0.0,0.0,0.0,10394.250150022966,-1412.7476341613406,16798.25046052702,-101.44088973361954,-113.51727604976324,-346.660479866451,0.0,0.0,SUBMERGED,UUV
1781495378.3783948,-4.5096816553165215,-0.7683630906815069,-12.477347035648942,-4.996388073266209,-8.526963105929516,16.177646073789795,15.490542623286876,18.630204930379225,26.538344002845573,0.0,0.0,48.357119999999995,3966.5645220739016,-1551.0256433913066,22099.43880953519,0.0,0.0,0.0,-13726.095247518522,-6632.136864166235,-19612.87686974542,129.2539656840355,-522.6194491308844,-179.23147564303315,0.0,0.0,SUBMERGED,UUV
1781495378.7783885,-4.68536208552111,-0.6026992049981873,-12.516708479079691,-16.39864883548531,11.397979903748645,12.636166142242379,12.957259479733642,22.00314832307841,30.01283815064611,0.0,0.0,48.357119999999995,-11578.470116188992,-4162.7517284173455,-2313.917974525907,0.0,0.0,0.0,8444.893081109687,14207.171949124575,-9312.267300136065,-270.5429858633992,141.15610737391867,441.99869407609515,0.0,0.0,SUBMERGED,UUV
1781495379.2283647,-4.7888601736828775,-0.6808192611168102,-12.534070116404218,-11.724746549115924,0.9845667821193032,-7.583516354309958,0.6312453248868872,12.65679961600392,30.914631400545606,0.0,0.0,48.357119999999995,504.1745511207113,5449.186037431548,-33.809745565952305,0.0,0.0,0.0,8722.546313635032,1949.5058871584436,-13922.815082430889,-14.083914867535487,17.666005226647925,364.0231102431859,0.0,0.0,SUBMERGED,UUV
1781495379.5784042,-4.449646571352118,-0.7246613550325082,-12.444972428719138,0.27668066681651116,8.160175505672392,-18.43962899901752,8.657664455470167,19.199944944767374,32.65019432654277,0.0,0.0,48.357119999999995,109.80611811811849,-1809.870195233226,6574.0780015205955,0.0,0.0,0.0,-10923.723088804587,-7240.043997289013,4492.866569059523,-339.5921482995213,-462.37966512135745,-199.1876745312089,0.0,0.0,SUBMERGED,UUV
1781495380.0284758,-4.675027746441073,-0.6117306451342777,-12.404480471843394,-10.581227387572806,14.685117746337834,-3.5745761320473393,-0.9846699041037817,8.602035197669434,33.667368450127455,0.0,0.0,48.357119999999995,-11761.570485528837,-5987.497946891274,5715.470239757022,0.0,0.0,0.0,12110.957048932456,14058.594358073944,5194.032300685475,-320.3454491811311,23.417632301134038,-440.9201828376776,0.0,0.0,SUBMERGED,UUV
1781495380.4286008,-4.736912441983889,-0.6923638459262059,-12.562462984159223,-12.11577269870131,15.237064074389782,12.312821824044645,-1.1816028763043678,5.419849826492484,33.4897386080913,0.0,0.0,48.357119999999995,6477.530194371372,10048.657697996494,10080.289790117422,0.0,0.0,0.0,749.8913387750167,-4228.582578809475,-22267.46875837278,-178.905846167955,-11.003188704892182,151.7365332797521,0.0,0.0,SUBMERGED,UUV
1781495380.8286352,-4.505606831280703,-0.7097439439656391,-12.586785331400852,8.301621634868317,-5.053665390292368,12.287633680619118,-0.22030029721260833,7.3279317040850955,33.213888090572816,0.0,0.0,48.357119999999995,-1515.7391047033068,-2800.168215410605,-18152.55602326237,0.0,0.0,0.0,-9277.659012131418,-8031.097632582535,1241.9214732511841,-474.65526902556957,-620.2319793833949,216.99704978339088,0.0,0.0,SUBMERGED,UUV
1781495381.2783988,-4.72515031578743,-0.6712085043317648,-12.591486536940845,-4.213051758574267,4.03293321804445,-7.779644146709289,12.479490252979105,18.359212777030773,32.81383180269952,0.0,0.0,48.357119999999995,-9692.360349574908,-9769.837646298121,-10338.705353323056,0.0,0.0,0.0,13768.65267049706,13628.819927801258,58.638728701845366,-466.1559567204428,-484.46978121756297,913.3948122870288,0.0,0.0,SUBMERGED,UUV
1781495381.6783867,-4.682174411517036,-0.6523386507469164,-12.45596484345888,14.420181980645594,-15.896546638614572,-17.559109246389937,12.13351119277284,18.54158354777403,30.45924341843935,0.0,0.0,48.357119999999995,10246.24397478066,8458.341634138686,-3162.8998263337803,0.0,0.0,0.0,-4673.422464209503,-1887.4164007822865,18871.224436177043,-152.25209660041793,-136.96999879652307,-513.4330788504551,0.0,0.0,SUBMERGED,UUV
1781495382.0783665,-4.487507644380244,-0.7590502061697142,-12.589066755206753,15.420040985158693,-16.464567416079262,-3.019951598235357,11.520244661326672,16.946426175221852,27.00414088408218,0.0,0.0,48.357119999999995,-2076.2149709572586,-432.27038961013756,17336.42458963542,0.0,0.0,0.0,-6395.907184028272,-8445.801897486,-8376.472853189405,-763.482927147373,-672.1169305325035,-336.40475609513175,0.0,0.0,SUBMERGED,UUV
1781495382.5284045,-4.680611166729161,-0.7295608984925709,-12.511852319486463,1.2977415991228762,-9.881681941259984,18.412564176607653,-2.350042084013192,7.440051424861344,22.01610424501053,0.0,0.0,48.357119999999995,-7971.857640072552,-12336.246147053278,9544.930778164558,0.0,0.0,0.0,14156.030054127259,9927.88970659003,979.5189536948936,-245.8579141302298,-671.3970420385814,-982.9152723363891,0.0,0.0,SUBMERGED,UUV
1781495382.9283948,-4.683002727183091,-0.6405733169526139,-12.720209222044522,16.8383581790166,-13.09298017053101,9.917372737828984,-5.354992055903826,5.221020046902052,17.785692116290864,0.0,0.0,48.357119999999995,11740.64233017123,5788.290297174897,313.71648370566203,0.0,0.0,0.0,-8872.628368800768,1489.8884906752417,-15249.164868906042,-71.14233325617224,-9.530649488120766,598.9098755411939,0.0,0.0,SUBMERGED,UUV
1781495383.328373,-4.552748341240553,-0.8233351726300162,-12.616241202900746,16.926407713129876,-9.327264867267314,-8.839920705473634,-6.056632468435856,6.100184915730419,12.585259372083334,0.0,0.0,48.357119999999995,-8295.614117920693,-441.7666287534413,-21362.489793461165,0.0,0.0,0.0,1500.860167928502,-8659.278135023476,21406.73422699927,-683.1552768655176,-169.70639613940156,434.31009685916644,0.0,0.0,SUBMERGED,UUV
1781495383.7283938,-4.75910470453087,-0.6489620246975406,-12.545332662741341,5.543969398046984,11.777908667543342,-17.068544198344217,-7.247590124381858,10.24741949783767,7.603399974451268,0.0,0.0,48.357119999999995,713.7312119589077,-6090.558247175486,3629.624894811279,0.0,0.0,0.0,8757.50031117634,14326.528208825002,7800.643671475407,275.97124676980684,76.6026241706187,-12.03114970763238,0.0,0.0,SUBMERGED,UUV
1781495384.1783998,-4.5548862761286,-0.6390120798166564,-12.584673278431408,14.997627614750447,-0.43555828527217355,0.15843066222913435,4.792599279189954,18.55580504508158,1.5982305004967672,0.0,0.0,48.357119999999995,9662.342900462885,3527.2864683017574,293.47279238674156,0.0,0.0,0.0,-14122.083103492518,4655.519968224584,12841.31280264747,-21.028826680414117,85.76262609377062,-214.0081255701731,0.0,0.0,SUBMERGED,UUV
1781495384.5283678,-4.655623009840146,-0.8581322584408396,-12.766010959398711,-15.091439514048801,8.622778331830903,17.52390762408058,-5.248086799477814,16.65009633026679,-3.9049081109823556,0.0,0.0,48.357119999999995,-11873.143336120762,-690.2273260678464,-7812.233100688445,0.0,0.0,0.0,9431.865692980922,-8513.746496538126,-3030.5961529290817,-523.5978713346132,-466.80091395635566,770.6625453530137,0.0,0.0,SUBMERGED,UUV
1781495384.9784107,-4.765958208240883,-0.7181923999918544,-12.784853571169373,-0.4758784976720041,15.359563681488469,8.414439614945346,6.32515049076259,11.315403126643416,-9.684672899626943,0.0,0.0,48.357119999999995,980.1814386551749,-11587.221534963164,-2269.0862279759613,0.0,0.0,0.0,8005.492407418033,10363.419291875482,-9503.395210935343,151.19749665766764,-262.49637197462823,719.9183973843236,0.0,0.0,SUBMERGED,UUV
1781495385.3786874,-4.495321904695761,-0.760878338484004,-12.65536888975781,-0.21520678587761743,15.506624360133937,-5.538437795044675,5.267975854018507,9.615344569326055,-14.87877280914385,0.0,0.0,48.357119999999995,12.633267410954499,10393.777020414946,-2283.667418333636,0.0,0.0,0.0,-10582.555643026222,-4968.618660675696,18252.14307757285,64.3408664478105,-138.25939755195304,-307.6716626466879,0.0,0.0,SUBMERGED,UUV
1781495385.7785397,-4.7450367230627135,-0.845692052180962,-12.730920198741712,-16.46502185569379,-6.834050414443047,-15.809186652685247,5.053808648692654,7.042659640119943,-19.292462081700833,0.0,0.0,48.357119999999995,-7936.6325043188635,-1181.5074495245638,18098.985642806896,0.0,0.0,0.0,14329.25394778907,-7324.846719172499,-9355.189741491573,-267.587502374385,-661.131051066923,-338.3900667379843,0.0,0.0,SUBMERGED,UUV
1781495386.1783652,-4.619656085012107,-0.6782252023013249,-12.856164932743724,-16.343433490110503,-6.685693809912188,-4.281431776630966,2.5266232039578114,3.1218690134944747,-23.443565023229056,0.0,0.0,48.357119999999995,11501.08956707971,-2122.3821471310216,-1441.2919375174038,0.0,0.0,0.0,-8495.399704186988,13199.20078210924,-10626.25778327047,155.98499261598306,37.26339016680701,429.9692245462004,0.0,0.0,SUBMERGED,UUV
1781495386.6283906,-4.5394806413624,-0.7714999459208766,-12.9160128182816,-15.066394687197855,-15.887258815839415,18.95277170884493,-10.881628288752845,12.490543233956059,-27.03111824561585,0.0,0.0,48.357119999999995,-540.0496800686582,7270.044220297155,228.47557788975547,0.0,0.0,0.0,-8574.011012708994,-419.80998602400496,-15067.226719817947,-12.991153795276087,-56.07437254066175,390.65612744208175,0.0,0.0,SUBMERGED,UUV
1781495386.9786677,-4.787020079869346,-0.8324210632486928,-12.68556094275836,1.1811238243628368,-7.978540852121543,8.342140015563245,-2.257479101479231,5.68298647486168,-29.622489910360073,0.0,0.0,48.357119999999995,-114.87540262687355,-2944.964854736778,4845.697967072324,0.0,0.0,0.0,10962.795563232652,-5621.296719821115,6478.5724609535355,244.38450948700725,-390.61974547434914,-271.0925947204222,0.0,0.0,SUBMERGED,UUV
1781495387.4283848,-4.556376172025006,-0.7151877275706099,-12.749527876991596,5.278454304726126,-2.9836025268323345,-11.601481542597602,-10.113391391157013,14.176321274955464,-31.31387142330533,0.0,0.0,48.357119999999995,11366.3388352895,-3773.2288819592595,4202.267522781714,0.0,0.0,0.0,-12740.385212114676,13794.282146455742,6919.968281169955,227.55766580123046,185.1074121727746,-208.10612244389142,0.0,0.0,SUBMERGED,UUV
1781495387.8283753,-4.58166840154866,-0.8039285267531677,-12.902421175502772,8.442128146246711,-0.11328491782407424,-14.87730546784023,-7.938884315062217,15.963871532044148,-32.32011846196134,0.0,0.0,48.357119999999995,-6767.424274476352,12082.702047636194,14458.587110773376,0.0,0.0,0.0,-496.67407954744294,-7638.7177098474085,-23247.114260024064,-68.23069169362942,231.96575943150194,-254.72720866718817,0.0,0.0,SUBMERGED,UUV
1781495388.2284386,-4.7964036663536245,-0.8145173495635673,-12.877194509036936,14.548688091963438,16.46905412639297,-0.14547054036254825,-5.496279577954855,13.481377725499556,-32.51655407832591,0.0,0.0,48.357119999999995,1497.0283151369354,-4083.2718723457233,-15766.850882167397,0.0,0.0,0.0,7207.844947100462,-3989.395661321981,5829.717835414649,439.53374618203674,-550.3079483968387,287.29500532274557,0.0,0.0,SUBMERGED,UUV
1781495388.6784077,-4.576842396762636,-0.7458817693956523,-12.944615588878507,14.155146169580176,11.274867545866663,18.81540945429969,5.581169573799758,1.7111274210062388,-31.901071954006085,0.0,0.0,48.357119999999995,9986.48628492803,-7373.82822888745,-8218.313612862195,0.0,0.0,0.0,-13552.975224515356,14289.566584460172,-2281.4989604838597,320.54577540401044,-235.5485596771509,573.2932347286444,0.0,0.0,SUBMERGED,UUV
1781495389.0783145,-4.585447006802116,-0.7887399283530736,-12.810094932612017,15.050183626451192,14.168467584417037,6.4155248700709135,6.567727199432777,1.1729882823569013,-31.282901128171954,0.0,0.0,48.357119999999995,-9671.426809779716,10492.059010236206,-6213.551338924692,0.0,0.0,0.0,3637.4712090584962,-5039.057432244406,20967.780871590447,74.20864115125957,-135.3981814110092,-270.12062614624944,0.0,0.0,SUBMERGED,UUV
1781495389.4785109,-4.787718136315803,-0.8301450720991205,-12.874520190556103,9.463924170446525,8.582202052697337,-11.821651941185493,5.300555715154066,2.748987374829558,-29.600223700925195,0.0,0.0,48.357119999999995,3779.6196633468253,-3215.1860700051006,20576.424700375865,0.0,0.0,0.0,7039.589604642049,-7632.975600652693,-4804.316479839632,742.881828604762,-1011.1264170969138,-681.9153946825876,0.0,0.0,SUBMERGED,UUV
1781495389.8783276,-4.502963461924745,-0.729577403396568,-13.021528485852297,8.115742948409235,5.181355769496973,-14.615237159217164,4.277362806850154,4.8226568989563505,-27.11576630092391,0.0,0.0,48.357119999999995,-115.83155212128227,-334.9321511942559,-2977.1279306276047,0.0,0.0,0.0,-9652.90196765649,11381.44203300928,-8717.114441961929,-183.27313065331788,172.16029832305432,-23.013298811838375,0.0,0.0,SUBMERGED,UUV
1781495390.3283556,-4.667160349943651,-0.7262203437919941,-13.041072699955638,16.582062054373047,15.046342642062218,-1.2024004115193863,-8.778282906129943,13.336294939702613,-23.59810535977909,0.0,0.0,48.357119999999995,-11828.05318031438,9808.150286285085,-182.48258403223713,0.0,0.0,0.0,11407.10676221802,-4373.129838547337,-13138.424723785993,-63.54779372457871,5.350932098649551,755.9561428327945,0.0,0.0,SUBMERGED,UUV
1781495390.7283835,-4.7412866315862585,-0.855767659694772,-12.932648180939978,4.565333313843601,-4.254660686979712,18.46842049287859,-7.041576896152447,12.829883455728611,-19.336690047154253,0.0,0.0,48.357119999999995,7185.595171411787,-1423.7830790698915,-22367.363571075497,0.0,0.0,0.0,3.251183511549698,-7140.941269699162,19429.823997998104,772.0689270942478,-374.7961374634243,509.9898983378688,0.0,0.0,SUBMERGED,UUV
1781495391.1283414,-4.479047041577018,-0.6921428993168556,-12.905365734382553,6.009791325615219,-4.65711543703225,9.88647294645512,-6.237226794290676,7.869339454376209,-14.093627281923425,0.0,0.0,48.357119999999995,-313.0948774257666,-3856.081805587055,2330.804512697677,0.0,0.0,0.0,-9575.98441773109,13950.291173761401,9448.367083022393,-153.40886307505323,97.4044945006476,79.05196634726755,0.0,0.0,SUBMERGED,UUV
1781495391.5783527,-4.695941192649882,-0.6788227619131826,-12.88565360000191,-0.3998386839403274,-15.639865662136167,-15.567722447621898,6.921450539767126,-0.3358411650391739,-8.52410207377782,0.0,0.0,48.357119999999995,-7313.999751514107,8278.369976619397,1737.0095345566529,0.0,0.0,0.0,14360.956110932337,-1583.2748392641302,10138.034646134274,3.636358715025814,189.99741600559366,-432.4188560305989,0.0,0.0,SUBMERGED,UUV
1781495391.928356,-4.629423204677228,-0.8402759550012013,-13.084524171488418,-16.47164012325722,-8.833199235572005,-13.525893123056592,-1.1088591676837332,2.509623624346965,-3.6102892070674537,0.0,0.0,48.357119999999995,11675.632172567606,-3562.197976550754,-12047.517661743086,0.0,0.0,0.0,-11608.973827104412,-4610.172042151932,1604.346951557336,659.5675493631809,-710.5246103154336,1014.2469604109881,0.0,0.0,SUBMERGED,UUV
1781495392.3783636,-4.530460536461021,-0.6484512604592533,-13.126518151815867,-16.74979848744057,-3.8847612259096556,4.137360770085575,8.124056834182594,6.772691111441797,2.303432357407091,0.0,0.0,48.357119999999995,-2269.307554787225,-8036.1413751979835,-4954.517502984901,0.0,0.0,0.0,-6246.179844784141,14358.419534780642,-6181.767502139352,-376.3407811866831,-62.37025121782055,327.30818948460035,0.0,0.0,SUBMERGED,UUV
1781495392.7283885,-4.741969093729753,-0.731515063067798,-12.995544516704983,-6.737859648557406,16.351538072227058,18.599381311634662,3.9800449708998102,-0.7564428675088256,6.691774535714155,0.0,0.0,48.357119999999995,664.0996430474494,12787.181627758397,17553.46181102623,0.0,0.0,0.0,5966.203868506061,-13680.762166994933,-16661.91925317716,538.278353576243,1047.439769612427,-971.0057847920577,0.0,0.0,SUBMERGED,UUV
1781495393.178355,-4.545759660895905,-0.8151290644796816,-13.030891441023224,-3.751979415166134,16.81418642761462,5.152477874429278,6.046510382741497,9.549608244176461,11.920226383846863,0.0,0.0,48.357119999999995,8450.38173348523,-2292.3496462547528,16178.079019341614,0.0,0.0,0.0,-14312.199400353556,-6311.176751396234,-6649.226443245614,307.2012849806134,-966.4082111359947,-558.8266911108151,0.0,0.0,SUBMERGED,UUV
1781495393.6283557,-4.525020033561287,-0.6388596325746574,-13.012908519575614,-14.943339172833634,12.51156591357087,-17.63109525364369,-4.589532736733295,5.781866288456525,16.844215968782784,0.0,0.0,48.357119999999995,-5081.944113851828,-10593.583059536422,8116.396039233821,0.0,0.0,0.0,-2990.78610992694,13403.502197627135,2682.182473734834,-552.9273229242468,-397.0210476214548,-882.3762276667264,0.0,0.0,SUBMERGED,UUV
1781495393.9783473,-4.734194060511142,-0.7045562687873367,-13.111755400303057,16.43471474585178,-1.3076916753628143,-12.956528906025536,1.0233441798510474,10.742815611413306,19.962792326268325,0.0,0.0,48.357119999999995,2074.300009965014,11715.268993485452,-21219.72887779782,0.0,0.0,0.0,6397.050967217279,-6825.443191269218,13834.187048128992,619.2205348368624,1221.2100265508382,1068.3278869238172,0.0,0.0,SUBMERGED,UUV
1781495394.4284132,-4.50537903263725,-0.7691053303112498,-13.139050210775693,4.951029464500746,7.711600595972566,6.78425998819302,-6.092011694101226,-0.8906369168762771,24.153220900859843,0.0,0.0,48.357119999999995,9668.63076628662,-7.623252576576508,-13941.366164479794,0.0,0.0,0.0,-13921.789714466446,-10178.970296786349,4162.1634769534085,507.7716617671871,-484.3659255856937,419.4321217451964,0.0,0.0,SUBMERGED,UUV
1781495394.828736,-4.639267994593831,-0.5957721104561984,-13.045343404268882,7.447135208383186,5.037700613000239,17.1816977002191,-5.5778252316180605,-1.760552293986571,27.29901251524368,0.0,0.0,48.357119999999995,-9691.263209979903,-9890.403084511034,-1423.636983514732,0.0,0.0,0.0,3770.900734889633,14573.572194251545,17345.553320375046,93.87723261491254,-28.48230626137908,-183.22109932506459,0.0,0.0,SUBMERGED,UUV
1781495395.2283814,-4.735368530223703,-0.6835111850195043,-13.155639031507743,14.722468297595288,-15.412286959307071,3.5269640712170856,-3.959690138313721,-2.643102632772089,29.741098928671185,0.0,0.0,48.357119999999995,3566.7405615047314,11351.021632132217,22684.290124333937,0.0,0.0,0.0,4335.8505081824605,-5610.3146992978845,-19143.31946758924,355.0943392463231,1113.0623957921912,-902.9203470109285,0.0,0.0,SUBMERGED,UUV
1781495395.6283724,-4.473763522971288,-0.7244905159673741,-13.269547270235785,13.815447895067079,-17.31548452027265,-17.641900337451112,-0.22662378482766576,-1.012293653237253,30.607196260166724,0.0,0.0,48.357119999999995,615.8339688914008,-810.3373230042314,-2246.7803685363856,0.0,0.0,0.0,-11752.8410364223,-8257.22630573115,-9694.005184501695,-125.1898504211284,-196.3047508782913,51.03835974206805,0.0,0.0,SUBMERGED,UUV
1781495396.078413,-4.623061422432041,-0.6364416785300047,-13.290464021630243,15.837349015163074,-10.69199606481709,-8.985897808794896,6.210411281622076,10.255809953294284,31.3514981491409,0.0,0.0,48.357119999999995,-10737.558996074209,-11537.007253293055,-0.6780597062767587,0.0,0.0,0.0,5986.21926019265,12523.205445180287,-14122.1501823172,-60.306947062871856,57.715661587404135,600.3952269891277,0.0,0.0,SUBMERGED,UUV
1781495396.4783976,-4.713342209026334,-0.6722150414511779,-13.165253004274037,8.775801228739297,-12.023155386942538,7.812608944000491,6.13380071975486,8.833040017912593,31.154099988829014,0.0,0.0,48.357119999999995,5843.042133456872,9122.89927992072,-19520.331659722204,0.0,0.0,0.0,1698.8696543551544,-2650.0512604229216,22937.23949898056,174.12944740535465,576.022486501182,476.10768397591363,0.0,0.0,SUBMERGED,UUV
1781495396.8783798,-4.454645689468134,-0.7199328510209677,-13.164641940956196,7.566881834807776,-9.922287313618398,16.593395268547983,2.2924819965784247,5.659875426236704,29.750853958153225,0.0,0.0,48.357119999999995,-815.9239985708292,-1897.5902144949207,11430.0089741198,0.0,0.0,0.0,-8395.480764677295,-7045.531139482315,-838.8126556436134,-588.9087607978407,-663.2104800683264,-394.73609911078245,0.0,0.0,SUBMERGED,UUV
1781495397.328417,-4.6682578343638195,-0.6529402793515848,-13.15969492310769,3.7562700319448035,-4.421656013119148,1.0706199508688168,-7.8197206308965646,-3.763070424157881,29.362561588982054,0.0,0.0,48.357119999999995,-10874.518651759077,-10129.788585621167,4896.513875481511,0.0,0.0,0.0,13184.660851350822,13585.95873398656,6149.551132832762,-224.27800477491402,-192.31167135604574,-619.9486055448995,0.0,0.0,SUBMERGED,UUV
1781495397.7284074,-4.66118635069461,-0.6636499535225349,-13.353465361372944,1.3047067934774077,0.08077610102684729,-18.003081161086744,-10.136795354550129,-5.892545762287592,27.603996403482583,0.0,0.0,48.357119999999995,10111.055832485305,9177.866195876379,3615.8811013146696,0.0,0.0,0.0,-4600.559307645074,-3118.28912499093,-19167.573055706587,-176.27639265396192,-126.1155865251539,508.3820048364306,0.0,0.0,SUBMERGED,UUV
1781495398.1283646,-4.468244868357344,-0.7507245892743623,-13.305375196140746,-16.1365828117222,16.43676322904054,-9.94675233748044,-7.998708459878851,-4.264643761768859,24.87578664746705,0.0,0.0,48.357119999999995,-2315.8477472444056,-909.3057753069288,-17105.763366392614,0.0,0.0,0.0,-6098.910707752488,-8068.21119698083,7749.7356305557705,-743.0777489114967,-780.1701789144373,417.595473942197,0.0,0.0,SUBMERGED,UUV
1781495398.5283587,-4.740951145571881,-0.6550409932941778,-13.205605199208053,-16.787724229778824,15.849423553005174,9.584483532436762,-5.960374376569513,-1.0385959546105952,21.602853441726076,0.0,0.0,48.357119999999995,-1660.6366164992078,-6237.2238444469685,-318.5297401802286,0.0,0.0,0.0,13413.253890116408,15228.960127584021,15747.649574619398,-49.776912528920946,-16.215968131684626,223.44180225595142,0.0,0.0,SUBMERGED,UUV
1781495398.9283466,-4.598418536228739,-0.6377686055197275,-13.28729406178377,-16.624853742262587,16.290890495689453,18.513676058913852,-4.343607713514762,1.5958562657097555,17.54918260641148,0.0,0.0,48.357119999999995,11887.072673310384,11428.966574521302,22066.60959283972,0.0,0.0,0.0,-12955.085042906325,-5665.686616964341,-15289.305873052033,631.3336349911084,1298.0415504387965,-1366.6035237770022,0.0,0.0,SUBMERGED,UUV
1781495399.3283997,-4.507917465460248,-0.8055439235943206,-13.43758087191453,-5.005201515307894,-5.73496119271654,1.7872115775500899,0.2879856660201469,4.189914577609733,12.763388760099309,0.0,0.0,48.357119999999995,-7085.743076539735,-756.54423039921,-973.5936350073167,0.0,0.0,0.0,64.64852884976835,-8358.906379448417,-11452.295000409804,-136.68643295363879,-71.06206697714475,469.1832832688881,0.0,0.0,SUBMERGED,UUV
1781495399.7785118,-4.704257952864395,-0.6967727412302206,-13.43747451929925,-15.930084763262336,5.674104317080373,-18.63882725898897,5.385365129304614,0.3265930451737323,6.38514957686772,0.0,0.0,48.357119999999995,-779.1090760474464,-11482.103359764093,807.8432658991231,0.0,0.0,0.0,11928.043854006322,12777.415820697086,-16693.294004893745,-110.77977341154664,29.70710142298713,15.813299967788694,0.0,0.0,SUBMERGED,UUV
1781495400.1784158,-4.5178326952045476,-0.6680097167940591,-13.355569903582893,-1.7535426794573779,-15.422393869502686,-8.693747919275706,5.210020990898741,-1.284980533616767,0.8487643402334923,0.0,0.0,48.357119999999995,8087.4986918875275,8830.257331155488,-22583.481051892963,0.0,0.0,0.0,-14902.207223379635,-2239.4207886082513,20634.169031654386,475.3078271586689,950.1971225075317,853.7263341701893,0.0,0.0,SUBMERGED,UUV
1781495400.578378,-4.553528246357594,-0.8660825959694591,-13.279187647886584,1.137624040204731,-17.023556930530532,11.92597654362097,2.165510287775343,-5.721879580338428,-5.124865362230823,0.0,0.0,48.357119999999995,-10849.653367942716,-169.2153462119089,2775.670049561688,0.0,0.0,0.0,5902.603251288143,-10034.095129431902,8863.933206377202,-277.33051671271414,-183.33995423805837,-606.659706476532,0.0,0.0,SUBMERGED,UUV
1781495401.0284827,-4.701609451932929,-0.7121518376097301,-13.301846114966466,-11.87923177786453,-8.93653038550462,13.637927831950321,-6.598140335704648,-1.3374619349271062,-10.157440514896157,0.0,0.0,48.357119999999995,100.62482908254961,-12273.903663294455,66.17775534607489,0.0,0.0,0.0,10111.589191328352,10647.884795043836,13908.26392930924,-14.060327034880727,-16.374141141410426,-362.5179617626178,0.0,0.0,SUBMERGED,UUV
1781495401.3784637,-4.446452664145702,-0.7518622030264913,-13.472258564968744,16.72458002498642,1.5750168381080671,-0.5111139737668272,-0.8008115584393843,-6.38199748729282,-15.336695911555637,0.0,0.0,48.357119999999995,646.4575799078191,7593.333378057941,-6730.912425759305,0.0,0.0,0.0,-11802.357159245472,-596.3837641029581,-4206.087237865366,-489.2459785303156,888.7784795247262,814.7194471631257,0.0,0.0,SUBMERGED,UUV
1781495401.8283052,-4.605221524458635,-0.8699493842847483,-13.51866638728188,9.89742241338594,-9.46958713828717,-18.614089177869136,-3.4823932260463804,5.074395060382276,-19.64942766998553,0.0,0.0,48.357119999999995,-11847.038105802876,146.074970754151,-5435.714598192226,0.0,0.0,0.0,9765.482590427378,-11011.520894209287,-5601.481505400476,-407.83995668531605,-316.98735017405227,570.5445288302678,0.0,0.0,SUBMERGED,UUV
1781495402.2283516,-4.63504088949589,-0.7111294010058682,-13.38667871207036,14.179551702345549,11.681306762360988,-6.756298543119127,-0.5920828170276192,5.124560554734693,-23.4814425371557,0.0,0.0,48.357119999999995,5645.855189481002,-12150.614367075501,-11472.718702299015,0.0,0.0,0.0,1922.4415386174555,14123.502797076504,22890.786471291958,-190.57169624311186,-313.92057302004577,190.05264617611587,0.0,0.0,SUBMERGED,UUV
1781495402.6283393,-4.414019093456462,-0.7510863223299872,-13.393714391487316,12.939502757824323,15.770098220627704,14.627800194736807,2.200237766969569,3.946991625586162,-26.809364634428597,0.0,0.0,48.357119999999995,-25.035687314124353,6328.000415642961,10553.692298388365,0.0,0.0,0.0,-9988.526621258614,1489.2911333187612,66.39817679467114,-514.3022112808594,750.2668113360921,-582.0518463404654,0.0,0.0,SUBMERGED,UUV
1781495403.0784357,-4.647112216508627,-0.8825540380977211,-13.432704325842058,16.28876360106071,3.8341649889696767,11.73475566631005,11.24534545612814,-6.492425481476241,-31.698892729932002,0.0,0.0,48.357119999999995,-12100.198092187033,3186.721799293862,4092.219248272044,0.0,0.0,0.0,12793.862052150445,-11602.170426532506,1274.762269590567,-428.83748574159637,-295.3415576951564,-398.9302301453339,0.0,0.0,SUBMERGED,UUV
1781495403.4283447,-4.547016921136312,-0.7202079016642545,-13.517606977792429,-7.9549644186583635,2.778852862414551,-2.5523553119917763,7.5162748794961445,-2.411953587483662,-32.38638263756589,0.0,0.0,48.357119999999995,12175.527675872878,-8215.68423660826,-21938.239946841164,0.0,0.0,0.0,-7913.544069683736,14659.739607431296,15372.604811450346,944.2712424028665,-694.3968872058399,1101.3205375599828,0.0,0.0,SUBMERGED,UUV
1781495403.8283334,-4.455629816721088,-0.805745832093838,-13.390641166098902,-15.541953340010151,-16.996005176564452,-18.95462888578976,10.636215261267285,-5.773343572601027,-34.41272981856886,0.0,0.0,48.357119999999995,-2911.3671662454926,9076.157801398514,901.0679089819249,0.0,0.0,0.0,-5510.763288855556,-2851.1449923801624,11433.896023283374,-165.41822683130468,117.73539217732858,-738.1487776611636,0.0,0.0,SUBMERGED,UUV
1781495404.2783148,-4.699449439546094,-0.8440516912766246,-13.46123471610293,-13.78281178821867,-5.648109999573629,-5.239681719006364,5.899537052190902,-6.373745567975124,-36.893544869906584,0.0,0.0,48.357119999999995,-6157.183600274872,1113.1875546816311,-878.7909019186035,0.0,0.0,0.0,15083.028937291365,-12980.515380216732,16869.59441234936,-57.96944869160671,38.935215555363015,215.38534661535908,0.0,0.0,SUBMERGED,UUV
1781495404.6783595,-4.532589059493389,-0.7581729244855244,-13.55007318393147,-15.582417735882574,-11.66341007947332,16.25799035033111,3.821026361180915,-6.001947600003157,-36.499614013773474,0.0,0.0,48.357119999999995,12555.963802072954,-10010.596337443203,22961.78459977081,0.0,0.0,0.0,-11550.827701743332,14398.742777907079,-20729.206104355115,658.9975480214899,-592.6872071538071,-858.2512119962289,0.0,0.0,SUBMERGED,UUV
1781495405.0783527,-4.435400263724984,-0.7902018617111071,-13.664994712467976,-9.446545385270623,-12.300330465980014,13.562318455206178,1.3373346123452843,-2.304097281964969,-36.08831987245445,0.0,0.0,48.357119999999995,-4545.115992680736,6997.383499391388,-3303.5467148878947,0.0,0.0,0.0,-3351.4451951833353,101.62237838228612,-8154.79199833854,-305.96267526356775,296.03351475292345,803.2070514581264,0.0,0.0,SUBMERGED,UUV
1781495405.5283363,-4.66895577187375,-0.8212258438110113,-13.688883354167185,-16.884405275690042,-16.915886987251454,-5.691093844387606,1.0670523386853514,-1.2884129527982,-34.17768631412451,0.0,0.0,48.357119999999995,-2903.4374666955173,1780.1691897987657,-182.75708139025448,0.0,0.0,0.0,13662.920061321203,-12928.736100479038,-13530.473063644073,6.428201001636081,-36.39573405831332,-181.10178868265294,0.0,0.0,SUBMERGED,UUV
1781495405.9286966,-4.552514396199117,-0.7942934450364111,-13.607292196207265,-17.33428877849158,-17.32138441746931,-18.98903313592307,4.117454495859009,-5.713872114736925,-32.504175903868514,0.0,0.0,48.357119999999995,12884.92730359155,-12866.783306315,-23137.17420538694,0.0,0.0,0.0,-10528.983388576322,10073.897698445324,19771.10959065503,788.8057204385996,-1075.9486936561716,1361.6987591307661,0.0,0.0,SUBMERGED,UUV
1781495406.3284378,-4.445740521649364,-0.7448822457829261,-13.50541366145303,-1.9621393379634964,-0.0802292110973426,-4.632469897413768,5.787954591758957,-8.769572094185945,-30.183699895598426,0.0,0.0,48.357119999999995,-4688.182360565875,3331.8235607409615,2797.0827018909786,0.0,0.0,0.0,-3296.0552747563306,5028.661890169727,8850.527199845064,-281.3918897403951,236.66026091392632,-631.9664656335912,0.0,0.0,SUBMERGED,UUV
1781495406.7283518,-4.658130454532249,-0.8253551836260474,-13.74087664630654,-2.9106453346608223,1.4886321011727521,10.58923872961889,7.941989062714848,-11.156502868660176,-27.684419979129892,0.0,0.0,48.357119999999995,484.4718064245017,163.01877110113844,7572.056651647513,0.0,0.0,0.0,8427.052870279316,-10643.360818681742,-21600.66344731325,-131.30980255960026,115.10337133106118,15.937759915131279,0.0,0.0,SUBMERGED,UUV
1781495407.1283677,-4.41599191590302,-0.7812082565624937,-13.682273312387679,16.8982998622754,15.526693702746382,12.791299274702816,9.702686874165035,-14.097987708580161,-24.332550087737303,0.0,0.0,48.357119999999995,4557.41830359565,-10730.374761110907,-13304.651681876541,0.0,0.0,0.0,-14001.159773315678,13050.097206712602,3496.780152777505,53.83769667766707,-745.9003910251213,691.1298170796028,0.0,0.0,SUBMERGED,UUV
1781495407.5283632,-4.52214551504346,-0.6931717172953021,-13.561726574415918,16.850008034916705,12.375406516633925,-4.22047076671549,10.268791038446771,-15.650758218473431,-19.99507774446324,0.0,0.0,48.357119999999995,-12199.231879111632,6744.792442749491,-1406.4172875759136,0.0,0.0,0.0,10367.831812880937,401.90034516971537,17195.54236732369,-17.584888309541697,-162.24413026825928,-324.42015889644597,0.0,0.0,SUBMERGED,UUV
1781495407.9285166,-4.603649942970238,-0.8614075321169062,-13.709472361128464,5.920554528883253,-7.599270084974141,-18.44899298781091,10.864428098055606,-12.926279490738875,-15.372020435740868,0.0,0.0,48.357119999999995,5815.889871878717,-77.96304128067804,19546.64800043339,0.0,0.0,0.0,-1899.8886317571296,-7438.405383675322,-18873.2474853896,793.5792919417424,-556.4656513871315,-585.9252347893678,0.0,0.0,SUBMERGED,UUV
1781495408.3283868,-4.355632384146419,-0.6877711170834152,-13.76260007359408,3.4320483298188424,-11.373844792575431,-5.038118222323063,6.882124650495088,-9.651768595661899,-9.636915548337331,0.0,0.0,48.357119999999995,-642.7878089974254,-5743.152951615094,-1926.3011220492592,0.0,0.0,0.0,-8494.641959625678,14539.643074672653,-10014.912769067472,-189.9205968214045,57.03793314745058,0.49199632264283366,0.0,0.0,SUBMERGED,UUV
1781495408.7784133,-4.519012130666253,-0.6604270604713419,-13.824491587687247,2.0190009371765494,-15.890907566889071,16.07084811472467,-6.001208818695257,-5.5966813306822925,-3.9307843980462533,0.0,0.0,48.357119999999995,-10019.289030104203,4043.925766249716,59.3903766738821,0.0,0.0,0.0,14158.776873407398,3728.655696412997,-14578.50981330049,-27.396463979084885,-57.641359654680144,192.64173971677937,0.0,0.0,SUBMERGED,UUV
1781495409.1783664,-4.541560874324895,-0.8520019931295568,-13.735795970704741,0.2378969853823451,-16.829312065385892,11.394225380969287,-8.813827669705582,-7.432701621066345,1.406103501519032,0.0,0.0,48.357119999999995,9140.953092594515,1024.9016981894347,-22214.676962843037,0.0,0.0,0.0,-2565.1327052947245,-12113.314601686941,16571.423204037637,935.9007537860807,26.98085345642652,589.4955480072864,0.0,0.0,SUBMERGED,UUV
1781495409.5783684,-4.385018301863794,-0.6439011932918388,-13.641006544236124,-16.791397725349427,-1.962363805080146,-4.968798026670768,-10.49039813360947,-9.682237686725328,7.674362389235023,0.0,0.0,48.357119999999995,-2809.011894728586,-8658.336580932437,4373.505315905438,0.0,0.0,0.0,-5767.635972475253,14010.11850787556,6882.294687797371,-307.8549422345154,-65.4644640199932,-336.0974862959971,0.0,0.0,SUBMERGED,UUV
1781495409.978406,-4.565158522089795,-0.6843362962357807,-13.843162713839968,-16.87764281898908,2.5167672560498815,-17.8239617854497,-12.611347304038244,-12.228151039517178,12.879892617917777,0.0,0.0,48.357119999999995,-1083.9715508865454,7785.299982948325,14134.75436466969,0.0,0.0,0.0,12054.017976940722,-876.9873529877518,-23296.834381742647,-186.47205032756403,-16.023847409627678,-35.24042806142672,0.0,0.0,SUBMERGED,UUV
1781495410.3783255,-4.3943832063994925,-0.8202776540906886,-13.83124196743838,-3.7682603036246523,15.786924467971959,-4.564216031026338,-11.616550011214624,-13.70435656849589,18.133505019083707,0.0,0.0,48.357119999999995,11268.200750338046,-138.35332483975526,-8887.02170850829,0.0,0.0,0.0,-12311.475486027337,-9657.957615717483,-1758.768615779726,489.876497450461,-402.04984768575935,587.3461844030414,0.0,0.0,SUBMERGED,UUV
1781495410.8284202,-4.34326826332987,-0.6838348581075732,-13.895206969044544,-15.363841912232932,13.09551955272542,18.202193065824936,0.7635875923103851,-4.088193564834704,21.084292619100292,0.0,0.0,48.357119999999995,-2370.888724940145,-11373.884936715534,-2811.606897002423,0.0,0.0,0.0,-6104.02464848445,8032.300796612162,-8727.345708907049,-262.64347190147214,-295.35607083025957,858.3052289127063,0.0,0.0,SUBMERGED,UUV
1781495411.1783934,-4.575852682315368,-0.7014435006825976,-13.810451722581318,16.52199021762882,-2.4476792753275562,12.40618826765485,-9.471009076668862,-10.243604422694606,25.407944010866597,0.0,0.0,48.357119999999995,2181.927099389238,11775.888593012618,20430.95403814967,0.0,0.0,0.0,6045.888987860864,-6594.814602560051,-12504.52487701693,609.5565536317838,1235.856199229785,-1104.9768389091314,0.0,0.0,SUBMERGED,UUV
1781495411.6283114,-4.350793559700763,-0.7828405212282308,-13.777742130662535,4.961145239974116,6.171291194023037,-7.756825415309104,-0.4422649077136929,1.2276205432416363,26.41434514960735,0.0,0.0,48.357119999999995,8524.094545131973,59.60135748575645,13176.53079931222,0.0,0.0,0.0,-14200.274029696713,-10204.792676027144,-3283.615526698747,307.2671585049511,-606.4805983864686,-217.11067082473912,0.0,0.0,SUBMERGED,UUV
1781495412.028313,-4.4169777364704945,-0.6503956353820556,-13.956499512358182,8.227312555424291,3.4963735328109444,-16.764606652577328,-3.0373524052630536,5.9780816724105446,27.879688584011245,0.0,0.0,48.357119999999995,-9347.640743097587,-10942.762846487189,2034.0807964760647,0.0,0.0,0.0,3326.150160290502,13761.978948345019,-18009.190016298722,73.18766283087322,30.784209915772525,240.9460757553514,0.0,0.0,SUBMERGED,UUV
1781495412.4283333,-4.550108159310827,-0.6935087492948576,-13.889326689860502,14.642815093122802,-16.35932206621681,-2.8301297314893636,-5.121575838014553,5.354035232474629,29.5017862670826,0.0,0.0,48.357119999999995,3871.1671997001827,9678.380363571257,-22819.648099400292,0.0,0.0,0.0,4140.939830277607,-3363.1198955371165,18389.503048896946,576.4713856573603,1126.0441078279043,940.1442049813592,0.0,0.0,SUBMERGED,UUV
1781495412.8283536,-4.282073745872117,-0.7312460218419539,-13.786304505582459,14.315807176177408,-17.27902667203914,18.06580532482911,-7.968825081857538,2.573246067781596,30.10886280200286,0.0,0.0,48.357119999999995,622.5973135679726,-428.9924374416473,1836.7211638901188,0.0,0.0,0.0,-12293.580878723009,-9407.667953184995,10269.409912104738,-125.36357746799374,-177.60045076196005,-9.573465257490795,0.0,0.0,SUBMERGED,UUV
1781495413.2283394,-4.489159329476274,-0.6572763148528131,-13.952468254669158,-2.1295485777755414,-2.64577407285835,11.314386218883119,-10.829973504071136,2.238891921352761,30.845588146476405,0.0,0.0,48.357119999999995,-11268.142972029695,-7224.311383142809,20641.46258858237,0.0,0.0,0.0,13743.395796007728,14637.122077707427,-23265.87364703277,-453.84142938596665,-350.9905862166378,-529.4354504350835,0.0,0.0,SUBMERGED,UUV
1781495413.6284206,-4.4711162129844535,-0.717712378356745,-14.01834468576726,-7.380616945753503,3.571887563310013,-7.516495003316611,-12.833265453071695,-0.5060435215871626,30.701391601182017,0.0,0.0,48.357119999999995,9790.807958616248,11370.254921043277,-11391.1976321086,0.0,0.0,0.0,-3763.1921482164353,-7351.508748613009,860.017299570228,705.410962194598,844.2933283780774,1482.0620679841372,0.0,0.0,SUBMERGED,UUV
1781495414.0783613,-4.267828366959853,-0.7545337371799066,-14.018574495777191,7.1119707911968995,-8.224754625422669,-16.270623534746406,-13.854294465094895,-2.265937883493905,30.766098301342435,0.0,0.0,48.357119999999995,0.7820868524354501,-114.15169694606053,-5013.991781313549,0.0,0.0,0.0,-10260.017229062416,-9736.122205918036,-6295.868530143562,-245.6933312934582,-293.33910600417,32.11989893318268,0.0,0.0,SUBMERGED,UUV
1781495414.4783816,-4.503334327242288,-0.6821197469113526,-13.93206808789323,-11.874138793349154,12.325760383252723,-1.754090424792799,-11.214208568801864,1.3030006769813005,28.617248081338893,0.0,0.0,48.357119999999995,-9346.398184656799,-10269.662727375538,-13513.466333946692,0.0,0.0,0.0,15300.0781772759,15268.231202374809,23756.023223601336,-360.9287787829824,-254.22193549359807,513.4611460566975,0.0,0.0,SUBMERGED,UUV
1781495414.8785837,-4.455423444904891,-0.6704046918053227,-13.942414291062999,-14.59684259499928,16.365969848995856,18.582858016475605,-9.310099162278625,4.381084172078433,25.476246481142102,0.0,0.0,48.357119999999995,10391.349108427758,8501.933107885534,10339.63757723096,0.0,0.0,0.0,-4603.310886403225,-1532.6688492736562,403.6354948613814,649.8006085500825,822.0928311434977,-1382.165164480767,0.0,0.0,SUBMERGED,UUV
1781495415.3289397,-4.2576210140392385,-0.7839123998262438,-13.939741115575979,4.23017470222698,0.5738258053282241,11.972829646531123,-3.179618717387688,5.525027010892425,21.196222434373624,0.0,0.0,48.357119999999995,-927.281879948228,41.8066953274331,9564.218994713612,0.0,0.0,0.0,-8321.268239945257,-10367.432291790472,1054.7121285701212,-491.7668832693167,-441.95452549827456,-122.03353771601613,0.0,0.0,SUBMERGED,UUV
1781495415.7284236,-4.532014533506492,-0.7158504726125028,-14.122937643964413,-16.809198368191183,15.628216795444496,-10.563169609143678,-4.486394052536291,4.320201730181166,17.24545801694299,0.0,0.0,48.357119999999995,-1121.0145767901274,-7171.077522116514,681.9563983198074,0.0,0.0,0.0,12305.986468498118,14655.29631743878,-16542.46004037697,-80.15637395510282,-6.915145822760238,-134.4591929666649,0.0,0.0,SUBMERGED,UUV
1781495416.1787581,-4.444111704936463,-0.6748016728086397,-14.155459692191318,-4.7035765828729215,15.492661870373903,-14.14772710916903,-17.87448669125738,-2.3260053850248075,13.777740539322807,0.0,0.0,48.357119999999995,11272.478108880474,3737.424176845985,6002.632273458719,0.0,0.0,0.0,-6666.180752183539,3996.7126901363627,-20586.705730838017,-94.85754772429569,-83.25964233682117,195.659947938057,0.0,0.0,SUBMERGED,UUV
1781495416.5784068,-4.299858327841883,-0.869564149525695,-14.067232952253546,-16.135090642764172,7.719806083079572,0.7161838874842071,-16.315472758259908,-0.9305748324290202,8.063683819158879,0.0,0.0,48.357119999999995,-6009.720938717211,4.226591031500148,-20274.136734092703,0.0,0.0,0.0,-1561.5238390216816,-10131.855323591688,12532.806786404217,-936.7011982142793,-478.6648005161012,490.66822210548605,0.0,0.0,SUBMERGED,UUV
1781495416.9784007,-4.522261165630043,-0.6912448069097178,-14.000769908412128,-16.50153562917601,4.76009746963965,18.71159268842251,-16.651090938139287,2.436778591822069,2.452991039443825,0.0,0.0,48.357119999999995,27.67250535069233,-9603.339433519746,168.48308050362638,0.0,0.0,0.0,10480.987372436366,14392.616251732059,13484.560932274333,29.092580544214737,4.78198484463864,41.577338854999944,0.0,0.0,SUBMERGED,UUV
1781495417.4283845,-4.345593186757489,-0.6636741377547885,-14.028749384752878,-10.782260266428384,12.164557628870304,4.676085663357573,-2.7130979335541006,9.511547659981765,-4.089478082304665,0.0,0.0,48.357119999999995,11921.526462132295,1581.8755452270002,-2224.9769519748056,0.0,0.0,0.0,-12721.398137932472,7061.910059140151,18115.721043549827,28.445461231589476,-118.2403972683907,-29.26588244908079,0.0,0.0,SUBMERGED,UUV
1781495417.7783911,-4.381739808571672,-0.9217728751937672,-14.207920684693322,1.2170235253149717,-17.202625009651136,-13.251887910257105,-11.375739862471786,9.877408745381985,-9.53703981010271,0.0,0.0,48.357119999999995,-10621.466062302894,-3.8401995416640613,-1974.377313362156,0.0,0.0,0.0,5742.344722983662,-10294.545329218377,-9910.320157178636,-215.462094011103,-149.24102440754976,530.8601429000549,0.0,0.0,SUBMERGED,UUV
1781495418.2283435,-4.499895558961424,-0.7662897195898708,-14.241578811270776,-11.110428952954909,-12.36465613434137,-12.504369610679259,-0.32112769569515903,2.254862901873278,-14.098581245679814,0.0,0.0,48.357119999999995,1049.6181674635302,-11584.035811721285,-1282.0030185142168,0.0,0.0,0.0,7879.786705058727,10832.957346128902,-10969.13229109572,89.33885429412139,-170.68221053598427,640.446242519228,0.0,0.0,SUBMERGED,UUV
1781495418.6283348,-4.26836635683478,-0.7626510046170033,-14.146625254170054,5.801166718118279,-10.836442949452977,3.5307368887018997,-0.39855960357957865,1.0371030402712227,-19.191419053889685,0.0,0.0,48.357119999999995,3464.883501741009,5216.11381030649,-20688.380606790124,0.0,0.0,0.0,-14007.303962102313,2461.9887990873885,22259.256776699942,225.813995345454,342.2849121968542,253.02237076606667,0.0,0.0,SUBMERGED,UUV
1781495419.0283132,-4.420653062018158,-0.9291205635832775,-14.083262876441603,9.107369693599757,-8.460372828238665,18.22230178901878,-2.4165763600478836,-0.6386419498636885,-23.72537931059772,0.0,0.0,48.357119999999995,-12113.932190436813,434.8435067154019,4243.18519794602,0.0,0.0,0.0,10436.052242457048,-11664.702327452029,6959.364010738068,-308.7181775038026,-196.11999832732027,-478.54689453826313,0.0,0.0,SUBMERGED,UUV
1781495419.4282994,-4.4636860365355675,-0.7855120041530552,-14.254361295563497,14.137232019442838,12.362970622258077,5.6393580051367245,-2.9256635466659553,-3.203450282309909,-27.516328415175852,0.0,0.0,48.357119999999995,5023.388733311202,-11946.67277351922,13940.154730843158,0.0,0.0,0.0,2527.9381547735356,12849.063568787196,-23291.684754729795,-110.52457816385484,-304.3859949335171,-213.95625769616808,0.0,0.0,SUBMERGED,UUV
1781495419.8283684,-4.262913143665018,-0.8430578639526323,-14.288879197438321,13.23412365376942,17.01974975805389,-15.899323400377845,-6.761397547775902,-0.27360056046214054,-30.793554329733926,0.0,0.0,48.357119999999995,-691.1931326228656,7759.803564957947,-15388.392396053741,0.0,0.0,0.0,-8402.332320941528,-567.4800386178981,5434.591090035712,-628.3157549847418,979.0083485550019,796.0525197084332,0.0,0.0,SUBMERGED,UUV
1781495420.2783287,-4.484181194335709,-0.9324840912413002,-14.294456261651234,16.249284353610975,6.005539481183952,-10.677412798152382,-12.825326162244302,11.669933721814822,-34.838177915817674,0.0,0.0,48.357119999999995,-11374.414856027166,1742.6026657980674,-7690.931271065058,0.0,0.0,0.0,12177.132128197256,-12912.522077766447,-2938.095085356263,-478.3593279025741,-311.30150157243145,442.45130993782607,0.0,0.0,SUBMERGED,UUV
1781495420.678344,-4.383757340174377,-0.78991882914148,-14.172187782993621,7.896861320998314,14.491302501386189,5.5259598745700025,-12.996597442191705,11.77925850083155,-36.61858212575874,0.0,0.0,48.357119999999995,10477.121593309996,-11099.250010687103,-1233.987005710279,0.0,0.0,0.0,-5081.9523402585,13937.216558848933,17087.171275011213,-111.25019715772999,-36.893389946519235,-232.90092298297157,0.0,0.0,SUBMERGED,UUV
1781495421.0783467,-4.2493630306384915,-0.8501946661869421,-14.277807479048771,6.444379781887907,12.84596036998367,17.500474727759947,-9.478032558922191,12.166167559997017,-37.35264812364219,0.0,0.0,48.357119999999995,-1983.2191553853004,7244.482683699962,19796.521459771684,0.0,0.0,0.0,-6361.707738476502,465.0819822290714,-11580.554620438868,-801.563209728513,1120.3350342899464,-893.601895138519,0.0,0.0,SUBMERGED,UUV
1781495421.4784164,-4.5682364247054625,-0.884517772202809,-14.363888428422438,-12.982013607506099,-7.0249525671284925,4.308422365069099,-6.586123250717396,10.636666249339214,-37.956575366731485,0.0,0.0,48.357119999999995,-409.35238401334357,-416.50336872515527,-2316.3151897453718,0.0,0.0,0.0,11496.270350775816,-8960.60510956711,-9627.276049173495,137.21617937267294,-185.89395171969514,19.10591354121904,0.0,0.0,SUBMERGED,UUV
1781495421.928343,-4.415353321626021,-0.8294073501500004,-14.416543815881804,-0.5148455328968503,3.607849884864111,-17.20309559662803,2.343160939036603,-0.6006878920959983,-37.433801195056006,0.0,0.0,48.357119999999995,10972.11820406748,-11788.706994454067,-36.77795277771386,0.0,0.0,0.0,-6597.8998491596785,10895.315160021783,-13820.702489409423,-26.291046293587602,-46.89712016805731,789.7597089934642,0.0,0.0,SUBMERGED,UUV
1781495422.3283932,-4.298094320058268,-0.857504101048593,-14.307767923254453,-16.57167825060606,-16.00983353641916,-11.264675940949527,2.7907790862043917,0.6146657206700653,-37.08802576777724,0.0,0.0,48.357119999999995,-6152.726856849121,7977.376471273435,-19278.464488306206,0.0,0.0,0.0,-1322.263693431665,-1072.4989350256,22995.922834557306,-248.36864810298601,439.65564326643363,410.8300439564267,0.0,0.0,SUBMERGED,UUV
1781495422.7283905,-4.558855784217186,-0.8871474905153558,-14.25330733868081,-16.78605925492898,-16.863091896968665,7.371683663244076,-0.5791695175570534,4.319843704835926,-36.08429100500563,0.0,0.0,48.357119999999995,62.983442847325286,-99.15326260059122,5872.786710467908,0.0,0.0,0.0,10135.398822648385,-10187.308262715156,5285.668149429208,321.2312703439176,-359.06500195739306,-54.78301276834694,0.0,0.0,SUBMERGED,UUV
1781495423.1287394,-4.296883257830226,-0.8371320170200747,-14.469189490186334,-5.251333298272567,-4.07156390109516,17.92961378595846,-0.5031279478124984,5.942272659611454,-33.78664378767412,0.0,0.0,48.357119999999995,7225.923068130742,-8998.361817979167,11229.066136863328,0.0,0.0,0.0,-13751.992063984759,14346.898165352171,-19369.55050505534,139.52676921835675,-176.4585301489834,-265.7757441184689,0.0,0.0,SUBMERGED,UUV
1781495423.5284073,-4.38185275943372,-0.8135446278243853,-14.448066679081307,-2.115151619179349,1.5230705649596332,3.5011143680159926,-4.018599382061492,9.751937116367053,-31.235869681111485,0.0,0.0,48.357119999999995,-12205.99176383374,10635.263659898677,-17893.85009939007,0.0,0.0,0.0,9053.701123010904,-4868.578006106331,8587.485038794957,-956.8399230755107,1102.4685577208686,1609.4861265046093,0.0,0.0,SUBMERGED,UUV
1781495423.9283998,-4.506646081289264,-0.9071509403927319,-14.274020064273627,16.515648845870302,17.165327042096962,-16.3536697730962,-5.902570122984023,14.789014023807756,-28.123566352014635,0.0,0.0,48.357119999999995,4383.138894018906,-1029.9170385076686,-15.04983034609672,0.0,0.0,0.0,3511.619587345598,-8050.475633224662,14265.413977211952,-3.157165043160271,9.740830989870823,-358.1977475026154,0.0,0.0,SUBMERGED,UUV
1781495424.328348,-4.257246363425483,-0.8170473357768604,-14.463557455423938,16.49784720951159,14.067148106709727,-11.894176000446478,-6.400083322203538,16.58564475728451,-23.90962097921316,0.0,0.0,48.357119999999995,-27.56961235845911,-4837.89301859683,22196.754806844714,0.0,0.0,0.0,-9433.989121237013,13960.35971366253,-17527.750545275136,-252.57130313740782,-276.26738097177434,-128.10779902151347,0.0,0.0,SUBMERGED,UUV
1781495424.7783828,-4.356700484204064,-0.7387471078107938,-14.399883209189351,4.604480657874456,15.413390520230406,8.976399827946302,-3.9894436368531245,7.615227594693695,-16.67987835782102,0.0,0.0,48.357119999999995,-12599.277898299102,7011.213712149276,16553.93256809233,0.0,0.0,0.0,10911.677657409056,683.0817829882012,-6856.541670205256,-893.8225939030579,946.3214190291538,-1366.966249417594,0.0,0.0,SUBMERGED,UUV
1781495425.1784077,-4.4912701406746915,-0.9173351845989992,-14.56736021646426,17.021747744844152,8.7027953375729,17.317343923842454,-0.17695800183994015,6.046442727619907,-11.894004394881946,0.0,0.0,48.357119999999995,8032.509431474622,-341.65227671796833,-908.38741525289,0.0,0.0,0.0,-1483.5367588751983,-9083.953144381328,-11595.302818811473,125.74241053107782,-103.25515819881358,475.23659397973597,0.0,0.0,SUBMERGED,UUV
1781495425.6283925,-4.294987742935213,-0.7988987990974502,-14.608392645256798,8.779794914240187,15.491329734986865,0.38987414599266557,6.638095813765508,12.761926222853432,-6.074135663021284,0.0,0.0,48.357119999999995,295.4235587611884,-12091.358615671094,936.1223972302195,0.0,0.0,0.0,-11157.508903808579,11299.951820985723,-16815.025590398585,0.3628203395354461,34.049868296323844,136.63830318443738,0.0,0.0,SUBMERGED,UUV
1781495425.9783828,-4.47517148275288,-0.7454726753317276,-14.394000994803731,1.693955607066696,-17.097131417849674,-17.294367399779578,6.145430415851795,6.200572092951973,-0.9552663491581251,0.0,0.0,48.357119999999995,-2126.8530010714576,8902.649516608233,3591.263426401655,0.0,0.0,0.0,13039.018513806444,-2417.0777187438753,7730.138094987241,122.09570238198145,355.1382035961782,-480.5038040696353,0.0,0.0,SUBMERGED,UUV
1781495426.4283938,-4.410749479563094,-0.9111550586527802,-14.419718392338604,12.900918809547555,-6.2908548398757675,-8.840735495274805,3.538615142187067,17.699001159473926,4.591216711279127,0.0,0.0,48.357119999999995,9390.801587418026,1203.0040096177904,236.40690381954175,0.0,0.0,0.0,-3237.292316891725,-13217.394948798765,13138.617396876334,51.54592682748384,-25.060007713057892,-356.2499216936804,0.0,0.0,SUBMERGED,UUV
1781495426.778571,-4.333119871285303,-0.6918215840458977,-14.64019011816269,-16.65588729178738,-1.1118288345894238,7.233303695853762,8.97206698001415,13.868162877903321,9.9295983715541,0.0,0.0,48.357119999999995,-5296.458735187217,-7441.734270325721,-7590.996114079225,0.0,0.0,0.0,-2558.1559354536075,14367.804884166955,-3212.2393071030556,-544.8458270436587,-108.15429050039529,554.4678353209806,0.0,0.0,SUBMERGED,UUV
1781495427.2284105,-4.530862547338876,-0.7328248758159358,-14.623239190855209,-4.558098047694848,-11.889452138270094,16.06174027059211,-0.004202116815789684,17.56252660273517,14.418211388518847,0.0,0.0,48.357119999999995,-379.35382818571486,6129.224262953216,-6335.969844104904,0.0,0.0,0.0,11476.227607241206,1414.9411191229815,-4740.908025576214,253.30891032966036,501.5957153270235,437.4006897545686,0.0,0.0,SUBMERGED,UUV
1781495427.628353,-4.268346692188669,-0.8499195577813509,-14.512380633213153,-8.842487367231168,-6.307548425667577,-0.19613214194792322,-1.7945092725790768,14.73141534157628,18.459295280836912,0.0,0.0,48.357119999999995,7684.443188982513,-441.51810950623644,-2538.79679816835,0.0,0.0,0.0,-15471.04686287792,-8978.814186951771,18601.642239551158,68.80219135393362,122.8824929798935,78.05868346409888,0.0,0.0,SUBMERGED,UUV
1781495428.0283625,-4.363790962194238,-0.6786858711365344,-14.568479902860643,-15.178923381473737,14.94265762137729,-18.676182188649012,-1.8841283242612736,12.64341736903448,22.358268132247854,0.0,0.0,48.357119999999995,-11448.290996514988,-6190.612710219671,17800.055574626487,0.0,0.0,0.0,6066.984937421696,14123.322335627425,-8727.858112388687,-944.8579206686261,-315.69912455586416,-924.0762078776619,0.0,0.0,SUBMERGED,UUV
1781495428.4283636,-4.5186713210607445,-0.7692841536665369,-14.710044564551298,-12.024307163652121,16.285585108992397,-8.364471223638567,-5.7675926364564845,9.027656419364611,25.4833681505867,0.0,0.0,48.357119999999995,1664.8629733618702,9450.765757779049,53.20665417975719,0.0,0.0,0.0,6830.014749204978,-3764.174715756109,-14431.170038499,-38.67603701466417,-7.535331277097301,554.6490606932775,0.0,0.0,SUBMERGED,UUV
1781495428.8283732,-4.2529691244018455,-0.8093880800751688,-14.6550388937323,4.600124096151372,5.7332790412839,9.407319336679384,-4.03592661966737,6.096776180205076,27.839424019823877,0.0,0.0,48.357119999999995,2308.6973826535395,-1270.9680200708895,-21906.544208851374,0.0,0.0,0.0,-13216.216628880922,-7385.275365583289,16964.450575574876,125.69993073454603,-512.1123746215552,150.17599485607212,0.0,0.0,SUBMERGED,UUV
1781495429.2283986,-4.490391639655628,-0.6707056987112872,-14.569204840757806,6.773610038360622,2.8216887107708364,16.06396412371278,-3.7114242668066675,5.939956582233679,30.100458654400928,0.0,0.0,48.357119999999995,-9140.779487976213,-1388.4407404706747,4835.501284552392,0.0,0.0,0.0,13913.888585496461,12519.124500654614,6221.163149641369,-67.90589642061566,186.3738821711097,0.26481545957207686,0.0,0.0,SUBMERGED,UUV
1781495429.679257,-4.491084215116106,-0.7350830107563476,-14.538570964390155,-8.737824105132955,13.5671044365954,3.1124172941262094,9.165054144620711,14.429071307425666,31.82521939168482,0.0,0.0,48.357119999999995,3490.8446078375737,8040.535655783093,831.3018165903189,0.0,0.0,0.0,4695.680428120191,-1274.9774983097204,11588.118641482997,85.16758081320089,153.97613154020883,-727.6548178549903,0.0,0.0,SUBMERGED,UUV
1781495430.0784268,-4.271413165959929,-0.7892646898819168,-14.795514463153134,14.188530707995962,-9.298717652858482,-18.771403837060475,10.462590940032854,15.054918945169756,31.769592043378935,0.0,0.0,48.357119999999995,-133.26298952169745,-1641.2478888558067,12912.17946492368,0.0,0.0,0.0,-9190.91508862593,-6545.127608606532,-22653.716125499523,44.59296751693695,51.01366931374289,20.236557491590773,0.0,0.0,SUBMERGED,UUV
1781495430.478402,-4.532169241495243,-0.7025818811295085,-14.750698736594284,12.841509503262833,-9.250109416311592,-11.622871730853712,8.944241299693836,16.876811410756403,31.643132928717776,0.0,0.0,48.357119999999995,-7238.259019082,-3884.889399668285,-9035.884203157602,0.0,0.0,0.0,14348.396994118259,13890.977289097176,-1380.0124803690524,-229.62380659336858,150.94808409574554,106.85252608052252,0.0,0.0,SUBMERGED,UUV
1781495430.9283874,-4.492140789515076,-0.7430778410733717,-14.812060000003832,16.765997908380367,-16.21737351409387,13.777452071563202,-1.3972816715587104,7.944058001973345,29.15519695819873,0.0,0.0,48.357119999999995,8141.917737537009,8881.845973999983,-7946.073734043807,0.0,0.0,0.0,-1308.0793142244247,-2528.0661613446823,-2972.3982704077325,534.282772895965,642.4998163609032,1213.6947193534784,0.0,0.0,SUBMERGED,UUV
1781495431.2783809,-4.27770993939403,-0.7958156436090839,-14.743492691262386,11.636374881028564,-11.258940241439728,18.162603173591382,5.993511553675478,13.39931142819244,28.046885118914023,0.0,0.0,48.357119999999995,-5997.984308544957,-5635.012727097944,21269.704338550357,0.0,0.0,0.0,-1857.4773269443292,-2302.194221998865,-13835.423217061836,-1045.8319818988598,-1039.7911669634934,-1051.1429444668142,0.0,0.0,SUBMERGED,UUV
1781495431.728344,-4.5240167479605695,-0.7281231182479557,-14.706551798417447,4.541018198561277,-2.2701689345961755,-0.6861248211837168,-5.068345565659383,3.3534755201208473,25.77146184949498,0.0,0.0,48.357119999999995,-2738.672389903743,-5180.859726979467,14774.555231830927,0.0,0.0,0.0,12918.806070300507,13847.229140237472,-5149.642114191374,109.78388570531055,-113.49480139216234,-20.22883646379541,0.0,0.0,SUBMERGED,UUV
1781495432.1283498,-4.37314027304481,-0.7523182992439414,-14.881557979060068,2.9569420150553265,2.5954369111514928,-18.433286942925772,-8.16137944188163,3.1516039064572037,22.778842231015584,0.0,0.0,48.357119999999995,10811.191814028502,11476.617115987994,-281.38387394075437,0.0,0.0,0.0,-13240.9421737698,-8457.416969541313,-12838.108237849274,-14.303891054683854,92.6107882898246,643.0655213985356,0.0,0.0,SUBMERGED,UUV
1781495432.5283892,-4.31239180646641,-0.8449212198148529,-14.788571746554691,-15.32917181546016,15.983269598316168,-8.353066071232009,-7.544420111523847,3.299710902291168,19.079094748771293,0.0,0.0,48.357119999999995,-8970.144494159009,-3625.2484456576394,-22469.122716198453,0.0,0.0,0.0,2435.6501615768466,-4425.209763917785,19994.799395476006,-844.6486375581601,-554.0382319215096,730.4643490687126,0.0,0.0,SUBMERGED,UUV
1781495432.9283905,-4.535124060185322,-0.6856211419793177,-14.725700106751832,-16.276621051764597,14.615618614751916,12.1235895532325,-6.24584738945784,6.084624067069681,14.65795563346047,0.0,0.0,48.357119999999995,2815.6371794289103,-79.11973519473842,7213.045696418372,0.0,0.0,0.0,5785.957801261376,10819.033513562947,3780.492764681837,467.1792998823015,409.6615821514031,-253.07590237364042,0.0,0.0,SUBMERGED,UUV
1781495433.3784173,-4.294158468705125,-0.7318147414994617,-14.75358711869681,-2.0361342135298495,16.176619511996236,13.206161884665178,5.124248632777532,13.987487276534218,9.198585845117709,0.0,0.0,48.357119999999995,5224.841534660507,10716.26056167308,1955.596541679754,0.0,0.0,0.0,-14257.311378826253,-5683.473959251579,9751.76965934918,-118.30838310651139,284.0148175299408,-502.9340085253618,0.0,0.0,SUBMERGED,UUV
1781495433.7285323,-4.425925245050655,-0.8879900012596007,-14.909892771948206,-6.4744753444264145,-9.016013418752534,-0.5260434537625439,-1.4969492029602265,11.666217315554169,4.342722243920711,0.0,0.0,48.357119999999995,-10826.804238252513,-5813.06949336078,-12452.825615451888,0.0,0.0,0.0,13158.636299124459,-1998.8542940612572,2094.370195181766,-580.6485302649504,-792.6551080700832,1062.5677887174024,0.0,0.0,SUBMERGED,UUV
1781495434.178382,-4.474510088128448,-0.6877651746885095,-14.923221725025439,-16.62900611109813,2.8094164609112133,-18.59891629244086,4.875298648104919,5.149916785972723,-1.7970206825205017,0.0,0.0,48.357119999999995,6017.575560350056,-1329.2034190840945,-11291.77288824629,0.0,0.0,0.0,1676.3823243460217,12478.69141891503,842.5591213457847,651.3610644665009,242.8259400607842,387.8933846382812,0.0,0.0,SUBMERGED,UUV
1781495434.5784044,-4.265905606836076,-0.8530189475175247,-14.805753423153654,-2.9600473023630687,-16.339374555857198,-6.521312869244372,5.391411695541043,2.6426781204160563,-7.602723854335162,0.0,0.0,48.357119999999995,-59.59155579326616,12275.244477642655,-3491.4529136385495,0.0,0.0,0.0,-10024.179858010611,-11614.500273023306,19354.107685469644,105.59370871468597,31.187687329614945,51.31377218865333,0.0,0.0,SUBMERGED,UUV
1781495434.978357,-4.487611592140579,-0.8888896944895429,-14.878429373884119,-0.41752295846202747,-16.86536937958975,14.675351388176344,2.7139683452082246,0.7472116944684428,-12.945702487394964,0.0,0.0,48.357119999999995,-6124.51887596329,-4481.504515123745,16759.17533074552,0.0,0.0,0.0,14085.848016412932,-3767.2231711335094,-7225.994228315858,-308.9186715650595,-925.1957665171196,-640.9236789513195,0.0,0.0,SUBMERGED,UUV
1781495435.4284086,-4.404262443868179,-0.7229097485006415,-14.868657605737525,-15.332284273960934,-8.0197069264048,15.357112506820517,-7.734576362488958,3.509845973022508,-17.52043746629366,0.0,0.0,48.357119999999995,10168.815679948366,-2973.943448223235,15387.571306363072,0.0,0.0,0.0,-3961.2222920777754,13047.041226530117,-5622.786945497857,919.0589395934637,182.51887623363044,-657.57653011807,0.0,0.0,SUBMERGED,UUV
1781495435.8283622,-4.307273120835533,-0.8981335187348638,-15.043582766212875,5.626894426567947,-9.875681440385495,-5.076521717318187,-8.83885856562406,5.722538584686213,-22.160991699491596,0.0,0.0,48.357119999999995,-2713.09139067385,11831.427288804502,-373.4307894889965,0.0,0.0,0.0,-5540.045146555013,-10641.166959851393,-12646.296239749568,-102.58981790258058,44.136073261734495,632.7712655392796,0.0,0.0,SUBMERGED,UUV
1781495436.2283912,-4.511578132199859,-0.8853823136802346,-14.920206336120488,4.689420273686576,-10.423952433684423,-18.6085311557724,-7.945308699867742,7.89154907603429,-25.598515893883093,0.0,0.0,48.357119999999995,-1114.0379274280826,-4867.587998071057,-22262.47212345876,0.0,0.0,0.0,12291.262292721742,-2983.877129111527,20183.053509826423,-118.60548415800837,-662.2603704147657,320.71609161825154,0.0,0.0,SUBMERGED,UUV
1781495436.6283495,-4.2786153440679735,-0.7770617940574541,-14.88489439202626,14.507479628999985,14.262237226110837,-4.671054275405488,-4.541330951071475,7.204574769032967,-28.336424048740398,0.0,0.0,48.357119999999995,10400.126663768557,-645.3675642502088,2723.1956279770743,0.0,0.0,0.0,-13574.603927242199,12259.434147546475,8854.211037521909,68.84234622721974,206.76058030425133,-46.74166870885392,0.0,0.0,SUBMERGED,UUV
1781495437.078556,-4.292529309488149,-0.8965790504638899,-14.875674671553266,14.49727096946286,2.759838757467114,17.88225114590803,6.397930501342961,-2.5610173852911475,-31.069758325658793,0.0,0.0,48.357119999999995,-4612.974827799565,11777.438242452985,1937.028594147211,0.0,0.0,0.0,-6402.397158734981,-4099.080424328348,13564.436982579024,-69.2958133852499,1.3204068726520042,-643.9005123329941,0.0,0.0,SUBMERGED,UUV
1781495437.4283707,-4.509311672087136,-0.8698939835641207,-15.066292124979489,-2.7202331765770165,6.108087827121109,12.76967633270187,1.2395530040266158,4.2055674701209895,-32.27248481024157,0.0,0.0,48.357119999999995,1840.0891115884417,-7258.854050017277,-12826.496806940851,0.0,0.0,0.0,6775.83132969639,-87.13498894095164,2290.769250873816,621.8416618039009,-857.877322691951,852.1202504005731,0.0,0.0,SUBMERGED,UUV
1781495437.8783686,-4.263468632915337,-0.8117478836456538,-15.084185447331462,7.90487667399773,14.47451976572375,-6.80845255192517,7.033571487013233,-7.3411121186982085,-34.57624564504925,0.0,0.0,48.357119999999995,9305.820075429341,-1850.5128913296192,-5884.696094008082,0.0,0.0,0.0,-13915.818696968832,12992.76159380592,-4955.619131568748,181.03680824591416,154.09593409769172,146.38479974055213,0.0,0.0,SUBMERGED,UUV
1781495438.278362,-4.350652133257871,-0.8987324120071031,-14.967743094910215,-11.572458875127598,-4.429987044314577,-17.8947602850818,7.20800687758017,-8.647664040332486,-35.27545823645972,0.0,0.0,48.357119999999995,-9960.044739956384,12588.929516159344,-10692.168769524362,0.0,0.0,0.0,4078.156212378871,-10723.135510038122,22827.996280955216,-69.91215311395743,213.59696183114235,297.24785884526443,0.0,0.0,SUBMERGED,UUV
1781495438.678401,-4.540420629136372,-0.8972620677328329,-14.990706491569238,-13.080943100084593,-8.39712541402579,-3.411295927791708,4.0879460016116,-5.852157099887323,-35.469030190329875,0.0,0.0,48.357119999999995,1532.2465272944653,-3673.635290134235,11637.008499453126,0.0,0.0,0.0,7336.120677858626,-4825.471695009304,-944.6496850292488,566.7055987093454,-772.5757197255381,-609.0952538048518,0.0,0.0,SUBMERGED,UUV
1781495439.1283808,-4.2454650429051615,-0.8334450017298238,-15.00811614546422,1.4633957789778838,3.152483794758345,17.54951199823721,-5.615309179785136,1.974453397985804,-33.58152875425284,0.0,0.0,48.357119999999995,4993.399675360022,-3245.932255875217,10968.561760914876,0.0,0.0,0.0,-13835.042179013752,13201.666523550362,-776.0671051842053,-12.215940197338128,206.63021329218532,115.97229470822715,0.0,0.0,SUBMERGED,UUV
1781495439.5283945,-4.342072389385228,-0.8666906528421119,-15.165598371216621,-16.492955033393848,-16.525314318361744,10.615782998350827,-5.713357052218655,1.4092365597863301,-32.2143305003903,0.0,0.0,48.357119999999995,-11480.955329594342,11394.149196905062,3740.3517684304434,0.0,0.0,0.0,7196.540536770575,-7099.894520798503,-19533.65790906508,26.81801416057261,-179.8157009721254,370.6735344045906,0.0,0.0,SUBMERGED,UUV
1781495439.9284549,-4.4979877225605,-0.9108739133893152,-15.143951392823103,-16.949954161783285,-16.886197135038085,-8.09078793632349,-4.2958326267088305,-1.0270055188435325,-29.627037562645516,0.0,0.0,48.357119999999995,3298.1185837274743,-2288.0242694377935,-17484.27788128937,0.0,0.0,0.0,4892.397192133216,-6171.2732520487125,8042.095079208182,835.1372139627377,-862.8990045750224,637.8033566691508,0.0,0.0,SUBMERGED,UUV
1781495440.32838,-4.204477530041799,-0.8115306173622976,-15.001505596779726,-6.260459483573882,-2.36662632520589,-17.68473163761618,-1.6800483720079162,-5.043364402895719,-26.322630963537303,0.0,0.0,48.357119999999995,-14.659185795569408,-743.9419442819608,1032.2162466895868,0.0,0.0,0.0,-10622.319306886868,12552.831504260048,11545.105733551538,-91.21579897526127,89.01351848749691,70.14663853237371,0.0,0.0,SUBMERGED,UUV
1781495440.72838,-4.412339679083992,-0.843383119488157,-15.14972871918497,-2.978032146488348,2.330213265097957,-2.814792415873424,-1.4612462036523237,-8.770774369263178,-22.951331901743394,0.0,0.0,48.357119999999995,-7794.740656447387,12212.744155641167,22085.87176520093,0.0,0.0,0.0,14680.282929366156,-12784.538775159266,-22307.982734403577,-450.32609413763635,629.122892450056,-717.4183056431175,0.0,0.0,SUBMERGED,UUV
1781495441.1284227,-4.360090808965475,-0.9186619083614345,-15.227558041698336,15.14646287109494,16.988298583672723,17.085925266033584,1.7363575797690725,-11.617799041849523,-18.803987485355375,0.0,0.0,48.357119999999995,10312.526326125337,-4379.262820577884,-4506.376791765947,0.0,0.0,0.0,-5195.184705466827,-3576.261741703584,-6750.9993018103905,369.93450376353263,-394.23357730063975,956.883140027234,0.0,0.0,SUBMERGED,UUV
1781495441.5783734,-4.18858717743083,-0.7732684378892306,-15.229866344471585,-0.05447524511577462,12.105809015273449,10.017957998017927,4.813980789323021,-8.629630210611356,-14.141210547088246,0.0,0.0,48.357119999999995,-1238.4899616221373,-1745.9923546280104,-3487.576309942191,0.0,0.0,0.0,-7575.724364831667,13000.561603583228,-8002.619764601046,-252.63452458230213,166.74315973614006,29.12519711705417,0.0,0.0,SUBMERGED,UUV
1781495441.9783783,-4.434976937668152,-0.8166713279687003,-15.147132454645911,3.2436088979872304,16.679437866363475,-9.948599907726514,2.4486314022829334,-7.354779997652597,-8.854575037302007,0.0,0.0,48.357119999999995,-2805.6057814919095,12906.862186948802,-16162.776134599151,0.0,0.0,0.0,13827.990038625168,-10528.060591135785,23726.797707793114,-279.79595931943027,455.6856270970943,511.71602181343843,0.0,0.0,SUBMERGED,UUV
1781495442.3783827,-4.3398847832047265,-0.9429093922372178,-15.10205287438134,16.900850599472985,6.926436256548835,-16.82626300934514,-1.444093192580229,-4.353484632288464,-3.8646696590473026,0.0,0.0,48.357119999999995,12145.052625348184,-3153.0766390842236,7867.9394738377505,0.0,0.0,0.0,-11601.553695496039,-5492.524752929826,3051.0190648268367,432.04773958136286,-614.4051197370311,-914.3001695592874,0.0,0.0,SUBMERGED,UUV
1781495442.7783618,-4.231153361278334,-0.7290896629682457,-15.28807334704782,15.946295602014473,1.3429059521770228,-0.9395614145308775,-5.79267423676663,-0.6627789888420188,1.5183369904196018,0.0,0.0,48.357119999999995,-6191.673006914494,-2187.1908863433737,7593.537233037786,0.0,0.0,0.0,-1137.3667255531577,13111.423993403609,-21553.598169601955,148.09675597614654,-151.97780644084142,54.28558454587397,0.0,0.0,SUBMERGED,UUV
1781495443.1783643,-4.415298997409774,-0.8277699403063157,-15.300649466065787,3.4353981032449714,-17.149547351253634,17.87973441444953,-8.712185789016207,-3.0685945534846177,6.969721926007733,0.0,0.0,48.357119999999995,293.03579599639943,11849.242485057946,-13236.941012254152,0.0,0.0,0.0,9224.485876808449,-8701.588066884231,3089.692070116149,501.7419834459164,917.2959149565457,918.510220359537,0.0,0.0,SUBMERGED,UUV
1781495443.6283865,-4.223594353577466,-0.9053061870891053,-15.282964007701075,13.583459134725308,-7.669831981060165,7.948671855208523,-11.588815546285197,-14.010171298901769,15.246610194491556,0.0,0.0,48.357119999999995,9931.085015316135,-1585.6427653639357,-11715.894738713936,0.0,0.0,0.0,-13641.180354534548,-7084.614624188298,1336.0247110109572,486.3406289276615,-612.204711311792,651.8718338186842,0.0,0.0,SUBMERGED,UUV
1781495444.0286884,-4.299119440428698,-0.6909955545602868,-15.180352561957214,14.957482177732317,-10.6784097213427,-6.952019545554331,-9.988175889060317,-13.872672825519793,20.466164945292633,0.0,0.0,48.357119999999995,-9697.216433616262,-5095.199730793396,-3456.4813765171884,0.0,0.0,0.0,3799.18621091757,15187.700313001582,19452.800774137777,109.35202753321394,-67.99732742630327,-104.65714396267694,0.0,0.0,SUBMERGED,UUV
1781495444.4283423,-4.388529153958182,-0.8262513368908376,-15.277429502486285,-5.272330036204561,-10.096858789468959,-15.334835831694283,-9.377689145688828,-13.185598787194053,24.376810880473986,0.0,0.0,48.357119999999995,3634.7433159055336,12853.876369204481,22147.106308592225,0.0,0.0,0.0,4331.787721897098,-11341.398551645549,-15996.316851772319,594.72713323263,1059.8337819129215,-1019.8693937001202,0.0,0.0,SUBMERGED,UUV
1781495444.8292625,-4.132162106759088,-0.8259997806985115,-15.363182769140883,-3.1941693504292594,-8.366087935299399,-3.5383078719707464,-6.791466290778119,-10.883905294382686,28.001763193144694,0.0,0.0,48.357119999999995,567.7557885359373,-3217.984184633948,-1034.308304245417,0.0,0.0,0.0,-11654.185268274818,-4905.364036577435,-11450.727684149522,-97.59298082270871,-142.8816858853952,199.7844324272295,0.0,0.0,SUBMERGED,UUV
1781495445.2783175,-4.279790311603229,-0.7200794494848385,-15.409224141865053,-11.650217376364802,-2.269332337535619,18.63152902782798,-5.496728932214675,-0.5174364427991895,29.037048297373772,0.0,0.0,48.357119999999995,-10916.844014048216,-6775.929150704919,702.5720563737704,0.0,0.0,0.0,6186.07723367705,14724.477680028278,-16365.538395343474,49.008103468504245,10.878815426974374,259.4800559185279,0.0,0.0,SUBMERGED,UUV
1781495445.678345,-4.360709530500511,-0.7999780831755802,-15.330114262308026,-13.313102335959263,2.7457383175007495,6.142602375856878,-8.94018250080679,-1.8718625280057544,31.47528655070613,0.0,0.0,48.357119999999995,5712.930912960121,12427.753735957516,-22531.056045484424,0.0,0.0,0.0,1911.530786636264,-8368.58567752178,20870.933176084203,527.7988501437212,1004.1260717393142,985.7006386055771,0.0,0.0,SUBMERGED,UUV
1781495446.078313,-4.134644896554381,-0.7989433448897404,-15.208593670609558,-11.499904108563172,16.667742383045308,-12.716852411170319,-11.575090431425213,-5.90735426631915,33.51672515644061,0.0,0.0,48.357119999999995,31.923084488720118,-2248.930253148247,3255.2036136164334,0.0,0.0,0.0,-10994.504583848573,-6523.722784549032,8396.074499961374,-219.31657602566702,-290.1697883178916,-225.8719048410558,0.0,0.0,SUBMERGED,UUV
1781495446.5283833,-4.372901562414036,-0.7079425222751201,-15.308108433342504,-16.662911769473524,13.848461863259853,-12.718529612144245,-20.07756639116534,-13.866639668569507,37.80802064282178,0.0,0.0,48.357119999999995,-11061.988861793243,-4755.299748688673,2596.126798130684,0.0,0.0,0.0,12963.012268764007,14132.49561935518,8972.14329257474,-92.87080482099597,64.99434050000664,-110.11347906967458,0.0,0.0,SUBMERGED,UUV
1781495446.8783631,-4.255234489423058,-0.810019357457743,-15.436308002339374,9.938809685470321,-4.124997257240667,1.3607169237103407,-16.974214153694913,-10.691589461596315,36.44752572338985,0.0,0.0,48.357119999999995,11335.478057963102,11658.62844847431,-13889.860608321795,0.0,0.0,0.0,-6709.212107743044,-11772.321436467622,3865.375890805624,803.0669057523461,875.053718265448,1506.759998673666,0.0,0.0,SUBMERGED,UUV
1781495447.3284147,-4.08571444039424,-0.8050964930875087,-15.42157820625447,-4.084896585408205,7.407899806508657,18.41555534865586,-15.443214260838662,-13.256594604008635,37.47640516202122,0.0,0.0,48.357119999999995,-358.8375885902662,-1328.4812934988981,-7012.769499004183,0.0,0.0,0.0,-9034.225365060385,-7473.592582835642,-4090.744625545698,-345.1100562516323,-439.23124724184015,244.90708309008477,0.0,0.0,SUBMERGED,UUV
1781495447.7284055,-4.380964363603324,-0.7474429740501158,-15.374941472082915,-0.958062078837145,2.1459621531483815,5.090574647514492,-13.45343062014414,-11.349314638347312,36.406272415409894,0.0,0.0,48.357119999999995,-6869.954397792475,-5685.747248862548,-9344.494681390557,0.0,0.0,0.0,15358.779418057806,15281.265263156252,22670.762674241385,-242.8816170775935,-149.2604151123416,319.4077664072698,0.0,0.0,SUBMERGED,UUV
1781495448.1283863,-4.260057901244714,-0.7728118931153375,-15.374911588419604,16.996217455164405,-17.166055171541014,-14.554392426732935,-10.205579778493597,-9.504148224955342,33.8443667925887,0.0,0.0,48.357119999999995,12578.47226581726,12873.272688127508,19028.35186663769,0.0,0.0,0.0,-11200.255892865467,-10950.722572628196,-10283.879622017275,798.041691463602,1104.4511043386942,-1529.5123414493185,0.0,0.0,SUBMERGED,UUV
1781495448.5783806,-4.098099591005435,-0.8306871953086035,-15.332293106480668,3.6879845723310654,-7.5721226785938995,-12.44065722754324,-6.249824992503208,-9.56471971303424,30.38203066258899,0.0,0.0,48.357119999999995,-1805.5564200295582,-761.0267466228509,12122.093909050918,0.0,0.0,0.0,-7065.590889481828,-8390.439175391733,-1662.366512179865,-642.5028049328903,-625.2930967036222,-371.49925438542874,0.0,0.0,SUBMERGED,UUV
1781495448.9783707,-4.318388129778901,-0.7800677201881686,-15.560555774958491,7.230191064622012,-12.08460758984546,6.319530999947628,-6.402489177695995,-12.149841009599857,27.57174301517504,0.0,0.0,48.357119999999995,-2452.447193513556,-6445.532780448523,2900.470062345392,0.0,0.0,0.0,13305.475349299828,14563.044692861316,-19225.318619503847,-109.34042594106393,-42.32387166552502,-164.86164194373814,0.0,0.0,SUBMERGED,UUV
1781495449.3783953,-4.216472578584668,-0.7478437295284005,-15.517476881233994,16.302360531046766,-12.256269738087358,18.374137494742016,-9.546679112285345,-15.583757549122756,24.20567960741485,0.0,0.0,48.357119999999995,12295.657709800384,9716.149761743738,-18290.89523061947,0.0,0.0,0.0,-10770.214404856564,-3389.0967606369504,9122.977759492185,877.2578751222321,1145.0801106341512,1522.6619206865005,0.0,0.0,SUBMERGED,UUV
1781495449.7784355,-4.133929023809876,-0.8858420793406542,-15.327513633194043,14.058736932227594,-7.027766310251064,4.529018991992869,-10.061798289918439,-21.04389167432641,20.274467528537578,0.0,0.0,48.357119999999995,-5676.373638092913,-650.5566485152916,-3.0827440300032527,0.0,0.0,0.0,-1855.6379952502227,-8682.44257933618,14139.862597773787,-2.7883272265474237,14.135485149034093,-369.9627351587022,0.0,0.0,SUBMERGED,UUV
1781495450.2283893,-4.357528375544958,-0.7757665677257598,-15.44944894364406,13.685194079614904,-2.4082257516442853,-16.239880285383865,-12.693447367151379,-17.323883458555045,14.761349580966083,0.0,0.0,48.357119999999995,-266.12140094141654,-9036.534096815505,-253.38972891120798,0.0,0.0,0.0,11636.756568419007,14883.617273296408,15520.475102792407,-43.9924837106526,-12.329422638988516,143.00777589698714,0.0,0.0,SUBMERGED,UUV
1781495450.6283717,-4.159799954253774,-0.7384426955107902,-15.476896194017776,11.293670093355999,1.121133129972109,-11.043346064012106,-7.995129246115978,-14.224556931637617,9.148677888455033,0.0,0.0,48.357119999999995,9248.0873193767,9179.823133016373,21914.756489157706,0.0,0.0,0.0,-14355.830599483168,-2083.969888686215,-15104.514484750118,404.0202362727314,1302.0013575029525,-1075.9703907519597,0.0,0.0,SUBMERGED,UUV
1781495451.0283904,-4.0967127061526964,-0.9474387978513065,-15.603990503668731,-5.009454191121185,16.491549865968462,5.906490999144098,-2.532157300239571,-11.32525806205908,3.0786654607602286,0.0,0.0,48.357119999999995,-9464.17614505111,-72.46946239231272,-776.0702425640729,0.0,0.0,0.0,3606.986840723961,-9900.738790549822,-11818.148629641699,-114.96341810131496,-59.28440585017185,467.7665601230906,0.0,0.0,SUBMERGED,UUV
1781495451.4783459,-4.242835471179731,-0.8007154891556895,-15.665823869899778,9.17340458968464,12.934800742079783,16.654786696142626,7.460300471232764,-19.537265352551685,-3.284191177588437,0.0,0.0,48.357119999999995,473.63032236027857,-11416.461701990074,-321.9873532296765,0.0,0.0,0.0,8819.43383149147,12166.666750203658,-12958.625138907102,-3.0785729802395423,-48.29481611489626,356.63678239181087,0.0,0.0,SUBMERGED,UUV
1781495451.828393,-4.062717454406409,-0.8224085022785811,-15.43239205120605,-15.187397953303677,-3.6768404800192247,4.043244090048643,6.461700227654428,-12.995158329071595,-7.445803328773545,0.0,0.0,48.357119999999995,75.92701601573148,10457.310498618319,8034.894327244041,0.0,0.0,0.0,-10621.541252011186,-4742.697791745673,2718.2383120174054,-420.058023219416,668.1494332061046,-733.8058480279193,0.0,0.0,SUBMERGED,UUV
1781495452.2783258,-4.1934603679829685,-0.9824776143048619,-15.478622667392365,-14.019345818054617,6.95405343069088,-17.954109742139227,8.51112243069215,-23.21852185101174,-15.512594488101556,0.0,0.0,48.357119999999995,-11897.92259676015,264.29680918609836,2340.095322271501,0.0,0.0,0.0,8911.273527439025,-11674.851773165949,9416.727551107013,-223.57851995371763,-139.76000622881355,-489.6971638028827,0.0,0.0,SUBMERGED,UUV
1781495452.6283321,-4.150580821598548,-0.7665869773107665,-15.63737034507229,-14.36609330868016,-11.285056096569736,-14.45079308544209,13.380430240114293,-19.301693732286857,-18.19515940624937,0.0,0.0,48.357119999999995,8972.735783874221,-5658.570637558472,-13678.025360210926,0.0,0.0,0.0,-2335.107239203221,14227.06972890779,3631.6506112010006,774.3285431669354,-267.13067534980837,782.9154495695213,0.0,0.0,SUBMERGED,UUV
1781495453.0783262,-3.9770694771344393,-0.8421041583124778,-15.626007335545161,-9.48893750330395,-16.617561229889873,8.614115037676235,6.964623623400131,-22.560784466902025,-24.636366168895425,0.0,0.0,48.357119999999995,173.05226594387915,5170.902764707457,-6170.873205040505,0.0,0.0,0.0,-10973.372639817095,2651.0399671481127,-4939.481584514792,-289.10185878505524,485.4663011350182,402.4489150932785,0.0,0.0,SUBMERGED,UUV
1781495453.4783585,-4.271471890750194,-0.9531899748269498,-15.56212216318412,-8.504228316628721,-16.81452088443448,16.22012114023286,6.798120181202707,-19.597824631793667,-27.89132509333979,0.0,0.0,48.357119999999995,-6675.444820850756,-159.93864767168847,-2785.1760067366454,0.0,0.0,0.0,15288.454659377727,-9680.980308573126,18913.407174176915,-86.87591650108882,107.691352450914,117.94776668689437,0.0,0.0,SUBMERGED,UUV
1781495453.8783538,-4.140584873416267,-0.8218231264777369,-15.580794870890086,10.748239839852227,-0.6430262146117811,1.9297217911690778,6.833337036539895,-17.302224001970597,-30.46291542020547,0.0,0.0,48.357119999999995,11911.144316585314,-7866.3496279239735,17926.120263036093,0.0,0.0,0.0,-7295.6728847033655,14383.871914259595,-8829.668055256287,952.1851363963601,-443.9412463520889,-1048.6921532824033,0.0,0.0,SUBMERGED,UUV
1781495454.2782953,-3.973782713707112,-0.8960386814815128,-15.708740003143717,15.046338244334754,4.902648624246427,-18.265046798850893,3.5909212283297656,-14.069958308778215,-32.081379204147595,0.0,0.0,48.357119999999995,-2204.237733590444,8568.266556285413,27.45576552412832,0.0,0.0,0.0,-6108.512423145888,-2271.5093492732476,-14183.298731269959,-36.93472094999177,-31.739419061356116,545.5572883508521,0.0,0.0,SUBMERGED,UUV
1781495454.7283847,-4.178584220929535,-0.9469983304884816,-15.770935318926464,0.002754125201975599,-6.447341399686821,-7.546694268187492,14.111878139767141,-14.23614295307013,-33.19609639907174,0.0,0.0,48.357119999999995,-7114.349968019371,1139.4702852760713,4771.286560570768,0.0,0.0,0.0,14687.718240948489,-12293.751378195819,-20559.12120900406,-86.19943465975985,122.65936226867116,-162.35057393514597,0.0,0.0,SUBMERGED,UUV
1781495455.1283176,-4.078217265128771,-0.8528002191531072,-15.687196997684987,16.992566035933102,13.540358485900983,11.406808307388076,15.463059108583115,-17.689661581075715,-34.604561357614436,0.0,0.0,48.357119999999995,12545.919620958019,-10744.663600092043,-21873.18613717651,0.0,0.0,0.0,-9280.773293790457,13961.46424349512,15170.161994167604,919.9311809288231,-907.0836447827595,1303.2833421892801,0.0,0.0,SUBMERGED,UUV
1781495455.5283108,-4.030446340146249,-0.8908215458573988,-15.528343776080279,16.883558146045708,16.84415146441252,15.113275183874507,19.860930524617807,-21.431939922590047,-35.946642807840405,0.0,0.0,48.357119999999995,-3750.930118985645,6909.148746458945,936.6792844032757,0.0,0.0,0.0,-4437.138843781711,292.3927826303375,11364.960863831824,-161.2221529596453,113.4600872031971,-691.109936134571,0.0,0.0,SUBMERGED,UUV
1781495455.9783928,-4.2406406625129005,-0.9361377211724368,-15.670736904361382,10.224024218257854,7.661206230967343,-3.1143887384549904,16.002252190572406,-20.722068528580927,-36.435485931611105,0.0,0.0,48.357119999999995,-4692.613557556744,2730.6851310414518,-831.7221345185119,0.0,0.0,0.0,14891.445128757416,-14286.457214103384,16827.787860870427,-67.93967976208705,30.971780744689728,239.27822872662333,0.0,0.0,SUBMERGED,UUV
1781495456.378361,-4.053714049877804,-0.8869577744065774,-15.70743420232774,14.546508761565068,15.09178933363481,-18.937254233602125,14.202510420958836,-20.288483498076285,-34.4007354043673,0.0,0.0,48.357119999999995,12582.347800253641,-12916.254251758415,21188.91242733098,0.0,0.0,0.0,-9556.229826546338,10297.939980458505,-13582.816981356209,863.6361106665498,-1170.2890666686797,-1548.0903735037189,0.0,0.0,SUBMERGED,UUV
1781495456.7783685,-3.929901435188604,-0.8580861072364954,-15.788478892129051,11.628314404144371,10.566231738450927,-6.999782786918056,9.731498542785715,-17.18847259975769,-31.800548580870824,0.0,0.0,48.357119999999995,-5990.668329357218,4994.266572077735,-3497.1298938168657,0.0,0.0,0.0,-1500.6786091430856,2789.8631765214504,-7948.599624182036,-322.0197468694841,286.29246681281785,774.03699854713,0.0,0.0,SUBMERGED,UUV
1781495457.1783462,-4.224644895517611,-0.9313064484763877,-15.73560746714655,-4.838903927022187,-8.371048991614044,12.09266034120831,6.140288698445136,-15.268231092618707,-28.697298795748605,0.0,0.0,48.357119999999995,106.73032958898548,392.6518166404697,-14593.065026748436,0.0,0.0,0.0,9633.39051152128,-11477.77466397345,23137.328284183295,-147.0677709503621,164.03616191572152,13.718534749436623,0.0,0.0,SUBMERGED,UUV
1781495457.5783637,-3.9830431063446357,-0.8920414429123931,-15.652819335078751,-6.064205965125923,-12.850167310184744,15.085205295394909,4.326802500733047,-15.676348814128835,-25.209764706079966,0.0,0.0,48.357119999999995,4819.4789404175335,-10689.565948268437,8517.275213918996,0.0,0.0,0.0,-13785.577136212029,13406.254276720258,1993.739571219304,-89.0281099420262,-447.28200088027415,-434.17726565834323,0.0,0.0,SUBMERGED,UUV
1781495458.0283687,-3.980678333593024,-0.7834961103952632,-15.62520938540825,-9.775462331652227,-15.875538019547722,-1.5438810683550697,7.929268561714858,-27.273001725002366,-21.032534953243005,0.0,0.0,48.357119999999995,-9698.008898286967,4247.844902857711,7238.658418388008,0.0,0.0,0.0,-784.6305529737419,7042.519006212042,8830.643727144381,-574.4813467717235,477.84511134497046,-1023.7001382353948,0.0,0.0,SUBMERGED,UUV
1781495458.3784103,-4.117555261198167,-0.964941045834323,-15.837414812677851,-15.027724269202913,-7.268222237088368,-18.634755192560636,-0.6949881622831786,-19.920815368210526,-16.831450182123973,0.0,0.0,48.357119999999995,6727.9765929148525,-775.7985319405005,-20575.060585526277,0.0,0.0,0.0,651.7643337294521,-8185.700800244966,12942.062834521383,961.8546887037515,-617.6787737261847,638.1428207534767,0.0,0.0,SUBMERGED,UUV
1781495458.8283868,-3.8812925383842067,-0.8712292543087323,-15.794724051133331,-12.483397929691957,-2.5849292331720184,-7.487794576246525,7.779824512056455,-29.9547484378029,-10.978357053867837,0.0,0.0,48.357119999999995,1646.9530935735156,-11844.68829648565,-12881.54351192661,0.0,0.0,0.0,-12649.315966914915,10901.540626801258,2931.446401963551,-223.32379720809902,-855.4468465627224,736.8354010936321,0.0,0.0,SUBMERGED,UUV
1781495459.2284148,-4.104161434128402,-0.7715313621442849,-15.743109828505627,-11.731257845778888,2.8940151863363686,13.090010615229492,7.122350454967964,-30.837284484561618,-4.902242846387166,0.0,0.0,48.357119999999995,-8040.817935977031,6794.340671537233,59.73599136839329,0.0,0.0,0.0,14609.26359106263,384.87143838573775,13707.159809934892,-21.72205684186922,-9.799157605490503,-259.4419353086088,0.0,0.0,SUBMERGED,UUV
1781495459.6283813,-4.036148016561124,-0.9682565122113621,-15.846538118073878,4.121187395428327,16.604122658605913,15.015534903996711,5.507642466566782,-28.492424390156735,0.8351567598544988,0.0,0.0,48.357119999999995,11170.524491015562,-97.28955862031992,22575.293430914386,0.0,0.0,0.0,-5473.8834793863725,-9071.84670266517,-18246.569174509525,859.6512801433242,-446.3422226607828,-610.7963636544032,0.0,0.0,SUBMERGED,UUV
1781495460.0284536,-3.862855386885913,-0.7380715591063818,-15.874630750540021,7.859807946272256,13.706533387030529,-1.9548725455796843,1.2265629478287166,-23.861078235202193,6.96114927494266,0.0,0.0,48.357119999999995,-3813.308896963582,-5946.943855310826,-5295.215243932068,0.0,0.0,0.0,-4347.624145249235,14435.505635776197,-5780.710137853475,-412.9884048071519,66.71355375257052,275.1289461299236,0.0,0.0,SUBMERGED,UUV
1781495460.4783754,-4.016624825111927,-0.7690132221163551,-15.98740444833069,-6.798243152503167,16.959284645957055,-18.19241052450626,-11.721198091429935,-20.11996518027398,12.028898923501265,0.0,0.0,48.357119999999995,-3853.392546749881,4054.604222154578,-936.5636022592925,0.0,0.0,0.0,14109.057918050457,3835.0478936973923,-11557.551719098796,30.252740004817618,108.64841269600963,179.50595571809055,0.0,0.0,SUBMERGED,UUV
1781495460.8783836,-3.942038657631282,-0.9183485127752758,-15.778562626846695,12.69932171967002,5.460593543512383,-5.302847000475872,-16.72202884560587,-22.42244092179382,17.615770423751776,0.0,0.0,48.357119999999995,12555.564332154276,11.493458957060158,-14369.829356709577,0.0,0.0,0.0,-13282.767664858406,-10330.41269528098,23366.1236196526,303.30147147619175,161.84544741730969,281.68759164699844,0.0,0.0,SUBMERGED,UUV
1781495461.2783709,-3.930284213820085,-0.7207835688144755,-15.782992910028288,15.229115478308042,1.6735390207862681,15.947988186748995,-19.42954900678742,-24.177146727821256,23.701384032869225,0.0,0.0,48.357119999999995,-6934.278679582996,-8443.94975629366,8564.146222965246,0.0,0.0,0.0,-594.5776925078831,14043.394759889517,2168.291772781965,-570.9625657391597,-212.84086581900738,-717.3260135079488,0.0,0.0,SUBMERGED,UUV
1781495461.6784098,-4.001956453279593,-0.8057961312898237,-16.024743969824883,10.303578346239508,-16.96136508521602,12.930397758947569,-24.67517937274672,-26.419103691906514,28.957061132435815,0.0,0.0,48.357119999999995,107.43371898671842,7858.716639156856,5943.099839574225,0.0,0.0,0.0,9435.174106890161,-1161.4500576089727,-20663.46196715158,-166.9987817916264,-158.5811250705936,198.91640966194763,0.0,0.0,SUBMERGED,UUV
1781495462.07836,-3.8075307179915883,-0.8513305567799586,-15.843397639083982,6.845370558179443,-16.449939209782073,-4.322504346229799,-24.871629032768826,-28.00662928050105,33.8799487670855,0.0,0.0,48.357119999999995,3465.0222026405136,-1693.293032814467,-20272.20813051688,0.0,0.0,0.0,-13748.08534535632,-6882.042805532787,12876.858803872434,179.59035157119635,-760.3664266544365,273.3851294432142,0.0,0.0,SUBMERGED,UUV
1781495462.528389,-3.8573313099780977,-0.7450158307914693,-15.967682217913515,16.30696612328321,-14.120509919807962,-17.090770911763503,-13.042375104681227,-20.832066700130603,34.48736761250967,0.0,0.0,48.357119999999995,-8682.134498103374,-11242.89218850538,-12521.750759348404,0.0,0.0,0.0,1917.3652289326928,12501.63086010225,2258.694971091063,-797.2982531509261,-715.7816934768272,1323.367016249148,0.0,0.0,SUBMERGED,UUV
1781495462.9286532,-4.071944147698356,-0.7949083723155392,-15.885205877844715,2.2456338119805728,-9.475537419603418,-3.6154296161559625,-12.723958381973604,-18.22824941118668,36.18129024329675,0.0,0.0,48.357119999999995,771.6795623436733,5941.41565642358,-1669.2706834277892,0.0,0.0,0.0,8312.943417211167,1468.0656135870213,17399.791867708707,-115.6923322051788,-125.57871433942044,-326.0265477429173,0.0,0.0,SUBMERGED,UUV
1781495463.278367,-3.7335412108847033,-0.8083559223531726,-15.94526960952137,-10.683770243058255,16.249001372165395,13.923104946827937,-20.296959091650002,-25.020198528701755,40.10962573855823,0.0,0.0,48.357119999999995,-564.9997150294089,-3662.599465021324,-6870.014994793438,0.0,0.0,0.0,-8622.396246926432,-4561.073401242304,-4275.176724010954,-368.59486538364627,-486.90557202864795,440.69500109181234,0.0,0.0,SUBMERGED,UUV
1781495463.7283921,-3.9205423635408985,-0.7452972788479767,-16.074932839899848,-16.93302146942971,13.731452241807922,11.979123030929207,-13.845644927431506,-15.937099546256297,37.1528564001744,0.0,0.0,48.357119999999995,-11362.056016595934,-6410.742780473205,-1850.2797717214485,0.0,0.0,0.0,12281.606384307364,14572.638218660293,-9987.300410672413,-186.89258277147704,99.0258150059373,299.11261131162127,0.0,0.0,SUBMERGED,UUV
1781495464.1284833,-3.968409311292055,-0.7935399826416087,-15.977256285981603,-16.80167871074035,16.65322635492035,-6.099665196417592,-14.051990719064205,-16.756016678432637,37.473045540529014,0.0,0.0,48.357119999999995,7772.390631292623,10702.41120872522,-19338.236222468844,0.0,0.0,0.0,-791.4734563978327,-5154.4620659716065,23145.37894823595,14.099026281350561,214.43773095496203,249.11317014979312,0.0,0.0,SUBMERGED,UUV
1781495464.528386,-3.7736932541604675,-0.8165356944257077,-15.844104861477785,-4.37270585738837,6.298169495990882,-18.250445401029044,-17.243463187815557,-21.360680892006894,37.66555847500554,0.0,0.0,48.357119999999995,-1925.3457062301186,-3020.2406560344957,11845.898261598224,0.0,0.0,0.0,-6944.19427101749,-5655.469536892231,-1168.892337689083,-658.3184718939873,-704.5634020299215,-589.3693375474467,0.0,0.0,SUBMERGED,UUV
1781495464.978416,-4.002606529407007,-0.7631531406031088,-16.021400212934253,-13.489326744065487,13.619113743167045,-3.214990912066688,-28.207597719768376,-30.141732292727628,40.69707944320095,0.0,0.0,48.357119999999995,-4678.37188625181,-4242.1559601353065,11120.967759988123,0.0,0.0,0.0,13723.516909922339,13574.032189244903,-885.5299372155719,43.47105109248463,63.464539821268076,65.34148448972589,0.0,0.0,SUBMERGED,UUV
1781495465.428413,-3.9670534376047693,-0.7614049846234316,-15.975578358443869,-14.814807240422075,16.27190835089567,18.779774675806124,-17.029911405793655,-23.753458779642337,35.25012560568546,0.0,0.0,48.357119999999995,10163.330390377954,8619.456911971869,9486.81501860021,0.0,0.0,0.0,-4244.191242195745,-1736.5723020224186,1325.6912873681267,612.4953654647907,772.3947617767423,-1358.7042683145055,0.0,0.0,SUBMERGED,UUV
1781495465.7783546,-3.7481671666495155,-0.8443967621822966,-15.9645552143653,2.9793053975561556,-7.469305651619985,11.804503456442301,-25.4664041184327,-31.71641657337925,35.19751261820512,0.0,0.0,48.357119999999995,-6823.262239192979,-4013.252861184169,-22347.26317886257,0.0,0.0,0.0,-499.2004882064134,-3999.9298765852805,16363.138873065827,-934.3601099480128,-959.9704273236342,886.8386309904685,0.0,0.0,SUBMERGED,UUV
1781495466.1783936,-4.022378077098306,-0.7595062796690399,-16.0418615026279,16.703983519175484,-13.869340492913835,-4.517383578835214,-19.449903321540116,-29.882552711324088,30.18365454701457,0.0,0.0,48.357119999999995,122.53920100146581,-1244.0469055086837,1054.7759469905643,0.0,0.0,0.0,10087.15087862215,13117.358021670783,11516.50722759764,104.67904549296489,86.75984026601103,67.8496920657401,0.0,0.0,SUBMERGED,UUV
1781495466.6283617,-3.8517409330269627,-0.7484562141652684,-15.949058036568172,9.987523939008693,-16.75537796822297,-17.11560913788233,-5.045859382453427,-23.58414980485123,22.948214198702274,0.0,0.0,48.357119999999995,11405.660163243947,9252.469566191161,-385.81745130946445,0.0,0.0,0.0,-13031.734786852448,-3163.9391341079267,15513.168703075029,-30.472817888125867,-29.528582022055204,-379.233689573602,0.0,0.0,SUBMERGED,UUV
1781495467.0284076,-3.7125954210902172,-0.917201524482309,-15.990564138349534,10.811089052202018,-16.042855696393524,-1.8740989751933121,-0.8391264414980057,-28.17237767875418,17.998925065416014,0.0,0.0,48.357119999999995,-8340.895818699531,-802.6436930418878,21308.57815440501,0.0,0.0,0.0,1075.3747406105213,-7653.545879019085,-14505.324426552868,-1017.537844558077,-586.1823895367667,-719.3365641176576,0.0,0.0,SUBMERGED,UUV
1781495467.4283638,-3.8517686643781754,-0.7429709059578116,-16.208042521681715,14.316634291080252,-2.127660732762064,17.107208018075678,0.16550931576752057,-32.992888231428644,12.053034192185102,0.0,0.0,48.357119999999995,1690.0357994884835,-2725.2402388464916,-3402.616799367235,0.0,0.0,0.0,6998.09873022295,13534.478996926602,-8102.066676750019,219.2583887126917,102.60920687596946,59.127281788102835,0.0,0.0,SUBMERGED,UUV
1781495467.8782973,-3.662833354608447,-0.7638463882766967,-16.125462591378458,14.454111938675997,-11.19999857551228,8.780414419862119,-7.630155973572545,-37.65377315672943,4.792278472168701,0.0,0.0,48.357119999999995,7236.931108113725,6619.489132847465,-230.966307597888,0.0,0.0,0.0,-14581.150930119797,441.0987837104858,-12991.427454803072,-43.36070227483793,88.88581878775857,303.0802323708713,0.0,0.0,SUBMERGED,UUV
1781495468.2283223,-3.8242681671566774,-0.9674316781557594,-16.030290877472595,-5.1932090550545205,16.466214781912104,-7.225854367270679,5.003770239007525,-37.61329493074524,-2.4006893163315253,0.0,0.0,48.357119999999995,-11535.767391104455,-2460.405688511845,7413.867179200968,0.0,0.0,0.0,12403.244117200275,-6317.460231060588,3543.302076992268,-424.6795314732233,-456.3920769059665,-783.776519112432,0.0,0.0,SUBMERGED,UUV
1781495468.6783237,-3.8677232758655835,-0.749727628672364,-16.07854721848339,9.07818090940667,14.319043119087402,-15.925129527991908,-0.916487554778426,-32.73764237352147,-7.92122039580788,0.0,0.0,48.357119999999995,5097.58457518732,-5118.942736055196,6467.987668687687,0.0,0.0,0.0,2886.0400058597443,14019.741272408417,4516.877968582656,489.4832877311445,126.5165171584542,-318.27342593176866,0.0,0.0,SUBMERGED,UUV
1781495469.0284057,-3.637431943682981,-0.8987053892587625,-16.082451750106873,-14.904279027591901,-4.44582469448497,-3.0878803579110508,9.045028148026562,-37.961006756336474,-15.643749871665609,0.0,0.0,48.357119999999995,-2012.4954437390102,12190.81142119192,-19068.66438624871,0.0,0.0,0.0,-6456.977016248672,-11651.598614163517,10528.092708500835,-780.8107893995699,1028.862961532482,1043.5819490884057,0.0,0.0,SUBMERGED,UUV
1781495469.4783418,-3.762929449927167,-0.9578908490506931,-16.22408330821877,-12.861388617117585,6.299516339649177,18.372059228914765,8.099274634729328,-25.54294578971756,-18.41109588119165,0.0,0.0,48.357119999999995,-9095.095549188409,-1068.2731736497055,-11224.87004258923,0.0,0.0,0.0,14091.977946583285,-7905.91661982893,814.8988459911413,-386.3088642361533,-632.8593290655579,521.2149386438923,0.0,0.0,SUBMERGED,UUV
1781495469.8783572,-3.7684072921760645,-0.7935791155320395,-16.062712480357575,-14.045153062073863,1.7240740243704038,8.230132219371972,13.557270363779828,-25.11312498838072,-22.630205941618616,0.0,0.0,48.357119999999995,10646.44060008852,-6375.230764199251,-3496.332996263444,0.0,0.0,0.0,-5267.253923549924,15582.614286568547,19477.656297363843,-150.2533688666847,-143.53771749166754,-72.56404696069407,0.0,0.0,SUBMERGED,UUV
1781495470.2783327,-3.628360739236738,-0.8881167546580124,-16.043287164405925,-10.283758994975006,-17.093388572245217,-9.961596640719483,18.03603453966542,-25.09021607006255,-26.913505593857597,0.0,0.0,48.357119999999995,-2100.3232549113914,11364.21645085447,16937.19405306295,0.0,0.0,0.0,-6439.994395696901,-5877.182741703368,-7435.65002140929,-846.7723015457627,1078.2697043427092,-1146.5356460726002,0.0,0.0,SUBMERGED,UUV
1781495470.7283525,-3.8152702937016554,-0.9622482553213475,-16.216905488203274,-16.751130992550582,-9.553277204142017,-14.344219893363935,29.191858489982334,-31.129348993001184,-34.54486481850867,0.0,0.0,48.357119999999995,-5038.380567981505,-430.5096114299172,15744.11820339545,0.0,0.0,0.0,13855.893787874742,-8551.350963240027,-6335.0193746700115,-112.82998407365397,-647.1462802146679,-152.042359994845,0.0,0.0,SUBMERGED,UUV
1781495471.1284041,-3.6171637674032318,-0.820352885302533,-16.24389074655505,-16.05540611336766,-13.222215940845107,2.855726953766226,29.034409480027772,-31.34053412603181,-38.06830524965301,0.0,0.0,48.357119999999995,11113.618463812658,-7654.305752691238,717.8538747272216,0.0,0.0,0.0,-6790.558138221773,14652.519177295357,-16364.210738714764,-103.82988651676956,-53.23958997206019,269.7728663843098,0.0,0.0,SUBMERGED,UUV
1781495471.5283399,-3.560082582026672,-0.8928301549593807,-16.158296684741124,-2.952842132072863,-11.029900782135817,18.60522820148638,26.012062897189104,-28.686434752845237,-38.47794670311223,0.0,0.0,48.357119999999995,-3262.696718729016,9248.586829527942,-21169.844159402295,0.0,0.0,0.0,-4910.69815201863,-2681.193978816379,13549.1550066275,-842.5406655033795,1205.5147565231725,1089.6945187289502,0.0,0.0,SUBMERGED,UUV
1781495471.928325,-3.851037814873685,-0.9368380660653554,-16.225922549379877,0.04422884489834367,-6.008838102199529,6.504508105037225,24.305794260593085,-24.239705997073145,-38.18543611952259,0.0,0.0,48.357119999999995,-2.299557021899459,-1744.5905093805402,3060.044002749157,0.0,0.0,0.0,10690.675421856962,-7198.474887368744,8663.807713297812,192.09851798598908,-270.92762903373153,-199.1285968257337,0.0,0.0,SUBMERGED,UUV
1781495472.3283436,-3.5474772101097387,-0.8495782285300366,-16.21543455349102,17.057356443714824,15.29057679926256,-12.908454044357162,20.97448546891475,-22.150010476851566,-37.155002301108915,0.0,0.0,48.357119999999995,8361.41900508866,-3687.587036469977,17372.32032034533,0.0,0.0,0.0,-14487.39462190313,13795.463696766019,-23844.63690677725,270.2804072870997,-156.69294937486964,-251.90706575261493,0.0,0.0,SUBMERGED,UUV
1781495472.728321,-3.5488154994183168,-0.8907594426967163,-16.30524078278818,16.398414399350035,16.65361997319137,-14.401443816653323,18.062210992265133,-18.432487127366848,-35.43408009156957,0.0,0.0,48.357119999999995,-9238.597882528553,11178.259685641242,-7674.520957383872,0.0,0.0,0.0,3017.823256325452,-7063.443408387201,-3136.194510041418,-579.1574234392177,591.8810804350331,1348.9093871941175,0.0,0.0,SUBMERGED,UUV
1781495473.128326,-3.795575907675406,-0.9276018793139673,-16.224664448745806,3.0360424138668165,4.626473532222557,0.34104055975222125,15.329955667637593,-14.82825688092147,-33.47376212927804,0.0,0.0,48.357119999999995,3114.2252092199365,-4250.1773025178245,-1007.8098277467359,0.0,0.0,0.0,5036.110043758263,-3600.8534703422,16471.796372208042,-97.09659218169442,93.88213337460166,-392.25146608184434,0.0,0.0,SUBMERGED,UUV
1781495473.5283465,-3.4711667392553225,-0.8453459951019371,-16.193176633672557,1.5470478749821712,1.6835507949546094,18.311019864685584,13.66748770081187,-14.055199636808178,-31.05363369876724,0.0,0.0,48.357119999999995,268.9703984238205,-229.75518216008638,20190.930659056572,0.0,0.0,0.0,-10554.302989051583,10383.550627356108,-13040.500142464407,-274.44712895099735,375.5566480911387,56.800045494028026,0.0,0.0,SUBMERGED,UUV
1781495473.9782813,-3.6235735235610758,-0.871764493693542,-16.248278182779334,-1.1619313802965259,-2.91884115203294,7.3742047661826495,22.29607832017797,-22.616126054529257,-30.956963199968545,0.0,0.0,48.357119999999995,-12653.651991770412,12771.056958047968,18707.48081553873,0.0,0.0,0.0,11669.09549052067,-10144.12134063363,-9905.603152225513,-906.6549364070937,1005.3228924221306,-1548.625569009067,0.0,0.0,SUBMERGED,UUV
1781495474.4282925,-3.7517809170067067,-0.9398344611442628,-16.335753187571942,10.910717754071209,6.925272900886009,-14.468788055432896,25.072570072716005,-22.70491762217196,-28.335544700203293,0.0,0.0,48.357119999999995,2082.6666402896326,-497.25556614519695,11727.076678379344,0.0,0.0,0.0,6672.173322894354,-8846.589226563585,-1218.7789036411311,614.6584950496566,-658.3091944738541,-360.90903596516114,0.0,0.0,SUBMERGED,UUV
1781495474.8283358,-3.436283298401439,-0.8344453930913417,-16.34189477090352,8.633268923242259,3.3120423333713616,-12.68474101101781,22.12363111515324,-20.63078114804748,-23.542519656889525,0.0,0.0,48.357119999999995,1853.0499750654853,-7551.442039137627,3220.3187068153334,0.0,0.0,0.0,-12840.43855344336,14690.555943574323,-19429.52981110335,69.03061020164026,-60.13100701462003,-145.6739506946444,0.0,0.0,SUBMERGED,UUV
1781495475.2283773,-3.5445699316025667,-0.7827283513771833,-16.374459038912605,-9.061003752673546,-16.305975431866056,3.4028497299443945,15.620663479268497,-18.726979250844195,-18.304958429403502,0.0,0.0,48.357119999999995,-12107.29794623004,9077.25992920675,-17751.488535252854,0.0,0.0,0.0,11694.353572308113,-2324.99605729707,8433.556185267269,-858.5366663914255,1088.3400285042048,1457.134083560919,0.0,0.0,SUBMERGED,UUV
1781495475.6284032,-3.685624482638845,-0.9600490548161996,-16.301162198160903,-12.038145776880452,-17.252880415003972,18.44437293842497,11.497523933752749,-15.061910571331282,-12.379390796370682,0.0,0.0,48.357119999999995,6470.927246811223,-309.1681641671293,-57.754237265860205,0.0,0.0,0.0,838.4879743201755,-9474.145126358486,14541.71139683851,-16.021037727867977,21.081269084351632,-370.9655441591778,0.0,0.0,SUBMERGED,UUV
1781495475.9784012,-3.427766042381291,-0.7193588404456341,-16.37188608963367,-0.119325464742148,13.839669678054415,7.672668823268456,16.907149619416188,-19.98786763458089,-8.058810266856446,0.0,0.0,48.357119999999995,-5859.022798957315,24.21986714863794,-11095.960766303151,0.0,0.0,0.0,-1877.4228710957593,10162.632498923638,520.9112086172274,-651.8463894231913,537.526886599041,475.27666202453094,0.0,0.0,SUBMERGED,UUV
1781495476.4284086,-3.6149154785851,-0.8179177583194837,-16.485824898612602,-12.484960123855203,4.496787785859575,-14.817667968965209,2.0939437992599204,-15.322429540315431,-1.2251552909126238,0.0,0.0,48.357119999999995,-105.88918024491939,11771.3977381876,-9649.475919146118,0.0,0.0,0.0,10790.877785843597,-10502.700226883926,-852.7328801536862,336.9965983066833,704.8847659846161,750.1570035766576,0.0,0.0,SUBMERGED,UUV
1781495476.8783853,-3.458217438039406,-0.9040240136193967,-16.47559450501641,-16.340360487287338,-6.966569561699297,-11.056281919207267,3.436686814752095,-25.766385973345564,4.957163184271008,0.0,0.0,48.357119999999995,11496.820876758658,-2289.381487053886,-8212.115221085603,0.0,0.0,0.0,-11715.352981671202,-6195.231674159872,-2615.775823335519,493.3805663896328,-507.91205261478086,839.7139238583893,0.0,0.0,SUBMERGED,UUV
1781495477.2283921,-3.509056824236202,-0.670375687530144,-16.38531891449691,7.452185911399195,12.626207409561397,3.70904881227815,-5.487422482474928,-18.19130891107651,10.314886903591198,0.0,0.0,48.357119999999995,-12471.443429021521,90.40094092209662,20844.57938787612,0.0,0.0,0.0,8577.559554503054,9079.083174308922,-13707.62413902,-939.1743312145331,438.73284580267034,-731.6173959714773,0.0,0.0,SUBMERGED,UUV
1781495477.6784432,-3.6059874995993244,-0.8288128679165886,-16.434317698285827,-6.685151047204277,17.07659608736771,17.333004453029123,2.9215205370335697,-23.33490641793872,16.519496482113723,0.0,0.0,48.357119999999995,572.2703806336034,12234.911560798682,13181.610317023946,0.0,0.0,0.0,8496.359874687636,-8388.40895183834,-2987.3252884196336,533.7058338985296,940.6287157233213,-992.830460345044,0.0,0.0,SUBMERGED,UUV
1781495478.0783615,-3.34231402490793,-0.8075798645137211,-16.516109370255272,12.477112255628908,5.265015392442758,3.8636774695462037,3.1251344356849375,-20.22330940278314,21.82170865854988,0.0,0.0,48.357119999999995,1894.639173949419,-4445.159561598658,-89.36715499008577,0.0,0.0,0.0,-12951.514768379993,-3251.90973813614,-13679.850057700014,-46.21517261662865,-47.25369543054789,197.7825041999697,0.0,0.0,SUBMERGED,UUV
1781495478.478352,-3.539526593218824,-0.6660072695322538,-16.469067265649013,16.1893927204157,0.28348005361085704,-17.357235161223098,3.1624387520262016,-15.452362689885602,26.126245350748526,0.0,0.0,48.357119999999995,-12782.067684108059,-733.8142140365453,-22519.91500513754,0.0,0.0,0.0,11367.23996500214,11778.367209426271,18128.187467941916,-874.4902892408184,80.89934909716295,632.3562166185943,0.0,0.0,SUBMERGED,UUV
1781495478.8783414,-3.5545299645170134,-0.8383874097140217,-16.39987710805263,9.326147850269217,-16.55184770681732,-11.643920322571072,1.9744859144474316,-10.292505396078678,29.24560543250087,0.0,0.0,48.357119999999995,5217.00912736282,11161.72172006262,1742.0004060834863,0.0,0.0,0.0,2595.787590171027,-13127.281702231288,10197.439098281226,186.8352889682654,90.8713993914776,-584.946226945925,0.0,0.0,SUBMERGED,UUV
1781495479.3283706,-3.3473244468446697,-0.7810505857829227,-16.362717036731535,17.050505056906143,-9.252460710573555,9.618357357508238,-8.869410325067454,-11.143307005029643,32.27154280021168,0.0,0.0,48.357119999999995,629.1858209637587,-2797.3436271224027,1102.893583654911,0.0,0.0,0.0,-14376.967371060673,-8190.341294102158,15205.185700144808,-104.83534277195857,-152.21997293037043,-179.94085180491885,0.0,0.0,SUBMERGED,UUV
1781495479.678321,-3.593906891986838,-0.7018237220211039,-16.604334275432095,-12.485162978374685,-0.7231525792279965,17.98356554084683,-1.2837504517361942,-6.2269571371630965,34.54133323815138,0.0,0.0,48.357119999999995,-4784.611222569738,344.90405169729826,-10829.310858207147,0.0,0.0,0.0,14118.562598867098,9169.316278908496,426.882112907698,-33.9236765357649,571.4881818453277,106.94015110717828,0.0,0.0,SUBMERGED,UUV
1781495480.1283054,-3.4870773716155865,-0.7787617927186,-16.649311054746317,1.1822300100518044,-8.996113271881363,1.8452978029102112,-15.624667301013705,-13.861865368184983,37.67147720485248,0.0,0.0,48.357119999999995,6737.03106051835,11549.50277019117,-4198.716061914502,0.0,0.0,0.0,532.5909997240387,-9173.224927348769,-7002.716013502566,324.90799730208755,419.71905954213383,1128.043849722576,0.0,0.0,SUBMERGED,UUV
1781495480.4783034,-3.3452843397935657,-0.7273970209377314,-16.474822685161627,-10.774785814762257,16.020595989902716,-15.880922598274957,-7.009762270037529,-7.599720506380876,37.49424085242859,0.0,0.0,48.357119999999995,-4266.638601697216,-9893.498508304196,16813.590761735937,0.0,0.0,0.0,-4031.833334417345,3334.232677004835,-7040.374168343565,-943.2349296692416,-1048.8825052321934,-1244.425081972673,0.0,0.0,SUBMERGED,UUV
1781495480.9282799,-3.6053286229969737,-0.6915705932020738,-16.55742096178703,-16.514562946488443,14.978183177477337,-10.370585937370613,-16.695579306262747,-15.591323831220434,40.63522868891716,0.0,0.0,48.357119999999995,-5095.812047175358,-634.5375539480497,9514.909467803338,0.0,0.0,0.0,13844.52257430999,11438.217448147041,904.7144094532905,62.36557329157657,337.7538401102933,121.67692238439312,0.0,0.0,SUBMERGED,UUV
1781495481.3283548,-3.430369913152158,-0.7591199975166988,-16.664969150725103,-16.28513862066449,16.77698546902765,9.057808629450923,-14.96862643595183,-14.944746287019854,40.720257157550215,0.0,0.0,48.357119999999995,11422.487765180598,12097.661258877872,5646.697284018487,0.0,0.0,0.0,-7027.6643928674475,-12231.73960861589,-20780.908052201994,-119.85440374295902,94.16937370666818,32.85376999935728,0.0,0.0,SUBMERGED,UUV
1781495481.728388,-3.3270611482116688,-0.7377083901542901,-16.607723874477443,-3.1412676466502854,6.0207322133533,17.411330131973642,-12.806591880640001,-13.28173849350623,39.63728827124882,0.0,0.0,48.357119999999995,-5723.203806758603,-7769.896856940996,-21456.631909227206,0.0,0.0,0.0,-1910.3376365484646,658.6523626426679,13937.452557000182,-945.9789596087844,-1188.2981024277462,1164.5788852042176,0.0,0.0,SUBMERGED,UUV
1781495482.128374,-3.6277281678668003,-0.7068075372393205,-16.56746594046576,0.6005860750432708,0.19618215678835985,2.2168347189784297,-10.07235913476154,-9.612824519469052,38.15212571440103,0.0,0.0,48.357119999999995,-44.482346278057584,11.355208478828663,471.9894188016678,0.0,0.0,0.0,10993.9156270983,10721.51262103962,12728.621314775546,58.07291143449017,63.76363128502693,8.077540352905718,0.0,0.0,SUBMERGED,UUV
1781495482.5283968,-3.354605508167948,-0.7444083427940472,-16.635504475351972,17.32418800171341,-17.443686627948306,-17.44404458822827,-7.050352187636528,-6.549364460112869,35.20489695729572,0.0,0.0,48.357119999999995,8689.032449094897,9590.888327482815,22785.075234919517,0.0,0.0,0.0,-14476.229593530785,-14501.236801238836,-20910.34006520192,415.2583852483116,551.733735413863,-597.7831693879341,0.0,0.0,SUBMERGED,UUV
1781495482.9283822,-3.332374677844145,-0.7737904775994232,-16.75489866101305,16.373390698826075,-15.255865711569967,-10.974725648815303,-4.054152493358357,-3.6942174410575612,32.473964606777635,0.0,0.0,48.357119999999995,-9591.122495256906,-7358.167336533936,-3483.444246135693,0.0,0.0,0.0,3813.803578515226,395.86917040103253,-7837.042359951862,-349.8848251805917,-297.66335806704734,1037.9930727835313,0.0,0.0,SUBMERGED,UUV
1781495483.3783722,-3.5411179999863416,-0.7167595815822598,-16.802325611128186,15.929685727514867,-12.807580971818197,7.299244795998191,-3.4057215731080315,-7.527588330722761,28.315893484643468,0.0,0.0,48.357119999999995,-29.487402631940228,-1426.4819264667262,-228.3891119345107,0.0,0.0,0.0,10442.309809754297,12621.73985565771,-13394.742908987595,21.72427811723884,25.480377631621895,-84.04316621539776,0.0,0.0,SUBMERGED,UUV
1781495483.728401,-3.254678894214475,-0.7833886595122876,-16.635288879566374,2.9386168605099563,4.409059357848415,17.756559236746902,-0.3715210113395434,-0.7727899053578222,24.865995553276992,0.0,0.0,48.357119999999995,47.96809581600864,3467.62475422433,14656.554956624566,0.0,0.0,0.0,-10081.291659446386,-13229.398944909874,-5123.851555711442,-427.15792205253854,-79.26194121719627,51.37175025656124,0.0,0.0,SUBMERGED,UUV
1781495484.178405,-3.365417096563913,-0.8323454343619362,-16.60868481406641,-0.14994605224612378,9.93774721223369,3.0151332730479012,-7.143719880086437,-12.533526997855725,20.33120727049204,0.0,0.0,48.357119999999995,-12091.242055374452,-6402.118405598425,6792.542252451983,0.0,0.0,0.0,9097.577872620286,-1205.693069602125,4183.004163295214,-534.1699791199102,-476.4219979260217,-1176.3851354643116,0.0,0.0,SUBMERGED,UUV
1781495484.5784407,-3.480824001996833,-0.6964909821805491,-16.840202078177022,-3.129269530657254,15.855525513061707,-17.7520187819451,-8.488294394069188,-15.637514400759487,15.919261104126859,0.0,0.0,48.357119999999995,4486.463138862243,-107.25372872708331,7908.0057898748555,0.0,0.0,0.0,3138.7586601329526,10454.160363040923,-21551.607900353396,-139.10239912352853,-92.47397512432694,94.85922288814558,0.0,0.0,SUBMERGED,UUV
1781495484.9784412,-3.2474851449516144,-0.8234368430398453,-16.752802550279306,-16.51549506132732,8.415622578135235,-11.255643280149704,-9.343575855616661,-12.922171217166285,10.36459348715618,0.0,0.0,48.357119999999995,-794.0687458020122,7722.9984680717835,-18608.476541489323,0.0,0.0,0.0,-10139.411580864415,-13063.886152533407,2115.5586223143637,-475.74151687079404,686.5086146380086,639.586679051038,0.0,0.0,SUBMERGED,UUV
1781495485.4284077,-3.3819284067952133,-0.8909029983637602,-16.841292088732224,-7.159996504672334,16.17218216583373,10.391615855273066,-3.1115257854414193,-1.1194652601730144,3.9089625078994388,0.0,0.0,48.357119999999995,-10971.822891862936,-4109.116420290449,-10588.06181357441,0.0,0.0,0.0,12913.019975363235,-4070.610972996467,-4.960298935385481,-533.9385003517161,-673.1182443974601,945.3881652105783,0.0,0.0,SUBMERGED,UUV
1781495485.8284197,-3.420239378820482,-0.6794581847744938,-16.70389138445564,-8.764837823058347,13.766915802242067,15.641283671219288,-1.042774400203557,-0.31373020870515533,-1.0878249647707976,0.0,0.0,48.357119999999995,8918.426969862128,-1379.2724641128577,-3799.9432417060884,0.0,0.0,0.0,-2467.4032450702753,13168.04858776647,19587.648993830488,-168.60723828459587,-156.32670580428407,-173.6756110156507,0.0,0.0,SUBMERGED,UUV
1781495486.2284927,-3.2523324958108857,-0.8539195145388215,-16.777523196817633,-14.111101697659235,-6.019663518574093,0.7452639751350952,2.902569351128191,-0.257476085024715,-6.476783561722949,0.0,0.0,48.357119999999995,-1143.4545369513473,12613.44456266689,15929.816738384709,0.0,0.0,0.0,-7569.238307074422,-11457.801698587067,-6400.974049950075,-725.4156600113577,753.678431315203,-779.4611851138752,0.0,0.0,SUBMERGED,UUV
1781495486.6283972,-3.453200019452295,-0.8614592183622256,-16.935829870099436,-13.178364774499508,-12.478008310679016,-18.76418078766997,6.537537464328365,-1.6863065277629603,-11.387238596079236,0.0,0.0,48.357119999999995,-1065.377441871031,-6391.551167934537,-679.9837536845974,0.0,0.0,0.0,12340.951249921069,-777.3532221382134,-12020.768625620516,32.41669520245625,-102.93296552943931,315.39386679021857,0.0,0.0,SUBMERGED,UUV
1781495487.078401,-3.3309374934580642,-0.7258603342145268,-16.93341803563055,-16.128018374185533,0.8755142043767643,-5.979407956369008,4.50539430755818,-11.723258246557158,-17.712321134967645,0.0,0.0,48.357119999999995,10274.710704369107,-2555.193856285636,1198.5963805746628,0.0,0.0,0.0,-5049.618540525326,13329.739952854237,-17120.981142335353,-104.91424858739835,-52.98291748506399,254.50434035637392,0.0,0.0,SUBMERGED,UUV
1781495487.4283862,-3.2964989905170703,-0.9252271666213374,-16.758871768065884,8.096404619918328,-7.6606436970385,10.95394321516235,9.777985201814973,-7.835891926157959,-20.976352508143698,0.0,0.0,48.357119999999995,-6386.864714405632,8725.316921503072,3201.060345575877,0.0,0.0,0.0,-1174.4012168021281,-14045.199450606078,8201.521572208474,-277.9128715019581,34.89427957622942,-460.27954094873496,0.0,0.0,SUBMERGED,UUV
1781495487.8783932,-3.4884773568321794,-0.8752596101979532,-16.786235945777626,-6.274781613349953,-15.849688431928627,13.594456701413723,0.004248868945913089,-5.498977277098922,-24.85518893124833,0.0,0.0,48.357119999999995,-168.77129153276096,-4663.506604146733,2201.1525302500163,0.0,0.0,0.0,11380.186894502527,-3294.7402915757452,9681.483429535088,135.19667032125605,-242.24604615743468,-333.58392487933736,0.0,0.0,SUBMERGED,UUV
1781495488.2283533,-3.1844968789082646,-0.7931866094121794,-16.924911251675066,12.845437878383201,15.709466981453865,0.13875460543375123,9.50474642729353,-8.74417851805465,-27.97041544341811,0.0,0.0,48.357119999999995,3462.023752688156,1265.7181581825482,-13456.979628782077,0.0,0.0,0.0,-13684.404982114316,7541.935233173581,3433.4501973649462,-26.377699839174625,677.2533330538897,177.62242746435248,0.0,0.0,SUBMERGED,UUV
1781495488.6783223,-3.3266879891072176,-0.9094299853853651,-16.985228618914977,16.486285848425997,7.019883667447851,-18.67572994026329,-2.5853057880012673,-0.4548152042504199,-29.817160926009716,0.0,0.0,48.357119999999995,-10799.031453723392,9174.077079244475,-11575.067297891792,0.0,0.0,0.0,5629.634324730681,-13959.993518878156,1291.3886485339276,-772.3695406278717,466.42709065516624,1147.8643095242828,0.0,0.0,SUBMERGED,UUV
1781495489.0783432,-3.4485851403943335,-0.8488848605947722,-16.83369001488656,8.154509576004534,14.476158877841021,-7.260032055139937,-2.4475736902986247,3.4623825411731732,-31.17794904756337,0.0,0.0,48.357119999999995,2072.6004157162497,-9085.018813616587,-2427.132640362078,0.0,0.0,0.0,6369.85753034877,2763.3048034737067,18208.054934178857,-157.03925368218384,140.4615266531658,-428.37860805103594,0.0,0.0,SUBMERGED,UUV
1781495489.4783506,-3.1619135593701304,-0.8120368469125699,-16.92006468622354,6.170202817898078,12.09696991377005,12.723399330753987,-2.4067996924357957,4.016545903430652,-32.07872161672288,0.0,0.0,48.357119999999995,932.9255832267115,618.0700798354636,18098.48090140239,0.0,0.0,0.0,-11558.919098859562,8127.523020983364,-9615.949495733355,-275.48165630970567,756.3424836602753,-65.4967152843077,0.0,0.0,SUBMERGED,UUV
1781495489.9285164,-3.3274720446855075,-0.8912919174415668,-16.915036394765842,17.108082912018293,16.062128573433213,15.766646574423117,9.831771036719122,-4.288540649164923,-32.73272766263298,0.0,0.0,48.357119999999995,-10457.40509956296,12358.367355994764,9873.721520466011,0.0,0.0,0.0,4554.277246630162,-10550.86755149169,719.4992260791565,-728.7288969920417,657.0581952930954,-1476.7957313686647,0.0,0.0,SUBMERGED,UUV
1781495490.3283007,-3.419743218350756,-0.8571960049864566,-17.11483593856733,-0.06296552240942521,3.6877396248919148,-3.221470197264128,13.30162790054855,-6.354120629595879,-33.12217657780387,0.0,0.0,48.357119999999995,3480.894372330834,-6226.593534740692,146.41831260234466,0.0,0.0,0.0,4452.700792126832,-924.1480550604663,-14728.945360736565,-50.56988870182823,17.110126639303726,499.5180082937019,0.0,0.0,SUBMERGED,UUV
1781495490.728341,-3.1509133860185705,-0.8099163206036164,-16.97429697551835,-3.0341706266118496,-0.10403917835257492,-18.267498521939853,13.004350282241777,-8.287662827879409,-32.44487863485897,0.0,0.0,48.357119999999995,520.0033306502859,-5.643442073000911,-21485.41619902136,0.0,0.0,0.0,-11466.50960794037,10104.98554979535,16048.48180138847,-89.54583215127633,285.77144125602223,-13.202504663418532,0.0,0.0,SUBMERGED,UUV
1781495491.1783338,-3.2807792282430923,-0.8401901432702853,-17.084917534595483,-5.145000230779379,-4.35849957672425,-4.752473833275065,4.057080011155059,-1.0120073306249007,-30.62238512724324,0.0,0.0,48.357119999999995,-11601.522114080344,11664.876017537952,-15238.098101577902,0.0,0.0,0.0,7301.696526230841,-7509.950433955846,5341.1441319670375,-901.0392201235325,980.3219427602861,1619.0755361884444,0.0,0.0,SUBMERGED,UUV
1781495491.5783405,-3.4483836690513807,-0.8958970102148132,-16.933319224332376,-8.933752058508377,-10.610756433817905,16.603893649126228,0.23870722225675078,2.742173319777716,-28.339263697260716,0.0,0.0,48.357119999999995,3108.791972528001,-2119.5504609050918,-456.4555358811868,0.0,0.0,0.0,5073.067909412192,-6381.943895810885,15628.625312494041,-59.21021100957259,62.94687669403598,-334.1770266082601,0.0,0.0,SUBMERGED,UUV
1781495491.9284124,-3.1387315696064912,-0.7838004028768238,-17.124689962298316,-3.001913613834946,-0.31040581672874223,14.549395244712285,9.340121443120132,-4.126609965238383,-26.414985314183095,0.0,0.0,48.357119999999995,-940.0043836193652,174.82721149905922,-4230.729829053453,0.0,0.0,0.0,-8012.241089082877,9548.555458149269,-7238.140846243814,-261.0865246591696,266.3442082573588,157.5547936130277,0.0,0.0,SUBMERGED,UUV
1781495492.3784027,-3.4150570205952966,-0.845673308926392,-17.146696092793682,-13.527548274255102,-8.355873118982096,-3.7954686753394413,-2.0035474610105974,2.218403083061957,-22.415283705734875,0.0,0.0,48.357119999999995,-2699.123733823944,8776.72872370176,-8464.373709681364,0.0,0.0,0.0,13404.068402849154,-13986.010773820866,-2036.4478055276613,100.16710036571233,328.24681964287805,277.7570761116237,0.0,0.0,SUBMERGED,UUV
1781495492.828367,-3.353899607466084,-0.8948293314150925,-17.21187619007672,-15.736374333681603,-16.275019617149532,-17.32759556004299,7.249944680378848,-7.764460936851711,-17.71252946133996,0.0,0.0,48.357119999999995,8717.593057382066,-3014.5217507226503,-2772.2162268488487,0.0,0.0,0.0,-2453.150870829107,-5242.22259709596,-8848.68858366579,260.2959599548394,-270.7829314689083,762.0646073781411,0.0,0.0,SUBMERGED,UUV
1781495493.1783423,-3.1615899296387164,-0.7240730818628156,-17.039773656356736,4.419905274115792,15.3808933598016,-5.282063908202007,-1.766724915491106,-1.8551445169424212,-13.308891377848498,0.0,0.0,48.357119999999995,-6264.096698393773,626.4562738839267,14216.676298735876,0.0,0.0,0.0,-1565.5287386633443,8368.945859968764,-4113.7821498234,-826.4225749940499,640.6167517000863,-651.5018035777504,0.0,0.0,SUBMERGED,UUV
1781495493.628333,-3.4078707279880103,-0.8243954429953749,-17.085197049469944,-8.603597865515667,4.417725231838899,16.875153854716906,8.683538161263973,-11.317489118293214,-8.359364437710836,0.0,0.0,48.357119999999995,-122.47031044206398,10775.214488962834,12820.112464740147,0.0,0.0,0.0,10369.681937311227,-13574.626690435378,-2786.469842947397,404.3621195750171,611.7821720158156,-525.1278950521227,0.0,0.0,SUBMERGED,UUV
1781495494.0783496,-3.3000184084436452,-0.924851352173917,-17.056514750791116,-16.747454603946114,-6.266327579025809,8.922574150886712,4.239283276692959,0.30730164541405725,-2.3703490129415683,0.0,0.0,48.357119999999995,12055.776167192907,-1883.6033019942251,5496.144493557467,0.0,0.0,0.0,-8755.420204669195,-7133.9317656399035,5684.986646378055,408.69514483146486,-452.63572284904524,-867.4781463003544,0.0,0.0,SUBMERGED,UUV
1781495494.428335,-3.2406453865615243,-0.6649873475016194,-17.15009724850197,12.628209399118102,12.979281500094956,-6.960062835540164,9.027712533556217,-5.039263784445878,2.8534929026200726,0.0,0.0,48.357119999999995,-12114.209609975467,691.2799637618094,-22320.613029111544,0.0,0.0,0.0,7744.838678180327,8258.5440466443,17387.153935065686,-936.4116552568252,497.08208279652433,751.3945826892294,0.0,0.0,SUBMERGED,UUV
1781495494.8783257,-3.367799929480734,-0.8002032645312107,-17.22869536321927,-3.148264806998628,16.86140775482879,-16.02657374389527,-1.6937786871668732,0.9873544929714994,8.259351177735475,0.0,0.0,48.357119999999995,553.7097020127266,12214.67750574199,-16677.297884482356,0.0,0.0,0.0,8648.46146764938,-10488.38500713927,7307.543048325529,540.9329411602137,1026.3936490704182,949.3265214091788,0.0,0.0,SUBMERGED,UUV
1781495495.2782948,-3.156970906674322,-0.8425278455306733,-17.07939855317419,15.79981204670166,3.8830105269277304,-1.3804652831653152,-6.209004697200379,-2.0203338760413017,13.23561385150745,0.0,0.0,48.357119999999995,5502.7261943042,-3560.048448071569,-344.5817969754279,0.0,0.0,0.0,-15109.04216765756,-4507.021269330537,15501.819970822577,9.68309894617559,37.370071061606126,-97.66526195148454,0.0,0.0,SUBMERGED,UUV
1781495495.6783135,-3.2863242252524896,-0.6497569896992033,-17.23446585372993,17.09669820132664,0.3211259779253415,18.471488893603762,-7.578693529271714,-2.8998138566799945,18.450538603881515,0.0,0.0,48.357119999999995,-12546.818725475361,20.220223098767118,21950.70892560002,0.0,0.0,0.0,12165.875117331536,9436.043426509377,-21292.9477620131,-632.1033956708076,85.0966583090205,-469.21959776976,0.0,0.0,SUBMERGED,UUV
1781495496.0783262,-3.286996808221908,-0.832529987879999,-17.325219897850324,6.6570324711822115,-16.764699159985327,9.49906877524612,-9.042658909989239,-7.015064473281699,22.997229200321563,0.0,0.0,48.357119999999995,5087.625592018415,10035.080367388824,-3329.5526048233523,0.0,0.0,0.0,2667.117379116572,-13465.934008649143,-8085.647126074692,239.69598147946076,205.63241230776646,668.0308457308872,0.0,0.0,SUBMERGED,UUV
1781495496.5283666,-3.100858922964979,-0.7836944404515196,-17.334637158093862,16.226388478975156,-11.802260077381995,-12.810024464098953,0.507549963274565,-8.42744974865569,27.955316822235844,0.0,0.0,48.357119999999995,2265.5432138268266,-1988.5687789592632,-167.63400370757148,0.0,0.0,0.0,-13204.559065344087,-6423.025145860562,-13466.20610132688,-38.81615047038443,-59.97053432004279,83.43245600032634,0.0,0.0,SUBMERGED,UUV
1781495496.9283514,-3.286075255100003,-0.6552627255683755,-17.26371017642256,1.7801085638505727,-12.311261225898816,-15.538768856217205,1.844949532170312,-4.989843371261186,30.77465902543117,0.0,0.0,48.357119999999995,-12857.905960177392,-3327.0264635035073,-22744.30286392543,0.0,0.0,0.0,10793.924472187136,13802.29705206028,19021.319308092578,-893.7630897933141,-202.21294091459504,731.2447939292546,0.0,0.0,SUBMERGED,UUV
1781495497.3283598,-3.3276120773647033,-0.7693677517437001,-17.179127764188248,-1.7718826519215223,-7.993421502614037,0.7746434918016525,2.260659790155931,-1.8336914661581978,33.22818612988568,0.0,0.0,48.357119999999995,4771.232590066254,12059.665773176204,2156.297653690273,0.0,0.0,0.0,3153.676091875647,-9256.347698257661,9592.078222759474,180.3783646324672,278.3419045919574,-972.5983390839551,0.0,0.0,SUBMERGED,UUV
1781495497.678357,-3.1302510681544122,-0.708393177016367,-17.31783889596618,-7.445896729285378,15.658778481440855,17.840815435292672,-4.589056909955637,-9.842854990409243,35.73798467858807,0.0,0.0,48.357119999999995,-4163.338683183391,-10763.281984134013,-19553.34951144556,0.0,0.0,0.0,-3802.647706387581,5059.114191182783,10829.206605059659,-904.8703836730548,-1175.9323698284443,1253.1100866855236,0.0,0.0,SUBMERGED,UUV
1781495498.128535,-3.365928610434728,-0.6756089434348248,-17.377040372117325,-15.949443560824069,15.137355920130965,8.077387249832821,1.3149171477924335,0.5612166751915135,35.970254719895536,0.0,0.0,48.357119999999995,-5861.233119128989,-132.1093801982157,-11884.902151617423,0.0,0.0,0.0,14288.438569115327,10876.991039400145,1774.0093540667403,-168.72280245080887,502.0983634570074,76.79383883199918,0.0,0.0,SUBMERGED,UUV
1781495498.5283744,-3.1723044405451315,-0.7649592926976003,-17.230872896186618,-1.2166750204260195,7.078452963545724,-9.558553993128127,0.6257842041954721,0.1944229104350788,36.62377566991432,0.0,0.0,48.357119999999995,11882.957717191035,7470.673246869333,-27.441627334013816,0.0,0.0,0.0,-12057.778825984786,-14975.666414475545,14452.332362390356,1.0136060792562687,-0.38415075623143746,33.45409602220461,0.0,0.0,SUBMERGED,UUV
1781495498.9283004,-3.1216590803012725,-0.7226353231654805,-17.317229482694465,0.2577990195046256,4.302122836787274,-15.908909452061708,-1.6953544624031711,-2.8244832215947167,36.550261743529376,0.0,0.0,48.357119999999995,-6751.040701045519,-10519.151808274388,22692.244741436152,0.0,0.0,0.0,-909.4605497030998,4069.953487714488,-17122.84186108476,-676.0131160024929,-640.8089584579342,-935.2248080375923,0.0,0.0,SUBMERGED,UUV
1781495499.328646,-3.3663732767382557,-0.6969212441465107,-17.48331691700052,16.616067067194532,-16.044025810915844,-1.2975060419544866,-5.623825848209834,-5.291567480139136,36.389994828263866,0.0,0.0,48.357119999999995,5.7976266534479475,424.9952447780542,-1425.6376556801297,0.0,0.0,0.0,10224.685599738801,8938.995713879725,-10934.570594257188,111.77798399941304,132.55701619516648,69.41487266838729,0.0,0.0,SUBMERGED,UUV
1781495499.7785397,-3.131717337121067,-0.7441250269500915,-17.45022166107837,7.662424869379653,-5.756786722772684,18.746482526780113,-12.716564317811574,-14.094166426260129,36.5541067321315,0.0,0.0,48.357119999999995,10885.761360164766,9869.585347198687,-1069.3896443292733,0.0,0.0,0.0,-13024.71239027102,-13843.244222493664,-11190.210505747858,13.26241321237903,86.3795735795957,335.8849973099562,0.0,0.0,SUBMERGED,UUV
1781495500.228359,-3.0803368733655745,-0.7503584968898052,-17.489641937570575,-6.136737430956778,5.058181964565184,5.812502250650006,-1.5688360297311685,-5.294418069433915,33.64878778433607,0.0,0.0,48.357119999999995,-5037.342399928168,-4086.4562444705825,-791.8188296983085,0.0,0.0,0.0,-2605.9497989620286,-3782.4404741946755,-11677.17845656932,-136.42809670055752,-76.46147945397786,574.7722224629115,0.0,0.0,SUBMERGED,UUV
1781495500.5783813,-3.380434547857065,-0.6866758907708044,-17.366677901058075,14.348202805123547,-12.7132849003239,-10.814276467984234,-8.595584733931242,-11.780573913233523,32.06148475917467,0.0,0.0,48.357119999999995,2449.6839865831876,1265.0594253562674,9822.536110794334,0.0,0.0,0.0,6247.809122339889,7940.154357589816,1056.0224395032583,545.7255844422608,616.2345936914526,-464.03473234317687,0.0,0.0,SUBMERGED,UUV
1781495501.0283484,-3.121624179497199,-0.7232135450106726,-17.327316879996644,15.187349439124226,-16.676377772802624,-13.808281154876918,2.090662828911596,-3.695705481267872,27.221353722356394,0.0,0.0,48.357119999999995,6470.5359421262665,11138.012042086913,3843.6598029598385,0.0,0.0,0.0,-14198.582567484136,-12939.06859610129,7341.25166808332,-67.30195429601679,240.8558103232407,-332.0030838895557,0.0,0.0,SUBMERGED,UUV
1781495501.4284024,-3.1200403880671614,-0.7995711073012886,-17.487448854726182,15.89992301418837,-15.559304232436112,3.092757185196431,5.172677403716791,-6.39437540243454,23.69053441512981,0.0,0.0,48.357119999999995,-11804.691168433092,-5696.5098837243495,14700.465899490458,0.0,0.0,0.0,7078.512954887554,-1727.8395508115416,-23178.368203540565,-352.99317373138877,61.4896449531916,-274.7197625137376,0.0,0.0,SUBMERGED,UUV
1781495501.8283935,-3.294366345332197,-0.6603948066365067,-17.524005903779734,9.555396845922518,-0.6907098910210775,18.546893874843953,3.9081787102468715,-9.854447260901622,18.752450195106963,0.0,0.0,48.357119999999995,2595.7239621763047,-99.41121233055868,-8587.928439803012,0.0,0.0,0.0,5816.363571313162,10797.23352384186,-2238.092230468649,492.56532102691784,361.25317127654057,232.25440891397756,0.0,0.0,SUBMERGED,UUV
1781495502.2783737,-3.0491397487173564,-0.7272750920499325,-17.520504516197104,16.72566164365462,-9.457468567190924,4.697369339687672,-7.181053618415697,-17.689811455902888,13.178480798907326,0.0,0.0,48.357119999999995,2533.316729786297,11670.225256894,-7201.8099734755315,0.0,0.0,0.0,-13295.54725505897,-9580.231942878669,-3464.9427574238225,-187.48607786536468,600.0027027257825,659.66423616889,0.0,0.0,SUBMERGED,UUV
1781495502.678323,-3.223764000056156,-0.8490876400573493,-17.40380789625995,4.916020373574419,11.520105163198775,-14.701687546587058,-6.409096954314693,-17.830594192669466,7.359285108466334,0.0,0.0,48.357119999999995,-9923.561616770256,-6297.180859123019,-1666.4148823071714,0.0,0.0,0.0,14462.029916201389,-997.423962995621,17523.420673991637,-78.30753141435218,160.60516603914806,-126.02754370161605,0.0,0.0,SUBMERGED,UUV
1781495503.0783048,-3.1927295109596776,-0.6467608929783365,-17.51468770250815,3.949694771596291,15.233112509845249,-12.641353586152123,-6.382707041409253,-16.052790963892413,2.03182488262477,0.0,0.0,48.357119999999995,10013.800356977637,16.139865296635204,19217.23955827857,0.0,0.0,0.0,-3570.361560286043,9513.929859077372,-10726.957691273847,983.7659592679485,655.5786361588556,-702.3274560801991,0.0,0.0,SUBMERGED,UUV
1781495503.4783049,-3.0320002146130727,-0.8611145976049531,-17.5920887095641,-14.736440832286535,8.143978415259406,3.2897828084806084,-2.0605186724113773,-11.134207104666606,-3.5871284529547682,0.0,0.0,48.357119999999995,-2742.1922175449477,6605.172541035177,-1647.9458342808757,0.0,0.0,0.0,-5587.295967490211,-14633.262127933653,-10364.140564628324,-200.62840174493343,-56.52882304396109,147.0521503278983,0.0,0.0,SUBMERGED,UUV
1781495503.9284089,-3.1975836201216232,-0.8523062992718667,-17.658505484836517,-0.06707447609072625,16.609606259444362,17.559094020389615,11.109596757084494,-9.26419796100355,-9.023080243414721,0.0,0.0,48.357119999999995,-5373.209071360084,-3592.181863188054,193.08678718861478,0.0,0.0,0.0,14514.988623498903,-4276.530910304516,-15176.26610151031,-36.23064853529689,64.18399842161796,110.05583251212553,0.0,0.0,SUBMERGED,UUV
1781495504.3284686,-3.1286197332413175,-0.6774212604870445,-17.547948542008328,-3.665315998524445,12.416829922337058,2.5398220996850567,14.224416273497532,-13.225634225703416,-14.57207251255749,0.0,0.0,48.357119999999995,11984.869807885985,-1319.224432607015,-21889.163843421597,0.0,0.0,0.0,-7441.748677914494,12397.469394774687,15621.460955272152,949.5125329444606,-51.061182110078285,698.9777461380073,0.0,0.0,SUBMERGED,UUV
1781495504.7283206,-3.0868332719379357,-0.8943636642950474,-17.462359782867527,-17.05695540689608,-6.909054883105746,-17.146184022712877,16.06264835751366,-15.57050786403689,-20.466577336394874,0.0,0.0,48.357119999999995,-5528.524421746464,9096.122170763796,3928.5926332867025,0.0,0.0,0.0,-2296.0335848741656,-13917.204075607402,7358.614743479417,-318.2472042369692,75.7377411989476,-498.4720996153749,0.0,0.0,SUBMERGED,UUV
1781495505.178347,-3.2767869577954416,-0.8699554349496926,-17.522686041875563,-9.72041097517265,5.372934952180406,-9.221058727201278,7.840848862414435,-16.00211488571575,-25.6168702382279,0.0,0.0,48.357119999999995,-2398.453923996261,-2107.49692256069,335.21921183856824,0.0,0.0,0.0,13733.95076054709,-6495.647838596951,12918.184680715149,30.58401820721322,-57.27676386498445,-72.88426643289148,0.0,0.0,SUBMERGED,UUV
1781495505.5283613,-2.9699687825016703,-0.7549654782966109,-17.58478938398455,-0.4197432555560763,-11.565276965036396,5.982336791521047,18.02487457106541,-19.23336606615579,-29.71086953344649,0.0,0.0,48.357119999999995,4315.421803007629,1160.5943857331092,-14765.898128129664,0.0,0.0,0.0,-13963.041991057544,7695.334497874888,5054.860513116125,108.34882739849823,708.2998398973117,237.20165373305778,0.0,0.0,SUBMERGED,UUV
1781495505.9785678,-3.080226765814685,-0.8742369530136018,-17.673377779260043,-12.942287709322475,-17.266104234813533,16.33059984379417,6.0378567416128375,-12.109943467719098,-31.06442291294339,0.0,0.0,48.357119999999995,-10475.157950543022,9511.435798961338,-12870.744222175423,0.0,0.0,0.0,577.8882767173964,-11542.320888891358,-3833.428686192215,-530.5676705182146,500.5532568324482,1196.8809308030907,0.0,0.0,SUBMERGED,UUV
1781495506.3783662,-3.2464366735878842,-0.8204867572772718,-17.557002159473086,-9.422410891869411,-16.056584359108424,0.785044345666519,6.12894863532501,-8.864656023906772,-32.576696731603406,0.0,0.0,48.357119999999995,1805.2900059164208,-8602.04110605446,-1526.109015903944,0.0,0.0,0.0,6755.842006102541,2086.853751814208,17240.342201510877,-131.433707111314,119.62914269924333,-449.8617651494932,0.0,0.0,SUBMERGED,UUV
1781495506.7784333,-2.933672880959303,-0.7900550639999723,-17.60763553757765,8.833529165363707,0.8958671638776612,-17.832279529831105,5.26043075114049,-9.034325685250403,-33.94854263951711,0.0,0.0,48.357119999999995,1057.7621831282493,505.9182961769639,19373.75087021784,0.0,0.0,0.0,-11692.455475069193,8236.444084385155,-11571.40627973324,-226.64608800462133,713.1284803368873,-50.68003402522298,0.0,0.0,SUBMERGED,UUV
1781495507.1783392,-3.157635479593336,-0.8639739159524168,-17.768801739615455,11.395993942983182,4.3771079628219,-9.547804335169891,8.284599860584112,-9.773794647169103,-34.41017220001002,0.0,0.0,48.357119999999995,-9452.542817442652,3586.5223565420188,-2021.6972546003003,0.0,0.0,0.0,14093.53679822519,-13989.546211333254,-9785.438398704713,-70.17423279664513,-134.40472167984032,-24.0587825437658,0.0,0.0,SUBMERGED,UUV
1781495507.62838,-3.140037214286131,-0.8259475040105372,-17.82002819435555,13.908393064218908,10.163120267595232,10.876476409358618,21.665410150789945,-20.09602424636228,-37.035156218544685,0.0,0.0,48.357119999999995,3397.620362856668,-5989.984551592859,-9.319443303439323,0.0,0.0,0.0,4581.203115108268,-1241.52943235179,-13927.166896845287,-19.46565812647665,-20.46137313625304,521.6576180492634,0.0,0.0,SUBMERGED,UUV
1781495508.028359,-2.9428297531096757,-0.7885704942735585,-17.56299680303042,16.201639952036164,14.927915464982421,15.589189700433753,22.151046300627563,-23.469919036086697,-37.01962333562807,0.0,0.0,48.357119999999995,-89.64591553708784,489.84455010314355,-18669.36163162972,0.0,0.0,0.0,-9647.576963088723,8577.60299404178,22350.182234198437,35.11449508260848,27.8838524618747,2.1983812178304145,0.0,0.0,SUBMERGED,UUV
1781495508.4283633,-3.2073539238710973,-0.8516684944382108,-17.68361520898207,8.312323366817438,8.414089415685337,1.6980148911874815,22.500064454091714,-25.158898421423974,-36.568407479629144,0.0,0.0,48.357119999999995,-5526.822771062154,5262.796670394496,5713.134801434788,0.0,0.0,0.0,14005.843191802747,-13993.75356270987,5183.9745681923605,96.49712922451536,-69.38642591789733,160.56708169290155,0.0,0.0,SUBMERGED,UUV
1781495508.8783202,-3.173343643002992,-0.8507213197674238,-17.64109478688795,17.17269258670284,16.71118148467951,-18.945450695891733,8.984431372556964,-15.985170384041052,-31.336475054435827,0.0,0.0,48.357119999999995,9144.974240295523,-7319.79910832017,4548.626287927909,0.0,0.0,0.0,-2749.3680200610806,81.12999299243711,6681.942367971401,362.6857568843492,-456.44490494890516,-1106.6889749481352,0.0,0.0,SUBMERGED,UUV
1781495509.2283382,-2.9166423597194333,-0.7627882186676528,-17.703995663437812,-12.286483483536937,-15.385473699441095,-10.323170682341283,17.829506943095932,-23.920590138137484,-30.26873344261853,0.0,0.0,48.357119999999995,-5829.795057032767,3166.5634770287647,-17763.758660042797,0.0,0.0,0.0,-1809.83926370743,5088.367655865663,8337.015546782635,-869.2409750588589,964.5476919130397,868.2547844587389,0.0,0.0,SUBMERGED,UUV
1781495509.6784394,-3.1549699170555705,-0.8298129613929949,-17.82053156812396,2.5770612728585798,-4.6308215567108455,10.872833665251754,3.2253215859264635,-17.29807093002103,-24.785665924385025,0.0,0.0,48.357119999999995,-2160.292218377963,9241.245431957348,-10058.98424889027,0.0,0.0,0.0,13083.033492024568,-13834.052922671139,-251.29151434628625,127.61605385326376,450.69030462670133,371.6239521001104,0.0,0.0,SUBMERGED,UUV
1781495510.0782917,-3.016021960073198,-0.838088692189418,-17.637867709441604,1.6660016119141914,-8.585432120916684,15.34903318111703,0.6977899402443359,-18.42270843453699,-20.121191156734287,0.0,0.0,48.357119999999995,9387.240359157175,-11309.148568593944,-367.4887376491513,0.0,0.0,0.0,-14472.76126328099,6879.478815957275,15579.890746742789,-19.904668167537615,27.826441612843865,-313.67364167640625,0.0,0.0,SUBMERGED,UUV
1781495510.478357,-2.931692190509265,-0.6939177478345943,-17.707589507037696,-16.06016558788015,-12.456871705577344,0.7028565366936662,-2.016702356008321,-22.602429312671944,-15.18632176741601,0.0,0.0,48.357119999999995,-10429.973445504367,1921.7256000289096,21359.900467925756,0.0,0.0,0.0,4131.493927604377,6248.613415171267,-14498.042038581556,-1048.448936628748,693.2610509050968,-908.3121115315323,0.0,0.0,SUBMERGED,UUV
1781495510.8783166,-3.0634051089013106,-0.8621088402009556,-17.906176530275104,-17.3139825725247,-10.14417654137651,-18.76045487959983,-2.709327405949727,-28.444007915344027,-9.189023958265572,0.0,0.0,48.357119999999995,1289.108167481579,3756.3535493792506,-574.4579496906441,0.0,0.0,0.0,7460.893036959922,-14006.305424344817,-12382.94875155253,45.73428671205034,-17.951890125731165,22.255486219017982,0.0,0.0,SUBMERGED,UUV
1781495511.32837,-2.866211168840148,-0.8316481513053314,-17.83289734733209,-5.326907750527048,-15.703166835260507,-6.011375456189166,6.864870582337096,-31.2570638883432,-2.6844012214350097,0.0,0.0,48.357119999999995,4294.848132899792,-8382.808936693496,-270.3239195797739,0.0,0.0,0.0,-14153.297762305483,2038.630304895872,-12892.233749192837,-56.2722005843693,-89.17931690272734,352.97634448874305,0.0,0.0,SUBMERGED,UUV
1781495511.7282856,-2.967509281216289,-0.6398957786409588,-17.783044127561094,-16.491564170330285,-0.5112990500171318,13.344412879778208,3.068404149361944,-27.632603629337734,3.5956584213662524,0.0,0.0,48.357119999999995,-12615.408324603251,431.40851831446406,-22394.962122223962,0.0,0.0,0.0,9185.484318454332,8701.771173053738,19257.672213358608,-854.637019876352,344.9833918601225,668.2418917629557,0.0,0.0,SUBMERGED,UUV
1781495512.1282713,-3.05561006120807,-0.8753843979460193,-17.759758606016444,-15.439726107761334,3.3800329316635658,13.720262822397423,0.8778390485110711,-25.007423799320378,8.81129690859814,0.0,0.0,48.357119999999995,7154.823874561224,2867.2036838626723,6546.170598211243,0.0,0.0,0.0,211.55183433964748,-13308.002794928854,4392.4257048337995,513.1191751980945,-245.76878083896713,-376.86734673263965,0.0,0.0,SUBMERGED,UUV
1781495512.578507,-2.882698885041114,-0.7692768443116172,-17.674696612661297,-13.729775503862468,10.765356558113027,-3.937702813737913,-14.57785344157381,-23.680717639468703,14.379265393946723,0.0,0.0,48.357119999999995,1182.0295704968369,-5991.056598834058,1466.5136663799622,0.0,0.0,0.0,-12893.773655543633,-1562.9843237388195,10624.921066832492,-129.75028640161878,-206.0531575625519,-327.1416774775723,0.0,0.0,SUBMERGED,UUV
1781495512.9283545,-3.041270581992185,-0.6879839979878978,-17.92402295414476,3.169019698528736,13.202994197437194,-18.679635351237764,-7.790112646707356,-20.312948071418774,18.652015575867186,0.0,0.0,48.357119999999995,-2645.4638858916605,4586.905765747564,-18072.50137009024,0.0,0.0,0.0,13316.874357336048,3409.9147619228384,9068.133820674904,-30.935268827424675,1015.3261880094186,502.44925322026364,0.0,0.0,SUBMERGED,UUV
1781495513.378368,-2.913803901859629,-0.8302556644918455,-17.910862744555242,5.168287194780417,8.076497659302232,-5.253579377732779,-22.669502813352352,-27.776374144416803,25.741224485492232,0.0,0.0,48.357119999999995,9069.43986464529,7116.153410594514,-9908.519545390423,0.0,0.0,0.0,-2649.791964107829,-14289.67612604947,-607.8901398381385,612.3034036732575,277.98895633017014,811.9297961150995,0.0,0.0,SUBMERGED,UUV
1781495513.7283251,-2.8699247149350486,-0.6850748357542497,-17.806853158449304,16.68267685424233,-11.734684513607355,14.60021406787157,-17.24610152325855,-22.270078151485773,27.406049997327145,0.0,0.0,48.357119999999995,-6945.828677527563,-12607.893511121709,22256.66652314863,0.0,0.0,0.0,-722.6977435433923,12344.301670589799,-15904.6796944135,-1023.9564651548945,-937.2604664899515,-1244.1015548902044,0.0,0.0,SUBMERGED,UUV
1781495514.1283221,-2.9843938620428765,-0.7142673483480269,-18.039032940503112,2.7065929427990305,-12.265959415876445,14.554355187096636,-22.06950676359755,-24.3224647260955,31.354332090268827,0.0,0.0,48.357119999999995,9.233064245954786,4038.2217124173035,-1045.6565140858597,0.0,0.0,0.0,10211.187336340421,3848.04685849267,-11430.349181605086,72.57965717221009,137.86242861638493,295.1105725671276,0.0,0.0,SUBMERGED,UUV
1781495514.5787644,-2.81779890760739,-0.7839564959093197,-17.92788607218033,12.47117062014126,-16.840114677391647,-4.1140396619283734,-26.66270652575538,-30.740840121532433,38.72343432991811,0.0,0.0,48.357119999999995,11970.25107965504,5116.614401774124,630.0969504485065,0.0,0.0,0.0,-10357.367139270107,-14372.98891077483,-16292.531196761001,-57.24224303713156,46.684277387623354,137.92907864247346,0.0,0.0,SUBMERGED,UUV
1781495514.9785755,-2.857081900518776,-0.6949271463698234,-17.862603486032413,14.063967039066695,-17.340674008905424,-18.763494656071078,-24.347396212313104,-30.352807295286684,40.19590010956867,0.0,0.0,48.357119999999995,-8615.903181822701,-12895.460864119816,-22609.40561454581,0.0,0.0,0.0,1946.2987216144957,9989.57582118361,21046.95496090092,-839.7631941429761,-930.9584635386503,1192.3106864772062,0.0,0.0,SUBMERGED,UUV
1781495515.3784013,-3.0848200060202817,-0.6943530183814033,-17.921501371272072,-6.936451117163792,0.1455880296881178,-5.430185246582346,-21.946717497530173,-27.427917801234734,39.9416739982394,0.0,0.0,48.357119999999995,527.0452664838633,3123.7531808586605,3410.9647850332767,0.0,0.0,0.0,9078.188413901687,5332.301270320371,8225.860128738059,224.91423794262084,316.9428450948189,-382.1874096022423,0.0,0.0,SUBMERGED,UUV
1781495515.8283696,-2.854433583241404,-0.7529171777278284,-17.805328704132958,6.165006747184254,-9.736018597153677,16.18888226995429,-14.449979987565353,-20.482748810504603,36.532136370041876,0.0,0.0,48.357119999999995,10724.274061553595,7199.01603348865,331.7750117322186,0.0,0.0,0.0,-13488.312343635393,-14762.108348109681,12797.773443139024,12.933652083948818,-32.06509746577328,93.05076872717726,0.0,0.0,SUBMERGED,UUV
1781495516.228471,-2.808454838800275,-0.7188241941792182,-17.940943001568904,-12.397106706457562,9.71642359223831,12.724918323863667,-15.984394348381837,-23.185153496150196,36.60941157087463,0.0,0.0,48.357119999999995,-11226.995537458886,-12416.490721145434,17803.14039778182,0.0,0.0,0.0,1609.840618310221,4196.216192459897,-19935.85262517268,-507.6738723099548,-400.2903727847684,-724.1541943083386,0.0,0.0,SUBMERGED,UUV
1781495516.6283746,-2.9356009813138337,-0.6877480389980408,-18.104843418986913,-15.253938192987803,14.980588138973816,-5.547684557186608,-19.203250495214682,-26.82371347807469,36.55930792519926,0.0,0.0,48.357119999999995,1764.545968455727,1976.9272630388443,-7475.80351255307,0.0,0.0,0.0,6880.2942513476555,6610.794325812804,-3621.9209721071115,439.021048089247,471.80383307604194,432.8423726735736,0.0,0.0,SUBMERGED,UUV
1781495517.0784013,-2.7252791361179765,-0.7375446570816442,-17.974202792082483,-1.7873863560197258,3.7276149520021065,-17.022594135354574,-28.89315807216355,-35.43994705888582,38.212159413863034,0.0,0.0,48.357119999999995,8605.75455079608,9993.424613013438,-2291.6746163471803,0.0,0.0,0.0,-14271.432497714237,-13623.401256676323,-9307.903587148758,-17.946690725335504,147.38644227737552,286.456186748207,0.0,0.0,SUBMERGED,UUV
1781495517.4284327,-2.876101483118351,-0.7495240324649933,-17.907606165655395,-7.2692630738617465,4.299793582138,-4.923574889125038,-22.957092371257946,-35.56778253511018,34.38153695273757,0.0,0.0,48.357119999999995,-12337.79546178734,-12166.338057456373,13116.806034342893,0.0,0.0,0.0,11720.957200549936,8232.300318153792,-2936.1203355694197,-751.212662445931,-847.8183398031383,-1528.110098742428,0.0,0.0,SUBMERGED,UUV
1781495517.878362,-3.00085411912191,-0.6704593105823476,-18.012708382658495,-17.031429196887135,14.574710912627634,17.598074912884332,-20.831533146102934,-34.90418923401172,30.079085596659947,0.0,0.0,48.357119999999995,2064.5130781801295,145.08319434020038,6626.589102979737,0.0,0.0,0.0,6757.969647449915,10029.12433261384,4528.184223997803,418.0972666676356,411.6839804525995,-269.4026470624843,0.0,0.0,SUBMERGED,UUV
1781495518.2784646,-2.6799603091656823,-0.7474563670884156,-17.97514378211219,-4.479929747051322,-3.326689119310533,11.951814333993356,-16.54188331117482,-32.50059919081109,23.843548545008606,0.0,0.0,48.357119999999995,1690.5813721647783,8915.936015159225,10078.981287343697,0.0,0.0,0.0,-12663.267273853438,-14551.201532654391,-22837.244687236416,110.65822378082915,156.31790063901138,-187.90520024244555,0.0,0.0,SUBMERGED,UUV
1781495518.6783516,-2.7984262038104686,-0.798319676750037,-18.059440185108866,-1.518018126173116,-10.912269077631573,-6.78919276567445,-9.267346533556164,-31.998184366439876,18.373041254689294,0.0,0.0,48.357119999999995,-9225.033972940284,-10700.671463818186,-18433.299265110552,0.0,0.0,0.0,14261.371697879982,4938.073930960172,9511.558580600604,-611.704163196713,-1129.7305641481357,1265.8871873471583,0.0,0.0,SUBMERGED,UUV
1781495519.0783603,-2.8986605814652813,-0.6509350243515826,-17.95383208802388,16.329404563407653,-13.221952216690122,-18.129406706828433,-2.937979529838283,-31.527038811551964,12.181765608735953,0.0,0.0,48.357119999999995,10490.247944608933,1015.9795498416411,9.964199789227692,0.0,0.0,0.0,-5143.876414278402,8100.946925227064,14059.388764952288,3.736804195258681,4.175030735512573,-535.8393672131402,0.0,0.0,SUBMERGED,UUV
1781495519.4783804,-2.672302697917224,-0.8243357939020541,-17.954866274951296,16.478978657102562,-8.061444913290956,-3.550144707663993,2.6603626442865513,-30.723967046127022,5.666786698485774,0.0,0.0,48.357119999999995,-2583.5165669519556,5107.7276643021605,22195.03270362347,0.0,0.0,0.0,-5518.1801564825755,-14041.033207068784,-17179.61750521608,-540.3819835663254,312.4575114067591,-316.89608700021563,0.0,0.0,SUBMERGED,UUV
1781495519.8783898,-2.790506420682075,-0.765315544520747,-18.166486811623326,7.723956291822553,12.050330948778374,16.09984277334989,10.466726644426144,-33.07627414777424,-0.9260030847682177,0.0,0.0,48.357119999999995,-37.859571151091615,-11546.422726642659,-4840.627138984975,0.0,0.0,0.0,10551.621300798273,8922.591653313482,-6291.674138260905,223.44819528525983,-451.4982357626161,697.8574230411283,0.0,0.0,SUBMERGED,UUV
1781495520.3283432,-2.6608521649961947,-0.6598568285307219,-18.103787265892695,16.40703617848477,-0.8541852587770029,9.959168587137597,9.72868335903529,-43.90583526568779,-11.483482611574079,0.0,0.0,48.357119999999995,11665.22991081206,251.12676646645062,-712.6292718952974,0.0,0.0,0.0,-9360.51200438952,9290.701633342058,-11974.79072736714,99.77345668655956,95.4579538684043,514.7045242020519,0.0,0.0,SUBMERGED,UUV
1781495520.678366,-2.747483668458277,-0.9207639431109569,-17.990153032180796,-13.573753456423818,6.630640034459312,-4.955556745764352,21.01036643256479,-39.362266927886054,-16.566760413764808,0.0,0.0,48.357119999999995,-10099.512570902096,935.4837802178965,9521.340099551036,0.0,0.0,0.0,4032.8204794057538,-11738.143249329321,1038.536459415427,-626.5803926210679,-286.8826188426205,-559.2672484591588,0.0,0.0,SUBMERGED,UUV
1781495521.1285498,-2.882171167411042,-0.8191315668236736,-18.067942492039865,1.5364504745226832,15.350467306749966,-16.803450458272717,12.276539641083176,-37.6396994824843,-23.27094523440265,0.0,0.0,48.357119999999995,-14.220593075160231,-8550.856500571943,3143.3881191905484,0.0,0.0,0.0,10765.133508697512,1899.3360001641522,8393.189788329051,166.745342205213,-340.303615940558,-572.863197009903,0.0,0.0,SUBMERGED,UUV
1781495521.5283673,-2.559574703498842,-0.7331541738213202,-18.06337266023887,-1.3007660888775843,11.828295005461092,-1.40293271116135,14.178629661042608,-35.38392735907015,-27.877606116272748,0.0,0.0,48.357119999999995,4383.940242724947,1765.0808147115529,6826.114336827324,0.0,0.0,0.0,-14046.340424163216,6433.8861741671135,-21209.869997831112,61.18862150856424,-86.911008386376,-6.220344554461157,0.0,0.0,SUBMERGED,UUV
1781495521.928393,-2.6769653741911883,-0.9002791630720179,-18.1540343786588,-17.163061130714947,-7.025231675518281,18.115223007104024,15.938321167102565,-31.500770668734283,-31.40159236789735,0.0,0.0,48.357119999999995,-11704.757725123009,3899.6133574609353,-13441.356095044079,0.0,0.0,0.0,7748.386806680326,-13852.07996066337,3516.7677479115396,-828.5275745190106,-57.794903204810204,733.6822678871193,0.0,0.0,SUBMERGED,UUV
1781495522.328304,-2.8150171033221767,-0.7702619435750165,-18.07248130556777,-16.279946784267032,-10.85192486592423,9.733000309578346,16.417635640048164,-27.466789766842187,-33.02339484448378,0.0,0.0,48.357119999999995,3158.081106534114,-12165.359508773021,-1460.879362679776,0.0,0.0,0.0,5005.78133187054,8996.65185084699,17306.17894613676,-138.15438123842623,48.93020748747236,-364.9897991316984,0.0,0.0,SUBMERGED,UUV
1781495522.7283635,-2.5429294429842293,-0.8034124368161683,-18.02412414974137,-2.033984188141901,-11.43372139538209,-7.237955342266537,19.366982592984453,-26.13293990200216,-35.597611533716744,0.0,0.0,48.357119999999995,-203.51913910870073,5552.576161651002,22118.766785585987,0.0,0.0,0.0,-8845.967633716866,2205.6930223402164,-18880.363362759774,-338.5596814855183,762.5186274639815,-392.59452574548374,0.0,0.0,SUBMERGED,UUV
1781495523.1283402,-2.7255181918554796,-0.8509846811364968,-18.27608299325768,-0.49626537708818175,-8.280006809100902,-17.019390101954034,22.36387648312022,-27.052132287779447,-38.35692197468878,0.0,0.0,48.357119999999995,-2968.164680246637,-117.22711595617014,-6337.554362595433,0.0,0.0,0.0,13601.305847093201,-9756.34750689588,-4642.373155480828,150.71158625040877,-365.41127686680727,-63.94392636393648,0.0,0.0,SUBMERGED,UUV
1781495523.578427,-2.611502908534629,-0.7850951903507511,-18.245239233491894,2.956283455021121,-3.0636348642517404,-1.1389216475580235,39.715011012271276,-35.80617347676592,-46.18539732102537,0.0,0.0,48.357119999999995,7778.919574723188,-11359.056779929697,-1605.8166097667952,0.0,0.0,0.0,-1046.911539979189,8221.173550682182,-10235.17832341711,162.34014264720446,-230.6154722279517,1039.150766733696,0.0,0.0,SUBMERGED,UUV
1781495523.9783778,-2.5933238245109838,-0.8296473342487464,-17.990240218410644,6.702992491219427,0.29365459141532874,18.224223987203814,40.28188849134688,-37.291667089488676,-48.43138697912431,0.0,0.0,48.357119999999995,-2186.3206715141187,6203.652028914211,-10514.48767953977,0.0,0.0,0.0,-6155.832115843044,1170.6054724753874,22148.147583389837,99.28380004687386,-130.10075635283746,-140.80253367190943,0.0,0.0,SUBMERGED,UUV
1781495524.3788674,-2.7777311210491398,-0.8542622389985178,-18.242008569827245,4.031515188646462,0.4388634668513619,13.042936791131336,40.39603728204046,-38.42296326611158,-49.61277107708488,0.0,0.0,48.357119999999995,-851.6130880353269,29.679573659842102,11254.367083080571,0.0,0.0,0.0,11562.226044057119,-10201.852365779696,-1000.516884415747,316.27727244493786,-493.5567581133457,91.48413627523446,0.0,0.0,SUBMERGED,UUV
1781495524.8284023,-2.721549038881219,-0.8277685684663657,-18.123514562116558,13.096024836517657,12.226040222337545,-11.843471597247172,23.102144126994695,-29.64424213179597,-41.9234630871551,0.0,0.0,48.357119999999995,10596.255956431345,-11066.007203815787,4432.998481133102,0.0,0.0,0.0,-5244.798274839388,6209.066858797796,6715.714209403003,342.83169820570873,-481.3391870133321,-1315.509722606214,0.0,0.0,SUBMERGED,UUV
1781495525.1783876,-2.532434138737919,-0.8024901585036217,-18.132972311296765,15.354968628698606,15.073042786019958,-18.692796723244957,32.81633888202098,-36.803600744680544,-44.46823442844592,0.0,0.0,48.357119999999995,-10199.733275362376,9842.491119014097,-22435.108087460605,0.0,0.0,0.0,4198.932528026824,-3545.32300096546,16169.216636099416,-1011.9018643002361,1203.5748009048834,1442.3012223226497,0.0,0.0,SUBMERGED,UUV
1781495525.5783665,-2.764929741311602,-0.8630721973607164,-18.22061685071585,-3.2136961247384495,-6.432595730747453,-2.3104374176801588,29.0208634737225,-36.59571769087677,-41.4452254804034,0.0,0.0,48.357119999999995,3950.5534699066225,-2087.1397252273837,4814.47415805229,0.0,0.0,0.0,4267.474452006708,-6801.260330721957,6599.588336544892,351.46332616153586,-394.5427805242775,-567.0233494311672,0.0,0.0,SUBMERGED,UUV
1781495526.0284226,-2.515955691356042,-0.77645228347869,-18.03530509840732,9.552887583026228,4.871188499328179,18.145078128751376,15.56757785674557,-34.132083114862375,-34.22659914001855,0.0,0.0,48.357119999999995,1200.1254008426235,-5076.64116444292,4149.650651955177,0.0,0.0,0.0,-14214.404778319044,14254.162341622396,11571.523747466133,-41.91645087900613,16.88406792509796,158.7249876716079,0.0,0.0,SUBMERGED,UUV
1781495526.4286456,-2.5127074090963895,-0.7512198623690299,-18.172266481811764,-7.918160630015175,-15.39111150120741,9.674148391736715,14.683075096370342,-37.877667363422916,-30.298781774318854,0.0,0.0,48.357119999999995,-12783.43183201076,8748.380761458888,22244.26278683227,0.0,0.0,0.0,9932.92017520344,-1752.0495706514366,-21451.44384767696,-800.373076501961,678.4167914757336,-1007.9747665253371,0.0,0.0,SUBMERGED,UUV
1781495526.8283544,-2.5579417262326984,-0.884042136503491,-18.33257588564458,-11.985506512898894,-17.051490214237056,-10.317049399948733,13.56569381190129,-44.29587478186891,-26.582209841183793,0.0,0.0,48.357119999999995,6800.32374096899,-1196.9318908793723,-8964.38223295935,0.0,0.0,0.0,572.5463262469898,-7635.80844198138,-1959.063512028307,597.9738753435485,-484.81569916920574,677.223966417228,0.0,0.0,SUBMERGED,UUV
1781495527.2783978,-2.3851566646651423,-0.7848509118029813,-18.190878061848046,3.9343034081886508,-10.947693907095127,-14.514230411275191,20.388012298111903,-48.62361023400374,-20.198466664052262,0.0,0.0,48.357119999999995,764.4343587623563,-11252.57280351586,-2927.2381500844513,0.0,0.0,0.0,-11965.27549899567,11994.652233190753,-8570.42926850721,-177.2537278117439,-269.7491837362059,464.5033214742555,0.0,0.0,SUBMERGED,UUV
1781495527.6283782,-2.609160198271428,-0.7254509539999722,-18.241726324556275,-11.63125353103161,1.2187815919349925,-1.1012666089768635,8.124066396849718,-49.81629434631866,-12.400954609113061,0.0,0.0,48.357119999999995,-3773.085640387404,11261.302257478412,14629.036285624317,0.0,0.0,0.0,13406.145283055976,-5948.314015745451,-4701.849800170001,-62.95611345341828,965.6040971872043,-865.2679988282412,0.0,0.0,SUBMERGED,UUV
1781495528.0783603,-2.5687451614464245,-0.8949493242521323,-18.212385614592193,-16.360144602674787,-9.654381581580127,18.766285686779497,5.751809940042235,-42.81400789119895,-3.564227722285611,0.0,0.0,48.357119999999995,11278.343910538299,-477.6660662812086,12852.101829956053,0.0,0.0,0.0,-6053.32426057458,-8785.199587558072,-2570.6475579709854,778.6091495349674,-742.8529928802143,-843.2954846222646,0.0,0.0,SUBMERGED,UUV
1781495528.4783437,-2.3404336761532663,-0.7078367051681437,-18.238842151578616,-8.908440779090979,11.169995021710504,8.001650758847992,-0.757401762502967,-40.052051970736386,3.555748289311707,0.0,0.0,48.357119999999995,-2395.400704935264,-8031.675531087599,2066.847448316758,0.0,0.0,0.0,-5777.904537755305,14728.069133395224,-18083.07782783519,84.80825320276809,-28.649962115411363,33.12234168895185,0.0,0.0,SUBMERGED,UUV
1781495528.8783743,-2.5538766005520155,-0.73938677906583,-18.337713955796964,-6.278072755566882,16.66482106966148,-12.939815233821193,-8.918505925646226,-38.095831954612976,9.850377028048113,0.0,0.0,48.357119999999995,-61.63443258756249,11665.639488731256,-22566.253690985162,0.0,0.0,0.0,10443.151061012433,-6519.554749864984,17784.41154930706,67.15197757645203,1152.5971754872655,807.9721739073165,0.0,0.0,SUBMERGED,UUV
1781495529.3283792,-2.404442491945462,-0.8740479485047438,-18.255568249433235,-16.87864104562052,1.096199317003678,-16.13523599155853,-24.64219301982071,-44.15291882575433,20.202811593302187,0.0,0.0,48.357119999999995,12238.844027337673,103.00891511589157,-16901.1406102052,0.0,0.0,0.0,-9698.883876277589,-10649.076564261837,7728.896627612008,867.7714975543536,-399.4091707739614,704.6815253013516,0.0,0.0,SUBMERGED,UUV
1781495529.7283435,-2.4552135691586567,-0.651721941386188,-18.151333184028044,-1.53326002723402,14.656838223011368,3.3998084418021977,-31.615517628245303,-46.43805136161078,29.51236693209715,0.0,0.0,48.357119999999995,-4561.291538854673,-10300.893910315926,-267.5345630942694,0.0,0.0,0.0,-3276.4247079250313,14041.426037189742,15253.081645245566,41.699787679179735,-6.150756216546909,-168.02370282061253,0.0,0.0,SUBMERGED,UUV
1781495530.1283913,-2.525683227669167,-0.709777266617318,-18.381665718733665,-0.054458331169330965,13.3595901603369,18.371897756654118,-32.659842992874054,-45.07361107673479,35.30559961341139,0.0,0.0,48.357119999999995,2.8868403653575796,7806.442438734669,21735.877042732085,0.0,0.0,0.0,9585.50359786894,-365.5715746753608,-15183.011414996517,221.49039088899275,1171.0437269007896,-681.5095458268935,0.0,0.0,SUBMERGED,UUV
1781495530.5283375,-2.2638274615683174,-0.8119254263799891,-18.273710971630383,16.714375036152916,-6.214387148975749,5.681324836531668,-31.07470959264785,-40.81196839135805,36.889669663991775,0.0,0.0,48.357119999999995,8377.721394572984,21.167712318114663,-606.2438320052981,0.0,0.0,0.0,-14460.11459558428,-10380.158920432023,-12267.11401984172,-7.08159069234045,-72.57119428178528,-37.93592258354646,0.0,0.0,SUBMERGED,UUV
1781495530.9783604,-2.2779809253896794,-0.6838753265935184,-18.357009471576315,7.698882923551471,3.9084181542560814,-16.572257573156776,-20.263273334912316,-28.950472595625573,33.4536754864606,0.0,0.0,48.357119999999995,-6796.988178824033,-11779.803688650394,-325.6502556017784,0.0,0.0,0.0,-297.66888551250395,11224.835657674608,-12688.997435377814,-110.36509859114048,-15.084800557520175,738.246283813283,0.0,0.0,SUBMERGED,UUV
1781495531.328395,-2.5307663940431198,-0.7332670960582298,-18.334257531769644,3.5705144526629,-11.168033440674371,-13.689866126778941,-26.548847934586615,-33.048305784578766,38.38212659596869,0.0,0.0,48.357119999999995,3445.1803976142414,9935.520816360759,8020.968182372408,0.0,0.0,0.0,4980.214035241694,-3850.9232001250375,2955.3803125438862,473.7781462909241,685.1354939656734,-1061.986398829636,0.0,0.0,SUBMERGED,UUV
1781495531.7783597,-2.305938471549503,-0.7632389609593128,-18.175422886804927,13.420780146269752,-16.89043507153695,5.758117881267616,-24.994599239733947,-24.291406257473017,34.27057685663616,0.0,0.0,48.357119999999995,5134.143320084448,405.55777288115803,2619.1391983001035,0.0,0.0,0.0,-14232.92212136928,-11962.5322209687,8991.305895547614,-76.36079723825002,-195.30454548384034,178.16118737349942,0.0,0.0,SUBMERGED,UUV
1781495532.1283486,-2.413123071328303,-0.6756287413060543,-18.432742930714042,-16.975437887174394,13.627831121590502,18.811011611574735,-23.038707063507463,-25.035895422172633,36.90166621805031,0.0,0.0,48.357119999999995,-8489.535457882668,-2729.021644069766,-20096.347426292457,0.0,0.0,0.0,14498.249994079466,13352.150170837067,12534.67298461086,-593.8232631954918,-57.32974461640576,395.6265049543453,0.0,0.0,SUBMERGED,UUV
1781495532.5783386,-2.375816379899669,-0.7347577596007737,-18.491212176590032,-5.507266717603176,0.9702540476781724,4.387544773135593,-30.7782647663521,-26.71356354381925,36.960651674491054,0.0,0.0,48.357119999999995,5054.58935937724,7949.353677062128,-12960.871036304814,0.0,0.0,0.0,2867.782064148348,-878.5457630936635,2401.4922756256356,711.3191800386946,879.80811613778,1106.6069612066485,0.0,0.0,SUBMERGED,UUV
1781495532.9783986,-2.254631494870793,-0.7453717543396057,-18.190048678535607,-16.388761897382096,17.181627441598764,-15.102623388338504,-32.57693401042379,-27.606780903223118,36.92291232119697,0.0,0.0,48.357119999999995,109.77116728719474,-146.2616027797366,-1735.9708411608349,0.0,0.0,0.0,-11091.453493735818,-9770.889452828997,17751.622819210083,83.56570864085036,102.4461069625131,-7.798650998192478,0.0,0.0,SUBMERGED,UUV
1781495533.328334,-2.3733856550352916,-0.7098225805283761,-18.54144857646211,-2.284946394550846,3.179780729057861,-14.255345104118401,-22.524153239666326,-21.991190379129307,32.96273441205711,0.0,0.0,48.357119999999995,-1693.352720930383,-1159.822600176287,-2611.9013755060255,0.0,0.0,0.0,12919.65414368167,12472.807523597403,-9084.807769171706,110.37869110804628,153.40828041372615,-186.1892350972867,0.0,0.0,SUBMERGED,UUV
1781495533.7785263,-2.2500436643540076,-0.7483006491845255,-18.501896976864625,1.402119934166325,-2.151468679238301,3.0394385733470455,-37.04073701363539,-32.071646230682845,36.856753776857836,0.0,0.0,48.357119999999995,11187.607213005635,10715.162408364446,-2214.7060965340243,0.0,0.0,0.0,-3184.703198087428,-2273.904954701011,-13074.235386662218,13.775035094548244,67.58407981632905,840.9773271580347,0.0,0.0,SUBMERGED,UUV
1781495534.1783657,-2.2061294929168542,-0.7902160903552679,-18.281782388669953,3.2207823036877774,-6.6980511429866025,18.601245069365135,-35.09374671904996,-31.722564217275423,33.33210520544139,0.0,0.0,48.357119999999995,-4164.609326070195,-2195.1173074019307,-17683.394493761858,0.0,0.0,0.0,-3728.0793617805575,-6074.760327086842,22699.881009271845,-69.06542162305247,-57.72570410226694,51.15473685693191,0.0,0.0,SUBMERGED,UUV
1781495534.5785093,-2.4231212545484553,-0.685937477113018,-18.47006506588578,1.4575862293545678,-6.79994493363671,9.64029470118255,-33.039007473247295,-30.373542563128865,29.075864804567367,0.0,0.0,48.357119999999995,-157.88215994603647,-2189.707042029153,6348.980222524083,0.0,0.0,0.0,10922.800303616797,12941.090106250387,4517.8598798734965,336.3846640727929,227.36750765575624,168.97501285493905,0.0,0.0,SUBMERGED,UUV
1781495535.028336,-2.3303207803339805,-0.6807335772804202,-18.374484966037567,10.061359655914895,-16.735595654885874,-16.297308795733514,-15.194996100866238,-21.790382581994734,20.119385729557383,0.0,0.0,48.357119999999995,11987.766573417419,6816.715807044089,1585.4382570179375,0.0,0.0,0.0,-9252.409661950953,466.0508393044647,10311.801099824519,144.1971600832164,242.69744779013945,-961.3895045853786,0.0,0.0,SUBMERGED,UUV
1781495535.3783493,-2.1814012286921782,-0.8599245998512468,-18.453560782176318,14.444348411736373,-7.668083632077039,-13.323268232917378,-22.653205954537746,-26.173516657186525,16.856626308459138,0.0,0.0,48.357119999999995,-9068.55033809688,-2735.7996577169406,-11704.917507060469,0.0,0.0,0.0,2542.5784309435817,-5679.2869990607505,1053.8059901145698,-955.5451308314688,-1049.5795720261906,1301.5886985914312,0.0,0.0,SUBMERGED,UUV
1781495535.8283818,-2.298147245606447,-0.7289189054932818,-18.584928546467438,13.100062488052622,-2.435408722281364,4.088903957747445,-8.097793337616368,-22.54932236599235,9.601508731687568,0.0,0.0,48.357119999999995,579.0813565944019,-5945.515679684493,-10476.307000936844,0.0,0.0,0.0,8642.957654023518,14257.203144696268,41.4910677771627,443.66701367315164,-148.4082829371453,200.72636563101315,0.0,0.0,SUBMERGED,UUV
1781495536.228368,-2.1666046489739488,-0.7579144751855708,-18.36787486127939,13.106563182318625,0.6701228933262282,18.13337070738423,-4.144113595608228,-26.26002170154391,3.9020492419413872,0.0,0.0,48.357119999999995,5154.399930925242,11227.928710424894,-4388.839690432655,0.0,0.0,0.0,-15070.920437337787,-6538.592517904913,20109.85162633734,77.82065310778012,-83.09749831020962,-51.07843009451196,0.0,0.0,SUBMERGED,UUV
1781495536.6283658,-2.2168143942655267,-0.919854135091045,-18.425117461694782,-4.132426587926128,16.43616516402367,5.14034587170699,-3.2130601053822323,-29.402622302572727,-1.9633773975275193,0.0,0.0,48.357119999999995,-12426.869061353043,-1629.648741172645,15789.468313515172,0.0,0.0,0.0,9059.730560790958,-6985.644057803671,-6135.108587771072,-878.6619302031412,-731.8024345143267,-985.7296328445691,0.0,0.0,SUBMERGED,UUV
1781495537.0785942,-2.2943240650831505,-0.7471829651854086,-18.51250394470978,9.010973510560968,13.420685820872867,-17.549598428749313,-10.05489905009467,-29.05813060525949,-8.60653403600723,0.0,0.0,48.357119999999995,935.5818021952183,-11420.38091031928,7938.172526568989,0.0,0.0,0.0,8337.235503422777,12913.150115663622,2884.935628370323,426.67010463457325,-490.11488530873146,-721.8696182244688,0.0,0.0,SUBMERGED,UUV
1781495537.478377,-2.022700455534141,-0.8218365380963475,-18.5709271985443,6.326183282657408,16.02109721935096,-9.914148404658901,-10.613023707338886,-25.484957788477672,-14.82246064447393,0.0,0.0,48.357119999999995,1224.172248420961,7909.539992120526,1256.8512334936881,0.0,0.0,0.0,-12378.789322352173,-1286.1405266616716,-17037.301802661634,12.009651837656378,-98.20225954323764,254.9559489417792,0.0,0.0,SUBMERGED,UUV
1781495537.878374,-2.2146399700347854,-0.9593923590783648,-18.57199689657067,-12.315656595669957,6.689808621757221,7.216030032783989,-5.70591404020925,-22.134512094488624,-20.36508167444208,0.0,0.0,48.357119999999995,-12017.719562828865,-374.7161031954907,-19450.77474196555,0.0,0.0,0.0,12408.807915840733,-8947.459144339176,11360.086222217225,-821.7423858398872,-669.9048071086391,710.666668806812,0.0,0.0,SUBMERGED,UUV
1781495538.328416,-2.217840275625933,-0.827068884569091,-18.66318521364142,2.477161821966093,15.538367498580904,15.646650212780566,7.520627153501746,-19.011194812002696,-24.912871899850543,0.0,0.0,48.357119999999995,2439.998851570206,-11818.667364890556,-11707.917527177107,0.0,0.0,0.0,6011.954926616323,9126.762472871267,1223.4598828659944,588.4412278906566,-843.421746639797,1094.618324026341,0.0,0.0,SUBMERGED,UUV
1781495538.7284703,-2.049286989733514,-0.8658454072132024,-18.41965320335818,2.1524492907725987,13.949883636265238,4.088405513325788,11.67686613356761,-19.762665290271123,-29.067095874559925,0.0,0.0,48.357119999999995,-292.86617795964344,8481.714258802138,1331.1677957291608,0.0,0.0,0.0,-9627.203886502779,-1916.3254937124234,10816.632577022203,-166.51149570934928,182.70816904630834,-568.5663090961284,0.0,0.0,SUBMERGED,UUV
1781495539.1286952,-2.230397696057428,-0.9598419371315238,-18.619915190455085,-17.38485638366334,-8.761607983684605,-18.69732222499685,14.933364284629622,-21.903023335514046,-33.62483553536187,0.0,0.0,48.357119999999995,-10115.796147072813,14.084398700934562,22147.9867123487,0.0,0.0,0.0,14263.433303482227,-9643.584650021568,-16791.435103834887,-551.3994173444981,-281.13543703494076,-360.57373365270774,0.0,0.0,SUBMERGED,UUV
1781495539.52835,-2.0776336947413583,-0.8052066639199792,-18.687121544209145,-15.78362543807484,-12.803690856762676,-8.182518017730386,15.585583671125185,-22.5656145611153,-36.81813536202531,0.0,0.0,48.357119999999995,10753.422554702754,-7197.886123511253,-4669.129593279232,0.0,0.0,0.0,-6059.607132228411,14406.613191848912,-6376.8100636039235,344.2353787087546,-90.56941143082528,644.7693741106057,0.0,0.0,SUBMERGED,UUV
1781495539.9783547,-1.9476261698898834,-0.8981908386659538,-18.686748457202828,-15.062780906378208,-15.945851327222472,12.79415536572362,6.122691979441044,-16.28535399854251,-38.72900337764159,0.0,0.0,48.357119999999995,-118.40923028479598,3723.8749317162733,-657.8754301700532,0.0,0.0,0.0,-9650.086817063817,4230.69956635989,-12125.683288045442,-97.07363456862859,95.20088101439178,288.59924614328884,0.0,0.0,SUBMERGED,UUV
1781495540.3283508,-2.2976140939269505,-0.9130168322959336,-18.642364783305705,-0.40645744527750605,-8.149996556686947,15.75498724816219,14.555601802066239,-21.997571238533727,-41.57403354573613,0.0,0.0,48.357119999999995,-684.0854602065656,-1005.9715360825312,9732.099612771028,0.0,0.0,0.0,11441.932993729857,-8257.705678913684,899.1913667321552,319.93195297779994,-562.3561032082442,-89.51200501651728,0.0,0.0,SUBMERGED,UUV
1781495540.778332,-2.1534597429538156,-0.8501348662739777,-18.57512541897045,4.099321083158274,-2.487369527732051,-0.7861359553988693,4.251504190409936,-9.487492035891215,-39.58378438531316,0.0,0.0,48.357119999999995,10532.215177907607,-11568.872573248595,3479.6985917634242,0.0,0.0,0.0,-5175.636223149871,12555.96407295453,7827.708171947287,312.2711920708978,-260.48115570133405,-1048.542554857293,0.0,0.0,SUBMERGED,UUV
1781495541.128712,-1.996585344873447,-0.9185398790724959,-18.71214996417668,16.928623976406424,17.15126914502949,-18.83456306265267,10.113960504184966,-14.364385769104944,-41.188434371116415,0.0,0.0,48.357119999999995,-9895.73367531825,12408.768129300617,-21306.955036614087,0.0,0.0,0.0,-674.8744551011582,-4164.048149997856,5506.4320449924535,-872.874429088488,1005.879417430823,1358.358276429322,0.0,0.0,SUBMERGED,UUV
1781495541.5783563,-2.2474991074804715,-0.9169226730472056,-18.781295810440636,14.98255208424667,16.100844532993815,-8.43240789644716,4.334818492410325,-7.36704134570444,-38.96888489597711,0.0,0.0,48.357119999999995,-82.42430979837555,-304.04693259986533,-14787.689396546586,0.0,0.0,0.0,10591.844827905072,-9201.194181043422,5104.101375686431,389.8752904688486,-641.5665541203568,55.61302713932224,0.0,0.0,SUBMERGED,UUV
1781495542.0283237,-2.07163116627993,-0.8908068565576576,-18.808020865399072,13.054294733085342,11.808614260500947,14.411672996846942,16.80313935024145,-16.700806979133922,-39.13272316150405,0.0,0.0,48.357119999999995,11479.955114716102,-11609.755013157543,-7322.039242722053,0.0,0.0,0.0,-7909.289726211737,9082.667445396462,-3425.3128618163164,506.23057548253684,-616.5320927896306,1414.6337317041512,0.0,0.0,SUBMERGED,UUV
1781495542.4283445,-1.9998165983019411,-0.8799382418279441,-18.594313707522492,15.391264558047002,15.677338398563025,13.49516951838955,17.595536762664224,-17.959915708854165,-37.54835561377862,0.0,0.0,48.357119999999995,-6376.466708345457,5925.314861185646,-1286.585776996371,0.0,0.0,0.0,-957.3341949967048,1469.0423207623883,16780.248020294384,72.60183121201605,-145.6511080758806,-509.7882962590989,0.0,0.0,SUBMERGED,UUV
1781495542.7785127,-2.1668268431175677,-0.9270439864597153,-18.87385062951742,-5.285386308180301,-7.837076361873239,0.06192310797910841,10.139287515965256,-13.275090052944748,-34.073323183822176,0.0,0.0,48.357119999999995,2693.1651850819194,-1564.4191098462572,-2875.0506361971975,0.0,0.0,0.0,5685.161430384329,-7156.071330161645,-8900.467665234262,231.17382301771403,-241.9778174880165,397.92349792224746,0.0,0.0,SUBMERGED,UUV
1781495543.228677,-1.9131453761662773,-0.8612067027201201,-18.811066830495015,8.47449451744667,4.434875587020203,-18.56723000863827,15.331144901324327,-16.318350606706648,-31.54923715382844,0.0,0.0,48.357119999999995,2185.8714256886037,-6235.232387821109,-2259.299505928144,0.0,0.0,0.0,-13203.577603526173,14528.001968837487,-9452.24769784012,-141.49284599575066,11.577056231505345,-159.64965058603366,0.0,0.0,SUBMERGED,UUV
1781495543.6783874,-1.9807099191383881,-0.8269914714291956,-18.884130236548483,16.116326022277196,12.155009045319767,-4.721193759246428,2.9983930558025125,-4.200703037206429,-25.84810319829351,0.0,0.0,48.357119999999995,-11196.040919117597,6517.705425695284,-1712.9070544399417,0.0,0.0,0.0,7237.889480088508,675.4192153613349,-10109.857473141908,-227.4960152268702,159.4371006167076,950.3541593544905,0.0,0.0,SUBMERGED,UUV
1781495544.0284092,-2.1558138600081596,-0.9616049658941037,-18.757819164898503,-12.519727568855261,-17.17186214249354,13.454134039068808,9.707877901888732,-10.610619903344482,-22.955558901507814,0.0,0.0,48.357119999999995,9435.094170721664,-2999.5945902133503,12172.764820436507,0.0,0.0,0.0,-2918.037898752679,-5689.355930532951,-1538.2418952398962,737.7610078089377,-818.0518684182546,-1028.227821089424,0.0,0.0,SUBMERGED,UUV
1781495544.4784095,-1.914793861166347,-0.8397798083513247,-18.71832901287371,2.7784704235079842,-10.093665957518729,12.894201237072918,-1.5828772180446,-7.277578877719742,-16.398531730399213,0.0,0.0,48.357119999999995,111.1942334756692,-8359.31734996054,5366.562151440541,0.0,0.0,0.0,-10956.37714913744,14050.438483804408,5642.667511029051,-259.7146554848001,-73.83965809777334,-65.54584836843081,0.0,0.0,SUBMERGED,UUV
1781495544.8784163,-2.044263930660643,-0.7897458294757532,-18.901699947396608,-15.587595127721539,-11.40037503249464,-2.9703545732628522,-4.147363164606347,-8.186250861158271,-11.239409349203493,0.0,0.0,48.357119999999995,-8962.876948448255,7957.738940090683,12553.146709642508,0.0,0.0,0.0,14503.875656298162,-1141.2256687191816,-23183.38657287816,-257.1057195682441,-110.63132965977454,-127.32692745101056,0.0,0.0,SUBMERGED,UUV
1781495545.2783437,-2.051556306159134,-0.9612968016564024,-18.936480354514387,-17.05504148676886,-8.720806494211873,-18.4351036477317,-3.4224286306578664,-11.827993181791738,-5.17251109899713,0.0,0.0,48.357119999999995,9254.354825428392,-198.80628314570342,-10079.228646899364,0.0,0.0,0.0,-2990.458457386436,-9472.787605850945,-610.0802105014668,665.9940957112175,-448.2422100824606,680.9968290191372,0.0,0.0,SUBMERGED,UUV
1781495545.6785603,-1.9241070360380452,-0.7531274032071837,-18.752682773517154,-6.8110367157372425,12.679740811883054,-5.851923291661393,-2.6414031221429197,-14.94596495099904,0.506266495510431,0.0,0.0,48.357119999999995,-3328.8847419466942,-5232.551289991107,-448.4452233014734,0.0,0.0,0.0,-7334.353629531621,15270.269809243438,20101.350653601163,104.543833826438,-103.44470124115286,96.03071634888622,0.0,0.0,SUBMERGED,UUV
1781495546.0784104,-2.120413127207227,-0.7973802065650863,-18.89497250876789,-5.14638277039202,16.146627057121368,15.382309263726572,-2.7337212383222362,-15.10787510702686,6.2430295944816505,0.0,0.0,48.357119999999995,-170.76377704215312,11888.10667629903,21365.69679847175,0.0,0.0,0.0,10299.71477126364,-6803.090660029973,-14327.336029241344,160.27523017511652,1183.6683392378764,-853.4994342993439,0.0,0.0,SUBMERGED,UUV
1781495546.4783926,-1.8939557962592237,-0.9176242515865345,-18.995610339854366,13.512333578539643,7.313352041584382,13.420281600270979,0.31631096179915086,-12.961869712611064,11.072843144886766,0.0,0.0,48.357119999999995,9584.04859037807,-1016.8575730042122,-396.94102763395296,0.0,0.0,0.0,-14102.389702632276,-7856.278016385057,-12714.684147271331,-9.640941919712194,-99.92045990852179,121.33001773140973,0.0,0.0,SUBMERGED,UUV
1781495549.9335175,-1.9255362807544898,-0.7234021664424922,-18.817700835451607,10.731331341333378,-13.975360380010796,-2.197805862788048,-8.626991293881536,-12.605958944685087,15.551756175895694,0.0,0.0,48.357119999999995,-944.3816786859921,-12588.535041699859,-13258.642674542223,0.0,0.0,0.0,-9739.028631862626,5770.142031672922,21895.428689294044,-31.840734922395626,-835.9502989773282,593.6708595956826,0.0,0.0,SUBMERGED,UAV
