timestamp,x,y,z,vx,vy,vz,roll,pitch,yaw,buoyancy_x,buoyancy_y,buoyancy_z,damping_x,damping_y,damping_z,wave_x,wave_y,wave_z,added_mass_x,added_mass_y,added_mass_z,coriolis_x,coriolis_y,coriolis_z,surface_z,z_over_l,phase_name,robot_type
1781496654.2676105,-8.059786060223232,0.0001453592432858496,0.7821757909855707,4.195741735124484e-05,5.057917756875556e-06,1.2124481663716188e-06,-0.001247795190957696,0.0020728931892987417,-0.0014059503544141163,0.0,0.0,0.0,0.0,0.0,0.0,0.0,0.0,0.0,0.0,0.0,0.0,0.0,0.0,0.0,0.0,0.0,SUBMERGED,UGV
1781496655.2177293,-7.6469881473212915,0.07854972939791056,0.782400548819693,0.6443335323260224,-0.0034082270469313405,-0.04856162243490649,0.0323296667725127,0.017615727593657326,9.70780809088223,0.0,0.0,0.0,0.0,0.0,0.0,0.0,0.0,0.0,0.0,0.0,0.0,0.0,0.0,0.0,0.0,0.0,SUBMERGED,UGV
1781496656.017704,-7.2653265778904625,0.14062622989242277,0.7829184822049077,0.5415931296359854,0.09457682467840714,-0.16052565241658417,0.024777973124573215,0.010868621624126159,8.092855859436767,0.0,0.0,0.0,0.0,0.0,0.0,0.0,0.0,0.0,0.0,0.0,0.0,0.0,0.0,0.0,0.0,0.0,SUBMERGED,UGV
1781496656.768328,-6.8869741535630755,0.17974876791662756,0.7822316573168058,0.8170911463407483,-0.006083692731295713,-0.011652000068628293,0.007694586274659392,0.0013266848065607015,3.916958260231065,0.0,0.0,0.0,0.0,0.0,0.0,0.0,0.0,0.0,0.0,0.0,0.0,0.0,-0.0,0.0,0.0,0.0,SUBMERGED,UGV
1781496657.3177052,-6.490331224235193,0.20376561636046495,0.7833807472011334,0.8736114617151475,-0.03843237919749083,-0.2161229367484228,-0.21507144910830628,0.030171101425068028,3.1151084176339623,0.0,0.0,0.0,0.0,0.0,0.0,0.0,0.0,0.0,0.0,0.0,0.0,0.0,0.0,0.0,0.0,0.0,SUBMERGED,UGV
1781496658.567718,-6.104825424930594,0.20227002212157377,0.7821775845012099,0.5392590395561255,0.01243383916113456,-9.2759318239522e-05,-0.0029575095823781363,-0.0011737331657641755,-9.475561965799178,0.0,0.0,0.0,0.0,0.0,0.0,0.0,0.0,0.0,0.0,0.0,0.0,0.0,0.0,0.0,0.0,0.0,SUBMERGED,UGV
1781496659.267708,-5.718746615755213,0.13278275939260883,0.7821054822427358,0.6714967446635701,-0.03949543660861908,0.0054208648926497675,-0.003923618021537085,-0.030548183349066654,-17.40077802413475,0.0,0.0,0.0,0.0,0.0,0.0,0.0,0.0,0.0,0.0,0.0,0.0,0.0,0.0,0.0,0.0,0.0,SUBMERGED,UGV
1781496660.2677095,-5.351766047006866,-0.003995694453759589,0.782378654942761,0.4691556570808343,-0.1054190894069202,-0.028307429996849445,-0.006701000420250396,-0.042943278625321095,-23.518089464053194,0.0,0.0,0.0,0.0,0.0,0.0,0.0,0.0,0.0,0.0,0.0,0.0,0.0,-0.0,0.0,0.0,0.0,SUBMERGED,UGV
1781496660.9177167,-5.004750482649252,-0.2159972686949508,0.7821436306483728,0.5876939892965086,0.002137139084136097,-0.0034490344239607954,0.0034735150794646267,0.0029538972272567634,-29.929358468883347,0.0,0.0,0.0,0.0,0.0,0.0,0.0,0.0,0.0,0.0,0.0,0.0,0.0,0.0,0.0,0.0,0.0,SUBMERGED,UGV
1781496661.6677468,-4.6830369228328,-0.4072654932446318,0.7822346353632526,0.4113794842908379,-0.02812430525570145,-0.009494522067765817,-0.004246907076025623,0.004433322670972927,-27.601018990066947,0.0,0.0,0.0,0.0,0.0,0.0,0.0,0.0,0.0,0.0,0.0,0.0,0.0,0.0,-0.0,0.0,0.0,SUBMERGED,UGV
1781496662.517682,-4.278891460977597,-0.566093370487143,0.7822711029718504,0.6637575593335558,-0.00359543337767243,-0.014938946475620487,-0.016669025535212458,0.0026401453054549027,-19.18319594243914,0.0,0.0,0.0,0.0,0.0,0.0,0.0,0.0,0.0,0.0,0.0,0.0,0.0,0.0,0.0,0.0,0.0,SUBMERGED,UGV
1781496663.3177137,-3.955281640213267,-0.6369046767516083,0.7820882186304544,0.25096315934687685,-0.032456289950261855,0.0003820532406876743,0.0036753042437900505,0.012808943032535212,9.531142220989933,0.0,0.0,0.0,0.0,0.0,0.0,0.0,0.0,0.0,0.0,0.0,0.0,0.0,0.0,0.0,0.0,0.0,SUBMERGED,UGV
1781496664.1179426,-3.5585066975827866,-0.5116969946673106,0.7821614177925369,0.7006989069608938,0.0009064137585870213,0.00044224783821966934,0.0015500421581556697,0.0013767879258189003,17.289515665582904,0.0,0.0,0.0,0.0,0.0,0.0,0.0,0.0,0.0,0.0,0.0,0.0,0.0,0.0,0.0,0.0,0.0,SUBMERGED,UGV
1781496664.7677135,-3.207606986185555,-0.40072234666972834,0.7821149472088696,0.38737298280072774,0.0008076616580221935,-0.0025956674776085225,0.00916875080218211,0.0028608640282216614,23.987232312372832,0.0,0.0,0.0,0.0,0.0,0.0,0.0,0.0,0.0,0.0,0.0,0.0,0.0,0.0,0.0,0.0,0.0,SUBMERGED,UGV
1781496665.6176755,-2.851477758502056,-0.23226422620047596,0.7821073680651437,0.5237897745178873,0.00012061862823489755,-0.00289900895198038,0.0010635163814860056,0.0019974605196737207,25.70924186925991,0.0,0.0,0.0,0.0,0.0,0.0,0.0,0.0,0.0,0.0,0.0,0.0,0.0,0.0,0.0,0.0,0.0,SUBMERGED,UGV
1781496666.4177005,-2.481732105388298,-0.07596389500849322,0.7821244770132552,0.38930526527225334,-0.0012198525294674148,0.0050875111729200215,-0.005363056110616202,0.007051929041618324,18.0034981330987,0.0,0.0,0.0,0.0,0.0,0.0,0.0,0.0,0.0,0.0,0.0,0.0,0.0,-0.0,0.0,0.0,0.0,SUBMERGED,UGV
1781496667.167688,-2.0728933046831473,0.032158848533382696,0.7832372139519549,0.5627036558964541,0.012980774689639152,-0.19573822255080717,-0.19024727694785698,0.07195435056097743,14.262607378827221,0.0,0.0,0.0,0.0,0.0,0.0,0.0,0.0,0.0,0.0,0.0,0.0,0.0,0.0,0.0,0.0,0.0,SUBMERGED,UGV
1781496668.067661,-1.7121697854103184,0.10720331520384153,0.7821524962247802,0.5892872809682668,-0.0009600304178134719,0.005465748710072468,0.00015765499619211387,0.0032363764711797523,12.385811545974137,0.0,0.0,0.0,0.0,0.0,0.0,0.0,0.0,0.0,0.0,0.0,0.0,0.0,-0.0,0.0,0.0,0.0,SUBMERGED,UGV
1781496668.9176812,-1.3028317783437164,0.1974217926604562,0.7822188520478826,0.6169729865073429,-0.003323551616662715,-0.013868620663753039,-0.012131239945061724,-0.0010906752198620757,14.915700109017804,0.0,0.0,0.0,0.0,0.0,0.0,0.0,0.0,0.0,0.0,0.0,0.0,0.0,0.0,-0.0,0.0,0.0,SUBMERGED,UGV
1781496669.667661,-0.9596528241015548,0.29171111034171504,0.7821173609970402,0.5216877326091572,-0.00033571640965943117,0.0032837390938615673,-0.005158139860266819,0.006832812152942999,16.363074793954233,0.0,0.0,0.0,0.0,0.0,0.0,0.0,0.0,0.0,0.0,0.0,0.0,0.0,0.0,0.0,0.0,0.0,SUBMERGED,UGV
1781496670.467637,-0.5671176323227425,0.40984124061452437,0.7821520087804831,0.5360221406080469,0.07878254902095584,0.0038474787391422076,-0.002518360356280721,0.006826816265284278,14.327641232562359,0.0,0.0,0.0,0.0,0.0,0.0,0.0,0.0,0.0,0.0,0.0,0.0,0.0,0.0,0.0,0.0,0.0,SUBMERGED,UGV
1781496671.1176443,-0.26132343196634766,0.36758432379216505,0.7821601228343094,0.21627432948119074,0.0017377573168761429,-0.003389616210880308,0.001126576039712759,0.014132829528656013,-17.387929363314583,0.0,0.0,0.0,0.0,0.0,0.0,0.0,0.0,0.0,0.0,0.0,0.0,0.0,0.0,0.0,0.0,0.0,SUBMERGED,UGV
1781496677.267694,-0.3104448047096973,0.3670735928986808,0.4380858192714628,0.00019882050716506808,6.221321094613976e-05,-2.5872042192078104,-0.0012791596923346577,0.0037993728082688096,-2.7864315772444854,0.0,0.0,0.0,0.0,0.0,0.0,0.0,0.0,0.0,0.0,0.0,0.0,0.0,0.0,0.0,0.0,0.0,SUBMERGED,UGV
1781496681.3176625,-0.196176251579394,0.36681797402737387,0.2648370130234803,0.30060445170475136,3.583903953238536e-05,4.4607655052827805e-05,-1.159485820751726,11.409559088442533,-5.838523963607691,0.0,0.0,0.0,0.0,0.0,0.0,0.0,0.0,0.0,0.0,0.0,0.0,0.0,0.0,0.0,0.0,0.0,SUBMERGED,UGV
1781496683.4176688,0.025701644836541797,0.3442148361459939,0.005835793678584562,0.404049568091383,0.04043814771075663,-1.9976542007107005,-1.1586450871904657,11.41699145138019,-5.833261079194841,0.0,0.0,0.0,0.0,0.0,0.0,0.0,0.0,0.0,0.0,0.0,0.0,0.0,0.0,0.0,0.0,0.0,SUBMERGED,UGV
1781496683.7176738,-0.24482439950270113,0.3808339917207364,-0.2814593280492863,-0.827947101460528,3.6020067656409327,-9.732466909616535,-6.176948112878801,17.80087482284416,-6.175285968207268,0.0,0.0,0.0,0.0,0.0,0.0,0.0,0.0,0.0,0.0,0.0,0.0,0.0,0.0,0.0,0.0,0.0,SUBMERGED,UGV
1781496683.7676327,-0.38042692010384943,0.49236657401299544,-0.6433025203969334,-0.46081746296926157,4.061428213182172,-9.932443866692475,-8.508078206259892,19.14431362675775,-5.9855977545961725,0.0,0.0,0.0,0.0,0.0,0.0,0.0,0.0,0.0,0.0,0.0,0.0,0.0,0.0,0.0,0.0,0.0,SUBMERGED,UGV
1781496683.8176584,-0.465239012539361,0.578601583926986,-0.8788319014883539,-0.09149737736256018,2.030634136544548,3.525040708326093,-10.540765247625108,20.10227632635963,-5.883705508348147,0.0,0.0,48.357119999999995,-350.99514809101055,-529.2110525590014,-6474.002667173978,0.0,0.0,0.0,636.1243881331819,-4133.202285317823,-4074.203141687618,-111.96770957840094,-368.1866449773324,114.77731497163052,0.0,0.0,SUBMERGED,UGV
1781496683.9176881,-0.39603491097391136,0.5791662780978794,-0.8994498685308496,10.145865577598968,-8.369399765648325,10.379449258850686,-10.415426073448726,23.044705524310242,-6.601779355083798,0.0,0.0,48.357119999999995,4992.6490022848775,-155.9224313876747,-4518.618117950475,0.0,0.0,0.0,-10875.085374202288,-9418.566959875832,20022.547287421443,112.75716966304995,154.1830959207092,96.38331732299643,0.0,0.0,SUBMERGED,UGV
1781496684.017676,-0.38363788064067644,0.40120518859939497,-0.8525593402188687,-13.25383580330113,4.753945983074457,16.46621141656416,-5.58316384024788,19.70355338107392,-4.417101212825461,0.0,0.0,48.357119999999995,12489.795554367041,7620.743490680021,20349.154214106427,0.0,0.0,0.0,-10575.505515855499,-14436.383372585347,-12459.767349971307,863.5881304914835,465.7838284239993,-940.2097005772436,0.0,0.0,SUBMERGED,UGV
1781496684.1676798,-0.5321684805479509,0.5904713847898838,-0.7894362699646625,-7.146952461120548,13.695763413400627,18.673041124908423,-13.198550696376284,12.7984129623417,-1.9715502736372856,0.0,0.0,48.357119999999995,830.2950524213884,5014.414201278201,18443.674056818254,0.0,0.0,0.0,7789.048745542474,3103.9450097363065,-9515.20174478797,542.1979392791146,1091.6347023930362,-649.9899984883174,0.0,0.0,SUBMERGED,UGV
1781496684.3176146,-0.4648494581247442,0.5989534259243606,-0.8014167124189068,15.297848116557981,-8.26590812446285,18.214273496353293,-13.67727131103633,16.520129564895765,-2.842466965128424,0.0,0.0,48.357119999999995,-10125.99728893812,-3146.1189858311664,21363.497970160828,0.0,0.0,0.0,14172.783272395045,13173.398043065594,-14520.03358783385,-568.7380322454376,-127.9595070126551,-428.5876483269527,0.0,0.0,SUBMERGED,UGV
1781496684.4176667,-0.49488058109761823,0.5643081772570426,-0.7207693780836789,-12.43237909196241,15.87794265866914,12.983917885208417,-5.73821010369447,18.704859367514864,-2.3499949661606694,0.0,0.0,48.357119999999995,-7450.913906774835,-10928.687772108859,-2878.574685442377,0.0,0.0,0.0,536.4252785183471,6685.438730047709,-8524.46732690829,-299.3747951529871,-289.62401540989225,1082.391119731245,0.0,0.0,SUBMERGED,UGV
1781496684.5676804,-0.5020962346120086,0.6343788332214287,-0.7481637916966636,11.668093309031624,-5.516046335293068,7.585720369117195,-14.652457180630574,12.848772405805855,-0.6451412518711392,0.0,0.0,48.357119999999995,1442.5777699385683,-10.77685384948923,-1505.648116654302,0.0,0.0,0.0,-12640.475552217133,-10167.960201940648,-10749.522530659684,-79.92997838247364,-122.4493803268382,-74.71223399310047,0.0,0.0,SUBMERGED,UGV
1781496684.66767,-0.3196207110871775,0.3964636668604005,-0.764795279654599,-8.523042265035006,3.4885941229866906,2.651064645726957,-6.754836415197699,23.606785113347538,-3.2709508539781615,0.0,0.0,48.357119999999995,11057.45588231931,7251.5443512565025,-5259.662611381012,0.0,0.0,0.0,-14339.615764262035,-15635.07314029933,20740.073808469828,67.47627846926616,175.59662072928677,306.209109988552,0.0,0.0,SUBMERGED,UGV
1781496684.8177238,-0.500911010784275,0.5913796965117076,-0.7104133637054693,-9.51341700217434,12.92544651063882,-3.9544878008691366,-1.56652304721739,25.196781485919523,-1.8409410257101024,0.0,0.0,48.357119999999995,483.8007018048908,2243.7657956395974,-15665.251348711596,0.0,0.0,0.0,8639.658108709707,6030.281917556598,22835.05376328481,-170.70117909113586,-157.34366375296807,-212.47318831768257,0.0,0.0,SUBMERGED,UGV
1781496684.967646,-0.4853828022142482,0.5869242845039742,-0.7876005327909037,15.317183883248443,-12.97962938103999,-13.908318170732183,-9.085678350568843,18.040263204363537,-0.23962298172570767,0.0,0.0,48.357119999999995,-10150.90175801732,-7387.584638955159,-12720.152985448378,0.0,0.0,0.0,15043.341049385268,15481.840025760197,23600.66197954251,-328.8457587418398,-207.89700367878413,444.9225375231415,0.0,0.0,SUBMERGED,UGV
1781496685.0676749,-0.48163375478183634,0.5315049342969218,-0.8023437802961786,-15.341559749345718,16.620959720204617,-16.743095340946592,-3.439168890531425,25.363020942754133,-2.1154759264791885,0.0,0.0,48.357119999999995,-8902.149880737441,-10826.94124811129,15782.356204088172,0.0,0.0,0.0,1959.6774768671753,5005.127830178859,-5828.056525641907,-983.4036253737751,-991.4164068975558,-1530.1496703133666,0.0,0.0,SUBMERGED,UGV
1781496685.2176793,-0.547262963774784,0.6037978286922906,-0.8293578484921762,8.664670991257115,-6.7099194037239736,-18.57786487289257,-2.0888281439446237,24.227172197033987,-1.2031164429511487,0.0,0.0,48.357119999999995,915.2240350284691,269.24572487238663,13830.186351434744,0.0,0.0,0.0,-11610.89160380118,-10656.676051604165,-4165.684383310652,-303.8580652957642,-499.3154815481132,126.4305508328737,0.0,0.0,SUBMERGED,UGV
1781496685.3176732,-0.3538584371453287,0.37190595465723597,-0.89527254465572,-4.447082753212721,2.4063630126426316,-16.49376834368351,-15.181664431771054,13.230682953104044,-0.09903708588278898,0.0,0.0,48.357119999999995,11926.093312824165,11575.657524996106,4.362948071323262,0.0,0.0,0.0,-10651.503117658134,-12165.115084954103,-14224.969485242094,-51.24108437444896,49.949950294146895,522.3285952276763,0.0,0.0,SUBMERGED,UGV
1781496685.5176857,-0.42932323486138396,0.41562595269609465,-0.9407505278334818,-14.153367053972769,13.829240875883395,-10.056604328915444,-15.625949344111604,12.534612231297977,-0.20573829954275216,0.0,0.0,48.357119999999995,-277.5117717341674,-220.0477247244669,8903.548223402244,0.0,0.0,0.0,10900.229976933268,10912.513403947141,1635.6456547000157,363.1351530326199,406.18906746210934,103.22630688281836,0.0,0.0,SUBMERGED,UGV
1781496685.6176558,-0.5916410104080441,0.5781383203155989,-0.9261772728598757,9.721511493177262,-10.501444195149135,-5.64360142802749,-2.808826986174591,23.724894941002912,-2.1694448149932466,0.0,0.0,48.357119999999995,-11289.942153548067,-11622.446033048884,1606.2003145836766,0.0,0.0,0.0,13296.789599717762,12820.495964074333,-17736.27336538252,-73.45986304373807,62.73304707288709,-27.82138386524377,0.0,0.0,SUBMERGED,UGV
1781496687.7204826,-0.4100683409321949,0.40318505003740934,-0.9256714458798544,15.889421347775295,-11.159053462904021,-7.382314375223351,-7.296718482616436,21.12506896459768,-18.757183079588724,0.0,0.0,48.357119999999995,135.88308981538282,11700.393184551463,10723.272238293655,0.0,0.0,0.0,-10530.353360448451,-12622.776204990712,-446.9292074674047,-435.8173948257714,646.3311482939245,-634.1427157739947,0.0,0.0,SUBMERGED,UUV
1781496688.1705246,-0.5467794815471889,0.3236740983622417,-0.8572603824305871,2.6455223593513173,-17.153620842260807,15.577711541495981,-11.192722222861537,8.894691024514604,-22.96294868147524,0.0,0.0,48.357119999999995,-11835.137309616091,-1243.6936001091474,4117.784149266072,0.0,0.0,0.0,8545.738375397781,-7968.598392672389,7237.171694587178,-355.69007177964824,-275.86183306360795,-761.385166600495,0.0,0.0,SUBMERGED,UUV
1781496688.5705636,-0.606501122571977,0.5355235264533709,-1.0803681526987856,16.963797947537685,-4.3194155188644245,13.50677971495825,-13.598275816516173,5.643665202531603,-26.16434310410925,0.0,0.0,48.357119999999995,6665.818239070419,-2011.2070589626778,5159.227726088209,0.0,0.0,0.0,443.6788828963968,12971.31429121424,-20397.73605303755,-148.82994196103007,-80.927593970684,120.97114215321389,0.0,0.0,SUBMERGED,UUV
1781496688.9705622,-0.48551317066021804,0.35568970532654476,-1.0832226493658208,16.504786966748703,2.1810848935475993,-3.9961130049572313,-15.868909877346974,7.627111311636306,-31.49644405053066,0.0,0.0,48.357119999999995,-461.6170032395799,11947.145976778076,-14893.34519452996,0.0,0.0,0.0,-8798.360207598857,-8746.680770068722,5067.260005972883,-603.4520479821977,982.5374208041458,957.9754581060168,0.0,0.0,SUBMERGED,UUV
1781496689.3705628,-0.6637466124601384,0.38034546096429217,-0.8842012437819137,3.0596829605459313,16.822372250064312,-18.59212407951962,-19.617688179753063,10.07620341994432,-36.12222430135319,0.0,0.0,48.357119999999995,-5821.774552205834,-2396.811993626473,-955.3980902807743,0.0,0.0,0.0,15120.158574548677,-5990.327985605114,16718.62152861308,-50.49145688835742,91.05924814713478,-17.012520405231697,0.0,0.0,SUBMERGED,UUV
1781496689.7705572,-0.5424646795477648,0.5020607008714473,-1.0391496688796817,0.5466918377215149,13.633392476038402,-5.523468387714874,-19.647972878901026,11.513137025102594,-40.02898781244543,0.0,0.0,48.357119999999995,12348.740082108523,-1557.2219427350071,20568.497130525528,0.0,0.0,0.0,-8256.292158689286,12118.774734977687,-12903.953262566305,962.3072251833421,215.1802885178423,-676.4692950204285,0.0,0.0,SUBMERGED,UUV
1781496690.1705227,-0.5686273535395439,0.3248050265001833,-1.1804633522844596,-16.838979401392507,-4.1290240168575165,14.354889260765132,-22.199534343658772,14.657669958699861,-44.68583705196354,0.0,0.0,48.357119999999995,-2590.6738944955177,11685.811350635144,-243.28776365204592,0.0,0.0,0.0,-5670.847641041274,-8938.312554128357,-12985.700646359746,-89.28002185692574,35.244174483476556,685.1394361644772,0.0,0.0,SUBMERGED,UUV
1781496690.6206093,-0.7749319084349396,0.3820127818938136,-1.1326548939687837,-4.93495376137678,7.2809412076678495,12.023711879715005,-10.823834449546338,15.54355497202183,-47.227516490078116,0.0,0.0,48.357119999999995,-2661.789659660563,-1002.1411831068282,-7.023852200916804,0.0,0.0,0.0,13511.242249832241,-7829.853505942807,-14358.39862107858,-5.950558742554275,9.99270028867144,7.788683776602298,0.0,0.0,SUBMERGED,UUV
1781496691.0205755,-0.5657621574486077,0.4457401957695192,-1.1197101003424126,-9.944094429848054,1.6680923390811677,-6.4273223094224505,-8.971374297485207,11.672028765348122,-48.693534188993894,0.0,0.0,48.357119999999995,12859.294670133117,-5404.867552738766,-22808.487586249466,0.0,0.0,0.0,-10488.198876956667,14516.041315599325,18133.83304764958,829.0574156098078,-477.5748414975782,832.8975276552144,0.0,0.0,SUBMERGED,UUV
1781496691.4205675,-0.5144935686864719,0.34054273026777665,-1.032953629442649,-14.642629756808583,-17.02182355833565,-18.24427276087917,-6.793566477616719,8.230149642742441,-49.87181498287526,0.0,0.0,48.357119999999995,-4531.669077539842,10995.20333864155,1761.5403787845605,0.0,0.0,0.0,-3484.626128431126,-6281.840344908532,10062.775061756929,-243.5457149296621,196.51083946180864,-931.782877952324,0.0,0.0,SUBMERGED,UUV
1781496691.8705754,-0.7730025823083132,0.39479096153185705,-0.993850690036859,-14.551817292131156,-6.865361660091196,-2.2690846901038846,-11.981357668337225,8.653794131500891,-52.51542527693566,0.0,0.0,48.357119999999995,-910.5897276293414,-390.7698471914873,1142.9672719984121,0.0,0.0,0.0,12541.783665869163,-9428.74650947208,11359.130254315587,89.5095725112065,-122.8101078004108,12.822415028022476,0.0,0.0,SUBMERGED,UUV
1781496692.2205815,-0.5151974888269948,0.39718610194195064,-1.241015204342574,4.940900255567878,-1.5605010155023562,15.132035019028418,-5.768515430605133,5.681695366181412,-51.5013169779414,0.0,0.0,48.357119999999995,5609.169903105027,-762.1400599358232,-11404.609859268334,0.0,0.0,0.0,-14268.639176698805,11910.154437968442,1289.6873554479862,88.233514585495,307.25319816424206,-10.454052935182148,0.0,0.0,SUBMERGED,UUV
1781496692.670654,-0.6389429685343148,0.37179120044323527,-1.267510290394319,-8.430489756724779,-11.335695205358787,11.075824351562897,-15.821463504396338,13.896877583320464,-53.194076368286424,0.0,0.0,48.357119999999995,-6607.964250256318,9124.995370158947,-4814.204815936619,0.0,0.0,0.0,-712.8946808565365,-3026.6717665107003,-6350.781915177885,-688.5849808036704,717.8321320025404,1427.8176693260475,0.0,0.0,SUBMERGED,UUV
1781496693.0705504,-0.7663992283401616,0.4066135598985812,-1.0421101355427436,-5.299112091114569,-6.569737485998784,-7.000580132646001,-18.500751928594106,17.808369529692968,-53.45986084554735,0.0,0.0,48.357119999999995,1388.1461653879385,-2054.9790848509797,-3501.865096340876,0.0,0.0,0.0,7289.537072773017,-6362.417646190295,19035.130123540468,-137.23413691129508,149.71220888258168,-195.46206482155264,0.0,0.0,SUBMERGED,UUV
1781496693.4705606,-0.5082379749727406,0.3896796412943053,-1.2343112057501024,13.600603526939835,14.083038011110066,-17.821520350032227,-17.802548474042815,18.987728595252424,-51.26602482157846,0.0,0.0,48.357119999999995,1444.320436812953,-1664.2698164032297,17192.68924806278,0.0,0.0,0.0,-12049.443664693423,12158.354218271572,-8379.764536348737,-172.5301071374239,243.64780780514155,116.07076737461566,0.0,0.0,SUBMERGED,UUV
1781496693.87087,-0.7170978269157202,0.4317546502211581,-1.3114813579839575,14.751866725835173,16.162024165409417,-3.48986709897616,-18.034052664105833,19.55207171164877,-48.94559728889872,0.0,0.0,48.357119999999995,-11788.107275489736,11762.697600360592,229.69310343704757,0.0,0.0,0.0,12041.789634245293,-9080.976386033364,-15279.413093703288,-38.56595993328841,-93.4366674978989,517.8963624090827,0.0,0.0,SUBMERGED,UUV
1781496694.320594,-0.8309758138598994,0.4071570523614342,-1.32327331078943,16.307240559369383,17.289547752180567,17.828382160560597,-4.876360021587341,10.656202621030378,-42.66063284501615,0.0,0.0,48.357119999999995,3791.9261147004336,-1132.6369366970907,388.39687917459986,0.0,0.0,0.0,4040.3398384407164,-7511.5863835293385,-15576.6325021804,-62.194697858283334,29.320414975992495,287.9355568247096,0.0,0.0,SUBMERGED,UUV
1781496694.6705828,-0.47980415287505923,0.4369263940987103,-1.2360592413245866,9.077431191093849,3.2556077083872306,11.962240747420879,-11.433597877091758,17.368122197077422,-39.589302254914315,0.0,0.0,48.357119999999995,-1477.537324219062,-60.11761492233788,4310.808622336216,0.0,0.0,0.0,-7558.1699224877975,11015.039443110629,7078.270630441451,-293.6760257590294,249.65909635383565,-145.30601060862324,0.0,0.0,SUBMERGED,UUV
1781496695.1205482,-0.6992267959576738,0.4863364932355629,-1.179006026760472,6.430154463751364,-2.6246507425640413,-6.039009813019321,0.6661962354069875,10.258633193574155,-33.59858826026968,0.0,0.0,48.357119999999995,-7605.526546795534,11564.125134677583,667.7035781077681,0.0,0.0,0.0,14470.351073025187,-7679.945363432327,11970.226992355987,-22.49819446901915,78.21391128724075,-461.6444290281895,0.0,0.0,SUBMERGED,UUV
1781496695.5206347,-0.7751994043277941,0.36791560149966446,-1.3098424077789141,6.101588128559438,-8.044079081300907,-17.421218469960245,4.102958420596481,14.246130078473618,-28.349382416040527,0.0,0.0,48.357119999999995,11569.892071612863,-2370.8456720337927,21868.079838544065,0.0,0.0,0.0,-6304.246060763942,-5619.934698153926,-20903.950549149064,658.0500301673435,-505.22015481209155,-623.7581883387371,0.0,0.0,SUBMERGED,UUV
1781496695.9205334,-0.5801903027576008,0.534323599438976,-1.4369878639074214,-12.545921008297697,-13.82340372970986,-3.9601727646095997,2.81671294579524,19.926116924844397,-22.348054484864562,0.0,0.0,48.357119999999995,-4614.395760477118,-519.3036843818827,-7854.985073751986,0.0,0.0,0.0,-3373.984770054753,11707.988487049402,-3012.5232394073837,-501.55619081745255,356.8192254160261,296.5024937683993,0.0,0.0,SUBMERGED,UUV
1781496696.3705404,-0.8117482363956662,0.512239803845997,-1.3892304727076665,2.639338940922184,-16.19346349545122,18.11108451388099,-6.822835031829079,24.601313714956827,-15.345350890064298,0.0,0.0,48.357119999999995,-402.77613417079675,11216.800153352722,-6654.998670187967,0.0,0.0,0.0,11485.133184355724,-7370.390921816738,-4224.759466613874,241.8561518858163,565.1948172720649,686.773810255136,0.0,0.0,SUBMERGED,UUV
1781496696.7706096,-0.6420385372955192,0.35561268986605693,-1.3113683956040119,0.80675017977707,-16.70527794802531,8.877422259885165,-6.387976946257297,22.044080622533553,-8.514257415098312,0.0,0.0,48.357119999999995,11008.821462314996,-2206.6100280522687,-9118.598843095171,0.0,0.0,0.0,-14712.768554019696,-6079.798690518166,22055.946603568285,170.91351984742045,149.7920666385476,116.97620182261538,0.0,0.0,SUBMERGED,UUV
1781496697.1706114,-0.6106631757204583,0.5970778852115513,-1.3516519387811317,-16.733205210723387,-1.942375655443771,-9.007553506347682,-4.980581049637284,19.685393815039074,-0.9036073452150658,0.0,0.0,48.357119999999995,-9306.555579158512,-1636.3242235242667,11806.91489612568,0.0,0.0,0.0,2709.0890331435303,12212.122968936708,-1507.3374948872474,-717.2857036306526,242.4668995697242,-543.9291582420977,0.0,0.0,SUBMERGED,UUV
1781496697.570593,-0.8229314215100698,0.4501333536858599,-1.4722087475910008,-16.867284718133337,1.6087520696972262,-16.0818910229836,-2.463607333619845,17.29913843056885,4.640862473976591,0.0,0.0,48.357119999999995,2575.8587783715247,11317.701418379123,74.53274403327457,0.0,0.0,0.0,5616.1272666217465,-12730.32459378504,-14708.488803331951,-77.68155028247563,20.94701162952861,300.2466200600484,0.0,0.0,SUBMERGED,UUV
1781496697.9705713,-0.5905502423760768,0.4436115972983529,-1.4704743707466574,-5.0025976835243675,15.995901344830669,-1.6332444970540048,-0.2796684938806746,14.497261942408802,10.399197909871269,0.0,0.0,48.357119999999995,880.0871679655814,-6228.140181030642,-22172.401294136616,0.0,0.0,0.0,-11944.989976962192,-1237.9726179018762,16706.91653270986,4.649163456857487,-1058.5556946495299,542.1210429001825,0.0,0.0,SUBMERGED,UUV
1781496698.3705611,-0.7676645202738673,0.607603904794536,-1.3251239915546875,-3.6304974964943044,15.59641702554781,18.307997618676215,4.5134819454949735,13.56589192548832,15.608626048895244,0.0,0.0,48.357119999999995,-9890.26524048926,-193.91727401524486,1058.4623199438045,0.0,0.0,0.0,13684.602087233558,11614.422413630902,11435.13778852905,-1.0535258444605253,89.36868983097443,29.61932991664749,0.0,0.0,SUBMERGED,UUV
1781496698.8206394,-0.7545169978139101,0.46439335489834427,-1.337838967118774,-13.92045220464113,15.157565363545743,7.089538876466525,14.84718700138647,25.132980880779385,21.17465564334644,0.0,0.0,48.357119999999995,5412.939055470072,12079.620897646571,649.8168038830453,0.0,0.0,0.0,2297.486836575888,-11587.226088095596,12012.522796855159,78.33973468349616,84.58660568994486,-678.2863218444543,0.0,0.0,SUBMERGED,UUV
1781496699.170616,-0.6557694812782953,0.5064136441759187,-1.6024155221720613,16.540274650730836,-9.24942665862116,-10.006286368205457,10.417960664365209,18.070644544738432,23.834673152132734,0.0,0.0,48.357119999999995,-2523.0807851526256,-8619.667130907506,-9335.606303701696,0.0,0.0,0.0,-5866.22448432279,1997.873687281111,-1532.9233024283617,-539.8160291503712,-684.9142121693365,919.9932340964467,0.0,0.0,SUBMERGED,UUV
1781496699.6206021,-0.8894149706621207,0.580028356869393,-1.5280409825832568,4.060087264634971,4.1239353457227415,-15.03888014597572,14.183373716829676,25.540652440139286,27.208501457472913,0.0,0.0,48.357119999999995,-6969.25313843608,-719.3913197382446,-3444.2222849448503,0.0,0.0,0.0,14486.699762652988,12005.938479830062,-7969.697582734608,0.3026140814573228,211.70273994381924,-89.8086096069779,0.0,0.0,SUBMERGED,UUV
1781496700.0206685,-0.7575792934365522,0.49436091211473365,-1.4727692879945051,16.102102116092183,-16.080717090000636,-0.017770119118405647,11.688761622461229,25.714390616253112,28.745353061918983,0.0,0.0,48.357119999999995,11554.29663701466,12887.6201900637,-16369.609694492734,0.0,0.0,0.0,-6896.159191948361,-12595.74215524414,23713.60126334952,305.56879098598205,512.2316877831694,700.227529529304,0.0,0.0,SUBMERGED,UUV
1781496700.4206374,-0.5910431107326027,0.4757169967885391,-1.511541184949167,16.3731967889751,-17.37431622317858,18.91296324506405,8.78822381685072,21.928297299374968,28.511620596257465,0.0,0.0,48.357119999999995,-2607.6943297694493,-4918.920357555752,8239.482968240422,0.0,0.0,0.0,-6109.823216623311,-3212.366319261881,2794.5378144519455,-538.5829535631128,-575.0940098121066,-726.4557288608272,0.0,0.0,SUBMERGED,UUV
1781496700.8705866,-0.8971892737230086,0.5659816685308818,-1.4504158585214513,7.651419928924978,-5.778007962490525,10.710562761146036,0.20285173600408726,13.365895683236777,28.749867042039728,0.0,0.0,48.357119999999995,-2724.2520355586416,-1624.389152658183,7740.403021649787,0.0,0.0,0.0,13039.455042005846,12468.49555146262,2881.0947022930313,212.9349876417853,251.12789773324496,230.06505916948518,0.0,0.0,SUBMERGED,UUV
1781496701.270594,-0.8039995483472151,0.5014082500871692,-1.6345349481917628,12.905588942201689,-12.507604538886842,-12.321714547023968,1.5458875048936314,16.036499154162826,28.263050620566794,0.0,0.0,48.357119999999995,12402.141780813356,12460.317166416133,8236.277490927274,0.0,0.0,0.0,-10905.856073933342,-10334.3258780114,-22022.146274519688,14.662260535445661,136.08457257928055,-185.56805544744293,0.0,0.0,SUBMERGED,UUV
1781496701.670932,-0.6942383210351716,0.4413745645803093,-1.694062675907697,10.750662130450348,-8.429302714842624,-14.45719245606498,3.2623996779470494,20.172063267579645,26.9069313731012,0.0,0.0,48.357119999999995,-5161.036902070061,-3264.0848428051263,-13684.401904846203,0.0,0.0,0.0,-2677.826214734298,-4995.355576080844,3256.719886744131,-728.2803560598151,-803.6517887425001,808.5522755709394,0.0,0.0,SUBMERGED,UUV
1781496702.0706248,-0.90849656856592,0.5608518530215189,-1.4562160747673145,-5.840280455058333,12.094526210694887,0.70588119979867,4.6467068822918645,22.343226694884304,25.1059266323493,0.0,0.0,48.357119999999995,719.2721563832379,-338.1541687001241,141.03356681182123,0.0,0.0,0.0,8593.391412104822,11995.420123550548,13666.961991735569,27.376527722651986,22.33320965178322,-38.022932176839596,0.0,0.0,SUBMERGED,UUV
1781496702.520577,-0.7298859747096432,0.5155234030168251,-1.5697619857225493,8.054568854567302,0.06927449984333744,18.441132117893677,12.29602217074803,27.401602569015797,20.9125774698333,0.0,0.0,48.357119999999995,10004.479145736423,11533.953597057212,-2161.561503393831,0.0,0.0,0.0,-14497.965937048946,-7291.896671113587,18214.491557129175,23.999566339531132,-74.04024881709401,-126.12489557652239,0.0,0.0,SUBMERGED,UUV
1781496702.870632,-0.8327662996683148,0.389460617352111,-1.7463895369591391,-14.92073356869952,6.609107758967566,8.398672112913784,7.108475538893158,30.52816115186921,18.009784248172107,0.0,0.0,48.357119999999995,-11743.811410692422,-5019.123312693396,-2277.7176479461164,0.0,0.0,0.0,9601.553837249403,-2697.72031060433,-9409.076516843099,-246.87065952445792,-199.25422527092462,895.3027612751263,0.0,0.0,SUBMERGED,UUV
1781496703.3206,-0.9629261992665887,0.5224090959105002,-1.712968224785154,-13.797259597539947,15.311171978745492,-14.135935544480262,5.816395295107878,21.37185322960378,10.798400312377042,0.0,0.0,48.357119999999995,1114.1858518239437,-4059.883762375403,24.789095135746365,0.0,0.0,0.0,7640.546891519156,14082.099157187604,-14603.22979813638,-27.90949228454408,-13.534295168829404,8.418397075941172,0.0,0.0,SUBMERGED,UUV
1781496703.7205791,-0.7400192085826077,0.495745085810903,-1.7289026973148915,-12.35356099367034,-2.803251337436675,-14.779053623020703,1.120914634573932,19.180117610985256,6.104511868612027,0.0,0.0,48.357119999999995,2939.157864858592,11452.37778272448,-22526.278451860126,0.0,0.0,0.0,-13546.494332815722,-6289.923548885547,17371.190355455205,157.52706717153953,1175.144624582213,872.5503630047601,0.0,0.0,SUBMERGED,UUV
1781496704.1205502,-0.8037290127450376,0.32242210855039893,-1.597634488818351,-10.239790851690172,-8.37272885511197,2.2223779715218597,-2.543605626628036,19.046949331604818,0.8118325725303674,0.0,0.0,48.357119999999995,-11633.134786108289,-1255.9962735360846,1347.6274092323504,0.0,0.0,0.0,11990.104774969503,-7827.520735103574,10918.833733849133,-92.94546433023292,-125.87245358801374,-419.3150270379655,0.0,0.0,SUBMERGED,UUV
1781496704.570593,-0.8739314042626782,0.5215168566696866,-1.6002433947467913,-17.12214641745816,3.4106969197104076,17.98670862385441,-11.11992480091936,28.623756483940493,-4.687659771163908,0.0,0.0,48.357119999999995,3626.7609135382636,-7570.702987290129,814.6606239696314,0.0,0.0,0.0,4582.810739367809,14745.635090943451,11730.842390895896,121.35400802785372,34.76309154247217,-162.48721481906077,0.0,0.0,SUBMERGED,UUV
1781496704.9207044,-0.7729837431836049,0.40761148147579773,-1.8569556678873556,8.587817421921983,-9.230534113355297,6.70577053805594,-9.83500576854858,21.571368230712565,-8.51445498017132,0.0,0.0,48.357119999999995,-1305.3830820441271,11747.475194959097,-9702.633987274625,0.0,0.0,0.0,-7462.4832923687845,-9104.644718216816,-967.7502740015177,-526.6233827587502,720.8961183858931,968.5047376984321,0.0,0.0,SUBMERGED,UUV
1781496705.3706062,-0.9753686221674158,0.320649351158383,-1.7772639497952902,-3.724017459293144,-16.821955504018526,-16.038159776809454,-9.624037001518882,31.294511204362628,-13.885087019960139,0.0,0.0,48.357119999999995,-6696.0919717996785,-1531.0424521600708,-8316.952675066701,0.0,0.0,0.0,13608.212211819915,-9328.372445463861,-8138.956462090229,-106.64682989127144,-521.0270797616355,304.09051381918334,0.0,0.0,SUBMERGED,UUV
1781496705.77054,-0.8191781047438499,0.49736562989681377,-1.7173829923830997,15.22565852406454,-1.1903201342250196,-12.876987245028937,-8.353722567138147,31.92608728028949,-17.156337613352008,0.0,0.0,48.357119999999995,11731.430744263525,-5452.659892720619,-7142.466900369795,0.0,0.0,0.0,-7479.064898613276,15330.64068841761,21625.307919755393,-15.727620756844102,-209.04844468334863,160.08006247132238,0.0,0.0,SUBMERGED,UUV
1781496706.1705244,-0.7343866695898253,0.402573510500363,-1.788937411586334,16.253045391820937,4.733558803681145,5.312244997955355,-5.728556839352852,27.791067652469927,-19.945433241142656,0.0,0.0,48.357119999999995,-3156.340329802037,11601.882879221279,13808.010141687737,0.0,0.0,0.0,-5394.77041418162,-6612.786313573384,-3529.044382478138,-808.7840027713571,930.9535613995514,-1211.1985709998053,0.0,0.0,SUBMERGED,UUV
1781496706.6207044,-0.9618289402811958,0.31050681501794286,-1.7024377792044454,3.58003548139121,-7.268175397374081,17.203677551230356,-3.507323055206134,18.8380922498176,-22.670277139440728,0.0,0.0,48.357119999999995,-6335.59715536477,10.226857941868134,6825.56060970779,0.0,0.0,0.0,14038.767220003894,-10494.662140717784,4020.332331253502,16.286178597469195,-338.72693131303737,20.41105539721573,0.0,0.0,SUBMERGED,UUV
1781496707.0206792,-0.8975496248017276,0.458728939496095,-1.917829171358253,16.31737896759176,13.698094929115081,3.4691841526778306,-4.376793810507325,19.283819673386684,-24.810146186744426,0.0,0.0,48.357119999999995,12093.332857358306,-6580.584075249674,2355.6836464287717,0.0,0.0,0.0,-9781.331637150459,14579.8407690001,-18535.185102007068,-68.76778026983973,-65.5780337620572,50.02974587283495,0.0,0.0,SUBMERGED,UUV
1781496707.420589,-0.841963353138947,0.3908996146096508,-1.88939066829111,15.767190849985756,17.372128912244317,-17.78244964007468,-7.741349684262371,20.193930862819247,-26.005315193429613,0.0,0.0,48.357119999999995,-7879.699574752038,12321.535944698368,-22962.322892236814,0.0,0.0,0.0,918.7968716447713,-8158.198642892831,17912.405873200045,-979.4728771832333,1131.9209068720618,1367.5072541795519,0.0,0.0,SUBMERGED,UUV
1781496707.8205683,-1.0149842649670198,0.3413417941039887,-1.7024261524195685,0.639842730203606,5.710840034406684,-11.987784222579021,-9.943385324540504,23.53061170962095,-27.123289197655556,0.0,0.0,48.357119999999995,310.1381183217962,-2266.8684314364023,1810.1970082248893,0.0,0.0,0.0,9537.454260043123,-6398.573551350105,10306.668329574466,146.55496659062942,-197.55672653720728,-278.73020048737584,0.0,0.0,SUBMERGED,UUV
1781496708.2705648,-0.8216178596124677,0.43909911005172797,-1.8380522664103747,11.48705120773907,13.831024242487494,7.91536061989611,-15.260756573150967,31.889394436054744,-27.635006407983404,0.0,0.0,48.357119999999995,11168.955917126003,-8780.399566571725,-68.57457967440499,0.0,0.0,0.0,-13225.470893120471,14762.652133235362,14674.176105040588,4.215480788258243,-0.4777083577187744,100.65560501936086,0.0,0.0,SUBMERGED,UUV
1781496708.6705234,-0.8877118815541138,0.4245037767699087,-1.946072209358427,-4.363299244642343,-2.7274437519262946,17.640484033656378,-12.263500961257728,29.776518004063174,-25.644302086580872,0.0,0.0,48.357119999999995,-11105.980057751636,11948.947707320536,21138.247202411043,0.0,0.0,0.0,5384.1235466374965,-6849.720790684775,-22575.13341113119,-743.7183634804317,661.3261493328972,-1013.9959824797163,0.0,0.0,SUBMERGED,UUV
1781496709.0705667,-1.114718038888815,0.3501897740653286,-1.9409928749976717,-7.799281216411966,-8.448202071734649,2.7853491537712114,-7.534327413383037,26.798503295490008,-23.25329224277742,0.0,0.0,48.357119999999995,1581.0214877244518,-1303.6740946630825,-5153.057182634742,0.0,0.0,0.0,7134.259256211468,-7510.694254546752,-6219.576198368579,333.6534223298034,-344.3185595043443,339.6492598310243,0.0,0.0,SUBMERGED,UUV
1781496709.4718232,-0.8062351954243953,0.46416760366235205,-1.9352807840487742,-7.531528462913673,-11.010586425575804,-13.582869455761058,-4.6312888375942265,25.73409435751679,-19.89980400706018,0.0,0.0,48.357119999999995,2645.5185681673915,-5400.221686877696,-12158.756607989966,0.0,0.0,0.0,-13789.283694487283,15092.093257631332,23287.893854634225,143.94710644927568,-260.1493230686325,232.54112889510526,0.0,0.0,SUBMERGED,UUV
1781496709.870541,-0.916923419039627,0.4499363642762105,-1.8770337527614964,-13.289661149717697,-9.706634032762391,-11.480111483408992,0.8808460988671257,22.550891421867526,-16.58846755492235,0.0,0.0,48.357119999999995,-12140.806604495967,11384.647207394537,10317.956102982502,0.0,0.0,0.0,11723.01069080989,-6449.741751553406,211.47844022886147,-638.5213920106962,719.2874298245436,-1439.417655142241,0.0,0.0,SUBMERGED,UUV
1781496710.3206458,-1.0531983866814518,0.32842893679683216,-1.8555069974294691,-14.496212628077691,-16.83044407332633,9.501877523274173,2.6461568638701283,25.661620831050417,-12.514692256454664,0.0,0.0,48.357119999999995,4783.8016890515655,-785.0374874576082,9785.771760835878,0.0,0.0,0.0,3353.365824759578,-8627.162536770402,1061.072936529013,597.9451494452752,-605.8276633205737,-561.5003268723552,0.0,0.0,SUBMERGED,UUV
1781496710.7205846,-0.9075701459285707,0.5049030307755666,-2.1111798865771916,-11.943810136463387,-3.063367074521959,17.219571029583474,4.459190225568086,30.556340239701125,-6.644735716225501,0.0,0.0,48.357119999999995,92.99001514307994,-6419.249076546272,5207.059698208938,0.0,0.0,0.0,-10513.048333965424,14598.02221899261,-20672.769261738315,113.0367211330639,-85.267354878691,-105.50640933817341,0.0,0.0,SUBMERGED,UUV
1781496711.120673,-1.0566281427916995,0.5100330843380156,-2.0255306927066297,-9.031851882028873,3.2450461748606143,1.751871300777968,2.7761365993006564,33.41153778936467,-0.854657704566224,0.0,0.0,48.357119999999995,-8479.569918765706,9515.800007053542,-15488.176770293594,0.0,0.0,0.0,14299.120624260035,-3074.1548562017133,5700.38756460065,-498.3694836054318,999.7175926406921,1129.3120044716725,0.0,0.0,SUBMERGED,UUV
1781496711.5206132,-0.9564386367564408,0.3403952315213297,-1.929119067868286,8.747470577989654,16.777611659386427,-17.697148499543005,3.072614630455252,33.42643141056972,5.260597047016866,0.0,0.0,48.357119999999995,11330.44630944346,-497.7770123683297,-534.0675381439844,0.0,0.0,0.0,-6772.026320183233,-8975.45943565548,15942.709226974182,-60.98778685084172,64.61121730332297,-394.95922754416574,0.0,0.0,SUBMERGED,UUV
1781496711.9205885,-0.9093463203599034,0.5531396905554384,-2.0656384115916318,10.38169628698646,12.83742439530767,-10.24689405428128,4.595472435141984,32.15007003983938,12.1432133836554,0.0,0.0,48.357119999999995,-3251.607016379354,-6670.949769379859,20793.877754655343,0.0,0.0,0.0,-4895.564871541835,14313.82127878625,-13539.849778159494,-760.7286608614895,-416.84093808619497,-513.4851015819479,0.0,0.0,SUBMERGED,UUV
1781496712.3206494,-1.1616868346203078,0.4992297235408618,-2.092642596278445,13.942562054054346,-5.255587933665856,7.407473014439644,2.718170660438254,29.46618992395646,18.297347083067017,0.0,0.0,48.357119999999995,-728.9973940231786,9104.89658886307,-373.52120753483337,0.0,0.0,0.0,11916.696023237018,-3196.244399524914,-12685.924389126987,7.93776745540017,71.4482107003247,419.61191756048527,0.0,0.0,SUBMERGED,UUV
1781496712.7706025,-1.017722922656713,0.3970632700553924,-2.195112075690899,14.812051781791617,6.787112933067773,15.795864864816613,12.873266756379087,19.54952232444261,23.517093707028586,0.0,0.0,48.357119999999995,11862.793033725813,-26.037399385939565,-59.464573085957554,0.0,0.0,0.0,-10470.438868805151,-10034.972199639591,-13896.91179545371,12.686542985819651,-32.29318087986752,336.3777245685034,0.0,0.0,SUBMERGED,UUV
1781496713.1706216,-0.9937993881583089,0.5813853247793048,-2.1145027070902023,15.587324044017969,0.947728510013135,-0.3986067328724482,15.483471965377547,19.17855916175985,29.160665796446644,0.0,0.0,48.357119999999995,-6156.462170829594,-10287.087155773848,-22850.09735559506,0.0,0.0,0.0,-1296.6309098555766,14417.047890540345,18413.23884024824,-902.9998076130098,-742.9467277933949,937.9442878698874,0.0,0.0,SUBMERGED,UUV
1781496713.5706055,-1.1199353392546707,0.49968945751428334,-1.94394787638964,9.301242909567485,-17.385772409621342,-18.60552892301707,21.0753556797335,22.24354343094848,34.569862053000996,0.0,0.0,48.357119999999995,20.499413485235603,7306.29823163207,1719.0735834409536,0.0,0.0,0.0,10549.069994706848,-191.9311141825051,10294.791242651489,110.82722609187766,222.1331333364374,-491.194902939232,0.0,0.0,SUBMERGED,UUV
1781496713.9706936,-0.9735098426119974,0.45367741874273604,-2.2149881876413455,6.2579000682153225,-15.453511044797974,-8.265002996424744,22.97114517542674,24.02605589468255,39.23542593801374,0.0,0.0,48.357119999999995,7829.775176906911,-201.4587103959853,19510.384687758702,0.0,0.0,0.0,-14566.456579981663,-8825.705754635848,-22907.246887328347,258.3061841323948,-135.8516564220177,-169.76041282641748,0.0,0.0,SUBMERGED,UUV
1781496714.3705695,-1.1231156413797623,0.5879285941610521,-2.21270469076156,-12.140014763994827,0.32099011931653054,10.110923903808633,24.84365940993466,25.724136120468135,44.11091316406464,0.0,0.0,48.357119999999995,-10092.56640617795,-8839.189587583081,-5373.263105750283,0.0,0.0,0.0,4617.058911841466,14117.199302750423,-5577.6196544898885,-479.164423883961,-120.71304120336117,819.7849968267019,0.0,0.0,SUBMERGED,UUV
1781496714.8206272,-1.251198104651025,0.4953259431614937,-2.180932568989682,2.543230560569965,-10.676809571050754,14.59314354366007,14.769358234355883,23.584165378225624,45.41448524896794,0.0,0.0,48.357119999999995,734.8601020305106,5175.668640406387,-4438.386925078008,0.0,0.0,0.0,8393.156303508815,2573.256408515107,-6976.327572030012,260.78097321145754,387.10541344553724,516.0505706444385,0.0,0.0,SUBMERGED,UUV
1781496715.2206032,-0.9357342436727434,0.502553218947088,-2.1793186321107676,-1.6571011976780696,-5.285196570719421,-2.041406520977721,12.311176318902328,21.005954742943086,46.9042800975874,0.0,0.0,48.357119999999995,5198.6746024205595,304.709450930793,-13292.795824098685,0.0,0.0,0.0,-14942.477023982752,-11335.322845883957,23281.598297722485,201.96955589585284,181.35458455301813,144.99626834943342,0.0,0.0,SUBMERGED,UUV
1781496715.6205041,-1.0784495271375965,0.5565450341224097,-2.11588381709652,-17.359834576827776,15.507134733121784,-18.946807195345844,11.3539432483439,16.647864241784657,47.38728169773037,0.0,0.0,48.357119999999995,-12193.396982860757,-10553.873347245222,9364.986215581894,0.0,0.0,0.0,8811.028413057324,13479.949023247502,1170.56098591639,-629.4437044004213,-450.169637213925,-1191.4289745644667,0.0,0.0,SUBMERGED,UUV
1781496716.0209308,-1.2597148491963583,0.4877808119134098,-2.2516079084828537,-16.05400774286809,16.385915489885818,-7.37999713638374,7.356172212277062,14.155491912528023,47.81097376327312,0.0,0.0,48.357119999999995,3819.6656579594005,6363.426885668184,3685.746448238347,0.0,0.0,0.0,3968.9122463446515,767.9623371007569,-19044.58827568808,-171.6141668990157,-121.15681793701685,336.4180351041408,0.0,0.0,SUBMERGED,UUV
1781496716.4205976,-0.9621559005234491,0.5145508684168844,-2.2951386080509733,-3.3093504194309613,5.037682542887302,10.27658686396768,8.851265178928667,15.19463603605479,47.9538295421056,0.0,0.0,48.357119999999995,-324.0729971003431,-934.0689706857429,-21224.590968037854,0.0,0.0,0.0,-8963.353373475016,-7892.017583823501,15244.911436160863,-340.8186466545622,-573.6630210348937,141.7664050411792,0.0,0.0,SUBMERGED,UUV
1781496716.8205621,-1.2113876374342847,0.5119397444589111,-2.1132708157768465,-2.3309817016673535,1.9905452294373809,15.474939645778074,8.724738681019513,15.782803711746606,47.397399402453864,0.0,0.0,48.357119999999995,-4781.492093327278,-5320.090980405684,851.7813616774133,0.0,0.0,0.0,14300.809451205649,14555.024874949999,11679.104208742592,64.42835149743799,37.27621372497954,271.5541740806384,0.0,0.0,SUBMERGED,UUV
1781496717.270551,-1.1867704247124666,0.5222812945723887,-2.106767654978083,-12.71580326890492,9.777062143329161,-2.2084431899264185,22.19820536407113,27.404969932287734,48.5294049930985,0.0,0.0,48.357119999999995,7103.280063276525,4312.343849772259,-469.1202973713391,0.0,0.0,0.0,-30.643750548839762,3542.7541214359867,15521.555788128526,-75.82913923464508,-56.98951314834141,-551.2561008869113,0.0,0.0,SUBMERGED,UUV
1781496717.6206465,-1.0466213961896975,0.4555721129138343,-2.4311310272864493,17.31692579769628,-16.338449956471155,-18.83253304701419,12.58415476925009,24.689726644332314,44.34656858294402,0.0,0.0,48.357119999999995,-3363.204042080632,-985.7221440809489,-4018.414333406488,0.0,0.0,0.0,-4857.538458818496,-8013.080644715546,-7483.269761572321,-299.56939671053334,-276.23738955678573,400.3635582026916,0.0,0.0,SUBMERGED,UUV
1781496718.070555,-1.2906026847470955,0.46639806692283364,-2.312142579690593,4.745214010838138,-14.340743713474518,-6.835659760713086,19.162069485415152,28.93047200259452,40.74752545731839,0.0,0.0,48.357119999999995,-1138.023923321752,-8943.315955081389,-3350.213993968512,0.0,0.0,0.0,12437.954661804644,14089.333981415122,-8041.052398589902,98.88344539137591,-76.3968998531648,73.30598171805894,0.0,0.0,SUBMERGED,UUV
1781496718.4705772,-1.1328045111439462,0.5303540928322894,-2.2797801494512844,16.710556586741273,-9.16449115016769,11.49918977016499,17.2722648584328,27.03319729448717,34.67747758953065,0.0,0.0,48.357119999999995,12235.153139643871,9157.62338542584,-16226.518903007556,0.0,0.0,0.0,-13602.935259721737,-2787.8001014441347,23660.14073578417,343.0185612683194,254.56492626220137,480.47620897593004,0.0,0.0,SUBMERGED,UUV
1781496718.8705547,-1.0038431166059207,0.38997715396623334,-2.310435856389184,15.840860364148625,-6.283781379840207,14.549952199890472,10.718569944401086,25.270265117509638,27.933855655956457,0.0,0.0,48.357119999999995,-7788.2612881277555,-376.9174459711439,7805.488450585874,0.0,0.0,0.0,673.6198814527288,-9337.980598957998,3119.643828225995,-557.5012173211172,-404.1145299072906,-628.4826090157273,0.0,0.0,SUBMERGED,UUV
1781496719.3206482,-1.2295930245738693,0.4556665155959569,-2.2314589806354492,14.486078016406037,-0.44278641284446385,-2.2413548915074686,-1.5518696091126625,24.58087496623498,21.746410951479028,0.0,0.0,48.357119999999995,-479.7062165024821,-12156.948687727527,2263.3713261839084,0.0,0.0,0.0,11901.632609617754,10710.330898498454,9499.80133206776,113.85422977136923,-233.81476256747882,-523.0240857638163,0.0,0.0,SUBMERGED,UUV
1781496719.6706173,-1.079887328429853,0.5028905619360036,-2.4544333839623453,-0.7836777191412008,17.318759764850917,-18.711738829687942,1.601949591564115,22.58782614940764,15.604448205000374,0.0,0.0,48.357119999999995,3922.4458067149208,8368.892361590211,-13388.141785011994,0.0,0.0,0.0,-13826.402950491927,-1480.8267923244375,3262.9045031482246,-9.111832238845864,912.8642443223614,703.4169945956398,0.0,0.0,SUBMERGED,UUV
1781496720.1205664,-1.1483533678581759,0.31141493390488256,-2.4636734268037737,-2.1587516680080485,15.052758887134402,-6.759097277567106,-6.834801790997481,31.203845359584427,9.431837097080972,0.0,0.0,48.357119999999995,-10937.49716997886,44.861407135924864,-11696.021046670417,0.0,0.0,0.0,5890.878700095834,-10596.834164812048,1351.6917819265552,-730.9053352801161,-539.5335156803502,679.8394044161308,0.0,0.0,SUBMERGED,UUV
1781496720.520556,-1.215668012864443,0.471258420708173,-2.285637101757111,-5.577114266422043,12.947186383222915,14.381990766112223,-8.502062998246199,35.64846116834429,3.3432849880963715,0.0,0.0,48.357119999999995,2590.4113684412023,-11098.219234846392,-2879.306256060437,0.0,0.0,0.0,5718.117445430256,14369.453316808404,18801.716126781776,-168.39973251162832,-79.0195521707993,1.7493177768309636,0.0,0.0,SUBMERGED,UUV
1781496720.9205706,-1.0671443581943276,0.47831950977940996,-2.5027484931707793,-16.493209085517037,-5.077403218137567,14.343779379509138,-8.898782381638163,36.940734006285346,-2.2639062056406027,0.0,0.0,48.357119999999995,-86.37324274116996,10563.220587172025,22096.588650593916,0.0,0.0,0.0,-9199.271147574887,-4119.509949081936,-16571.69954882583,-421.5427788702723,1165.1548332486607,-804.0755634089762,0.0,0.0,SUBMERGED,UUV
1781496721.320531,-1.304222521453441,0.294772908181435,-2.4838149188452174,-15.395934678883478,-11.902778165962461,-2.8383848075901623,-6.886428444455568,35.09842727166648,-7.200729480828629,0.0,0.0,48.357119999999995,-7127.621160475023,-389.42239939266835,-1085.327730612462,0.0,0.0,0.0,14638.87215520721,-9042.130853658338,-11395.202468451771,23.527630527286668,-100.1038180533147,-9.613748870903834,0.0,0.0,SUBMERGED,UUV
1781496721.770541,-1.311748441739162,0.4325297700688403,-2.5224740701080197,-14.328490166074522,0.3683387207689104,-17.870950004925394,-1.6273922576484514,24.50894953736517,-11.031966848840977,0.0,0.0,48.357119999999995,4957.162958293016,-11898.530272073642,427.7293211331433,0.0,0.0,0.0,2600.161435140829,11279.874857961928,-15668.277081388233,-110.30828938482611,-0.9209307047796358,439.5216183563118,0.0,0.0,SUBMERGED,UUV
1781496722.1706953,-1.0795995807644196,0.4481573016362238,-2.570771320788414,-10.75083993383554,-16.363739908647794,-4.933582165783202,-3.626967332967653,24.023347204688733,-14.714474195547805,0.0,0.0,48.357119999999995,7.011751099197986,4903.396816798579,-21228.401374657486,0.0,0.0,0.0,-10136.345419386016,2903.093423659372,14473.604795920524,-252.52086064760005,1050.8262816449223,483.1386020738466,0.0,0.0,SUBMERGED,UUV
1781496722.5706408,-1.2835522569626983,0.3017604585959978,-2.3654597777780593,-9.561550790059636,-16.360890346623584,16.033562286381404,-7.675533809173091,23.00480252142069,-17.457856175780268,0.0,0.0,48.357119999999995,-3252.468571932661,-51.81853221291261,3481.6976049124437,0.0,0.0,0.0,13515.109288904248,-10478.052511625225,8003.2692527973995,135.62842328064926,-228.21188127255905,113.17568634259631,0.0,0.0,SUBMERGED,UUV
1781496722.9705377,-1.238020274681791,0.4353085762087382,-2.5569396425367006,8.000377706917988,-0.40415148367272136,13.298773904356468,-8.931833999033463,25.221613413111264,-19.275187046701067,0.0,0.0,48.357119999999995,12544.512255051965,-9153.698098832872,16720.39374220017,0.0,0.0,0.0,-9965.33485799989,14464.291694224426,-23867.964989199492,308.1859463231595,-312.53854654353864,-489.0288194917532,0.0,0.0,SUBMERGED,UUV
1781496723.3705916,-1.178138366117796,0.4155950651653452,-2.6786693235942036,11.95402729496098,6.638931768693619,-4.935352972653865,-13.492015801667625,29.828215477025278,-21.84833583057541,0.0,0.0,48.357119999999995,-3991.0051779696046,7306.431090422677,-8149.893438253232,0.0,0.0,0.0,-4127.836640947784,-112.6089822505196,-2846.1145983160877,-524.1580820872118,596.9045251068849,917.3139717524905,0.0,0.0,SUBMERGED,UUV
1781496723.770549,-1.3132036978401835,0.31806418236229483,-2.4019220319018477,13.582360962830201,15.523141902351984,-18.798533412214553,-15.873531555321948,31.343944202539458,-22.48388062986867,0.0,0.0,48.357119999999995,-276.26921538668654,-43.3195516817853,-6028.259943910824,0.0,0.0,0.0,11368.599059029097,-10076.021106841421,20899.732470729672,-152.02322853239454,149.0762627245075,19.43579981991761,0.0,0.0,SUBMERGED,UUV
1781496724.1705353,-1.1695564255784643,0.42593033132900754,-2.558950521105966,10.64720873964935,11.351924058638534,-5.791632281167145,-15.95063936814618,33.827954051976214,-22.31057418717851,0.0,0.0,48.357119999999995,9377.939245466425,-8340.969628039717,14716.552797260676,0.0,0.0,0.0,-14051.901204569695,14256.564673267465,-5061.14707711432,428.430738810234,-414.11688780911356,-640.9293249221596,0.0,0.0,SUBMERGED,UUV
1781496724.6205437,-1.126795271207879,0.46056775557001367,-2.5916973335403433,16.814746922080992,17.170853747509447,17.294514455245714,-10.615104356144878,31.923194217028286,-18.811146210142102,0.0,0.0,48.357119999999995,-7732.640722116881,6733.895020114898,13603.861447374818,0.0,0.0,0.0,-3609.892793023125,4793.224925032797,3541.06757444523,-872.4786498686638,834.5923458867677,-1217.1535696426063,0.0,0.0,SUBMERGED,UUV
1781496725.0205557,-1.4313555393617505,0.3195621289602261,-2.628511039876262,8.141925472454004,5.144559625549544,12.720834628871609,-5.593090300772412,28.534272159505544,-16.159319747632694,0.0,0.0,48.357119999999995,297.91990963298724,153.40207125532666,1442.690188706222,0.0,0.0,0.0,9022.78525854661,-10816.109863932985,-17568.065223931135,-81.22790296056235,70.94547024118039,14.040720874827766,0.0,0.0,SUBMERGED,UUV
1781496725.420568,-1.2143486618149992,0.4290207340067541,-2.6933500331913423,4.956857333414007,-0.5287453320457481,-4.708485003411539,-2.483905951238305,26.600148093482876,-12.217929376161344,0.0,0.0,48.357119999999995,5468.206650339427,-11001.032406185468,-19959.107118286647,0.0,0.0,0.0,-14334.686917656236,13484.728798025084,12192.281162804995,266.71295660882777,-920.4103966219666,803.2533098551135,0.0,0.0,SUBMERGED,UUV
1781496725.820617,-1.2476222600279347,0.468723337725259,-2.539545555291173,-13.513170047862133,-17.135781263155714,-18.56730968261708,2.5611123097429043,27.008609581265393,-8.46140941920118,0.0,0.0,48.357119999999995,-12087.589999930384,6238.950311156007,214.47919652132006,0.0,0.0,0.0,9858.443486276314,1138.5866161279414,13063.844943629898,-61.521044093754725,11.899182232865904,-701.32475479033,0.0,0.0,SUBMERGED,UUV
1781496726.2705698,-1.321478718686771,0.30938779517608705,-2.5164206984004007,2.166190125236033,-10.030549046112712,-3.2946897568997047,0.4524806516206838,36.85768370075231,-4.0061081397396565,0.0,0.0,48.357119999999995,2447.1709681932966,1037.3382719430356,12.179379058912103,0.0,0.0,0.0,6007.547551169489,-13033.363131658736,14246.608232041417,-0.9702194256845731,5.345059787148774,-99.01931327966048,0.0,0.0,SUBMERGED,UUV
1781496726.670498,-1.2036740879259331,0.44100413935300165,-2.741535006275159,0.8375277963056178,-15.291595561328348,17.426513249184335,2.1395068551050898,38.137660919485356,2.6335594132672595,0.0,0.0,48.357119999999995,460.3631260100489,-12668.917035577937,22506.19974612095,0.0,0.0,0.0,-10923.6578544644,12303.109418087488,-18000.485272810944,-154.91893394239796,-917.1093497893866,-655.0020301998387,0.0,0.0,SUBMERGED,UUV
1781496727.0705514,-1.416301209843271,0.5218315490770254,-2.748006282761696,-16.614035049026857,-8.525071578028124,11.580962729256184,1.9601803525089128,39.57238941444094,8.862910515049661,0.0,0.0,48.357119999999995,-10472.713159500232,3674.892458515271,-1616.3835389745514,0.0,0.0,0.0,13501.00961702399,4376.336442167463,-10428.775626695991,-85.47647061774012,146.66864521388007,463.8870859010774,0.0,0.0,SUBMERGED,UUV
1781496727.520528,-1.4287904539514766,0.35623839813075425,-2.7602976793816043,-4.726907422792333,-16.101047932834824,-9.423687710868402,3.2862876846361058,29.63243407127136,16.055093166575492,0.0,0.0,48.357119999999995,3238.134966894127,6020.794890909723,239.93196569415827,0.0,0.0,0.0,4738.7357454523135,-14541.511136860312,-15352.237847093296,-67.96637852754137,32.85442298998005,104.04734378449959,0.0,0.0,SUBMERGED,UUV
1781496727.9205692,-1.209152481822837,0.48268854982241266,-2.784661057461564,-16.61014654554986,1.0305292934634096,-17.0175835100203,7.854178119127063,27.18557589368008,21.133778015226202,0.0,0.0,48.357119999999995,-92.00158205961252,-12477.11167699551,-21426.397492355085,0.0,0.0,0.0,-9580.697615454297,8769.886825318716,21582.68846073633,-70.10328275357587,-874.2704172268515,656.7280114519536,0.0,0.0,SUBMERGED,UUV
1781496728.3205855,-1.3993402558039099,0.543084499239771,-2.607224051200023,-15.085335892160222,5.929068683777343,-1.4781782815678175,12.52815003820244,25.50607341335172,26.688700193800646,0.0,0.0,48.357119999999995,-5373.738596398771,2332.0557868099922,3953.4306684100015,0.0,0.0,0.0,14013.744435970395,6397.175143964507,7440.0360426528405,70.39861972375462,304.24525460050427,-146.30068616350277,0.0,0.0,SUBMERGED,UUV
1781496728.720537,-1.3562584485107425,0.38311987521281293,-2.813857727686593,-16.71673599184128,8.093150572373593,15.683141419584556,17.014624605475444,27.18613201333399,31.15789264065897,0.0,0.0,48.357119999999995,12013.695372823664,3024.6474020635546,16010.855487366169,0.0,0.0,0.0,-7817.246668217937,-13480.289277826625,-23728.14209366192,292.0227710415521,124.15150235784503,-300.2818387216555,0.0,0.0,SUBMERGED,UUV
1781496729.1205478,-1.3283844828835099,0.5204652661541682,-2.9144079358715236,0.6075769431792692,11.474075374959376,9.810222949422267,21.369359945063962,29.971126412392604,36.75957143941689,0.0,0.0,48.357119999999995,-2807.384693238241,-11404.913013372412,-8246.958764172547,0.0,0.0,0.0,-5548.972630641486,7754.128704075929,-2593.4397121934894,-515.3206020573319,-641.8518798308808,1043.7843592738577,0.0,0.0,SUBMERGED,UUV
1781496729.5205407,-1.4457151544275315,0.5149368020827996,-2.638719174403058,4.757284257870536,6.9623599989169,-9.505178066568403,25.193450324596796,30.633125784201653,41.207670863385665,0.0,0.0,48.357119999999995,-1143.1448510280704,2287.132237774107,-6183.405287663251,0.0,0.0,0.0,12682.110041320786,6024.315319783082,20833.987740766675,-148.93803959747493,-158.40240994030896,-33.18181914764658,0.0,0.0,SUBMERGED,UUV
1781496729.9706256,-1.295727272109264,0.43286560923381384,-2.793545573049885,7.820235818280224,4.142685842531701,-15.940482138740677,20.29101907680939,34.77878059130471,44.995235621640255,0.0,0.0,48.357119999999995,11793.884164611502,10332.014832084911,-18451.05107090144,0.0,0.0,0.0,-7348.536695353538,-15106.648538747311,23647.38319617394,114.4833180356709,243.70647323342652,335.79217615607524,0.0,0.0,SUBMERGED,UUV
1781496730.3705332,-1.2663593789090355,0.5303245989733822,-2.8353223636734635,9.953728701702849,-1.2282279230930424,0.5344968103067125,16.701547030986077,30.901356920830686,46.09076278189733,0.0,0.0,48.357119999999995,-5515.481354474824,-11181.013872846597,12701.825244595271,0.0,0.0,0.0,-2526.5940886229373,5838.953325342167,-2219.4667898154735,-816.8180634647392,-864.2210151463385,-1324.6665049492065,0.0,0.0,SUBMERGED,UUV
1781496730.770577,-1.5885403320089513,0.4821422175148149,-2.8546666324269028,14.951480090231705,-17.36944077835319,18.618463334809814,14.36231170358621,26.883254087382642,46.22146686790852,0.0,0.0,48.357119999999995,-90.6773329594302,1160.9300838095176,1749.2144809892047,0.0,0.0,0.0,10641.032638185734,7392.97449501974,-17807.28220401279,-93.74117363625815,-102.43696079544301,66.5826799600901,0.0,0.0,SUBMERGED,UUV
1781496731.1706946,-1.29961431522869,0.4632226840708608,-2.9207814543231176,11.911536814896317,-14.651833705617076,8.729251477177021,12.045152767406297,25.69489036836152,46.813909609537234,0.0,0.0,48.357119999999995,9232.980182196456,4921.546284797856,-19287.271053280416,0.0,0.0,0.0,-14318.392044455903,-14183.512342043923,11209.617662164179,532.3779206485066,365.54680268082063,536.9734063063809,0.0,0.0,SUBMERGED,UUV
1781496731.5705783,-1.3691642384201554,0.522612396444,-2.8032625458451563,-5.864440080141735,2.8691910457721663,-8.863106250233587,11.182049103991742,23.89655913946663,46.74007395695673,0.0,0.0,48.357119999999995,-11895.438131455268,-11912.446473135204,2074.134460295318,0.0,0.0,0.0,8571.294841646815,11517.808475925274,9652.341685204843,-243.62360879671152,-164.5726734122562,-1034.6852933308212,0.0,0.0,SUBMERGED,UUV
1781496732.0205264,-1.519883535539779,0.50750816613387,-2.7182070570991628,8.519160718198437,-8.65353197189345,-15.561994882354153,19.462565635586884,30.25487408886677,48.37653234815231,0.0,0.0,48.357119999999995,542.9402245372582,444.8390081611691,-0.6691878441941976,0.0,0.0,0.0,8868.67360142668,9155.496510571396,14361.352523212865,1.5429049242526365,-2.2236336377906074,-130.24718147707694,0.0,0.0,SUBMERGED,UUV
1781496732.3706298,-1.3381385647574395,0.44662248908375396,-3.054834037323783,-14.69730636651639,13.760144238058992,-2.989650078767338,10.096993685476225,25.24007404796892,44.52887239757458,0.0,0.0,48.357119999999995,132.4304561401077,528.1444763131237,-6523.087109323536,0.0,0.0,0.0,-10857.612868233693,-11710.623183720985,-4399.70321179892,-291.34317627402606,-284.2136470968606,-102.12811703008201,0.0,0.0,SUBMERGED,UUV
1781496732.8207004,-1.505791804796173,0.42563518098926295,-3.000011414650113,-12.965672038572077,16.2225634554714,18.79487945378315,22.398011741956374,37.69129701938459,45.402605304865325,0.0,0.0,48.357119999999995,-11390.542805003572,-11228.230244271164,-5548.301385543411,0.0,0.0,0.0,11974.19151217987,7440.1278840400555,-5366.966466208629,-395.27936581473426,-463.40656768468546,1240.006027372041,0.0,0.0,SUBMERGED,UUV
1781496733.220608,-1.501373379669623,0.5319841510855065,-2.832743381563885,-13.470255370946369,16.73942103295773,8.469026523006377,21.371400547060954,38.2701203542797,41.54339214894767,0.0,0.0,48.357119999999995,8385.660249119877,2282.3422395856014,-9624.676171148498,0.0,0.0,0.0,-1698.8561209255467,5987.054462050784,21997.36623782773,-104.84670614307666,-141.58494627868316,-162.35489962942086,0.0,0.0,SUBMERGED,UUV
1781496733.621023,-1.295353941274344,0.40926974832639346,-3.012051551861879,-11.466718219151293,1.9923114957631882,-8.863661722957296,18.189018886907323,36.8282247933465,34.636692857703714,0.0,0.0,48.357119999999995,-945.001150541641,1583.839272003974,11677.590310253272,0.0,0.0,0.0,-8144.939145725504,-12186.818234367496,-1422.0871208507197,-542.744444217994,-292.1306015179682,-39.44871071683404,0.0,0.0,SUBMERGED,UUV
1781496734.0706112,-1.4655108725442496,0.3827167973533367,-2.886056214639671,-16.50176220972348,12.072980459018922,-14.790605655840913,2.1525490599492407,29.536304703077704,26.185368949255736,0.0,0.0,48.357119999999995,-6037.889701248576,-10800.675742114008,9984.06283706262,0.0,0.0,0.0,14007.522069749859,5295.348615802293,571.4102204956015,-110.00933665238189,-728.8369459975983,-836.8252328484193,0.0,0.0,SUBMERGED,UUV
1781496734.4705973,-1.5661099763574697,0.5055338429713135,-3.074044999762049,-16.68199966260764,7.960260466934667,1.7785766414809512,-2.69663228217828,29.71932672989922,19.876726871419788,0.0,0.0,48.357119999999995,11372.69405538615,1188.4111010813488,4163.872527306439,0.0,0.0,0.0,-7072.402032889152,7273.384104358,-19663.017106756437,-111.96230892310285,-70.16440498730177,224.723396791282,0.0,0.0,SUBMERGED,UUV
1781496734.8705714,-1.4000463746936767,0.3432331611082742,-3.113916702278967,-7.293900651326837,-12.741775991580875,18.719823916686977,-8.188795703511747,32.099996158923275,12.938205030912506,0.0,0.0,48.357119999999995,-3748.125918949278,5249.846196791526,-15991.376790072845,0.0,0.0,0.0,-4343.810269993813,-14196.764807416519,6430.735038637988,-814.6384647555994,223.49896192553348,501.13800005557414,0.0,0.0,SUBMERGED,UUV
1781496735.270835,-1.5329783327850344,0.42549871604144424,-2.889579607174224,-4.867207728386367,-15.44355084766346,6.938462632562128,-11.78362380730058,34.996149189534805,5.985465699652095,0.0,0.0,48.357119999999995,-557.5619928221621,-11587.280757849592,-644.3443553558226,0.0,0.0,0.0,10182.481072403363,11220.315419413044,12428.344646633937,-95.3489084457904,84.65810385670139,-324.9582882386165,0.0,0.0,SUBMERGED,UUV
1781496735.6705976,-1.4527280739809667,0.4885384849541301,-3.1284893315429803,14.621626446563802,-6.558577674504921,-12.107416161178463,-16.21501685077838,38.454670941650214,-1.4075928038279848,0.0,0.0,48.357119999999995,6532.7127321690305,4128.506062370166,22103.166720552133,0.0,0.0,0.0,-14462.34949517384,3706.284978771151,-20527.229019555598,237.33648806539534,592.7578123780818,-369.0222746912662,0.0,0.0,SUBMERGED,UUV
1781496736.0705771,-1.5288050876695545,0.2635220998530886,-3.1510359588999717,15.854611358310109,-3.2627183047284154,-14.413660611950526,-17.39658707661525,41.22522395437948,-8.589132791986923,0.0,0.0,48.357119999999995,-10836.98862523292,1141.3220637700433,-2939.206637919737,0.0,0.0,0.0,6195.3591504079295,-12510.22110452249,-8547.974604259805,-292.01848840730617,-186.266006614971,470.41355786863113,0.0,0.0,SUBMERGED,UUV
1781496736.5205739,-1.6639832779004138,0.3600704727355352,-3.1134980445635527,16.5299409676593,2.3594150162710266,2.776633121108253,-6.11444435942467,33.53274007067261,-12.607794099568657,0.0,0.0,48.357119999999995,1211.4254476537603,-10552.945769074297,-2217.483560364528,0.0,0.0,0.0,7672.020329477546,5905.198320670335,-9551.327720661986,155.81057948376952,-275.23901305961164,743.975400711298,0.0,0.0,SUBMERGED,UUV
1781496736.9205925,-1.3946191384201696,0.45624634962731603,-3.148721752587003,17.299767608182105,7.401846547143541,18.582365968448606,-7.954360071097423,31.596414172858108,-16.909893614573914,0.0,0.0,48.357119999999995,3243.5227778055028,1870.780024733424,-18004.383227088376,0.0,0.0,0.0,-13989.046467562302,6489.659618421713,22886.163151788947,214.8435603275137,41.437339449298555,99.04436910409025,0.0,0.0,SUBMERGED,UUV
1781496737.3208663,-1.5051504011419379,0.2559137980982771,-3.040498119002814,16.81665051267452,7.200802994580071,9.361283779716487,-9.177661906992276,28.094179775200473,-21.113198169871072,0.0,0.0,48.357119999999995,-12153.251780654722,2433.7790738703097,6010.241577755852,0.0,0.0,0.0,10701.27323958511,-13004.178292402295,4854.3566333597055,-383.3512718355495,-153.6349668755285,-456.26332359312437,0.0,0.0,SUBMERGED,UUV
1781496737.720489,-1.6487377057343802,0.37065671563546604,-3.1560169454511735,1.985916841286388,11.613941871622927,-13.630354518255173,-11.596543676719717,24.139491783488797,-23.25019730716476,0.0,0.0,48.357119999999995,5388.416921501706,-12302.530205185118,9906.341260329013,0.0,0.0,0.0,2078.174798195477,9155.149253166172,-22322.500874698253,-200.49107508247124,-152.85959462373495,-25.041151816025888,0.0,0.0,SUBMERGED,UUV
1781496738.120587,-1.4573291696788429,0.3829435279621857,-3.2674994196575566,4.451806002046141,10.823452013534645,-16.767559713155748,-14.38218389619781,25.89669329313438,-26.272395947128153,0.0,0.0,48.357119999999995,-1015.3896638175042,5227.7195500430025,-18194.382058580824,0.0,0.0,0.0,-7844.571392491088,2548.1556128695006,9130.554185223678,-618.3921962250586,1037.5587156560593,667.4880414763363,0.0,0.0,SUBMERGED,UUV
1781496738.5706215,-1.6545741664470024,0.28202469499115473,-3.179594598773569,-2.4413723349073773,2.503908305714525,4.2247565915088305,-28.1016707424034,36.234137253834064,-32.93576011030249,0.0,0.0,48.357119999999995,-10637.945152880291,5924.873736441459,-10430.665703962211,0.0,0.0,0.0,13174.05361765164,-14283.590050566945,164.1976385595956,-544.7428287513926,65.25628312252562,593.7942922123867,0.0,0.0,SUBMERGED,UUV
1781496738.9705849,-1.5647305076288578,0.35725799926743584,-3.0836961412778106,-4.023077687478393,-0.5232802400578602,18.233396399747306,-28.686806912460916,36.55416112363511,-33.52781936358404,0.0,0.0,48.357119999999995,9146.396003920265,-11353.877948229456,-3315.55181204178,0.0,0.0,0.0,-2905.3974521340624,6711.28682274422,19105.556495011275,-182.2001647780414,78.8470089605784,-461.82152513836024,0.0,0.0,SUBMERGED,UUV
1781496739.3706045,-1.4429155382198187,0.4060141024517596,-3.2763388437071685,-16.204535408480254,-16.576360783707123,5.948568366655062,-25.88169275201006,36.18241114315068,-32.705068520172404,0.0,0.0,48.357119999999995,-1325.7655245875214,1854.1164493909525,17137.233050047525,0.0,0.0,0.0,-7260.754686577948,6660.962401373416,-8041.012847125574,-723.5140723912227,840.6509503949674,-441.1789363458339,0.0,0.0,SUBMERGED,UUV
1781496739.7705994,-1.7586124678980135,0.2997350642208747,-3.208419590297681,-15.891928127045803,-15.362486858126491,-14.86705294164134,-23.21071937046428,35.174888131148855,-30.635086125012425,0.0,0.0,48.357119999999995,-727.2253432710172,1272.5091142568788,-1087.5294487088715,0.0,0.0,0.0,11938.85116510516,-12542.430189032631,-11450.012009501786,65.59710295037856,-81.85909797567221,-143.86587173309402,0.0,0.0,SUBMERGED,UUV
1781496740.220594,-1.6953550294132196,0.31561309897518275,-3.3089562499727037,-12.900733852191014,-15.731239566748057,-11.548664668961276,-6.767479429411767,25.019423236177897,-25.241075470246635,0.0,0.0,48.357119999999995,11013.61815377564,-8335.95076042547,253.8813791966342,0.0,0.0,0.0,-6627.897278842081,1978.9691680566393,-15032.151042983869,-80.54066525623634,8.917758929435436,754.3450411789902,0.0,0.0,SUBMERGED,UUV
1781496740.6205482,-1.5084402862514197,0.4454378302844175,-3.290273441502482,-12.239893090873286,-7.331279969772526,3.8504282178692977,-6.316971851290751,26.650898240739917,-22.30331040893214,0.0,0.0,48.357119999999995,-6537.508788696876,2141.0784237487737,-21058.659007220103,0.0,0.0,0.0,-815.1261218559239,6167.901576368238,21620.42328127321,-527.5214763694121,256.4558582278974,360.41387022851575,0.0,0.0,SUBMERGED,UUV
1781496741.020556,-1.6973909248679262,0.3000084572570776,-3.1230136977831626,-12.388341147831577,-4.418545190713666,18.0639065143835,-5.177588814546679,32.0495476407958,-19.87686303268862,0.0,0.0,48.357119999999995,204.83457659745636,2748.8547674017245,3944.7604131566354,0.0,0.0,0.0,9815.980349215355,-13467.488410463982,7408.728646164616,274.42554331989834,-170.1775883802515,89.50452649022458,0.0,0.0,SUBMERGED,UUV
1781496741.42056,-1.5933130969749374,0.3719714695326707,-3.4122437658291696,4.751930978389279,15.885871071823129,5.2429032832730424,-4.311924228070008,35.53711043910299,-15.299821304242782,0.0,0.0,48.357119999999995,2355.7158138767686,-12200.736251014674,6229.569397613513,0.0,0.0,0.0,-13145.738410168444,12298.483119290591,-21226.238343696274,46.6909895291167,-79.51520867274522,-139.99295420368048,0.0,0.0,SUBMERGED,UUV
1781496741.820602,-1.6765854800695323,0.48136257838057944,-3.359991329029591,8.139452826301072,17.173590842095873,-16.15009851639115,-3.884247252088653,38.86727930501065,-9.408470137003485,0.0,0.0,48.357119999999995,-12028.01481646306,4495.553334435705,-14888.30134857425,0.0,0.0,0.0,11389.02104801602,3554.4230646477627,4885.160975915728,-759.8944177111041,890.5905121122693,1145.0174792568923,0.0,0.0,SUBMERGED,UUV
1781496742.2705507,-1.7832350228907472,0.31632052327202576,-3.321189132747605,-6.618332332811295,12.822194730528183,-10.468567276871639,-9.688163879520374,38.39073916336492,-2.12314297504194,0.0,0.0,48.357119999999995,2082.7989985800564,7217.606833682955,-7410.887395560877,0.0,0.0,0.0,6474.71939491448,-14322.158573897223,-3443.0950520719116,386.3891096964026,157.43248312379518,349.7276618073245,0.0,0.0,SUBMERGED,UUV
1781496742.620558,-1.5436066401941666,0.413576314114148,-3.408136623558081,14.201499075356933,-3.8114740383437926,4.75138793081819,-1.786302361892066,44.71646299604029,3.6215367636157594,0.0,0.0,48.357119999999995,-520.4845888509709,-12776.01345981038,19946.098870321526,0.0,0.0,0.0,-8234.962995700975,11763.608060065779,-12221.47589090686,-582.9651938355354,-1006.8063329891042,-871.3020574670215,0.0,0.0,SUBMERGED,UUV
1781496743.0210779,-1.8043776345506366,0.48088393679297703,-3.391982085639698,0.012347014802434941,-16.830199700400044,18.49347170446781,-0.6934281706418334,42.39236978633061,9.992786836926982,0.0,0.0,48.357119999999995,-5070.6682236593615,3623.210984519901,-212.83913614652246,0.0,0.0,0.0,14464.329974406806,4314.246526351977,-13227.792260265596,-3.1521112002811513,22.296083418751586,139.59355477506898,0.0,0.0,SUBMERGED,UUV
1781496743.4705079,-1.7509252165135951,0.31150489357574246,-3.4455512832887,10.57394144109333,-13.390267310383637,3.474732772452399,2.736277300796977,30.084370774555904,16.407978273860156,0.0,0.0,48.357119999999995,9180.502224203541,2678.9952319659747,-18.52862770636711,0.0,0.0,0.0,-3256.7658497330976,-13457.431112320519,-14065.658669693097,-4.246842628214789,18.67243923518137,317.4297402334503,0.0,0.0,SUBMERGED,UUV
1781496743.8706062,-1.6000642415991528,0.4385637775651107,-3.4741742676156906,9.638383962767017,-17.32798521006677,-17.743652593447365,8.353668224718898,31.183910291838547,21.244064095641633,0.0,0.0,48.357119999999995,-1955.744630023615,-12306.082161115955,-22438.432706346266,0.0,0.0,0.0,-6459.761926570154,8225.907004085411,17324.511104931305,-503.57258839102815,-1137.1582396871424,962.0689725567672,0.0,0.0,SUBMERGED,UUV
1781496744.2705913,-1.7523575212877214,0.5042890937767834,-3.2576929315821923,-9.67479309455953,-5.6392044949763225,-11.562209120640915,12.935491618575458,32.6421705010535,26.193681079461914,0.0,0.0,48.357119999999995,-1913.2404603973528,2253.872123641645,1515.257619607631,0.0,0.0,0.0,13180.615443141927,6387.46400875049,10656.250254663939,89.76091264273428,164.51035662064584,-103.41368515104783,0.0,0.0,SUBMERGED,UUV
1781496744.7206528,-1.630724268091314,0.3496253184805827,-3.3726452711232673,4.372817532382334,-13.84313722911311,8.819713099022945,21.1331177003177,41.47493258345143,32.42264258920478,0.0,0.0,48.357119999999995,11907.569199382457,4965.708355950743,1048.1099649300045,0.0,0.0,0.0,-4342.58532124048,-14842.629050193693,15082.286807736506,146.74605278374494,-79.1869267884559,-360.69464617997664,0.0,0.0,SUBMERGED,UUV
1781496745.1206295,-1.6545932138170798,0.43918030714138623,-3.5375050064789177,-14.888420321440345,2.846986423117724,17.14551029354216,20.478934486486953,42.73470309495913,35.71060378438651,0.0,0.0,48.357119999999995,-3871.2965935510947,-11898.035456968852,21328.566871686893,0.0,0.0,0.0,-3991.491708175394,6614.998042061018,-21617.021054255463,-380.63926741259854,-778.8109819805259,-723.9150363522466,0.0,0.0,SUBMERGED,UUV
1781496745.5205927,-1.9109604465945156,0.4757124219250425,-3.4448231820567696,-15.755202205704807,8.921922284629948,1.8356912552953593,16.87948520731309,39.75841222285372,37.06833144852219,0.0,0.0,48.357119999999995,-366.72410353730646,1153.7021347871682,-4162.892961689817,0.0,0.0,0.0,11443.107123154658,7753.159427170084,-7291.325660498152,205.55543846632514,301.24275751648065,97.11144430775938,0.0,0.0,SUBMERGED,UUV
1781496745.9206467,-1.6535335031136122,0.386211326703985,-3.4817576421343515,-9.056250649020916,13.996226821273552,-17.090943194329906,15.296084418115768,36.56129002488637,36.928963336361775,0.0,0.0,48.357119999999995,11485.837709328867,5848.990615839621,-14664.939567742005,0.0,0.0,0.0,-15514.091007604244,-13829.102723315777,20852.299889302754,252.36078931304604,331.0774723880951,423.1106203185403,0.0,0.0,SUBMERGED,UUV
1781496746.3205714,-1.6879943924819532,0.4607235979781935,-3.4686046965956896,-6.194130783012854,9.378421253527852,-10.578076983469696,11.505188033935362,33.90879809239262,37.187242321832755,0.0,0.0,48.357119999999995,-11455.349377621787,-12661.154900072954,15243.39594569642,0.0,0.0,0.0,6230.906527782553,10442.231274297348,-5382.927483775775,-945.4037963400013,-908.7553187860789,-1623.8663487059525,0.0,0.0,SUBMERGED,UUV
1781496746.7705772,-1.8711133836513656,0.47726552728237814,-3.3847146436205717,-15.810178825908423,16.776836127950535,10.650498297726925,10.276091835167138,30.133660954454527,37.1500203153031,0.0,0.0,48.357119999999995,160.85460063123742,634.6087883226686,8490.14037865048,0.0,0.0,0.0,9601.62894311154,8895.825352120444,2357.333418244159,413.9532861689994,509.7045769492909,-166.95416917696855,0.0,0.0,SUBMERGED,UUV
1781496747.2206283,-1.6794827823911285,0.42349134872989186,-3.510042851447471,-11.126757386572852,11.785505318844127,14.618067416453368,20.649857821096372,39.91005356093585,38.03495371410802,0.0,0.0,48.357119999999995,9238.959505606457,9848.748459287195,7717.9160559247,0.0,0.0,0.0,-13910.774024525519,-13789.44172780247,2896.7418944445076,197.22522378004427,312.50321730949474,-567.6808047474439,0.0,0.0,SUBMERGED,UUV
1781496747.5706263,-1.795128251868368,0.39460121951471033,-3.5779408605464216,0.9542906636751204,-3.4987925287370323,1.0902342743684703,12.915568360877044,36.04862107033673,35.056640435608074,0.0,0.0,48.357119999999995,-12523.633801627579,-11988.262430474222,-20712.009168892833,0.0,0.0,0.0,10070.800122461156,7548.940550437117,12803.425529759426,-991.3379893458024,-1171.8920789104936,1629.0712679983617,0.0,0.0,SUBMERGED,UUV
1781496748.0206048,-1.9163231062356276,0.4773603595152011,-3.501303891867473,-12.126315799208186,8.062072056311163,-18.690920852321028,17.79191182425791,41.970888077825755,32.19635096773063,0.0,0.0,48.357119999999995,3680.6539909300673,1091.1742899780002,-20189.80281884337,0.0,0.0,0.0,4391.7600435116,7731.992074041364,12283.834414674468,842.9455400573839,700.8007042687105,489.5455609154402,0.0,0.0,SUBMERGED,UUV
1781496748.4205892,-1.63045362651234,0.37478367872703905,-3.5919897070390503,4.454833093641755,-13.724158971095124,-8.802172066114515,12.856575869375252,38.9347348755099,26.32661130800863,0.0,0.0,48.357119999999995,481.336694209652,5285.611860775304,184.46393248792901,0.0,0.0,0.0,-12095.30246999886,-14720.009067919244,13408.010819192892,-17.434552754173872,-20.72523190696532,182.73117021955625,0.0,0.0,SUBMERGED,UUV
1781496748.8705938,-1.727130864075032,0.3202112264395934,-3.5183186234491655,-8.019811736572658,-1.853169860133043,12.865270777792764,-3.6486377480619168,31.782452133841833,19.636738267838677,0.0,0.0,48.357119999999995,-12114.466329658064,-4758.564323129558,-1784.3163008550243,0.0,0.0,0.0,9471.007633165265,-2943.063373846281,17630.59045676229,3.2853763866214916,154.68440605740676,-273.18310278601945,0.0,0.0,SUBMERGED,UUV
1781496749.2205906,-1.9491140447886972,0.46620961318075754,-3.665619571021689,16.115724361708526,-7.185547822079236,16.08590438781697,-0.1771847727107992,34.79822406065835,14.312222733499285,0.0,0.0,48.357119999999995,8824.704679861115,956.6324036746717,-2434.815077253488,0.0,0.0,0.0,-2642.497573590234,8016.7138932798625,-9321.570277550458,246.71615230155808,208.6334480762757,615.0537504311706,0.0,0.0,SUBMERGED,UUV
1781496749.6706033,-1.781201284047333,0.2964774540648304,-3.775818921010567,11.645663543086439,-14.563218372346943,-1.6835700356880197,-10.386154032714868,39.36735861263066,7.175782400420478,0.0,0.0,48.357119999999995,-469.49260411009425,8456.231022414551,-1641.8951169036427,0.0,0.0,0.0,-8811.567224004808,-14451.574704529874,-10425.46111836025,-183.92442108067897,-0.7320637668216605,89.49763781964157,0.0,0.0,SUBMERGED,UUV
1781496750.0705361,-1.8775240620360543,0.3102624068141332,-3.566606733835098,10.667317352668608,-14.445685998525905,-17.831483865496693,-14.696845929709413,40.969960554499146,0.19295427383390373,0.0,0.0,48.357119999999995,-5085.068059862839,-9069.504336679272,-20500.3121555829,0.0,0.0,0.0,14684.025179033082,2494.967222218813,22922.77985983639,-345.6143054270789,-651.5705897476893,587.7482261715611,0.0,0.0,SUBMERGED,UUV
1781496750.4706013,-1.802041673415444,0.4836852429900806,-3.6052770787793773,11.15170453292744,8.490987477207238,-7.127824991242997,-14.675065779246134,43.8192322229154,-7.039149261846929,0.0,0.0,48.357119999999995,12134.31350181202,228.96892763389587,4979.759793005103,0.0,0.0,0.0,-9127.301954278602,9930.029735536265,6218.380908845529,389.48586581438997,368.7052681082288,-682.6698328383384,0.0,0.0,SUBMERGED,UUV
1781496750.870571,-1.8276574383525264,0.2620079740878016,-3.779007866710217,9.957540284000688,14.060342209734323,13.890373497151788,-18.61040499174656,46.169103422909195,-15.45356231821788,0.0,0.0,48.357119999999995,-4463.9340537148555,8610.792915112066,12685.583043804743,0.0,0.0,0.0,-3239.672707230407,-14632.6908631839,-23061.9607099388,56.4172477970904,205.97123247246634,-134.45119216657048,0.0,0.0,SUBMERGED,UUV
1781496751.270663,-1.9881417752663069,0.3125691525780998,-3.653259661680526,-6.942482504152964,10.221284000393165,14.789015294503233,-17.322454176962022,43.07473314850279,-19.883351484086763,0.0,0.0,48.357119999999995,567.7156636354116,-10608.84738354345,-16251.467955494902,0.0,0.0,0.0,8633.389977810066,4960.292599914831,6562.077669492847,562.2433769300358,-1068.330419531058,938.422692627961,0.0,0.0,SUBMERGED,UUV
1781496751.720658,-1.8825894226896862,0.4145479152678919,-3.810769777136292,4.81855070824896,16.554915653291477,-4.016796530139606,-13.099219495044522,30.570059394689235,-22.071874475607608,0.0,0.0,48.357119999999995,11484.295934840284,-1429.5356620315104,-3589.440962611926,0.0,0.0,0.0,-8297.611099677382,12697.054773234502,-7710.363640092864,304.065094212388,107.29780727357559,494.6291807704941,0.0,0.0,SUBMERGED,UUV
1781496752.1206489,-1.7992315812381192,0.2508583539695777,-3.698446920078698,-14.32106181562197,0.6279670453977362,-18.531996412443387,-16.25216912383117,29.349376745765603,-26.21771322695065,0.0,0.0,48.357119999999995,-7504.192956031639,11384.84139110632,-6591.507474870754,0.0,0.0,0.0,538.6472625019487,-14139.270169506848,21162.29610266966,121.10600522977224,124.59458391343621,35.849220743703114,0.0,0.0,SUBMERGED,UUV
1781496752.5205426,-1.9818165532004515,0.27476413559660023,-3.605440495157378,-15.49956289585194,-3.480378401786396,-5.333239473588343,-20.28436751148161,28.972975589997002,-30.41527862513627,0.0,0.0,48.357119999999995,548.9135324342958,-6886.994042966415,14370.009803307692,0.0,0.0,0.0,8420.085372621916,-785.7086146883194,-4231.114332332905,533.2378043782608,-965.8696053989123,-742.302760041001,0.0,0.0,SUBMERGED,UUV
1781496752.9705727,-1.8114817797751475,0.383749773193333,-3.7970536311712486,-1.8871223331713363,6.882543425459159,16.45334464705235,-33.35448813091088,37.518590007900876,-37.31327448274187,0.0,0.0,48.357119999999995,8610.508247173646,-620.398692870203,13256.573976759848,0.0,0.0,0.0,-14184.596798759954,11240.740437126015,-3398.703808011939,327.0649295868059,489.02451020274833,-166.28870325046384,0.0,0.0,SUBMERGED,UUV
1781496753.3706534,-2.0030615143030914,0.23479105596279432,-3.833667439196482,-16.924131874667104,-13.357434206130396,12.131449621347882,-33.085654259213925,39.72759889963932,-41.23948689191496,0.0,0.0,48.357119999999995,-9418.951578633765,12072.37463438157,1878.560107878739,0.0,0.0,0.0,7487.965908942021,-14208.476695698511,-13832.389889369042,60.32047655506846,-71.67388427528289,336.50705170372703,0.0,0.0,SUBMERGED,UUV
1781496753.770552,-2.022047640681301,0.2834643132975181,-3.711969040933859,-16.575535300822864,-16.566356468359345,-5.831277928311112,-31.791080911297065,38.413134853795434,-41.49609199251138,0.0,0.0,48.357119999999995,4161.5229568756395,-8010.844632669015,-22813.667347799033,0.0,0.0,0.0,3779.8948377184342,1022.6775435636982,18807.99241507137,580.1591564960289,-1058.9723183810315,845.0405439954027,0.0,0.0,SUBMERGED,UUV
1781496754.1705697,-1.7706622094219533,0.3384419556054418,-3.8499898176819762,-3.3092796274707013,-6.619640875212651,-18.323613165917298,-26.74819179017214,35.66270722827618,-39.10921346747015,0.0,0.0,48.357119999999995,-200.17426644505753,1094.579421233851,6236.98676472823,0.0,0.0,0.0,-9817.187819777315,8269.395574486854,4944.838308605405,-352.26498595530353,414.02273341641575,-211.12463782586462,0.0,0.0,SUBMERGED,UUV
1781496754.570579,-2.077678149109032,0.26300339880533513,-3.8023328726186807,-0.5259026600531689,-1.6331391423078312,-4.540492615498595,-24.28803319925913,34.715897293991056,-38.501258949056805,0.0,0.0,48.357119999999995,-6469.1774771967885,5232.989212039831,10636.05430877149,0.0,0.0,0.0,14574.822836729967,-14328.417520561878,-23121.30134294232,-168.64987368654883,149.98536228954725,-231.59975332278287,0.0,0.0,SUBMERGED,UUV
1781496754.9705675,-2.0573877206032667,0.2807213653389682,-3.8677565051340452,16.79452078388567,16.991828622377916,15.286958757195071,-19.27001800703602,32.32744379600464,-35.40775326425475,0.0,0.0,48.357119999999995,10784.01706593684,-10209.290513529008,-12158.295084442878,0.0,0.0,0.0,-5609.411104752855,4578.61529474493,1672.0363342796998,741.1470632935468,-883.1716355979663,1488.9955396082364,0.0,0.0,SUBMERGED,UUV
1781496755.4206324,-1.903930362188025,0.3534504755111635,-3.9915624894938975,3.4591811499743828,7.258508279393605,12.09561247447354,-14.063510568247528,30.718367098179826,-33.188516174104514,0.0,0.0,48.357119999999995,-294.81293863151336,-119.91203594396937,-5680.430209185975,0.0,0.0,0.0,-9167.231464715729,10897.189134337736,-5497.764956773753,-298.88478186862136,293.5602135457355,25.440225199208196,0.0,0.0,SUBMERGED,UUV
1781496755.8705888,-2.1116256212147135,0.32152578834149065,-3.857188131344695,-8.215471757369402,-2.172991409990156,-8.07176984399746,-26.90213389996478,41.586103926388034,-33.77021957515159,0.0,0.0,48.357119999999995,-5347.581565199151,11051.733614693698,-10153.168726733853,0.0,0.0,0.0,14213.31259299961,-12531.289997658225,-172.97509819226434,-116.46550923630369,616.8489580480071,721.803564591109,0.0,0.0,SUBMERGED,UUV
1781496756.2705758,-1.9627080285576382,0.23803993749715416,-3.806844012197095,10.065971560613283,16.77871612219097,-17.35247036577152,-24.823118962761438,43.83501264632343,-29.327604774627876,0.0,0.0,48.357119999999995,12249.375847881684,-6386.955469535752,-3764.5788391886836,0.0,0.0,0.0,-9832.546517276385,-870.1373239741497,19320.84388079426,-11.444816964119813,143.21694521461075,-210.44483669258537,0.0,0.0,SUBMERGED,UUV
1781496756.6705446,-1.8909971229141973,0.4198666141767553,-3.965449635093023,10.57891570968943,16.02133225193104,-2.365484885600553,-20.418824399608784,41.233120194285675,-21.123977979547643,0.0,0.0,48.357119999999995,-5311.652176709904,25.204380605490453,16616.6185011808,0.0,0.0,0.0,-2750.683847138505,9506.060872787031,-7212.274446507827,-867.1280724610482,543.9971063415142,-484.0888703952566,0.0,0.0,SUBMERGED,UUV
1781496757.1206498,-2.088806853329832,0.35139575699981385,-3.809383393690031,-4.018081008508028,12.565230625530017,18.57638548669736,-2.4714408405529813,32.869208000647056,-11.5928741550849,0.0,0.0,48.357119999999995,-2550.7569509930418,11640.724906784784,8782.595235940931,0.0,0.0,0.0,12913.54237894029,-7206.322391161745,1847.8695101964304,137.01648904873593,683.5891359150925,-714.7573935355737,0.0,0.0,SUBMERGED,UUV
1781496757.520584,-2.070903857511438,0.25577224815344574,-4.047028494471121,13.964108294069396,11.232456061491556,9.281748203610332,3.7397510830037533,36.31494728320177,-4.983865428052491,0.0,0.0,48.357119999999995,10197.0089652124,-4053.632618447586,817.8696292852062,0.0,0.0,0.0,-13945.195196441728,-3658.2042273687834,-16367.170991716815,-23.733177710279868,30.41771358612573,169.11792061013196,0.0,0.0,SUBMERGED,UUV
1781496757.920622,-2.0092535833322045,0.4717698851288138,-4.015066560884055,16.21946138847602,6.655444379200256,-10.801771183420815,8.676667836935133,40.04914974218533,2.4269998392154855,0.0,0.0,48.357119999999995,-8984.174724158507,-998.4014302077385,-20325.657979929365,0.0,0.0,0.0,2289.594142078953,12061.31395797743,12604.370814958076,-1007.3944795468148,202.4689211575742,612.3984245805199,0.0,0.0,SUBMERGED,UUV
1781496758.320622,-2.0711529384401253,0.3116958848952436,-3.827162866733603,9.71108585438078,-14.335254781438683,-16.347954812788114,13.2983232457252,42.44996650213745,9.326775023720364,0.0,0.0,48.357119999999995,984.2582049382421,11774.121417468497,233.77768912905668,0.0,0.0,0.0,8161.409559264994,-12537.631518863938,13204.994128329106,29.322706698109503,21.829914821407865,-276.3526512343712,0.0,0.0,SUBMERGED,UUV
1781496758.720591,-1.9973302084103493,0.2972889743251962,-4.0690191624140715,6.640796032188907,-16.45763625543094,-0.3156287771357563,16.536608411848974,44.38727046482472,16.631271231545888,0.0,0.0,48.357119999999995,3200.5152455728653,-5490.730159711988,22430.35803924013,0.0,0.0,0.0,-13373.087659419274,-2266.284159695433,-19329.849078494102,64.9279048694419,-799.3677552287977,-403.4676531347601,0.0,0.0,SUBMERGED,UUV
1781496759.1705732,-2.0681442605935247,0.4733317305606702,-4.017877547942306,16.959377750330283,-7.701674461658682,18.774295113351275,8.762907260616414,42.94329468466182,22.749113498749146,0.0,0.0,48.357119999999995,-12353.549244407324,-2757.523618475933,22656.848100786843,0.0,0.0,0.0,7942.2012346628835,13018.55881049723,-17624.38962904385,-898.0591202026252,-153.7183645141546,-699.357720704613,0.0,0.0,SUBMERGED,UUV
1781496759.5705764,-2.2046556077060173,0.32809199938320865,-4.047347471897529,2.927084415522472,-13.762443780486358,7.316220378471965,7.371382564426251,37.698470510942585,26.619797734953718,0.0,0.0,48.357119999999995,2573.366585841636,11200.888659247245,-1552.7375154785937,0.0,0.0,0.0,5791.914932003351,-7664.605381238377,-10457.420947403405,127.9652893293278,222.160686880776,811.9903704992553,0.0,0.0,SUBMERGED,UUV
1781496759.9706068,-1.9487451582987532,0.36095728834316737,-4.067314369578547,-0.7015135118852791,-11.275707332372484,-12.827736624988924,9.071839677264544,34.107597391017364,29.9523357698981,0.0,0.0,48.357119999999995,54.78154071736431,-5649.3493984118895,-10901.659038935843,0.0,0.0,0.0,-10639.748900650073,-1854.3148201663778,22385.818256504626,126.63914160090172,120.074688057261,-78.88561391931871,0.0,0.0,SUBMERGED,UUV
1781496760.3705764,-2.1736598694698404,0.4758423535115346,-3.9417011564033824,-16.751397969357573,9.61763616589363,-15.079373268047245,11.06626834315234,32.98874838242257,33.856563015498175,0.0,0.0,48.357119999999995,-7230.050755973516,-94.26673259794569,10691.446595705647,0.0,0.0,0.0,14132.042390549665,10434.247370854704,-384.7652849412009,-153.78110375385225,415.4880169069877,-97.3082926016344,0.0,0.0,SUBMERGED,UUV
1781496760.820574,-2.1194934172628006,0.3716200399987233,-3.9620049262005597,-5.116042920651559,-2.2997705270717583,3.5183067779841726,25.891186540870056,38.17907741804733,39.31790633118803,0.0,0.0,48.357119999999995,8516.641784907193,12371.625106248859,9069.411003914975,0.0,0.0,0.0,-1671.7656579174477,-10003.625465975458,1663.6402540991871,584.8677296697047,726.3093867859723,-1408.4818108577974,0.0,0.0,SUBMERGED,UUV
1781496761.2205997,-2.108709355823028,0.3564335395041822,-4.250723268616458,-16.787654779486438,16.804253614963404,18.916270217362154,29.483862376921017,39.928873484734254,41.91162866427476,0.0,0.0,48.357119999999995,-637.164309000713,-3442.3333267505004,4149.446064364497,0.0,0.0,0.0,-8204.770548532553,-4382.975438209134,-19442.969656002242,72.25514772196408,149.7770859657697,161.0941842929185,0.0,0.0,SUBMERGED,UUV
1781496761.620587,-2.2848529997999596,0.437833112562597,-4.0331930081265694,-14.685644310396011,16.52449499741704,6.340135185459047,29.553992728397798,41.860783857990114,44.27937942912501,0.0,0.0,48.357119999999995,-4496.85130543035,-1281.7417764413112,-15947.553313666478,0.0,0.0,0.0,14023.037709408498,12363.431402994367,6721.858041903888,-205.07238530384512,279.83880648505396,32.26320809108132,0.0,0.0,SUBMERGED,UUV
1781496762.0705798,-2.289502662100706,0.38580580880967325,-4.135579292775398,-14.634004696371814,13.20723987733234,-16.492534796820152,16.384297037331383,35.0030647969436,39.09782031647367,0.0,0.0,48.357119999999995,7694.448442513101,8759.96812585693,-8449.639451828934,0.0,0.0,0.0,-633.0004615719349,-2306.29311968678,-2455.7126079535756,553.5843653254151,669.7500391522898,1200.9022113233968,0.0,0.0,SUBMERGED,UUV
1781496762.4705722,-1.9933706469935912,0.35606947465653976,-4.124188515391586,-11.577167497053196,11.212952166427215,-13.384984909419003,12.041221636340952,31.8079471134493,36.98185955786883,0.0,0.0,48.357119999999995,-2066.3035941625626,-1798.9104359445619,-660.5650270779821,0.0,0.0,0.0,-6452.890472880887,-6790.621179630956,15997.532331510407,60.34213978646489,81.08353701733743,-262.8882775483689,0.0,0.0,SUBMERGED,UUV
1781496762.8205779,-2.368208879675705,0.40980267175370394,-4.111559057509219,16.575684478574917,-15.8194535600841,0.08138574926202824,21.51357862336369,39.2151433039538,37.972353590766126,0.0,0.0,48.357119999999995,516.0570997919627,64.6291930787097,-3872.095791072203,0.0,0.0,0.0,8746.198140884942,9904.47138043103,-7669.027252891751,245.41088751025688,233.27158236344013,100.1817155915275,0.0,0.0,SUBMERGED,UUV
1781496763.2706263,-2.2327360094210924,0.380952063285339,-4.262239172981418,7.6623087722812935,-13.568548726074267,18.769275314326073,5.8147919003328665,32.50274100347257,32.635188071164976,0.0,0.0,48.357119999999995,10909.274493713845,11319.858623422828,-467.42355670561443,0.0,0.0,0.0,-13094.166211000056,-7936.529906477097,-12320.951726539082,-6.640171756700248,126.06816913931021,703.7265512577055,0.0,0.0,SUBMERGED,UUV
1781496763.6706285,-2.1181039383442806,0.29090723804126273,-4.212710450520313,8.721955033560157,-15.757438370976876,6.138582351212936,4.430055104483814,33.81558740109575,28.7676499291368,0.0,0.0,48.357119999999995,-8989.178281997478,-3317.7108209573125,-22087.841319370815,0.0,0.0,0.0,2492.298158795168,-4779.730058093324,20755.30210039611,-783.6530331905326,-433.8118967401447,645.6916789645128,0.0,0.0,SUBMERGED,UUV
1781496764.0705929,-2.2943750439131723,0.437199611613836,-4.048971732946232,15.03679268730247,-6.133855097200772,-12.633169161908336,2.880955748788232,38.05011979128561,24.464107889070675,0.0,0.0,48.357119999999995,2951.4956665804216,-143.81894052299106,7969.492659346578,0.0,0.0,0.0,5622.493349216345,10904.619009568269,2912.3097011365053,505.2961304037671,429.64715825572364,-253.50275577113857,0.0,0.0,SUBMERGED,UUV
1781496764.520619,-2.1039148007163204,0.4144476835822785,-4.205262912275041,13.934891315449484,-14.103364794729085,-12.502029354545776,11.77489755896182,47.476596271398655,18.800786590099353,0.0,0.0,48.357119999999995,4843.150959661706,10312.173180509804,2402.041997062305,0.0,0.0,0.0,-14132.636189898301,-4871.41795773507,9129.110392258024,-127.42397294023817,319.45132505741674,-506.8737127221451,0.0,0.0,SUBMERGED,UUV
1781496764.92061,-2.2298872471423685,0.2136885554826698,-4.2831224428115435,14.706189074268673,-10.84208643259498,5.242940978890768,8.685068518593209,45.26753084317723,10.258846279269475,0.0,0.0,48.357119999999995,-12602.900714620542,-1299.2173507773937,17952.964975087736,0.0,0.0,0.0,9252.595457132718,-6940.063015865019,-23105.092089733083,-473.20283236488024,-10.20824237508144,-392.2646105214041,0.0,0.0,SUBMERGED,UUV
1781496765.3206036,-2.3783368958835744,0.40217322067848865,-4.246951951435564,11.750832137744235,8.423695009491464,18.416803562613346,2.4092429723838107,40.27332829410501,2.8378136333144655,0.0,0.0,48.357119999999995,3668.850268179102,-4961.050230326844,-6356.075073043179,0.0,0.0,0.0,4538.26506213391,14209.44717139436,-4637.7282888082955,375.027292319913,21.57800020255589,260.19404548050784,0.0,0.0,SUBMERGED,UUV
1781496765.7206154,-2.103465398312715,0.2897065492015067,-4.266684924568807,8.532883108594188,12.74951881102551,4.465162151836003,-0.7745885135726428,38.04933534411027,-4.307625368108694,0.0,0.0,48.357119999999995,-161.34258562892936,12289.768768621976,-2582.8887621151266,0.0,0.0,0.0,-9660.866311018843,-10994.850446004892,18591.929303476558,92.66325544908196,-3.60808877706529,-26.722362844386353,0.0,0.0,SUBMERGED,UUV
1781496766.120551,-2.297536350036635,0.2051404154782326,-4.186574707465632,-10.440630726589175,10.319999236087865,-15.118109184409313,-7.327652903369173,36.1799257146288,-10.398453700880998,0.0,0.0,48.357119999999995,-5397.757442506986,-4096.398103537655,17883.468348491413,0.0,0.0,0.0,13962.565944413087,-4160.212081794411,-8759.772340134441,-270.1512959316243,-952.2208943961225,-579.5547886412655,0.0,0.0,SUBMERGED,UUV
1781496766.570585,-2.275530360567567,0.37669208112094194,-4.205029476035861,5.035995542002976,16.033708015829706,-10.934696249546416,-21.038447179609626,39.588056467034725,-17.115451624429692,0.0,0.0,48.357119999999995,7578.057923911526,-7340.220868455261,10061.160186361381,0.0,0.0,0.0,-286.94762464284395,14207.924961943701,532.9984688251727,683.1503259438754,-123.81460477461941,-688.61604147122,0.0,0.0,SUBMERGED,UUV
1781496766.9205601,-2.221670958375502,0.2537012136935303,-4.376180166092819,-12.212100170158168,-14.55681847941901,3.6585360972303183,-16.454121002409323,32.443344611618386,-19.97527840296785,0.0,0.0,48.357119999999995,-3798.262453807644,12713.419083297375,-22184.89226906595,0.0,0.0,0.0,-4208.532227344044,-10171.630578615432,15976.652801135608,-814.6534577269281,1119.4187593169427,1150.6642991897384,0.0,0.0,SUBMERGED,UUV
1781496767.3205926,-2.337392770763511,0.24198683109190566,-4.152213266624123,-11.870835862966016,-17.252690464401287,18.285209240748898,-21.577347691910465,34.841197963814466,-25.1009662308097,0.0,0.0,48.357119999999995,112.01561308300046,-6097.711175867037,4379.763871178991,0.0,0.0,0.0,10059.091237259716,-1520.2723622269332,6990.825499694379,235.19487078013054,-408.8624509316844,-513.4402704928732,0.0,0.0,SUBMERGED,UUV
1781496767.7705648,-2.2022934082886887,0.3521944723337749,-4.317566515631662,-16.540437998175577,-8.41849972358333,2.6744994600118934,-27.10330294032929,41.86638848769791,-32.298332456073965,0.0,0.0,48.357119999999995,11770.280361080908,-3255.901684517291,643.0621341332238,0.0,0.0,0.0,-12126.701256977361,14203.34930466361,12074.589078930254,51.07099559643907,67.47627544086818,-82.76323257978328,0.0,0.0,SUBMERGED,UUV
1781496768.1705523,-2.264518181167361,0.2574593692567949,-4.418070523655118,-6.722787786267368,-14.239551924234785,-16.399047641413834,-26.55044253661775,40.41921630878717,-34.3470425747808,0.0,0.0,48.357119999999995,-6780.56025378888,12762.295940052845,22343.475735334036,0.0,0.0,0.0,-723.2727827593744,-8900.518877766679,-20981.798321839597,-677.2105475796584,842.7956038729126,-984.4561037936408,0.0,0.0,SUBMERGED,UUV
1781496768.5707493,-2.494932665070503,0.22582013605117757,-4.336335451967855,-4.542721887993574,-9.701925137588368,-11.193975144168792,-21.957604797361096,38.121651383158856,-35.22167628604685,0.0,0.0,48.357119999999995,81.82781617493403,-1960.200230127537,-3455.656116974865,0.0,0.0,0.0,9841.02046082828,-6658.862751594778,-8183.823829048608,203.55941686763757,-280.9590704651614,228.95790155329334,0.0,0.0,SUBMERGED,UUV
1781496769.020618,-2.328815677036377,0.31520380194232833,-4.502058867995746,-1.2505911108060905,-5.850267193351477,6.972700165753156,-14.330766340979615,28.186999842439736,-32.892189557073905,0.0,0.0,48.357119999999995,11807.790027924379,-9192.047742715322,-330.3385388895252,0.0,0.0,0.0,-10695.343277959608,14267.237521099269,-12774.184185414615,-2.7577064495935133,-62.61088671432321,390.4367011516902,0.0,0.0,SUBMERGED,UUV
1781496769.3705425,-2.3124212298050426,0.2442420786431539,-4.346486965985771,16.618879599106272,14.8962647817103,17.80002179864737,-16.145060454790062,31.31953394094953,-33.59580901421025,0.0,0.0,48.357119999999995,-12594.972712966617,12146.4235303585,14221.822185888912,0.0,0.0,0.0,9854.945509386294,-12306.78051165229,-4289.937825106827,-833.3938913395002,777.857806171046,-1484.256665368809,0.0,0.0,SUBMERGED,UUV
1781496769.8205402,-2.4461116288917153,0.21190442665385878,-4.24669381462615,16.619242832040047,16.381159603630472,3.635140226051163,-17.815524448599152,31.980817945106278,-34.471405404413815,0.0,0.0,48.357119999999995,1192.0141197083615,-1346.1316748309716,7624.937669315051,0.0,0.0,0.0,7949.841835485425,-7870.536017596012,3465.428043216846,425.3666434771641,-510.2166119462702,-356.06362972136776,0.0,0.0,SUBMERGED,UUV
1781496770.2207468,-2.325084621587034,0.3094669606212775,-4.590779471268424,17.14302917243431,16.845542634734983,-17.55505254026421,-18.11677946960526,35.03210621947977,-33.28473768486738,0.0,0.0,48.357119999999995,3135.2048104487667,-4642.099476304148,7855.86501240654,0.0,0.0,0.0,-13553.795209911383,14193.7888707107,-22055.653452747425,120.05055927154791,-108.36202624283587,-155.03464960234447,0.0,0.0,SUBMERGED,UUV
1781496770.6205454,-2.4373811345785343,0.292157207165341,-4.454242657822268,5.1960332188387195,1.5761939801119424,-12.32854058934908,-19.235648007079682,37.472824207245665,-31.660847051671436,0.0,0.0,48.357119999999995,-11154.601329878751,12472.880827442194,-19938.121993776822,0.0,0.0,0.0,13449.32716740141,-9615.750777765474,11789.425531255423,-794.218879136385,1112.2127061959595,1444.4838616661814,0.0,0.0,SUBMERGED,UUV
1781496771.020559,-2.3963326616699145,0.20959185904213593,-4.308500962184762,2.3738542544047503,-4.279508994065021,5.891959655389119,-21.443884449209797,41.749962047105896,-29.138385507234595,0.0,0.0,48.357119999999995,8234.0178463258,-3064.1556147197875,306.55314312168883,0.0,0.0,0.0,-1556.1647425968758,-5249.435266826245,12740.059743608317,57.84093519661274,-70.57635527680007,-648.387312125834,0.0,0.0,SUBMERGED,UUV
1781496771.4707682,-2.2303478867410553,0.34418576606310924,-4.501824225704737,14.866585372415289,7.683859067799362,16.719333078214152,-15.029565401180646,38.44466972813979,-20.32171893219547,0.0,0.0,48.357119999999995,468.1084277073061,-7779.177510819304,-2065.1802975597975,0.0,0.0,0.0,-11898.572548878117,15399.246736436993,18260.36849637922,71.97038742392256,-72.91286232684304,179.8519037401579,0.0,0.0,SUBMERGED,UUV
1781496771.8205688,-2.554297256211678,0.282196408937346,-4.473614161778051,-15.664823670838732,-12.493708032352819,4.579725153353508,-17.321841613140066,43.34645826678599,-17.486373053332674,0.0,0.0,48.357119999999995,-319.3381577014915,10666.497150841858,-6908.083019984361,0.0,0.0,0.0,11332.678388539282,-12812.667753102547,-3879.8818545935583,247.74096858018888,451.9928230416366,518.9779331747027,0.0,0.0,SUBMERGED,UUV
1781496772.2705092,-2.5147169071006634,0.20320207951703403,-4.582745243714467,-3.5201972433368613,-17.31725362245052,-17.891048914516908,-1.5304843929867689,32.49109113392533,-6.983198121760531,0.0,0.0,48.357119999999995,11244.142000430955,-1690.6805397493526,-1866.4031638600916,0.0,0.0,0.0,-7553.546653451678,-6947.695647342425,-10047.146587952664,199.54896969044268,-205.79442862613956,717.3196416597897,0.0,0.0,SUBMERGED,UUV
1781496772.67059,-2.3395306094909873,0.4048946538898235,-4.556651457015611,-16.474165899768938,-5.495042219791573,-11.137284485892794,3.1228241444283853,33.58987922800984,-0.3782204584808031,0.0,0.0,48.357119999999995,-7540.598721675786,-1182.9145467042347,-10909.894406038979,0.0,0.0,0.0,-2990.07015328253,14284.905881151373,22858.0229972488,-187.67830041031968,-271.0611755593532,204.90080829991345,0.0,0.0,SUBMERGED,UUV
1781496773.0705698,-2.4892725709157517,0.30866687296849304,-4.418602238621464,-16.44669306578898,-0.15473139373804412,8.05876068774893,9.065257382181274,36.13021536386828,6.046168488865957,0.0,0.0,48.357119999999995,-44.66297844954631,11575.676076715612,5143.5698383624285,0.0,0.0,0.0,8627.943176796638,-11461.454683192083,-69.68282913104304,234.288776478825,486.605987800994,-727.7651797583754,0.0,0.0,SUBMERGED,UUV
1781496773.5205564,-2.3518516792278263,0.21435147192261375,-4.538219591371344,-8.924639778873878,-10.988329002649476,15.64101681174904,10.352949686898953,44.96005404842168,13.691884573736784,0.0,0.0,48.357119999999995,10765.959999884526,-685.4954336114344,4249.158557122519,0.0,0.0,0.0,-13365.631180273629,-8977.490524273308,7065.4658365785135,147.06653381065874,-351.33996958722054,-367.72897548423344,0.0,0.0,SUBMERGED,UUV
1781496773.8705313,-2.5045135601072044,0.4610797104893437,-4.602294164245647,-0.9313946109792435,15.424493271236368,2.4841337516265725,18.271317107157472,40.001405735616885,19.508426394531497,0.0,0.0,48.357119999999995,-11847.137490148792,-813.0731516098444,-16519.400444078838,0.0,0.0,0.0,7783.453016831156,11894.537918315855,7236.024023927162,-911.330709584234,384.09209514513054,683.4010614178809,0.0,0.0,SUBMERGED,UUV
1781496774.3205507,-2.6238256944035734,0.3517762883822658,-4.579754340364222,-13.121556966508514,15.86926627902859,-18.80732951373578,11.649046241260772,42.396728464595704,25.344959747917315,0.0,0.0,48.357119999999995,581.7772102339036,9112.851935122795,-8810.052565363269,0.0,0.0,0.0,8657.71030494763,-2821.967508086469,-2051.4709277009733,418.6886458171406,682.9951725711694,784.5237508739224,0.0,0.0,SUBMERGED,UUV
1781496774.7205617,-2.3366014059351983,0.2885986914174926,-4.6197904109980925,3.504288011283916,8.359248031085924,-9.32464942638842,9.919436501721918,38.04661242590887,28.905492844926094,0.0,0.0,48.357119999999995,5727.611599708519,-506.28073696870297,-5897.540213623703,0.0,0.0,0.0,-15266.832606788335,-8744.860380481638,20824.3453300102,123.1977059970872,155.9504896775487,80.55025517691513,0.0,0.0,SUBMERGED,UUV
1781496775.120711,-2.4820060824594754,0.4424357136835923,-4.57753536107672,7.6095040499094555,4.473513581412387,10.34010408254674,11.446601269984404,33.493326059299896,32.02668645532889,0.0,0.0,48.357119999999995,-12242.681331375503,-5156.75217497384,14610.970508118457,0.0,0.0,0.0,8232.488185391052,13819.444562432225,-4808.362226093099,-812.2232089177653,-127.09400908599552,-806.6514124740802,0.0,0.0,SUBMERGED,UUV
1781496775.5705473,-2.582566688518565,0.3737812648855948,-4.506899359018169,-6.934601341446764,14.135841570417462,14.29184460493891,18.094001621287482,31.93611805708999,35.92552326836475,0.0,0.0,48.357119999999995,2270.2609554119545,8698.372520770288,13415.077769510528,0.0,0.0,0.0,6359.670057961919,-1741.3481319096077,-2981.9082841264144,628.2643056517317,966.7645722540892,-1008.1417630121632,0.0,0.0,SUBMERGED,UUV
1781496775.9705374,-2.4753367136285958,0.3155451478850551,-4.821526170056825,12.393343729570073,-4.988400349301445,-0.9803743429922858,22.36969362935451,33.26263236554631,38.685680955312996,0.0,0.0,48.357119999999995,1707.389451425142,-102.89528285203167,1698.5656538551054,0.0,0.0,0.0,-12733.307536506261,-9572.5256151522,-17861.843750690474,52.24810359990566,65.02579098909368,-40.713624400046065,0.0,0.0,SUBMERGED,UUV
1781496776.3705838,-2.608440133487038,0.40397457888767757,-4.620988958899456,15.689593061935742,-10.831161891183545,-18.829810345635426,23.994981118828793,34.688446839439045,40.53899059209413,0.0,0.0,48.357119999999995,-10631.694493627276,-5233.953827361744,-22777.248006160822,0.0,0.0,0.0,14304.66974514289,14498.379040599526,19199.888322149964,-706.7501113428135,-348.4586256001461,631.5134480568478,0.0,0.0,SUBMERGED,UUV
1781496776.7705595,-2.533854944334295,0.36548369422568844,-4.558959210700221,9.705062258548322,-12.193538667432243,-8.423414055637545,27.14852391584182,38.4701482882927,43.2065090925319,0.0,0.0,48.357119999999995,8774.84031090015,11111.194586645428,2315.9107563527036,0.0,0.0,0.0,-2279.3130665105637,-6441.070612761499,9271.475039773788,207.04602756076605,317.7042868591178,-1152.346919231879,0.0,0.0,SUBMERGED,UUV
1781496777.1705606,-2.4832548418658886,0.3180147503894264,-4.849994740621617,8.11893269823786,-9.165399806132093,10.505242664644141,29.603573020545763,40.554882087515864,43.606969939934835,0.0,0.0,48.357119999999995,-1303.6600422632462,-1895.8905396904963,16237.585150775689,0.0,0.0,0.0,-7025.270967358678,-6201.335757907465,-22627.7566937487,-49.093346353445874,-35.82720161305198,-24.13218597481278,0.0,0.0,SUBMERGED,UUV
1781496777.5705516,-2.7305988635762337,0.3865523739311688,-4.649612086434265,-9.425522266729775,10.487349331344738,16.399309439103178,25.920711297853433,39.5666936163267,41.40594937051817,0.0,0.0,48.357119999999995,-407.9013824313885,-821.7127721176774,-13166.372420228125,0.0,0.0,0.0,11354.851207273878,11947.254257274459,3275.2519387951215,295.28062876193894,357.14159327472663,-123.54887153114191,0.0,0.0,SUBMERGED,UUV
1781496778.0205598,-2.674988680943493,0.36019850471916337,-4.792326668675946,3.6877382808257946,-0.7077011328426056,-1.0895439716344302,10.984190017783284,31.086571591318112,34.21675872093045,0.0,0.0,48.357119999999995,11080.67395113463,9177.390700607484,-6110.67804085462,0.0,0.0,0.0,-6825.998296628854,-3123.5642549683457,-4849.769372517695,445.94288746881483,549.9177513498256,1282.230411489351,0.0,0.0,SUBMERGED,UUV
1781496778.3705277,-2.4762635841947973,0.2860312515538055,-4.782647661321687,-13.347760897560898,9.168198492674577,-17.85756578228,17.848232933153223,38.36563891577657,33.06872546229503,0.0,0.0,48.357119999999995,-9608.330671675196,-5737.718586883253,19305.165383455686,0.0,0.0,0.0,2926.243670308862,-2270.246888466026,-10431.164147438423,-1081.1722864386666,-1019.3334530227226,-1281.3586610751113,0.0,0.0,SUBMERGED,UUV
1781496778.8207152,-2.715294396144234,0.38031470535829215,-4.667404889468402,-15.695022633433775,15.386881174057061,-8.150575665337907,3.890254414810102,29.474025540469583,26.792012671183873,0.0,0.0,48.357119999999995,-70.05846305022271,-4817.815008250596,12295.336284484203,0.0,0.0,0.0,10217.119595329239,13755.566814118854,-2213.307738990239,547.9116961381332,179.56113013939594,-21.019895553454433,0.0,0.0,SUBMERGED,UUV
1781496779.2705357,-2.5674617933033237,0.40337813453765686,-4.728572675518103,-1.8174083659593991,13.882284546324575,14.50061847796253,8.834395909482645,41.62879617858613,22.93020257772119,0.0,0.0,48.357119999999995,11522.911686673004,8245.56922565873,10526.127271534408,0.0,0.0,0.0,-12777.261454085618,-1132.617416250674,65.87637344562609,445.0482807800399,834.8412141281945,-1191.3320421327876,0.0,0.0,SUBMERGED,UUV
1781496779.6705785,-2.633073996312209,0.20264905940472688,-4.917773172580282,-17.073059841850533,10.286637379569388,14.317713063069062,7.638423669079295,46.03159715784345,16.68861378514541,0.0,0.0,48.357119999999995,-10011.728081032123,-828.3694178274732,237.4115663929712,0.0,0.0,0.0,4554.0062020495525,-8056.048234809756,-15198.077840773794,29.829874778449803,87.93561172498613,448.62316225315413,0.0,0.0,SUBMERGED,UUV
1781496780.0705569,-2.7122706792250644,0.3610691432554349,-4.763517841981224,-16.852465612740506,4.617739212602262,-2.363582659807818,4.83574144285004,44.63200343929545,8.627632631429481,0.0,0.0,48.357119999999995,2911.083999779619,-6076.9015449813305,-21834.992907235697,0.0,0.0,0.0,5330.101565814159,14562.239226154692,15635.190923345619,585.5873024248923,-503.03460380007726,457.58641677838676,0.0,0.0,SUBMERGED,UUV
1781496780.4705546,-2.47909360949356,0.33742824981060593,-4.8320003038365265,-5.508915416511648,-16.172607926729086,-18.746435380796356,2.0830862895561877,40.55968328619281,1.314636311067148,0.0,0.0,48.357119999999995,889.5307569575074,10582.762877447567,799.2846584266188,0.0,0.0,0.0,-12632.42879631176,-5473.6623663537375,11731.587201454231,-115.59992005966077,151.63040924863603,-498.29656272307324,0.0,0.0,SUBMERGED,UUV
1781496780.8706448,-2.677476005976916,0.161076989046104,-4.845969097317892,-2.9167479080582632,-16.383249160050042,-6.422853325920055,0.636676317328868,38.216441478850165,-5.619910360808208,0.0,0.0,48.357119999999995,-11351.280715382025,-1443.9995110800896,21695.21477364858,0.0,0.0,0.0,13646.184074831486,-6722.761380145972,-21235.14764261639,-563.0813267896372,-259.26386775042346,-459.4343852908017,0.0,0.0,SUBMERGED,UUV
1781496781.2705479,-2.7107282522184106,0.38229034613469765,-4.924703887717727,15.506466009836846,-3.5431953380801406,12.674660191323701,-4.739243726890258,34.92504674562058,-11.397398735419612,0.0,0.0,48.357119999999995,10006.703393777585,-1513.6501372849702,-8314.959311099547,0.0,0.0,0.0,-4341.7894366618575,12693.337111325167,-2368.5344309775924,559.2493555496377,194.2440607119032,533.8361966257596,0.0,0.0,SUBMERGED,UUV
1781496781.7206426,-2.622366647168925,0.27373388449146796,-5.049050426651976,0.821914582387993,-13.117747466634874,12.91656041386916,-18.904545260505305,33.694172930909914,-17.654016729054067,0.0,0.0,48.357119999999995,-64.60629066953427,8002.689221755442,-2645.9672926843064,0.0,0.0,0.0,-9839.47149239669,-1383.0497403197814,-9005.204205071908,-201.0300599307728,286.12817202765126,536.8434733964597,0.0,0.0,SUBMERGED,UUV
1781496782.070594,-2.7543371550107723,0.18704236783119774,-4.771018507254336,6.769935075819426,16.791650213874775,-0.9332128097873721,-12.342245409254092,28.317853766474126,-20.840113751893217,0.0,0.0,48.357119999999995,-1012.1722507897346,-4148.1028486111645,14267.495282430957,0.0,0.0,0.0,11628.21682165756,-4209.413974125737,-4190.198236388907,228.129708708707,-856.9367366514539,-389.6792696173627,0.0,0.0,SUBMERGED,UUV
1781496782.520619,-2.624784956262287,0.3467194821881496,-4.892109480889338,16.586513620122922,12.345444914796909,-18.46615899946741,-25.33652602497075,37.81592325516432,-27.84226877739582,0.0,0.0,48.357119999999995,12427.271734230517,-2945.010661297739,12573.256895147544,0.0,0.0,0.0,-9468.83775127146,13053.05588184089,-2446.288440594866,759.3791605821051,245.05813528220202,-634.4375820662748,0.0,0.0,SUBMERGED,UUV
1781496782.9205809,-2.6864752267079717,0.20950168731739105,-5.06633560997215,14.782804281700896,15.425114124691563,-4.863842360691174,-28.167077336721164,38.938129140549414,-32.8691130584577,0.0,0.0,48.357119999999995,-4276.386626394306,11418.357377097944,1933.2221233184387,0.0,0.0,0.0,-3432.7615747530867,-7244.431861047387,-17704.836024549157,58.71293898484255,-144.1664111087407,462.51079516155414,0.0,0.0,SUBMERGED,UUV
1781496783.320614,-2.8404047101493544,0.1985681078842305,-4.865832962734528,0.25913092824298456,8.06549089299256,13.738318354855403,-27.25941232676418,38.07921510468478,-34.74071405037694,0.0,0.0,48.357119999999995,-106.48068170511388,-2435.831266189825,-19017.197184840876,0.0,0.0,0.0,10601.545960110449,-6003.496975953039,10542.498948592363,299.02204685477625,-923.7922848614653,294.7829983690926,0.0,0.0,SUBMERGED,UUV
1781496783.7706115,-2.7491418597041535,0.2764799914471156,-5.028803460270078,12.03729682192943,15.727701299332562,11.546529062255782,-12.124589528337575,29.2789336764512,-32.647408015163464,0.0,0.0,48.357119999999995,11751.323205177527,-10239.057654468952,-11032.74292442756,0.0,0.0,0.0,-8409.656604615928,13319.59527751289,709.0629375950323,664.4513503951574,-635.2384391526872,1286.1513086013147,0.0,0.0,SUBMERGED,UUV
1781496784.1205637,-2.66564899570974,0.22602042008737272,-5.006833960322237,-16.84720923973153,-15.657248868900693,-2.2828158845472513,-22.11901904963281,34.93347558496303,-35.48658914333307,0.0,0.0,48.357119999999995,-10811.29964663909,12895.574017912191,22865.411747607373,0.0,0.0,0.0,4676.891719220956,-9690.09491146069,-17644.757316364357,-1057.8312654404785,1004.2887405384415,-1448.4238872379478,0.0,0.0,SUBMERGED,UUV
1781496784.5206313,-2.9207794545962495,0.2011290281185228,-4.9947848595776945,-16.554517003095267,-17.16815383408773,-18.820842653180346,-16.37059676599898,30.776325863350007,-33.68786769134588,0.0,0.0,48.357119999999995,1227.6451866921211,-2248.2156237262775,-1812.837366457173,0.0,0.0,0.0,7631.437201213089,-6205.384404890965,-10316.550543407911,148.23214728314778,-189.68856115481276,335.4580710672466,0.0,0.0,SUBMERGED,UUV
1781496784.9706016,-2.6952691149051917,0.2779623619180184,-5.148015903900829,-10.402699366752211,-9.954788265891292,-4.120738862670229,-11.683558151940531,27.03473040696376,-32.5075276107813,0.0,0.0,48.357119999999995,4848.817168092673,-4461.667691027464,-1348.8869530132288,0.0,0.0,0.0,-14292.654854389479,14264.182845355346,-10789.814097511211,-78.29668812780581,18.650835587107643,-194.1394066197838,0.0,0.0,SUBMERGED,UUV
1781496785.4206767,-2.7525334379571498,0.28461911842249893,-5.17963960136063,-13.09361714538436,-14.937470422717167,17.18840861898152,-25.04897973856509,38.689054123360464,-34.789469325577,0.0,0.0,48.357119999999995,-7081.952940674154,5171.224383671406,114.56165197715377,0.0,0.0,0.0,122.13313737331737,2311.785297553967,-14526.296774682702,-11.485794971274917,-71.3433627038215,573.5736300852866,0.0,0.0,SUBMERGED,UUV
1781496785.7705472,-2.832531218561629,0.1753620797829291,-4.8813677884753925,-12.795490441426843,-9.178189615449252,12.806453532580006,-13.948109598786004,32.80371610894422,-30.074879797343698,0.0,0.0,48.357119999999995,4137.746874905184,-1475.523475174563,5300.831567525707,0.0,0.0,0.0,4049.2098567265884,-7692.9941475216565,6048.4137624738005,380.90282390634707,-408.4602028823034,-537.3908622659867,0.0,0.0,SUBMERGED,UUV
1781496786.220565,-2.6344584717444497,0.2695502781099149,-5.0618263680020466,-10.364447403832003,-3.7185935585136294,-4.457099507309601,-21.103234174609295,39.15604471972743,-26.372836243707052,0.0,0.0,48.357119999999995,3502.8009589262306,-10236.421175740392,1115.6891783286287,0.0,0.0,0.0,-13961.707413069282,13655.44064159535,11143.11303390708,-60.158449979259146,-19.482916647479755,49.09802553418625,0.0,0.0,SUBMERGED,UUV
1781496786.6205516,-2.766201958878372,0.33349466304566044,-5.114954751501932,-9.82549126884784,-0.019550981637912246,-18.020967029094752,-16.904933849275363,38.39466748696642,-20.58300522242103,0.0,0.0,48.357119999999995,-12784.470610828776,7068.0228462532095,21605.61558285213,0.0,0.0,0.0,10783.844725482122,282.87107724127463,-21919.100130813466,-702.7376272275433,452.6228689139336,-780.3957377718807,0.0,0.0,SUBMERGED,UUV
1781496787.020568,-2.9047746980434677,0.173036432945575,-5.110337702464685,7.538048183065584,16.32058177762915,-5.001406671477782,-11.050123110650523,34.419788863029744,-13.225748036232321,0.0,0.0,48.357119999999995,7632.22844697141,-612.9682771977507,-9580.64082397074,0.0,0.0,0.0,-554.0980097297233,-8569.11161907341,-1253.8149456176825,633.1334604044833,-471.37261262391786,662.8953024668934,0.0,0.0,SUBMERGED,UUV
1781496787.4205897,-2.6526909834384647,0.33943265156829094,-5.109746750067973,10.701646145873868,16.106510809060897,16.554719920880547,-4.482411182792781,31.248745120813613,-6.187022121215458,0.0,0.0,48.357119999999995,-628.585395366854,-7836.785829895115,-5180.2884885272715,0.0,0.0,0.0,-8483.443435923891,15550.979900666287,20466.52700465168,102.76784798086234,-119.48574208594886,115.73560602340075,0.0,0.0,SUBMERGED,UUV
1781496787.820747,-2.858960939545169,0.34999652888216404,-5.028552941254098,7.408205092635264,15.348086544782108,15.383094499585095,0.9667377002306154,31.384997168655726,0.17566126798440046,0.0,0.0,48.357119999999995,-2565.163624739768,10189.566339942183,15441.101861162533,0.0,0.0,0.0,12797.438026698816,-3969.9625514549043,-5637.564930529361,19.18247393579543,1009.0419389981765,-797.6658715949416,0.0,0.0,SUBMERGED,UUV
1781496788.270522,-2.804892131998898,0.1707420232846048,-5.065838154302436,14.579636277855096,7.755269163854285,-7.188583251285835,11.559238749976892,40.15780316898675,7.204931156635571,0.0,0.0,48.357119999999995,9333.602044676622,558.4816282964638,7568.718227927782,0.0,0.0,0.0,-2859.3027234389274,-11598.02676063861,3239.282769332724,568.8609507418544,-404.3702947116384,-533.7692316006464,0.0,0.0,SUBMERGED,UUV
1781496788.6705873,-2.8168010174555116,0.3731257390275543,-5.296592746315509,16.12493829242664,4.772805245361535,-16.93465250200295,13.685244189126541,41.48669266784601,13.9537676872798,0.0,0.0,48.357119999999995,-3165.034968852724,-9903.202573292876,1525.0747420514274,0.0,0.0,0.0,-4828.556921332018,14350.708326613147,-17420.41294795693,55.592788460230366,2.4623913843950653,90.19985032853467,0.0,0.0,SUBMERGED,UUV
1781496789.0706217,-2.961257614260816,0.3586869251546702,-5.121966121636993,8.517543684430589,-16.00954530352087,-3.1025533684678606,13.842854423067658,41.72974828481996,20.01454687700513,0.0,0.0,48.357119999999995,-619.1603491712577,7312.331633298407,-19559.87293121548,0.0,0.0,0.0,11604.628981595073,45.92065092364737,11155.454506070204,153.6256811464408,1133.4419982612867,649.0124255468963,0.0,0.0,SUBMERGED,UUV
1781496789.470611,-2.710264292697566,0.2252706712214353,-5.1836986060691705,7.282172183670278,-17.369635431217446,17.670135666328985,13.911395232234991,41.89601212747229,24.790654147048183,0.0,0.0,48.357119999999995,10024.558165761324,40.31894668680593,37.56840434229879,0.0,0.0,0.0,-14140.176121236447,-11080.949032985802,14042.7372441471,-1.3962870965586005,-15.12045893699807,64.51841318752692,0.0,0.0,SUBMERGED,UUV
1781496789.870596,-2.8132209532503403,0.3920231142916447,-5.239703252864658,-10.980533325843847,-3.321291576423409,11.43126368897058,12.5736490409212,37.86536525500551,28.680189983625898,0.0,0.0,48.357119999999995,-9693.255846494645,-10450.30513888923,22853.183752229826,0.0,0.0,0.0,2924.07851305749,14235.11909758734,-17845.17351535819,-980.21309186596,-693.6312315699124,-1079.261585574107,0.0,0.0,SUBMERGED,UUV
1781496790.2706287,-3.020838088490253,0.317183660864067,-5.2404228204585355,-14.765198111997947,2.9992463053878455,-7.587979017942221,11.340444604078721,33.835414795119746,31.048799002552496,0.0,0.0,48.357119999999995,655.2673471189232,6743.059313936533,-1845.6347906492433,0.0,0.0,0.0,8540.570345528777,346.4619959395018,-10131.937349674157,129.14198866059394,225.13371087835398,525.8962210794467,0.0,0.0,SUBMERGED,UUV
1781496790.7205913,-2.830544417516644,0.273060718337868,-5.387841446937879,-0.03273870151911784,-8.676670494116307,-16.02163124546561,12.617049779396568,27.682280124690635,33.640711728046846,0.0,0.0,48.357119999999995,7038.395872747448,283.40437908130053,-1199.241912978676,0.0,0.0,0.0,-14522.756374713828,-11198.653388223853,-11130.833292619362,-21.727979439518066,-81.3343826992622,-92.69726651046801,0.0,0.0,SUBMERGED,UUV
1781496791.120647,-2.87019006699187,0.3759237708640166,-5.2628429185082855,-16.56215268837937,11.815700716818785,-1.5817840955326283,16.008893568942284,28.122680654632457,36.08339355767871,0.0,0.0,48.357119999999995,-11355.224712866248,-12539.378545871645,-21654.9819940881,0.0,0.0,0.0,6448.509804634763,13283.101936532448,22433.85050930795,-788.9579326491173,-691.2368349272208,1073.9149049225439,0.0,0.0,SUBMERGED,UUV
1781496791.5206175,-2.967583647039712,0.356740877397799,-5.110580269172951,-17.146367782406834,16.079623027555062,18.66993507450044,19.476997466073353,30.786718841883467,37.906323132230526,0.0,0.0,48.357119999999995,2314.3976696177683,5641.652521877018,4833.700236875872,0.0,0.0,0.0,6377.700565584431,2142.3733659120844,6519.050663292218,319.55977331792496,443.3942018191577,-694.5482373978709,0.0,0.0,SUBMERGED,UUV
1781496791.9206018,-2.8469588146753773,0.29745523754938913,-5.456772280661928,-4.579839081321877,7.54630696909235,10.451312439294357,21.35469281830775,33.97361495892961,39.49982677620942,0.0,0.0,48.357119999999995,1562.7066573610757,234.7731149099391,12443.828143440494,0.0,0.0,0.0,-12517.567890151342,-10736.88940743462,-23161.736646275695,120.19371623013603,87.46249765259847,-49.10831914690213,0.0,0.0,SUBMERGED,UUV
1781496792.3206458,-3.009538988762416,0.3549717676675904,-5.30169164657169,-1.2701391109506333,2.3058677878098326,-8.116176954966818,23.511264353159337,36.03811055682604,39.75348843740824,0.0,0.0,48.357119999999995,-9348.102352870657,-8304.481402894029,-16590.128067231653,0.0,0.0,0.0,14121.894140903642,14331.615027232565,7449.820335751579,-610.4547580050371,-535.2018157863517,818.4177414056553,0.0,0.0,SUBMERGED,UUV
1781496792.7206051,-2.921158840149345,0.3606492133109287,-5.201798331538817,16.424213841199066,-16.728008560907348,-17.474545734333557,23.67335038407296,37.705529445191,38.72356935208955,0.0,0.0,48.357119999999995,10151.710813559348,9426.323685076048,-131.53750048368457,0.0,0.0,0.0,-4605.923473354137,-3419.416779563388,14678.887403698212,-63.69125099515028,-1.6479144438018452,-835.7591359675296,0.0,0.0,SUBMERGED,UUV
1781496793.1706233,-2.7449484376074684,0.27446989093576313,-5.345616261374557,2.6321732615631186,-5.911925350490767,-0.9936369802620637,12.118199068654885,31.34799550208856,31.899068544838983,0.0,0.0,48.357119999999995,-399.1375121094604,33.265830107291485,-448.551089914487,0.0,0.0,0.0,-9130.281260346612,-10866.458892365183,15889.656869495771,48.970920451464615,49.634571795830595,-38.454204769909865,0.0,0.0,SUBMERGED,UUV
1781496793.570596,-3.0083151308259763,0.32048857119039664,-5.294691018127236,5.58185896152041,-12.164023405236149,18.59692076234545,7.3708102724446265,30.012017621767846,28.73645714580338,0.0,0.0,48.357119999999995,-4438.073308721863,-10388.236720752013,21467.40615067472,0.0,0.0,0.0,13821.69826377187,14155.590214426651,-14579.644452931421,-229.45222080174221,-721.7441160268684,-589.9795764094386,0.0,0.0,SUBMERGED,UUV
1781496793.970529,-3.0382760073987174,0.3538683290761378,-5.460771714738249,16.282251616000195,-11.736212536371402,9.96579388040616,2.2493942391035375,27.085548377915604,23.994159315595198,0.0,0.0,48.357119999999995,11601.182156843814,6972.448553988561,-848.8746196225864,0.0,0.0,0.0,-8880.062356361395,-31.78085299560189,-11470.478356280926,87.63915750374497,168.37014262242218,902.9054024965724,0.0,0.0,SUBMERGED,UUV
1781496794.3706443,-2.848797115555713,0.20782316951107244,-5.3754259244471525,15.974868072322014,-7.280910406492556,-8.806720378023495,-1.7988719717099282,28.314828092543937,18.99167637136476,0.0,0.0,48.357119999999995,-8480.957965053962,-822.3841419946245,-14091.523046328171,0.0,0.0,0.0,1818.3395739185967,-8025.300596399835,23044.72316080865,-113.14471806200716,78.29143362242883,69.1825196548362,0.0,0.0,SUBMERGED,UUV
1781496794.7705944,-3.0473903506604656,0.3680489106088466,-5.285907174001203,2.2864644348370486,13.631804084997073,-17.022417214276636,-4.734761623615287,33.17649060885918,13.913765347811925,0.0,0.0,48.357119999999995,1023.6188291872068,-4252.145773664625,8670.078146921407,0.0,0.0,0.0,8151.737849811834,13695.662528182456,2034.9271693160035,505.0628251520485,143.66891459309602,-60.81379820533577,0.0,0.0,SUBMERGED,UUV
1781496795.2205951,-2.875998420521068,0.37944585285091176,-5.392905344558848,13.048693864840033,1.2724024445671454,-0.013240536781542682,2.037624836418942,42.07379201807883,6.396102782542284,0.0,0.0,48.357119999999995,9054.134688760896,5006.9179131150995,2823.579190539636,0.0,0.0,0.0,-14041.74958496461,2917.6320882614796,8694.166371530971,-10.60062194840521,324.54704541178387,-421.5943209461602,0.0,0.0,SUBMERGED,UUV
1781496795.5706122,-3.0117254286611863,0.15273038760473454,-5.482695593768031,-16.67100583339399,6.75188543910829,17.385801511807042,-10.426549404847194,38.324393555776275,-0.11451204839968736,0.0,0.0,48.357119999999995,-12159.745337861672,-1415.1081498716728,-14139.512965291422,0.0,0.0,0.0,10226.936382044585,-7391.392943689081,4084.9916207518736,-763.046471761316,-772.7953690076299,923.8467871669961,0.0,0.0,SUBMERGED,UUV
1781496796.0205548,-3.1072627323099167,0.3152908690846462,-5.461402506263777,-3.54310309800806,14.201656681502795,8.507305910216347,-1.3726375447186105,37.60368017496184,-7.060001929561255,0.0,0.0,48.357119999999995,3531.111453127019,-9260.580344265642,-12578.509721126327,0.0,0.0,0.0,4663.935131352406,13902.403838343014,2314.6283759868943,638.9710553590904,-586.1418052398175,820.2168008136124,0.0,0.0,SUBMERGED,UUV
1781496796.421514,-2.8374140935221708,0.2848233477197224,-5.481136535295363,-3.5522117158624154,14.056587937914525,-5.4130284648598535,-3.5384772854448565,34.59835629581057,-12.871715116257912,0.0,0.0,48.357119999999995,682.440192550804,8606.40623296082,-2191.295165064519,0.0,0.0,0.0,-12264.56257240704,-2139.786819641368,18122.394786290544,55.13280663401925,-142.4258873640332,-266.92323500356,0.0,0.0,SUBMERGED,UUV
1781496796.8206031,-3.0398665026463045,0.12441650436470097,-5.435235028208557,-15.365843920922101,-9.580192489994387,-15.877311321175812,-5.111215732814729,30.20794347597557,-17.7268463092868,0.0,0.0,48.357119999999995,-10833.03982579131,-460.3506631933473,18161.357856509607,0.0,0.0,0.0,13723.173224639571,-8341.543939687579,-9489.115350260972,-637.9621890036274,-617.7910835692865,-566.2964830856191,0.0,0.0,SUBMERGED,UUV
1781496797.2706366,-3.0634930553679727,0.2622366900295304,-5.388148148033849,-12.32783262469863,2.311447130529486,2.4614263384724726,-20.060923096565972,30.641745033297845,-23.285980292479277,0.0,0.0,48.357119999999995,3848.274693557266,-12434.474955777114,10241.216707938016,0.0,0.0,0.0,4506.915475525883,10016.231378888058,448.2382038078583,572.0318133070147,-779.6354291933781,-1194.161156628852,0.0,0.0,SUBMERGED,UUV
1781496797.670582,-2.9869582117373965,0.2418978855313808,-5.701407107449975,-13.200665919477114,-16.780454658289262,18.914331031183742,-24.080826012171798,33.14391123280514,-28.231129052958554,0.0,0.0,48.357119999999995,-52.00690575625112,5761.756043170131,203.98200597662893,0.0,0.0,0.0,-9865.838182523736,1559.7150123174779,-15062.862034549726,-14.978684339983062,-43.35077918860268,299.0978629072318,0.0,0.0,SUBMERGED,UUV
1781496798.0206726,-3.1336207390150443,0.17429364419420185,-5.399579671684939,-0.4375473799678302,-9.73975869332973,12.576563789475363,-15.194386650372303,25.007707107769015,-29.354504004275917,0.0,0.0,48.357119999999995,-721.7020016229827,-1803.560372667748,4994.1428397675745,0.0,0.0,0.0,11793.501133923039,-7172.7982938545965,6269.227067034943,223.76815089746614,-369.93191143505123,-136.08675105685245,0.0,0.0,SUBMERGED,UUV
1781496798.470595,-2.973345696309923,0.29849185641787385,-5.5157743926130625,8.436409213652828,-0.8600511216822498,-11.668306859515305,-26.838617626919234,34.481370154761464,-34.82313727081963,0.0,0.0,48.357119999999995,12170.909172581294,-5851.6373424413905,4298.646464620542,0.0,0.0,0.0,-10325.20448464903,14213.0191035977,6806.398506412525,352.5627633369761,112.08140821176752,-475.07180540417636,0.0,0.0,SUBMERGED,UUV
1781496798.8706322,-3.0636333772661968,0.18591664422944765,-5.680413346654945,11.142510415364844,2.4960158884179258,-14.963391251907801,-26.68675859211256,36.502694409907285,-37.86746880467382,0.0,0.0,48.357119999999995,-4981.423052467923,10615.683829043115,13612.896063504846,0.0,0.0,0.0,-2615.262851333551,-4835.925086780375,-22962.77077011935,-27.757957105717495,100.23166190005621,-103.49662034579379,0.0,0.0,SUBMERGED,UUV
1781496799.2705882,-3.219047432984778,0.18094951628328018,-5.5411990573468755,13.323857625392117,15.79456370275903,-0.4607917375782239,-24.211480149502428,34.09688878085806,-37.44653794513168,0.0,0.0,48.357119999999995,770.4650551886269,-2803.1422746136222,-16031.722239348343,0.0,0.0,0.0,8270.844630207273,-5548.251810959364,6272.344996046104,626.8751379376541,-856.9500336817051,461.11398224332765,0.0,0.0,SUBMERGED,UUV
1781496799.7205656,-3.0794781568563288,0.24941569723371465,-5.69671724193643,15.678327702864436,13.602695615464384,18.844400122325514,-9.345325967395688,22.920565561155414,-33.32555505406162,0.0,0.0,48.357119999999995,11259.790016250347,-9464.289540234367,-8318.661682595479,0.0,0.0,0.0,-12322.948726457533,13688.195030605604,-2193.7114057535264,439.87125037097485,-451.894998835356,991.0837184147481,0.0,0.0,SUBMERGED,UUV
1781496800.120548,-3.0035561070433454,0.2157562017097701,-5.56119524235296,16.098115680483506,15.708822321065558,6.473955276030571,-8.666002118184466,22.861727781925033,-32.91268594324237,0.0,0.0,48.357119999999995,-8211.603768300462,8806.694446911326,-5686.942990478035,0.0,0.0,0.0,1483.1542210868124,-2358.6218130412776,20509.213199610123,119.91346333231081,-194.32142460945377,-387.9783713211991,0.0,0.0,SUBMERGED,UUV
1781496800.5205426,-3.2235150823542824,0.16792878865748817,-5.557144498657911,7.786331547952306,6.210152919488214,-11.539390301140292,-7.727769075313847,23.91006558972832,-31.7414729295538,0.0,0.0,48.357119999999995,2681.3611122798065,-1866.3307303459553,20660.1333089615,0.0,0.0,0.0,5463.657704806208,-6363.792920405913,-13499.018348939448,635.6417751854984,-855.0106822053737,-453.7011585094468,0.0,0.0,SUBMERGED,UUV
1781496800.9205997,-3.0230931988638776,0.2747733252059986,-5.805394198920932,6.81809260574096,3.220821332671983,-14.745205744403634,-8.41075626243819,26.3155574913142,-29.55114956299588,0.0,0.0,48.357119999999995,985.9001617811524,-3887.6806236149505,-400.0285580804551,0.0,0.0,0.0,-12147.87166925063,14109.205913666068,-12807.383432487284,-185.86076715773763,154.53802305241973,-96.16303385807582,0.0,0.0,SUBMERGED,UUV
1781496801.3705618,-3.1670897369615942,0.2895848467471779,-5.7715911786825504,16.595912417710927,13.762175234882614,-1.4719464239677935,-21.032391443725057,37.35215037753393,-28.357367893111107,0.0,0.0,48.357119999999995,-11847.286092735323,8264.156235673117,-247.1814795136469,0.0,0.0,0.0,10005.585376043982,-1855.8897224380357,-12891.824688277611,-81.79917877469897,10.776709319998972,819.6816018536574,0.0,0.0,SUBMERGED,UUV
1781496801.7705612,-3.202562791207962,0.14427535550056567,-5.620073975149139,3.395321052886931,-7.6026244017387175,18.523596316248266,-17.766215818407538,37.74269489581539,-23.14846220071874,0.0,0.0,48.357119999999995,6256.027121010363,-401.03006707041504,-22228.791989571062,0.0,0.0,0.0,1205.8027234816693,-8753.190811142264,19704.856200553382,681.204434048271,-231.20530461365843,374.5867649751193,0.0,0.0,SUBMERGED,UUV
1781496802.170568,-2.9675733996326272,0.3292160932161738,-5.732688994937753,5.146356390665005,-7.420071734596259,10.084027523588459,-14.33476136914173,34.36663608186755,-15.520942817271765,0.0,0.0,48.357119999999995,-1316.7594238694448,-2573.1196660571545,6909.963110741615,0.0,0.0,0.0,-7813.947488479975,13018.496623618408,3996.2417557885374,-377.84945194059577,199.1571200101951,-37.03343103036272,0.0,0.0,SUBMERGED,UUV
1781496802.6205356,-3.1342752628406734,0.33950850582242614,-5.609837529380702,-1.5691671137211145,-16.85040508357698,-15.482960093222008,2.649693663923667,26.421997003950533,-7.6120792208440395,0.0,0.0,48.357119999999995,-8373.643412756415,6390.899347907674,1805.406723376592,0.0,0.0,0.0,14195.263958485017,1045.2101088509075,10078.882646526625,-10.35569569145699,187.4229108885022,-394.85196562493223,0.0,0.0,SUBMERGED,UUV
1781496802.9705508,-3.174857129368676,0.16128885255282238,-5.810046819051481,-16.618757160553468,-7.021702895188319,-13.618698392500958,-3.695412166950818,29.99103299883219,-1.9088873297882043,0.0,0.0,48.357119999999995,11877.720692849814,-2322.8121751070175,-12206.02618022948,0.0,0.0,0.0,-10830.282755609913,-6125.8441089709795,1788.6103123891353,702.2049201724849,-661.2936077536577,958.7136017699675,0.0,0.0,SUBMERGED,UUV
1781496803.4205601,-3.106956706707844,0.33797012583770275,-5.902040620782482,-16.687375736362384,-1.6702288722354421,4.12074696898196,10.87136976872364,33.4878443175499,5.027321354131397,0.0,0.0,48.357119999999995,-1797.3425383668557,-10178.540040849193,-4999.233368468998,0.0,0.0,0.0,-6838.76687598549,13383.598790674047,-6149.639974608295,-363.29068342063346,-272.8939079779771,603.8138051108084,0.0,0.0,SUBMERGED,UUV
1781496803.7705417,-3.242743525131883,0.2914225878096889,-5.6839366005851995,-5.736452469689796,17.098069915090914,18.634771314420874,6.695418830677098,26.71635316150239,9.747515525981347,0.0,0.0,48.357119999999995,367.3574385124517,12418.977427229205,17871.903055503382,0.0,0.0,0.0,8552.366816863592,-8527.308115433512,-8827.746400750242,472.82775416552363,1122.6748321751475,-976.1010212886182,0.0,0.0,SUBMERGED,UUV
1781496804.2206557,-3.088003608653893,0.18589955304479233,-5.808289574444205,-2.8224914365960423,16.10774499776566,5.287529996515125,14.980352211783613,36.745471972943456,16.81041072153337,0.0,0.0,48.357119999999995,9592.449347421663,-1177.3379733796353,16312.897124146299,0.0,0.0,0.0,-14136.556478225744,-7530.765199726338,-6957.613762313231,427.95644359375416,-893.2477302120594,-539.7981667906195,0.0,0.0,SUBMERGED,UUV
1781496804.670604,-3.045225463575714,0.3453821319239906,-5.8118230601442695,-14.334082255478025,14.781338983777411,-17.51051060767908,5.17774013102935,33.71593969273235,21.515923557778432,0.0,0.0,48.357119999999995,-4401.268032286488,-12048.248088492415,8338.611972393279,0.0,0.0,0.0,-3850.6714106110144,11681.007191770856,2459.7219359514474,-578.9945810293426,-563.1699623819944,-1087.919349467967,0.0,0.0,SUBMERGED,UUV
1781496805.0705516,-3.3521956416528655,0.3217657543963386,-5.862785635676478,-11.408813258696366,16.289598302966816,-10.473673383240984,3.3539049597351975,29.38521492680972,25.293437052372454,0.0,0.0,48.357119999999995,170.298266970081,7001.013070241378,809.9070091660074,0.0,0.0,0.0,9411.381416420416,-101.29220838038145,-16357.862057067647,-91.12631003487996,-86.99522209423458,322.7128894696066,0.0,0.0,SUBMERGED,UUV
1781496805.4205391,-3.015165618268931,0.2573758588824796,-5.8597817222114115,16.822698537151442,-9.606642185133325,4.598135604393092,13.33021971161625,34.9373785579988,29.35900112018734,0.0,0.0,48.357119999999995,464.5980676767194,-2689.140894396559,3549.1916985272023,0.0,0.0,0.0,-11880.4353232155,-5950.1916546179855,7949.724865196978,-216.8099539450608,-322.2518864432805,-207.8779326164313,0.0,0.0,SUBMERGED,UUV
1781496805.870552,-3.210285520111667,0.4083448136406022,-5.774173728075889,8.06108095704953,2.954612042931577,17.465946507600744,6.4636190081233185,24.997495845224748,31.301343291620764,0.0,0.0,48.357119999999995,-11989.790190742042,-4022.6157386658247,2800.8216667258616,0.0,0.0,0.0,11226.709095560782,13925.276238686689,8685.908086293286,-192.12976502891115,74.28551309132052,-323.775611799328,0.0,0.0,SUBMERGED,UUV
1781496806.2705593,-3.3134033470483906,0.30056591237795166,-5.879155531651283,14.576625548501031,-16.397091169420584,4.019780674373078,8.635550069500107,22.451039373756952,32.80924031824508,0.0,0.0,48.357119999999995,5708.244875678316,11987.569024930746,17174.738474510574,0.0,0.0,0.0,1765.5676405493132,-7394.898924234498,-23276.47887858891,-50.99518353081963,494.6092104586749,-377.77422134325803,0.0,0.0,SUBMERGED,UUV
1781496806.6706376,-3.1301051465315215,0.28494195272463524,-6.023609713777316,13.781200170735872,-16.815975171645878,-17.04615274112401,11.24367847382473,24.40539399291564,34.140832874309986,0.0,0.0,48.357119999999995,-46.02555587632317,-1641.9753348557103,-7371.543937307463,0.0,0.0,0.0,-9968.61442834439,-7035.2276694047705,-3653.0293609276237,-331.5974449136555,-465.40436339200403,223.0052716014316,0.0,0.0,SUBMERGED,UUV
1781496807.1205559,-3.3397587390685275,0.3552255925346925,-5.9450159111370935,15.697530730444628,-13.260533524060113,-9.647292938159419,22.598533037114773,35.504164914880604,38.09049867591793,0.0,0.0,48.357119999999995,-10641.971752763418,-7696.487345087426,-6354.053129993398,0.0,0.0,0.0,13065.29040061935,14324.26462986363,-4408.310130241677,-392.1448942568056,-70.0422050324509,587.5906856296134,0.0,0.0,SUBMERGED,UUV
1781496807.4705346,-3.228424508422986,0.3096719904992534,-5.890613895340753,-5.735162956440502,4.0050331530044065,5.653546573624307,15.889911324977394,29.841317078540317,35.421215953579,0.0,0.0,48.357119999999995,12600.169404128173,12802.006031957435,19529.1826078321,0.0,0.0,0.0,-10020.671844454942,-11594.981641361308,-11006.71391457554,857.4925376467496,1070.9940223329768,-1527.3545833136222,0.0,0.0,SUBMERGED,UUV
1781496807.9205446,-3.1131602074496576,0.2632945986821561,-6.003886271150541,8.354016206667193,-8.03363098055939,17.09706970024039,18.461893836450656,34.07602771684983,34.300871976783654,0.0,0.0,48.357119999999995,-1162.359480274878,-1012.9709462532684,12675.210629407222,0.0,0.0,0.0,-7814.001524260421,-8027.447220256594,-2382.9297111021615,-635.8486043269373,-669.6106693054783,-347.48619295807015,0.0,0.0,SUBMERGED,UUV
1781496808.370528,-3.3054321146923935,0.3153432498364454,-5.874496149207113,4.913495323563694,-2.396446018435615,1.968795802480467,4.978549491126812,25.75449671467238,29.818903107314245,0.0,0.0,48.357119999999995,-6162.245691274322,-9398.125272217121,11587.25948170745,0.0,0.0,0.0,14055.57551834029,13992.866809894691,-1394.5223278268259,-109.12095108692657,-431.3382600960606,-461.14394649951066,0.0,0.0,SUBMERGED,UUV
1781496808.7705793,-3.325812953730374,0.32160594203607196,-6.079273466755324,2.9435699144635956,2.8440986772671777,-17.706234336660852,-0.0025590117776395707,25.358146881165933,26.965390558640134,0.0,0.0,48.357119999999995,11916.280956937062,9717.541230210343,31.129431212820506,0.0,0.0,0.0,-10317.309851255746,-4213.991968583396,-14241.229831637991,-39.341805264543005,24.182126349339292,744.0811149518495,0.0,0.0,SUBMERGED,UUV
1781496809.170539,-3.1747515708061913,0.20372189517874628,-6.05306122653144,-15.229953708771584,16.068632717571933,-10.713723052437588,-0.5375883153939377,27.039224709471068,22.920529353400212,0.0,0.0,48.357119999999995,-6271.053653395393,-1456.6788195278457,-22331.753870067394,0.0,0.0,0.0,-1178.3670835169705,-7130.934511146392,17338.061791275766,-875.5052942503733,-572.2660058062687,581.3276671500371,0.0,0.0,SUBMERGED,UUV
1781496809.5705328,-3.365407346755721,0.34805541479532,-5.874109062569423,-15.982893738342488,14.26343167483416,8.367528153832549,-2.1240282462278524,32.01375471896021,18.489466650529803,0.0,0.0,48.357119999999995,92.01008990301966,-4309.754820581569,1349.5663175947534,0.0,0.0,0.0,10213.802768674534,14360.58587213649,10923.612091372079,132.55636255784,73.64358596939677,113.55500607673235,0.0,0.0,SUBMERGED,UUV
1781496810.0205636,-3.2147146247494054,0.36885540988213,-5.980623793661111,-1.4247820243183533,16.382831111707127,15.277794115650586,7.992712097569533,40.85440713199142,12.56231191236895,0.0,0.0,48.357119999999995,11456.906900394155,4962.807916348374,-249.12995879721564,0.0,0.0,0.0,-12943.524681788778,2729.2408246026926,15129.619388272631,-53.049221177108535,182.24021251768443,-413.72374902598705,0.0,0.0,SUBMERGED,UUV
1781496810.4205623,-3.259219432165707,0.1382667404910053,-6.11241655602399,-16.816396165500585,6.317531459140886,0.8329244114058091,5.1480830287064485,38.38590545992284,5.140379265808343,0.0,0.0,48.357119999999995,-11131.776295892056,-327.8732460051133,21416.77861313139,0.0,0.0,0.0,5375.6460196130865,-8465.974683341581,-21561.094286140502,-716.1331220215066,-128.276473849539,-517.7367454197797,0.0,0.0,SUBMERGED,UUV
1781496810.820547,-3.4504428371925973,0.3112335457420911,-6.094927127807063,-16.928701108328696,2.1048404300200696,-18.565470774951017,1.170379754184077,34.32842737682414,-1.1589181910058777,0.0,0.0,48.357119999999995,1652.0587070427398,-8437.37222045441,-3666.882875387931,0.0,0.0,0.0,7056.8293729114675,14234.166356600494,-7744.140672238932,208.260454833585,-96.56726092519239,285.04273611793207,0.0,0.0,SUBMERGED,UUV
1781496811.270523,-3.2842047555509035,0.2873688529719607,-6.244479474605325,-9.084818026879732,10.896044830990204,-6.029567231225581,-12.157368035342875,29.866911610401615,-8.115609113154417,0.0,0.0,48.357119999999995,7516.456930126452,2866.581572365532,-256.3884516611436,0.0,0.0,0.0,-14582.449621221193,5277.497391770323,-13034.449695595647,-33.05443027131425,90.51653818952015,148.19582820857664,0.0,0.0,SUBMERGED,UUV
1781496811.7205718,-3.343434403219493,0.11668542048052798,-6.221924063499075,-12.277359819415429,7.635197455234762,14.910589877715712,-17.884260874733826,40.614567926988464,-16.68329391485963,0.0,0.0,48.357119999999995,-7610.653083250971,4040.883929371382,-27.584824862609462,0.0,0.0,0.0,795.2836498404722,-14191.597054143436,-13965.051696184039,-25.257362937669143,-25.80978728233806,251.01616932835134,0.0,0.0,SUBMERGED,UUV
1781496812.07053,-3.3561915734144017,0.28384112484353613,-6.013708923093675,-13.179621381385294,-12.760563271637512,13.805827738310208,-19.946452171625598,33.28883224295322,-19.625866259717768,0.0,0.0,48.357119999999995,4455.871376641754,-10657.533790745505,6552.030833491004,0.0,0.0,0.0,3699.3945410821393,13497.38160507828,4443.001198463504,455.0771892596158,-327.91878978858904,-789.7334640847614,0.0,0.0,SUBMERGED,UUV
1781496812.5205412,-3.180404875893617,0.286166892686549,-6.160269918338328,-10.142759123797399,-16.335689289070743,-3.5256577289082744,-16.3512087370997,38.598564317792004,-26.113551216979584,0.0,0.0,48.357119999999995,3723.5359505827605,1460.2648693371548,1578.9188305179111,0.0,0.0,0.0,-14078.966371835806,7576.433252129815,10498.170055856453,-92.45396576904531,190.367124488826,-35.73051254673902,0.0,0.0,SUBMERGED,UUV
1781496812.920646,-3.3780727944808344,0.1151879435549168,-6.178716445943454,-8.962154177780805,-16.831828441941557,-18.365252908157082,-14.949175144880261,36.016383221244816,-29.757685677224007,0.0,0.0,48.357119999999995,-12786.072582813296,4315.214023309144,21206.248211994694,0.0,0.0,0.0,9748.454504464426,-13966.296985636422,-22765.782844763613,-593.4423234098075,271.5961182645594,-568.8338792500188,0.0,0.0,SUBMERGED,UUV
1781496813.3205779,-3.470503557489071,0.23539411115262676,-6.207582607871319,9.730811723435423,-2.0427230290244864,-5.712516599252195,-13.071574193632335,31.017521283109275,-31.39728601776908,0.0,0.0,48.357119999999995,6294.902405304377,-11791.683149948398,-10426.460604851149,0.0,0.0,0.0,1331.4528525313315,10251.906543783865,-195.62225623642348,623.1982936042658,-765.8549850794735,1284.1789757059041,0.0,0.0,SUBMERGED,UUV
1781496813.7205951,-3.1984571736252394,0.21792401234200492,-6.199795493505405,13.321659812430314,3.2412235148681465,15.608740716885974,-11.579227634118439,28.70224221347124,-33.32681843146763,0.0,0.0,48.357119999999995,-60.41978363314799,3893.9612748449845,-3383.9192694993,0.0,0.0,0.0,-10054.947936677054,3996.5141959071493,18948.618865481872,99.33128024010443,-155.06027964292312,-175.87582105977157,0.0,0.0,SUBMERGED,UUV
1781496814.1209414,-3.4706756095787776,0.11384938306847388,-6.122800047458242,12.140651627916567,2.5801325217063504,16.165354622163647,-11.159197789991035,27.039616401932903,-35.6986030443093,0.0,0.0,48.357119999999995,-6502.527102879339,395.19420429700466,16973.14131275822,0.0,0.0,0.0,14190.473245923004,-10751.31840176268,-7956.462937623193,-255.32979637212853,-371.677652029778,-105.94998519288046,0.0,0.0,SUBMERGED,UUV
1781496814.5705569,-3.430467919002175,0.190846469938612,-6.100036821414298,16.37118803068261,13.254771154574168,-5.731100368879353,-23.497776412293046,30.834952802920817,-38.64727603197276,0.0,0.0,48.357119999999995,6633.058932953693,-10268.182594885771,9107.890859810657,0.0,0.0,0.0,924.652421437489,4358.526191604451,1748.1113023467742,564.3656579866044,-759.377848716357,-1276.543401811948,0.0,0.0,SUBMERGED,UUV
1781496814.97062,-3.3688556786502883,0.21485265705310397,-6.421104560595659,17.03720405296225,16.609078955795194,-17.72738074176251,-25.0987571423562,33.886482092986995,-40.28042777610494,0.0,0.0,48.357119999999995,-55.670135251871905,887.350742420069,4646.610441225406,0.0,0.0,0.0,-9661.58400719767,7737.198701014862,-19973.45922451002,86.95605019379771,-128.34961049957204,57.98405038362963,0.0,0.0,SUBMERGED,UUV
1781496815.320533,-3.5094200054168554,0.14390741666663123,-6.0941881095760495,-11.027425641885815,-8.395113061043313,-6.396090925243785,-16.132203990393254,28.693984644095533,-38.102849767377215,0.0,0.0,48.357119999999995,4.650718707923381,-213.09612728721427,4212.446912171295,0.0,0.0,0.0,10551.247404147245,-9941.238642069133,7241.127340748376,248.41923612715104,-289.41043986663067,-55.07538509970165,0.0,0.0,SUBMERGED,UUV
1781496815.7706556,-3.3305047000244374,0.1998219169956025,-6.2499872659820195,3.4344064000662975,2.892338020928476,15.113380573522221,-25.730405916884276,37.58288162705579,-39.302744433522534,0.0,0.0,48.357119999999995,10038.87483172665,-10561.19119525637,3759.792203165584,0.0,0.0,0.0,-13600.717248258707,13416.676434228837,7448.481331052755,99.38950834296422,-172.01386969728387,-462.0633084487323,0.0,0.0,SUBMERGED,UUV
1781496816.1706302,-3.4097345629669835,0.242970439065663,-6.395070820960648,-15.29479405529979,-16.75729772301139,13.181775376513912,-26.30878298084847,38.821650370818446,-37.34392597689379,0.0,0.0,48.357119999999995,-8654.201693689989,6325.924338327223,14414.496868959046,0.0,0.0,0.0,1951.2847295571269,994.965118623486,-23014.046553644686,-117.855117260612,-52.28558745295869,-55.80920271710802,0.0,0.0,SUBMERGED,UUV
1781496816.5706,-3.591156256901882,0.1465913864820305,-6.265958067904011,-16.159722031874256,-16.77365010754534,-3.9012985671859615,-21.220970832948392,38.417870625227636,-32.62679638871707,0.0,0.0,48.357119999999995,2815.8159587860073,-654.8666054897709,-15243.913773682656,0.0,0.0,0.0,5488.469356565692,-8504.33650108345,5335.929281286518,745.5321243295297,-677.7639748593018,426.9239011365417,0.0,0.0,SUBMERGED,UUV
1781496817.020574,-3.3964837803869403,0.2149795665774708,-6.438355748747474,-3.9739350111052683,-13.000910535795207,-17.503801620460287,-4.749923278131128,29.533805592695014,-25.012580343782137,0.0,0.0,48.357119999999995,3203.549759844241,-10505.032434139517,-13700.530568702048,0.0,0.0,0.0,-13529.160715630445,13268.869128223098,3972.083914240472,-55.397750828409585,-736.646635045196,609.9452445074634,0.0,0.0,SUBMERGED,UUV
1781496817.4206233,-3.409621910363612,0.29307888354418293,-6.260831476281332,-16.277792943147475,-10.530689759287561,-4.4924406240502055,-0.4659290504651335,29.422314585027976,-19.84690762919467,0.0,0.0,48.357119999999995,-11973.03690123705,7056.765297481875,-1194.238050118276,0.0,0.0,0.0,11989.924483130617,-8.547249648575871,16929.57149108382,-42.3408454031888,-152.20201570792855,-254.3319427806485,0.0,0.0,SUBMERGED,UUV
1781496817.820586,-3.5593549992120965,0.12429896456826803,-6.29227384643925,-16.839856144744,-7.563275094891636,16.5772502467149,3.640057199548783,34.230310310275144,-14.829953927638856,0.0,0.0,48.357119999999995,7272.20557656727,-133.27940990603287,19888.498199662212,0.0,0.0,0.0,265.21498981115974,-9023.211621904036,-11809.971220093172,958.5605565081956,-683.9445671152994,-603.0853103068838,0.0,0.0,SUBMERGED,UUV
1781496818.2205918,-3.4415832327231803,0.29787002199746193,-6.533997147596309,-4.040082673454124,12.679020837642074,12.438616902648565,5.16484215879385,39.16414561577916,-7.795638852550881,0.0,0.0,48.357119999999995,-174.54691910245825,-9153.214648828764,-65.55506103139793,0.0,0.0,0.0,-9461.310798630235,14442.798139277926,-13895.99308921646,-58.50600176734093,5.485923771611724,15.876885595641197,0.0,0.0,SUBMERGED,UUV
1781496818.6706054,-3.571462178301457,0.3555083709108376,-6.4564616281184675,-15.002776985739354,2.7532404348196056,-7.967605623857972,-2.2122641456281777,42.842477438798724,0.08932187828311666,0.0,0.0,48.357119999999995,-11377.008576038836,2193.0561410473215,2574.017635108197,0.0,0.0,0.0,13359.263070226529,5948.23619347953,-18552.631337456867,-54.28331779353104,-170.1276808773757,37.27196730178363,0.0,0.0,SUBMERGED,UUV
1781496819.0206103,-3.449585941873822,0.12810353946770153,-6.33935104181717,16.69425463323505,6.652940620585271,-18.19772346025069,8.686949725883744,43.080186498801275,6.238360078239408,0.0,0.0,48.357119999999995,11852.42597227262,-37.70917452443159,1842.1715130520795,0.0,0.0,0.0,-8261.769405302877,-10653.913157986337,10131.399787844864,201.29836488282442,-176.94888083827226,-559.2301709822434,0.0,0.0,SUBMERGED,UUV
1781496819.4706106,-3.36070333944883,0.32919686875146653,-6.427280406509603,2.9553414055797997,13.428946831342389,-2.376962935286243,3.4550390445777657,36.78429517333459,13.555239520807254,0.0,0.0,48.357119999999995,-1757.6372083254046,-11253.069642402019,1190.4169740422296,0.0,0.0,0.0,-7052.094564978646,12767.849536542719,11091.453391717496,-135.30245876603962,-65.87605444439419,-392.12568765100986,0.0,0.0,SUBMERGED,UUV
1781496819.8706217,-3.623991995915045,0.34001516581738855,-6.409651453752675,6.5744806379384535,11.233966612087984,18.08751917839075,5.608777565201816,33.791965277241296,18.675601630142054,0.0,0.0,48.357119999999995,-2057.4344503702478,5609.884307055943,21075.903526357717,0.0,0.0,0.0,12748.266995952286,1946.1429186320674,-22024.1728811265,-203.60308212152876,364.543036851017,-240.33739621804693,0.0,0.0,SUBMERGED,UUV
1781496820.2705684,-3.5399979483715094,0.1892512983728052,-6.569692123820524,15.804029671534147,-8.167347862315243,10.558453153015947,9.902743471506986,29.202699095598046,23.10904614914136,0.0,0.0,48.357119999999995,11618.818696295764,263.24264176546956,-4237.770411392589,0.0,0.0,0.0,-11011.216118303964,-11213.519915964782,-6983.602107412371,316.23192096446655,-178.4415023158623,498.3029792864806,0.0,0.0,SUBMERGED,UUV
1781496820.7206728,-3.5303341679798277,0.30872755106605343,-6.643153556626532,12.748645499194557,1.5223523197769424,-11.140594909143445,26.807512939722013,37.23478415807716,30.716116306225594,0.0,0.0,48.357119999999995,-1555.6384023177604,-9975.39340193391,-527.8996844608179,0.0,0.0,0.0,-7072.185957519745,4640.022428906901,-12211.347493242327,-110.28988642439083,-85.28745042781654,646.0981371937821,0.0,0.0,SUBMERGED,UUV
1781496821.0705698,-3.624583446703571,0.3318582148103859,-6.3468956289642415,-1.0947126556646163,-10.20927839402574,-17.37947206749346,18.411613475167652,30.28641808136083,32.05773717081428,0.0,0.0,48.357119999999995,236.01998345007252,5948.9019221412045,8990.986422208098,0.0,0.0,0.0,9379.223962930475,1867.8991108329858,1871.587443430152,403.64135037489757,674.4903680265677,-591.7414315486227,0.0,0.0,SUBMERGED,UUV
1781496821.520653,-3.4449724176622962,0.224555727389477,-6.533086780392139,10.512897833846345,-16.0167041976046,-0.7835868948191524,28.88191454545459,38.033846868873965,38.22703504179649,0.0,0.0,48.357119999999995,9111.915213131453,917.982501986098,8083.989887428629,0.0,0.0,0.0,-14005.362973622554,-11891.524232275518,2479.396440711059,205.12779978609805,-391.8964654580518,-96.50100703420418,0.0,0.0,SUBMERGED,UUV
1781496821.8705912,-3.6191830011878516,0.3586038190686572,-6.534748684617492,-17.020404865049844,14.834129460913829,17.577350104302194,24.914622306440318,33.14375289856553,38.339342074942294,0.0,0.0,48.357119999999995,-12541.947880750093,-8394.67879364524,-20768.489305612344,0.0,0.0,0.0,9957.026600701485,14543.03077785227,13300.78999657668,-998.6924176258532,-600.3557228854982,1132.0717526312583,0.0,0.0,SUBMERGED,UUV
1781496822.3206046,-3.7375401262340766,0.328775333322117,-6.501531851782173,-8.827004118433926,2.263154343516261,9.562956085976099,24.43967718963697,37.17589008998259,41.29228780053529,0.0,0.0,48.357119999999995,1249.6193812326278,4172.424858981361,-14231.084863347338,0.0,0.0,0.0,7567.958024109086,3900.7013107714133,3967.3630083779026,652.1921038360107,835.967990477165,612.4995012399296,0.0,0.0,SUBMERGED,UUV
1781496822.720546,-3.408263152141003,0.2650901959020691,-6.583339795579399,-14.688850257535101,16.565436906518485,-7.561529713497264,21.33960965587464,34.18423639601699,39.64738824819455,0.0,0.0,48.357119999999995,920.4998009254465,37.4474329666465,201.96988024868676,0.0,0.0,0.0,-12751.857808370736,-11069.338064732072,13452.96589184755,-25.996321107733806,-37.37910455863014,80.41511393230293,0.0,0.0,SUBMERGED,UUV
1781496823.120614,-3.6438357338392207,0.3235086064377884,-6.5484559220212395,-12.68650497916423,13.769698508379353,-17.027016984411972,17.998103571038104,32.120077622632245,39.04898277760878,0.0,0.0,48.357119999999995,-11524.24398400842,-10324.175748432423,23043.039587079187,0.0,0.0,0.0,13603.51049968443,14266.532665985596,-19627.141019109647,-659.4477658242198,-637.9790343693443,-872.0250117582987,0.0,0.0,SUBMERGED,UUV
1781496823.5211468,-3.7561372866888716,0.3147657876289651,-6.632495767119134,-12.798491973905435,12.455244408271046,-6.337307744672766,13.789529579014808,29.77567370503401,36.7711404018632,0.0,0.0,48.357119999999995,7191.628237454881,6828.058430528526,-2913.6758391810085,0.0,0.0,0.0,-165.4132709995497,264.55587794471876,-8597.188467131044,248.84208418056176,321.09206152312106,907.3933568083329,0.0,0.0,SUBMERGED,UUV
1781496823.9706793,-3.5546229524698316,0.25069015764689473,-6.773084234503111,-9.218518536958591,6.833775642704337,17.77853865805897,12.617048088441015,30.841023249632407,35.57970670642056,0.0,0.0,48.357119999999995,499.26673975139533,2001.6024508077976,-81.06943533337999,0.0,0.0,0.0,-11500.531589272614,-13095.101885104277,-13941.769562621757,-146.31163254564117,-139.52165375977987,-24.206198993796942,0.0,0.0,SUBMERGED,UUV
1781496824.3706727,-3.680532553540258,0.2753422608064279,-6.558365533736891,-7.25251628694708,2.5950704150279167,9.140604758242947,13.804907276771655,33.54920767419138,32.971867784414485,0.0,0.0,48.357119999999995,-8008.917052628189,-12635.22032400217,-19449.78019677226,0.0,0.0,0.0,15205.630198386314,13469.067351375586,23610.205445193766,-464.7227901501695,-547.370016511363,723.1789629236575,0.0,0.0,SUBMERGED,UUV
1781496824.770591,-3.6426868013060587,0.3606730234094168,-6.529914123505676,12.010224474396777,-16.863245205935332,-8.983923180181119,14.811178498704898,39.27122505304485,30.15240424347275,0.0,0.0,48.357119999999995,11247.731226788184,5651.275980032871,6424.434242198743,0.0,0.0,0.0,-6424.421411184951,2215.142173434954,4632.373225169334,466.94599977250715,561.323543879379,-1143.9701763283792,0.0,0.0,SUBMERGED,UUV
1781496825.1705806,-3.5996392805114246,0.20138607999326139,-6.804250940371291,13.714608530092441,-16.182167034404728,-16.428924428405743,14.416718042343184,42.73611298448863,25.34246911443738,0.0,0.0,48.357119999999995,-3175.8870403551914,346.3556737059681,8711.017825088315,0.0,0.0,0.0,-4730.788048048863,-11054.86355647299,-21826.411559656,119.85137804611625,152.21163838309474,44.40997212818736,0.0,0.0,SUBMERGED,UUV
1781496825.5705853,-3.794082220618236,0.2557424133156104,-6.648624703798287,12.094519267062067,-0.7057021988770662,-2.5300828047734543,12.77328261879318,41.61158721975058,18.09399928486023,0.0,0.0,48.357119999999995,-204.795834529177,-11271.859667485163,-12259.177715258462,0.0,0.0,0.0,10989.972258189784,12376.169521919732,2141.927424511553,318.7569959602251,-745.5871034523493,674.9089336612245,0.0,0.0,SUBMERGED,UUV
1781496826.0205595,-3.7508452413264886,0.35470274999802204,-6.7637371753473525,16.068025753044335,-11.12399944442986,18.667944623012378,2.19278553084785,31.801801990632956,8.099538030311107,0.0,0.0,48.357119999999995,11407.05047050396,1530.968696472953,-5271.659501448932,0.0,0.0,0.0,-8033.41955031505,7187.654981827924,-5900.809507112773,422.5270117097959,356.24725219957173,812.6624905049634,0.0,0.0,SUBMERGED,UUV
1781496826.4206076,-3.558529473383858,0.13468920148830035,-6.682915532322037,16.362161613035703,-6.30487091374028,7.690034873360202,-2.424593576620055,31.446601691726475,1.0929034463652196,0.0,0.0,48.357119999999995,-7455.169437527842,1715.3352475160848,-3930.6765518554616,0.0,0.0,0.0,529.0564162053706,-13382.930329187493,19646.14534545449,142.21463987537015,97.8354147574418,-136.53030194618157,0.0,0.0,SUBMERGED,UUV
1781496826.8205998,-3.7511620154304963,0.2395824582121144,-6.624439337678543,7.194167285669309,15.265740889736255,-10.84555603572092,-8.701206097304171,31.422552218291912,-4.313159188898411,0.0,0.0,48.357119999999995,744.9484520492956,-12732.750831310626,16262.43315476092,0.0,0.0,0.0,8012.845492179304,10851.140291397702,-6771.809404456512,563.3577864390461,-1000.5723128802975,-978.7008412917944,0.0,0.0,SUBMERGED,UUV
1781496827.2206388,-3.679108887124939,0.29300723318384475,-6.892797227277051,6.127575763310281,16.747346519964953,-15.22148205935247,-13.887733701419085,32.95310078263037,-10.51707148800301,0.0,0.0,48.357119999999995,4296.660189007793,3460.552721713251,344.3621111315403,0.0,0.0,0.0,-14102.137278631824,4428.736745270491,-15559.755755539389,-14.048928500338945,-16.095816658343594,121.78897967310142,0.0,0.0,SUBMERGED,UUV
1781496827.620537,-3.712525769986835,0.10201100881574411,-6.76984557303019,-12.93902456448877,4.022356697606385,-0.19158017332727323,-18.342419010678015,36.059152028813216,-16.74247850856641,0.0,0.0,48.357119999999995,-12271.730278340086,1559.9122548706898,-21238.433077878068,0.0,0.0,0.0,8385.529631843565,-12602.959305964006,14338.600756123229,-999.1766842277788,-75.19453131907248,725.2609650315678,0.0,0.0,SUBMERGED,UUV
1781496828.0706758,-3.845940168898046,0.1851092804443929,-6.752694191018769,1.5179019547564254,14.67113108249293,18.63569017455511,-13.190372733875819,40.43259503442456,-22.627629349987373,0.0,0.0,48.357119999999995,674.5754804183723,-8977.768839811852,-14399.688581018978,0.0,0.0,0.0,8474.42310320882,2316.897644174934,4231.89277252949,581.4197278380118,-963.0301585581439,856.6382558801544,0.0,0.0,SUBMERGED,UUV
1781496828.4705882,-3.547312325314345,0.26604587698368193,-6.800007327091452,-1.4604386757638839,9.52091291645424,6.064052093927747,-12.360900128911371,36.486649847558596,-25.53504754326654,0.0,0.0,48.357119999999995,1785.412539372106,1783.6045585068962,262.10925121961196,0.0,0.0,0.0,-13559.66027160392,6968.743321258933,13127.105012400314,-41.485847470592034,64.27377012918387,-72.52674755601912,0.0,0.0,SUBMERGED,UUV
1781496828.8706362,-3.7691372255018374,0.12134316970281138,-6.792456629486951,-17.18608928001074,-11.706520815926435,-13.520872855226823,-12.29963981982567,34.20713531421804,-28.732748291379757,0.0,0.0,48.357119999999995,-12420.40009172207,3229.7405935925945,22867.158320213133,0.0,0.0,0.0,12487.139197323384,-13345.80334263343,-19677.74974300105,-686.2061011127545,209.37547808453252,-569.275470005213,0.0,0.0,SUBMERGED,UUV
1781496829.2709746,-3.8284107569512944,0.23179620012656652,-6.878930284642468,-16.024843713238365,-15.134039709550976,-13.960823584465619,-9.390697186579262,30.476270819027985,-30.448494271130215,0.0,0.0,48.357119999999995,5569.983762395151,-11092.07489337651,-2640.741989413793,0.0,0.0,0.0,2018.8460944963672,7304.097394607411,-8892.694364783802,221.7165800384387,-316.52297468735236,1007.6024203352802,0.0,0.0,SUBMERGED,UUV
1781496829.72059,-3.687667075315345,0.23948741129683188,-7.014563331607383,-14.737001882057331,-16.617173553095068,2.7912565729268826,-17.57721747739822,28.78243699114703,-32.58865297934956,0.0,0.0,48.357119999999995,171.64782001998614,897.342677676556,-1917.4671826132972,0.0,0.0,0.0,-10909.830714083924,8123.372690869714,-10171.436570249996,-124.92536729064449,174.99114112918988,85.07048242634914,0.0,0.0,SUBMERGED,UUV
1781496830.1205275,-3.814887757646584,0.13929570156744428,-6.793823895284786,-14.569211527588031,-17.012278420576553,18.647364852198468,-18.72370975454303,31.005327265142824,-34.60631049901446,0.0,0.0,48.357119999999995,-10867.200863173202,6203.991923106434,-19946.825143662285,0.0,0.0,0.0,14615.77142216754,-15009.708467137596,23392.46588563536,-540.2506228316577,322.8257416356472,564.197053981112,0.0,0.0,SUBMERGED,UUV
1781496830.520778,-3.7708564609043087,0.17911959319486673,-6.75460164172622,-14.331000088736111,-15.71496331965997,9.324171076574883,-23.077576310119007,34.9866647726593,-36.168219787755426,0.0,0.0,48.357119999999995,8931.373568035071,-10662.928051193325,5971.276039055143,0.0,0.0,0.0,-2367.8241896548593,5257.003140056331,5054.901867901437,429.17495031650606,-578.2978915965901,-1306.336715105702,0.0,0.0,SUBMERGED,UUV
1781496830.9205017,-3.7210774987744277,0.24016387576968543,-7.051280386236386,5.556880628142162,5.137784684619112,-13.894781694383289,-23.978934753258486,36.71817381485021,-35.662743460123345,0.0,0.0,48.357119999999995,-1244.3156250100124,1427.066775317011,8110.741449955899,0.0,0.0,0.0,-7176.692660017203,6870.818564390013,-21373.668929340925,82.47914702537284,-135.43925630027272,83.07418301798864,0.0,0.0,SUBMERGED,UUV
1781496831.3205671,-3.9322485030296175,0.15258524872406,-6.830829378721224,3.4948660300084833,5.736635778932223,-17.07648219625297,-23.305146774055697,37.602034025610195,-34.2761128425218,0.0,0.0,48.357119999999995,-663.2904344324621,1603.2005095431612,-18864.780671610086,0.0,0.0,0.0,11642.315863557282,-12605.132500359581,10710.757501877848,110.68619041055369,-105.37782909011263,-46.43961839918926,0.0,0.0,SUBMERGED,UUV
1781496831.7704902,-3.88258280351457,0.16847019209534336,-6.974684322458325,9.828140973294701,13.759214226160719,3.9226323866558723,-10.431336341427073,30.781017382513614,-27.245982804313094,0.0,0.0,48.357119999999995,11260.023233610817,-8754.747067979943,-11121.334845163441,0.0,0.0,0.0,-6876.098247356161,2165.741556014644,516.6244390970928,695.2531461087403,-811.5446853462031,1403.7543014731787,0.0,0.0,SUBMERGED,UUV
1781496832.1708636,-3.636631573346188,0.2754449568798446,-6.925700002618679,12.72509309913373,17.02970786175529,18.41983748966649,-5.518975001261032,27.655347484541473,-23.071237959797116,0.0,0.0,48.357119999999995,-3338.8096524152143,371.65651100739933,-2669.134071061773,0.0,0.0,0.0,-4721.472469097086,9081.659352408315,18392.52535104309,128.61689919134125,-124.68797721867824,-186.53487380169332,0.0,0.0,SUBMERGED,UUV
1781496832.620545,-3.8769300490600656,0.19989683902495778,-6.82994012540933,-2.5416412825403643,7.2735851883756135,3.1522085535090185,-3.915472450568608,33.64581786273816,-19.63183414949178,0.0,0.0,48.357119999999995,-1725.8358967484555,10392.85503658204,-4528.537844933331,0.0,0.0,0.0,13357.160041535748,-15021.990189138796,20332.78933383019,-178.7085219233018,90.51176767700385,245.66555210268717,0.0,0.0,SUBMERGED,UUV
1781496833.0205307,-3.780330954253287,0.16013199280631724,-6.988774680677982,16.135875751295103,14.816012588461778,-16.707100343438285,-2.4429659894313245,38.004314053167086,-14.326027176861595,0.0,0.0,48.357119999999995,8496.784970637902,-11355.297663819663,21741.695275288548,0.0,0.0,0.0,-14412.734799399803,5523.1646634944855,-14805.763882158102,367.46707174864866,-1286.62346161885,-1132.4770675973327,0.0,0.0,SUBMERGED,UUV
1781496833.4205415,-3.853934971504955,0.3517203338277604,-7.113961420507903,16.275463930971828,10.229004111794312,-11.33406580316838,-3.320283254873339,42.28236950918803,-7.64096407021114,0.0,0.0,48.357119999999995,-10012.284368234918,681.482828046265,-726.3418296807919,0.0,0.0,0.0,4605.339193704562,8479.3380626379,-11906.4777892561,-119.04760018803537,47.03355738178686,550.0734662665596,0.0,0.0,SUBMERGED,UUV
1781496833.820531,-3.912069097533318,0.1737875228045929,-6.938600650723837,8.546182421199715,-9.154999872547371,5.0052719853827154,-0.1802809004781355,41.40499470434947,-0.5877749353803652,0.0,0.0,48.357119999999995,3048.982578553918,6972.7349850857545,-21778.26595654581,0.0,0.0,0.0,5118.015245053405,-15004.359872749315,21413.479896565328,149.43488525898843,510.30380436139825,332.2638947371469,0.0,0.0,SUBMERGED,UUV
1781496834.2205956,-3.7004871550730494,0.24633985455965235,-7.0408084414877905,7.841724177416512,-14.896426979303204,17.69573363517361,0.25445779504351446,39.30344995278516,6.132998053955199,0.0,0.0,48.357119999999995,677.5887515135641,-9848.00910869212,3405.179908193295,0.0,0.0,0.0,-12046.921646247833,3978.241855767323,7933.690864719632,-230.4810400812251,-376.40912337457155,-563.8024233616075,0.0,0.0,SUBMERGED,UUV
1781496834.6706662,-3.8245780815066244,0.3904339606849166,-6.953778611633319,16.673107372725184,1.0473764110351915,5.704362474744937,6.671556048851954,29.1293322473305,13.425313622805998,0.0,0.0,48.357119999999995,-11953.791101776202,96.28024315899881,2410.12545681262,0.0,0.0,0.0,11040.97389557635,10288.900113504344,9388.647995489699,-195.67901518234433,165.4994575992683,-481.7256688319668,0.0,0.0,SUBMERGED,UUV
1781496835.0205712,-3.901975847796178,0.1591629183509785,-7.104919997527741,-15.066465112489253,-4.376146811815124,-16.416695867634225,3.788713482760034,32.68398329595462,17.52030550322889,0.0,0.0,48.357119999999995,10194.595107564879,2584.523706865995,-13918.652169580051,0.0,0.0,0.0,-4350.4456525179085,-13261.651633330886,3949.185267886855,796.5043419694908,-61.43350730146293,645.916474054796,0.0,0.0,SUBMERGED,UUV
1781496835.4705,-3.81664694230974,0.2668419296634573,-7.229578311906117,0.6494808928397691,-12.944204017415077,-9.724794404924618,15.577516186309493,28.336533786814872,23.162889058917475,0.0,0.0,48.357119999999995,-49.388362058173136,-7349.568664726845,-6447.557318342079,0.0,0.0,0.0,-9939.475733731771,258.5804974506441,-4634.605317452723,-334.6987311496412,-524.5481018398372,576.6893242025565,0.0,0.0,SUBMERGED,UUV
1781496835.870862,-3.9322399119403855,0.354830688750131,-6.9455857569202974,-16.642983441455996,4.98295846534673,8.219805479512711,20.025723183152934,30.522619329310928,27.90998585567962,0.0,0.0,48.357119999999995,-8621.525218078608,38.36217962108432,-9922.844386056955,0.0,0.0,0.0,15377.392040722269,10024.987259013931,22565.02672456172,-210.91202687405377,-125.03531689661122,190.01885392994092,0.0,0.0,SUBMERGED,UUV
1781496836.2705617,-3.8478113337332713,0.2163245562643866,-7.098143454540783,-17.135114255084837,9.558841525949324,16.82939960047265,21.47409191351699,32.396061471856946,32.15075402520741,0.0,0.0,48.357119999999995,12600.266231733165,4132.965157979451,18347.29303940438,0.0,0.0,0.0,-9704.467340013043,-13594.466734909995,-9514.821943824792,908.7745299490763,37.44016860625545,-757.0547031623499,0.0,0.0,SUBMERGED,UUV
1781496836.670598,-3.896245270470927,0.31906086046324494,-7.273212521259337,-4.432721701011699,12.180321310850408,3.025720729939713,26.428453601704703,33.89457815896929,36.190455135566744,0.0,0.0,48.357119999999995,-3946.5579754125397,-10558.476516952262,0.1037001558090535,0.0,0.0,0.0,-3906.154398605539,5703.447965520396,-13964.544753842622,-44.48604275200479,26.612713285024306,687.1590115374757,0.0,0.0,SUBMERGED,UUV
1781496837.070575,-4.037320156492494,0.33656451223382455,-7.047049078802104,-1.54861054241083,9.923618356001812,-17.284876033149168,25.56491355374171,35.20265533274932,38.72162174591896,0.0,0.0,48.357119999999995,-314.5501267001804,2108.423775882242,-22155.82750699188,0.0,0.0,0.0,11091.389584397439,6318.4556445114795,17682.79845298796,26.249321530992585,582.7355043898621,164.78341292657012,0.0,0.0,SUBMERGED,UUV
1781496837.520636,-3.9456351035619903,0.26343450496897153,-7.210643156202735,4.210871552300229,1.806221308618963,-5.750404542203438,12.460594274263036,28.207253722094915,36.87045341847869,0.0,0.0,48.357119999999995,12456.119741183218,7923.260500739297,-22101.548250747775,0.0,0.0,0.0,-8047.631061357269,-13208.291704603598,7541.13518990901,880.7781920759049,882.9749216400618,1424.4304828818426,0.0,0.0,SUBMERGED,UUV
1781496837.9206285,-3.7914944402382234,0.30632277883885084,-7.130489320452687,8.112459064360845,-3.5066968898519066,15.220782241835632,9.758522274610991,24.18187488168813,36.33817900170478,0.0,0.0,48.357119999999995,-6313.927912793674,-9298.028298392954,1147.1953194924542,0.0,0.0,0.0,-4578.322001902217,-862.2505139573855,14499.366737913815,-8.243207754445265,51.234998535722795,-541.3049220384494,0.0,0.0,SUBMERGED,UUV
1781496838.3705873,-4.027195577064509,0.3452278112986933,-7.03531586991296,-6.461026279857017,7.79638151833655,11.460741519919306,15.260428842598236,27.371723996155428,38.19322194804335,0.0,0.0,48.357119999999995,-1677.5980313047683,-964.7785163706736,-541.858192783615,0.0,0.0,0.0,13409.308211698608,12843.366469430453,16309.502353198364,-53.808166860691685,-37.33525812126065,158.55696136546118,0.0,0.0,SUBMERGED,UUV
1781496838.7205613,-3.880520681801015,0.26209338423336603,-7.338077810338904,13.759789581246306,-13.817316802233389,-2.345447652178134,8.08100016628691,23.754406646794937,35.255648767868244,0.0,0.0,48.357119999999995,5747.014388007881,5694.12843216667,-4799.715772672367,0.0,0.0,0.0,-14334.063886939102,-14369.721012736158,-6158.992002874891,-74.0072466252387,7.386863745039157,-73.0796339240813,0.0,0.0,SUBMERGED,UUV
1781496839.170531,-3.9358199200060358,0.24720134771950472,-7.379771895498832,15.170919783683775,-16.808760979023386,-18.057457967575147,18.77441690468289,33.44888828765537,35.9927107401396,0.0,0.0,48.357119999999995,-6801.66896748264,-4408.9572398953205,-969.2562451764443,0.0,0.0,0.0,-301.63612035764027,-3386.632413491426,-11320.178549841248,-157.97363821756576,-89.77613368618302,669.515355996574,0.0,0.0,SUBMERGED,UUV
1781496839.520695,-4.052924525208734,0.34324286642561225,-7.138358705454782,-3.4829851120555944,8.78880195628342,-7.067966048384162,8.370580317183686,27.347306920991116,31.362698081829173,0.0,0.0,48.357119999999995,7135.483432139916,3839.6045947836624,16982.42214341752,0.0,0.0,0.0,4283.122869218163,7636.856283363874,368.50505618324803,870.371292823588,1052.5617873214317,-1027.5155811547115,0.0,0.0,SUBMERGED,UUV
1781496839.9706116,-3.82298788552713,0.2703741878767039,-7.291165515437138,9.225229462574775,-2.371132929687473,14.662279229154057,17.023102939505776,37.71951398202774,28.59500917238554,0.0,0.0,48.357119999999995,997.2868262757235,7673.494265458493,9454.65821156204,0.0,0.0,0.0,-11828.874411672941,-14118.963135717911,917.74724256007,-280.99130250929727,162.11472237754643,-61.018792160510785,0.0,0.0,SUBMERGED,UUV
1781496840.420601,-3.8569102872058023,0.18601159792215438,-7.225970868032421,16.862870951791386,-11.863043653450976,10.813044432657307,5.186631086077766,26.67485824131184,19.449185957135043,0.0,0.0,48.357119999999995,-10732.063196312378,-3344.198816740212,3280.1423606637413,0.0,0.0,0.0,5611.761033960741,-5024.414177644652,8186.443718152379,-335.19028731531625,-253.04178211085363,-881.5328194816441,0.0,0.0,SUBMERGED,UUV
1781496840.7706444,-4.092459679358918,0.3571992277933387,-7.294999605637139,-10.671726064206572,16.60592180305402,-3.5967591810130557,10.508303433660881,31.768109938046372,15.306997040266966,0.0,0.0,48.357119999999995,7778.180026928475,480.17467256495735,-15613.653518912219,0.0,0.0,0.0,-609.7498048883913,8802.10891530542,5765.358716170804,877.5564731471758,637.9971600993416,700.2402174243977,0.0,0.0,SUBMERGED,UUV
1781496841.2206268,-3.908903882397806,0.22893728696919535,-7.427297311093836,5.0226786431706,13.680522025071813,-17.533496820418673,-4.706313499732181,27.171660195264877,8.042193058140768,0.0,0.0,48.357119999999995,-152.67816862043108,10981.45476235816,-13711.749861289745,0.0,0.0,0.0,-9523.731013025521,-12875.235429682023,3854.6237701499444,-526.8979297497262,764.6392607331092,716.3122771510232,0.0,0.0,SUBMERGED,UUV
1781496841.6706223,-4.045571244770172,0.12331669400240455,-7.404449791914899,2.3341266586499394,16.169389641752158,-2.4683155122196063,-4.095386076805492,39.1462558503693,0.7951501874521535,0.0,0.0,48.357119999999995,-11746.091029880672,-1716.545367130762,-6306.561814947804,0.0,0.0,0.0,11091.987814344653,-7015.017109236978,-4730.434742295338,-427.08472420557723,-413.4890610343656,792.662768732567,0.0,0.0,SUBMERGED,UUV
1781496842.0206006,-4.009830019558488,0.3610884420970874,-7.331706646302989,-15.522956859818015,6.5294387449632865,16.745664736485473,-13.24767353425574,32.28514919859987,-4.366669628701056,0.0,0.0,48.357119999999995,12184.335233225816,5.959763950948025,19643.451147836622,0.0,0.0,0.0,-7855.006586577945,9566.005005609495,-11482.719413881372,938.7049070200012,641.3067615549094,-728.3368236781736,0.0,0.0,SUBMERGED,UUV
1781496842.4708269,-3.8628641773039214,0.23573421685725696,-7.387548321154251,-16.659607560536173,2.514088943778066,10.74862869523713,-4.601054169138152,36.520440257866476,-11.424080721606147,0.0,0.0,48.357119999999995,-1896.293862546628,12784.985127319915,17721.488063478326,0.0,0.0,0.0,-8904.686118097634,-6787.564184336605,-1016.4436053488657,-593.0079432786752,843.5629713704423,-939.6560796252952,0.0,0.0,SUBMERGED,UUV
1781496842.8705792,-4.165317858869676,0.14765012637616698,-7.4175812551517755,-17.051377757722733,-4.216075014850722,-8.553584581509828,-5.263552639009362,34.46744496300022,-16.610261198544542,0.0,0.0,48.357119999999995,-2283.2091564671396,-3486.9009125204007,72.32425664795342,0.0,0.0,0.0,13273.848396422865,-4421.39694910051,-14741.892000696016,-28.103605016704257,33.93815054527059,130.62936603696278,0.0,0.0,SUBMERGED,UUV
1781496843.2705853,-3.9910332403682447,0.3077089884731749,-7.433623030121818,-17.242569880948754,-5.263649740841908,-18.60737583571822,-4.8367323168428245,30.293526954516683,-20.542246690137365,0.0,0.0,48.357119999999995,12753.639971287856,-1371.642973341943,-22257.537263755225,0.0,0.0,0.0,-10963.109304079342,12462.3756245863,16724.855174448727,849.4261653816912,-85.35206186749531,649.0738342566942,0.0,0.0,SUBMERGED,UUV
1781496843.6705966,-3.915213984507642,0.14094364950321606,-7.372029696431618,-2.4404538277146535,-12.848693846317245,-2.4576355912747383,-5.9510329835111255,25.385426657583892,-24.324209567861594,0.0,0.0,48.357119999999995,-5148.169920125957,11678.55934994841,1213.088685522844,0.0,0.0,0.0,-2693.6139274036664,-12102.40284081212,10962.440238428719,-165.85957634320107,85.78955079486403,-658.7516093161587,0.0,0.0,SUBMERGED,UUV
1781496844.1208642,-4.107046675203485,0.13118874537681852,-7.282303011921655,-14.582133986525674,-16.672226003361402,18.871183712472536,-17.129158463091265,27.11262727509395,-29.001243802325142,0.0,0.0,48.357119999999995,-2814.201376217758,-591.4639808789244,-491.1139901225335,0.0,0.0,0.0,14132.789196239257,-8745.358157566487,16063.668785151061,-37.99329057647687,55.26979518496638,40.52593885444277,0.0,0.0,SUBMERGED,UUV
1781496844.5205536,-3.9953939497566164,0.25110571034543744,-7.510582156859124,1.6249670714848123,-6.371728316453359,9.38283301882374,-18.865256127599597,28.216324967636943,-31.73013046304936,0.0,0.0,48.357119999999995,10655.629010304887,-2608.6181271653054,22303.213290117023,0.0,0.0,0.0,-13902.13204009159,13054.793041631066,-21501.216599021187,490.2505887970148,-97.16807972910982,-361.98335465973946,0.0,0.0,SUBMERGED,UUV
1781496844.920531,-4.067533681898261,0.1692468607522446,-7.592928121960612,5.98011114104238,-1.0668974425697457,-10.185509029295757,-23.144316893677818,30.6644802320219,-34.412781635326404,0.0,0.0,48.357119999999995,-7774.2435627786135,11410.046241603071,-3757.7292074265106,0.0,0.0,0.0,929.5058294387518,-8137.053904136924,-7461.456624044458,-359.9468759936735,347.813521864143,1150.1146646347015,0.0,0.0,SUBMERGED,UUV
1781496845.3205523,-4.129013282254645,0.16333401889819527,-7.335949230540687,16.129234268471308,16.861726086461275,-16.630131321838185,-23.564009295118563,33.0323581686121,-36.39466422277865,0.0,0.0,48.357119999999995,2076.1590829573624,-5683.7307985259995,-4975.062026325096,0.0,0.0,0.0,6305.825114963496,-1803.191646987091,19913.893385446994,-168.5389965997001,163.7877244830282,-280.3683667313596,0.0,0.0,SUBMERGED,UUV
1781496845.7205691,-3.9191019688341604,0.23700825232543926,-7.572328328975608,14.514466828216214,15.807133153551101,-1.5999431497556484,-23.794314920208343,33.884461038700124,-36.399927986169395,0.0,0.0,48.357119999999995,770.0629957844073,-34.81061479614789,15478.338853086689,0.0,0.0,0.0,-11395.72815428551,9957.105372265183,-6193.770750530348,-305.4235991147714,576.516752048469,75.27067339348423,0.0,0.0,SUBMERGED,UUV
1781496846.170543,-3.9934391317087794,0.19752165677918446,-7.467453419538946,13.994204034106293,13.403478255827473,18.92379900336663,-8.30969534598564,23.75332776913004,-31.739864215905975,0.0,0.0,48.357119999999995,-10902.221643697694,11155.222382932088,7580.487065173805,0.0,0.0,0.0,5527.780124188655,-6178.636501102309,3241.9862867627644,-616.4081226090241,573.5679000606335,-1436.7721592825758,0.0,0.0,SUBMERGED,UUV
1781496846.5706027,-4.261550432057533,0.15655446436385248,-7.565276168320218,11.733949981686537,10.804172790376889,8.933828967153993,-5.692762547595118,22.123371802666224,-30.00928113585861,0.0,0.0,48.357119999999995,2388.934812402581,-1734.6313297725987,5483.365272206042,0.0,0.0,0.0,5684.490373133746,-6466.870368254468,-20248.013815367023,-158.84289276667806,106.8826566749703,159.03361439837363,0.0,0.0,SUBMERGED,UUV
1781496846.9706225,-3.9573295113215536,0.2502096968382854,-7.641315030534915,9.885160819210604,6.301620908648292,-10.124764742206628,-3.760103993776561,22.75174901053983,-27.657185487028116,0.0,0.0,48.357119999999995,13.607654166309604,-1187.8593867802422,-20189.884307505326,0.0,0.0,0.0,-10168.862816980494,12239.016843384616,13108.101766642198,-306.65646685513394,84.85921138713624,-21.840238675568294,0.0,0.0,SUBMERGED,UUV
1781496847.3705962,-4.137047076508921,0.20125374802276746,-7.4580936760914565,-7.874636420409912,-14.374864398682114,-16.52160583875441,-1.843427233387135,22.936401101898166,-24.864309015418353,0.0,0.0,48.357119999999995,-6697.318377434317,11685.95594191264,341.5071251931862,0.0,0.0,0.0,14582.388415617143,-12395.08040359119,12838.971308044085,10.28512879263461,17.765763924864547,-73.32704044851351,0.0,0.0,SUBMERGED,UUV
1781496847.8206112,-4.132107239093496,0.12857762789123917,-7.452975114605931,6.137952787011385,-2.0567167097335446,0.8497686938284162,-11.667277404253866,34.77886635981301,-21.76676293401003,0.0,0.0,48.357119999999995,8681.251714137334,-2028.9552285878779,151.60495913401544,0.0,0.0,0.0,-2220.6976930378487,-6606.075252260865,13268.568467440444,37.2039731066904,-39.017575332246146,-590.2447861685218,0.0,0.0,SUBMERGED,UUV
1781496848.1705887,-4.055734370870589,0.31829235135758804,-7.73630953165269,-15.550044841550307,-6.173827593276172,17.708153842337985,0.010343519710058337,31.60377740095417,-15.97128514155251,0.0,0.0,48.357119999999995,-5078.265254590564,96.82553000929359,-7150.944849308482,0.0,0.0,0.0,-2807.443727327737,9849.61415170171,-3895.972432234612,-465.8616457058457,394.21489552299727,419.100642409838,0.0,0.0,SUBMERGED,UUV
1781496848.6206322,-4.2585098606461464,0.23220378099265457,-7.6421239145395585,-12.257411094459648,-13.846140158296798,8.146123849221715,-9.732799466495248,35.45865486992548,-9.514484359995517,0.0,0.0,48.357119999999995,-209.7010315367732,11488.855822172016,-6044.37575732187,0.0,0.0,0.0,11105.943524236824,-11246.07018670556,-4885.228301325376,240.73964333104217,486.94802970274486,641.6240486988796,0.0,0.0,SUBMERGED,UUV
1781496849.0207186,-4.097948322688014,0.13420644908856033,-7.625392913824569,-15.402082071134714,-10.980318804362208,-12.322039519151584,-6.465330342619577,31.997387478085674,-2.698729978876055,0.0,0.0,48.357119999999995,12715.12698209185,-2887.8083489789187,-19067.302358898363,0.0,0.0,0.0,-12710.003680320071,-5228.126246331774,22976.289072995572,477.75548280373204,-99.97923234262105,419.9252340303255,0.0,0.0,SUBMERGED,UUV
1781496849.4205878,-4.055555726092181,0.38132552669365727,-7.639453551111456,-10.895681963496225,10.311214009865193,-15.598767314154095,-3.5112988060681687,29.24770220794605,4.043974659674165,0.0,0.0,48.357119999999995,-9830.103141481502,-170.46435351968685,11275.78168421655,0.0,0.0,0.0,3543.485590719587,10574.177831548117,-897.263344694365,-714.6371658308944,399.1881314289443,-622.056964534487,0.0,0.0,SUBMERGED,UUV
1781496849.8705149,-4.193932875323551,0.28487309753339385,-7.542502430726062,-16.62711226510539,-1.6011988192547675,3.0993221797615025,11.978155817317042,27.4045969783554,10.4348715915425,0.0,0.0,48.357119999999995,-37.811734357691435,10262.545926262988,4367.148713712107,0.0,0.0,0.0,10788.004506263082,-4619.181467220006,6886.208565810543,209.40318740163139,434.81481928519673,-667.8234041346824,0.0,0.0,SUBMERGED,UUV
1781496850.2706347,-4.10294924220047,0.19862882592263606,-7.841099535033678,-7.461570074018852,17.084650319028913,18.76106030100723,15.519547631581792,28.428146540840377,15.641561250016961,0.0,0.0,48.357119999999995,8398.999355141072,-1153.6046927364682,13125.53681712315,0.0,0.0,0.0,-14116.591780806037,-5135.566970036198,-19958.62353135777,39.79139425615756,94.58379004165815,33.54593582431646,0.0,0.0,SUBMERGED,UUV
1781496850.6705825,-4.191422993011395,0.39166655383839677,-7.7536689522616555,-4.547754125190082,16.076840962339542,6.176936407682235,17.56891049186734,30.947188882345483,21.350610970013665,0.0,0.0,48.357119999999995,-11726.604427034557,-2166.5278029044443,-15474.78455820829,0.0,0.0,0.0,7555.624784786552,13034.556355359015,5927.102317761508,-895.2393013124633,213.8516743737418,692.3246613321561,0.0,0.0,SUBMERGED,UUV
1781496851.0705676,-4.153037820048565,0.20938962742407577,-7.622281850599731,15.191493094897922,-0.37790899465570793,-13.111897370267915,19.885176732579104,33.8861944395042,25.992839142591315,0.0,0.0,48.357119999999995,5802.19959281856,10768.920990011915,565.2143148157313,0.0,0.0,0.0,1787.5796849972346,-13623.460474268813,12186.564364955793,91.82156340214597,13.123860482361364,-406.53356381003294,0.0,0.0,SUBMERGED,UUV
1781496851.5205286,-3.9920695492137,0.24152539771170164,-7.741446019904731,-0.21375228544266678,10.037269596158254,-12.865415703289749,7.749859546670988,29.1802551254951,28.251459979661256,0.0,0.0,48.357119999999995,2404.069289078402,-1088.6931587588579,-1233.3316963794357,0.0,0.0,0.0,-13981.953117801178,-7843.681328884288,17144.221812221687,55.99364052140489,90.57778703653514,-3.842673139615542,0.0,0.0,SUBMERGED,UUV
1781496851.9205925,-4.253379124260186,0.36607957687791387,-7.743713546586732,3.713201921598886,5.736679149672884,4.944077363202359,8.388724996150367,25.976759945636694,30.738725341660704,0.0,0.0,48.357119999999995,-10567.029702522703,-1201.4072554533836,22741.825303755275,0.0,0.0,0.0,14167.20996816973,11858.34167930121,-19677.324198903476,-549.3151672314295,-48.32523032475495,-375.38758651742603,0.0,0.0,SUBMERGED,UUV
1781496852.320547,-4.274426348216765,0.25574083319733676,-7.858959882259976,17.217557939442333,-14.86550565923103,18.49398169688589,5.256894693483045,23.026485314450316,32.388457650228155,0.0,0.0,48.357119999999995,8113.581632932791,11590.696087958098,-2536.21275938596,0.0,0.0,0.0,-1489.7126702850082,-10046.45897356452,-8979.013693285031,227.30254002525396,299.01279562234845,1091.13948634665,0.0,0.0,SUBMERGED,UUV
1781496852.7205539,-4.035344361626341,0.28777393164987897,-7.8266086826705905,15.538091288862342,-16.358503277034245,5.051201195394565,5.799315604333157,20.717398765141514,33.45746370561266,0.0,0.0,48.357119999999995,-780.546414775183,-4804.015828003306,-16666.18800736961,0.0,0.0,0.0,-8119.383727352395,-2923.5102243799392,22779.82250071433,35.82662772214544,-53.67016210215398,20.889855080740894,0.0,0.0,SUBMERGED,UUV
1781496853.120563,-4.314380097236575,0.3506788634739918,-7.698659712078758,0.46877967791755304,-4.913199623937846,-13.323939100602878,6.615321992778275,19.55553092447523,34.041752392588876,0.0,0.0,48.357119999999995,-2771.7177770186036,-399.89724494268796,7227.730384539612,0.0,0.0,0.0,13078.54314217993,11329.661104858807,3508.571844153149,192.92274509318315,319.9504559067769,179.77393245709055,0.0,0.0,SUBMERGED,UUV
1781496853.570587,-4.1974064869046686,0.30335454375266496,-7.736852442162868,12.35247310100937,-13.574037190158828,-12.032385190395125,19.33809677336205,30.67558857445381,36.52793084924373,0.0,0.0,48.357119999999995,11096.343252031054,11918.486476877655,5873.410560710985,0.0,0.0,0.0,-6187.297252996597,-8340.540495236532,5088.152266299046,424.31058396670556,567.851742951681,-1406.3530784911059,0.0,0.0,SUBMERGED,UUV
1781496853.9205682,-4.150823283039557,0.2676529267038749,-7.939879760290011,-16.69075127220343,16.639742462697473,1.744293702757257,10.217261634234738,24.79322860782965,33.74988982233689,0.0,0.0,48.357119999999995,-7914.826701235911,-8115.472700876151,-19576.442465337637,0.0,0.0,0.0,849.6068424223167,1043.8282941809634,10755.799102551602,-983.2650857685747,-1149.3997071320773,1328.0535434492822,0.0,0.0,SUBMERGED,UUV
1781496854.370619,-4.387189594763061,0.329618788242448,-7.8391117456286485,-5.7052462344900725,8.9174310855913,18.405048155913917,18.545679179045724,32.48307831316678,33.2309078856869,0.0,0.0,48.357119999999995,-572.5099618786525,-2123.3218200944434,-12562.929518013985,0.0,0.0,0.0,11614.58731339408,13019.861225509307,2583.669772115749,260.38958507324946,212.07830573025234,-130.4900719242907,0.0,0.0,SUBMERGED,UUV
1781496854.7705758,-4.106910164692341,0.2753038311269455,-7.865817233378488,-8.033934230044787,12.80064304639837,4.879949212520885,17.558895147465854,32.93656399502125,29.485956544139874,0.0,0.0,48.357119999999995,6731.841736724186,10722.548733492442,11.928823282575907,0.0,0.0,0.0,-14757.570897382644,-13642.608903309483,14120.99242040882,-0.956850413638198,-0.5090687991410084,117.32360767368722,0.0,0.0,SUBMERGED,UUV
1781496855.1705797,-4.166424340099745,0.21539003335796275,-7.936478683824078,-15.493819727651603,10.41591449988226,-14.184519464652585,12.518604686777048,31.475067174340843,24.457110348998338,0.0,0.0,48.357119999999995,-12030.23874913057,-7284.713124731784,22750.971999566194,0.0,0.0,0.0,7174.477173896909,-243.93836406362743,-17636.86463933542,-1024.5052959340424,-960.0899876082269,-1254.53770427508,0.0,0.0,SUBMERGED,UUV
1781496855.5705206,-4.403877795191334,0.3415268121590198,-7.961381524730482,-13.482545063757268,6.43240328378476,-13.163337872381105,7.959740792449402,26.825790541599687,18.857434646854305,0.0,0.0,48.357119999999995,2554.944165573667,-59.45723016762161,-1725.2089371542293,0.0,0.0,0.0,5798.404048428082,10578.575602609722,-10440.405432462958,164.591378111363,113.91349899701855,191.13227529939564,0.0,0.0,SUBMERGED,UUV
1781496856.020524,-4.226920913638879,0.2817032428949263,-8.069862562736573,-12.034131306023044,1.1969328657600282,4.232463733389021,-6.304920467971709,24.92144151076964,13.04475985196532,0.0,0.0,48.357119999999995,5026.032651225039,10905.349491366442,130.96570639236586,0.0,0.0,0.0,-14329.667762157575,-6506.099177868157,-14900.15153318231,-26.695367978803,-10.701446148398311,379.92554760022506,0.0,0.0,SUBMERGED,UUV
1781496856.42057,-4.236317055834594,0.1596773588431189,-7.938873375873125,-12.22568537396542,-2.197558918572152,18.108084044831045,-7.739378703143195,28.91082182877037,7.1407300092659485,0.0,0.0,48.357119999999995,-12727.45247087049,-4753.312961881461,-21382.09070801121,0.0,0.0,0.0,12526.522490938874,-3070.4889987791057,22094.11957020805,-659.8334294107493,-370.1189727127987,666.1878396904566,0.0,0.0,SUBMERGED,UUV
1781496856.8205764,-4.278400132837534,0.3627074255979381,-7.87690605692756,-12.441716543280616,-3.5771083397015877,7.8599982234871515,-8.42288117637466,32.839925675717346,0.7271199215620936,0.0,0.0,48.357119999999995,6813.503911634224,-690.7976465031469,4338.510814551851,0.0,0.0,0.0,609.9644518264981,12119.536042899988,6926.766181735193,376.20689745229583,269.4876757886327,-378.1241464371474,0.0,0.0,SUBMERGED,UUV
1781496857.2205603,-4.191528370394536,0.2129563895968671,-8.11124643623891,8.780907492819377,-14.088426649779489,-16.228817357187346,-10.378537148524746,34.411428894804004,-5.722424120305111,0.0,0.0,48.357119999999995,-422.67994327071955,12530.546675228978,13849.303200892371,0.0,0.0,0.0,-8483.666744799106,-12119.481743323298,-23270.094520332455,20.02242691333924,275.46456630910706,-255.97688105233667,0.0,0.0,SUBMERGED,UUV
1781496857.6205218,-4.3938641134173,0.13409019856982557,-8.028233644815607,10.924105129267938,-9.282388826087404,-11.612854937797973,-8.207648267755392,34.97455094910373,-11.786906671182136,0.0,0.0,48.357119999999995,-5319.673722460007,-3910.6821984488856,-9016.950119076593,0.0,0.0,0.0,14254.64695421546,-4312.473164449742,-1731.2577711515712,-32.96351164771088,-597.4943200220533,406.96619265649304,0.0,0.0,SUBMERGED,UUV
1781496858.0708573,-4.354239032041029,0.30510683658597326,-8.104095991769778,12.928122991600723,-4.812059485756707,7.2163173878088145,-3.3502027184529357,25.47304903885583,-16.728994987281133,0.0,0.0,48.357119999999995,6746.264523772978,-6731.596325995767,-3042.820219702757,0.0,0.0,0.0,453.0623011320413,14476.871480363283,-8407.916245731301,227.47409797425996,-33.57863049770614,398.47251698051275,0.0,0.0,SUBMERGED,UUV
1781496858.420574,-4.198114509765612,0.141197159937579,-8.064194148599066,13.07653316087082,15.740983323227155,17.800939429494655,-7.8834901696592725,30.78975743765513,-21.42738284449313,0.0,0.0,48.357119999999995,-7494.33213494039,10699.209897951057,20452.744207033207,0.0,0.0,0.0,-70.91745574874949,-13996.860446739718,-12491.160176160116,-1017.9536351801318,753.5602224912027,-1130.9033019289832,0.0,0.0,SUBMERGED,UUV
1781496858.870561,-4.3969202583402796,0.13598875824713091,-7.957589950443287,9.479338318262561,16.68989330113426,3.294501062644925,-8.967256923932917,19.945058801693534,-25.091164885193454,0.0,0.0,48.357119999999995,-1391.3922929435726,-2904.821315035339,13555.16323950052,0.0,0.0,0.0,11997.184230623565,-5709.140207142373,-3378.8715248572616,206.87489771291374,-784.708955322761,-284.6967439401184,0.0,0.0,SUBMERGED,UUV
1781496859.2705982,-4.278206335473034,0.2636668633388058,-8.19617120550922,8.194947091731368,16.350187596561728,-17.502724667112076,-11.257079625914855,21.035292446650736,-28.335828954523436,0.0,0.0,48.357119999999995,11823.209022201077,-2346.1281197257576,1984.4629394108438,0.0,0.0,0.0,-12197.822292970988,13196.91278604146,-18185.483400472927,-6.236247530551987,-58.04028815880554,-47.83510678847047,0.0,0.0,SUBMERGED,UUV
1781496859.6705937,-4.2557130547947075,0.15683633093732088,-8.183318979445408,-11.397391846495253,0.3909299937177688,-11.644211687662354,-14.89206046038986,22.59552698074626,-31.78408057280182,0.0,0.0,48.357119999999995,-6569.750888590987,12149.7462897433,-19246.348860334238,0.0,0.0,0.0,-854.3155337149833,-8449.529027730101,10418.479556188295,-977.3030250588098,1135.2040600634784,1437.9710484224966,0.0,0.0,SUBMERGED,UUV
1781496860.070599,-4.393972203225276,0.16881533781504146,-7.954371343020028,-13.237948607037755,-5.3630506020108655,7.315625255819883,-18.31201788711521,24.291961002468096,-33.87560629518458,0.0,0.0,48.357119999999995,1053.0975432841951,-5027.141421193731,2069.5832907556255,0.0,0.0,0.0,8113.7359016699,-2834.329744314484,9855.063431871402,164.50460727279972,-243.73169457849727,-508.2714443662798,0.0,0.0,SUBMERGED,UUV
1781496860.5205631,-4.1892679036867895,0.22417846357497404,-8.115758552966115,1.6337738648149158,6.891016573645691,16.277825912868504,-18.802232708074655,30.934398350720198,-36.43186243650096,0.0,0.0,48.357119999999995,9341.504305942017,-4569.046013916247,-38.00352632588853,0.0,0.0,0.0,-14414.933527718242,14892.667944006014,14564.608107119602,0.9372630968549072,-8.509247229361277,214.3191152639626,0.0,0.0,SUBMERGED,UUV
1781496860.87059,-4.383022727478609,0.15465995378106437,-8.226215406876506,-9.281215048856431,-11.914614690352877,3.9549455135241907,-22.465898054422706,29.801966318019407,-37.39906300483531,0.0,0.0,48.357119999999995,-11769.654557181982,11066.537556276753,-6079.014941435378,0.0,0.0,0.0,9525.959867199559,-12363.708542194647,-4741.3549965914335,-484.3211784900296,400.3231302240176,1224.814816402737,0.0,0.0,SUBMERGED,UUV
1781496861.3205922,-4.50714014031846,0.15769778106015367,-8.199253666837036,-17.366846603087495,-17.423673994566897,-18.39025299106166,-11.635525571043555,24.34655413814508,-33.949690197244614,0.0,0.0,48.357119999999995,2740.1739636025186,-3430.8329958614527,-5475.1168617032135,0.0,0.0,0.0,5685.02928149301,-4811.867949674212,-5861.719425039306,358.59504938406224,-420.36884227902976,573.9346121384106,0.0,0.0,SUBMERGED,UUV
1781496861.7205412,-4.174735257077599,0.22421685344729406,-8.196736940037352,-5.727464391808081,-5.233961196235273,-11.21108288669456,-9.629043318811732,23.20864481359544,-32.09349899878539,0.0,0.0,48.357119999999995,1009.8612823935472,-1371.8307432555932,-10690.115337254436,0.0,0.0,0.0,-12444.691051213813,12869.025438353121,22737.25667382853,142.41317653912657,-193.23304382250723,103.91300101019726,0.0,0.0,SUBMERGED,UUV
1781496862.120532,-4.335472621686514,0.19610501929930427,-8.131696705023552,-2.760910879528983,-0.04114158704793763,7.35902155982192,-5.71333214043483,21.387170926431246,-29.88003898089428,0.0,0.0,48.357119999999995,-10913.502373938565,12310.159170021818,10925.624451581827,0.0,0.0,0.0,13375.017951723477,-11343.740672994445,-565.1001093234095,-513.0645735839609,692.5556963767673,-1238.5175517267292,0.0,0.0,SUBMERGED,UUV
1781496862.57055,-4.437546561503236,0.1260983816354715,-8.103834933027192,-15.129490534645502,-11.306231972207692,16.13535090014488,-7.131107405596573,25.114039403990397,-28.0689941264386,0.0,0.0,48.357119999999995,3700.351523978694,-807.375263522134,4971.163326280169,0.0,0.0,0.0,926.0033781339293,-5995.376228413609,402.53084529235934,638.501120393598,-716.5364629081968,-852.6284934706946,0.0,0.0,SUBMERGED,UUV
1781496862.9705474,-4.2770954933042775,0.2609570086910499,-8.386167279906521,0.7639238800963044,9.353556056148648,1.7131153145303288,-7.410194259540106,29.455399114771385,-23.942600376575367,0.0,0.0,48.357119999999995,-117.89238590681106,-2537.053092001998,4075.3295577597205,0.0,0.0,0.0,-9441.941244670239,13346.2598397539,-19903.867421973926,122.22007389619421,-94.01435272727656,-57.394286645032096,0.0,0.0,SUBMERGED,UUV
1781496863.3704917,-4.443408321475125,0.2510723752628571,-8.27337605851415,3.248231240706471,15.586727879405736,-18.349220703987797,-7.834582037372472,33.152633216405334,-19.606838397827982,0.0,0.0,48.357119999999995,-6129.888424490225,11857.9833360507,-16477.843128684333,0.0,0.0,0.0,14372.084489799325,-7926.7490206113125,7070.172538528375,-353.1666672250171,1043.0065613736015,1079.2288495512053,0.0,0.0,SUBMERGED,UUV
1781496863.7706106,-4.328354626041006,0.11678111321275847,-8.183532191623721,16.557613377295958,8.848299807611866,-10.301918437625059,-9.10668945415961,33.5639090870811,-13.728271360877516,0.0,0.0,48.357119999999995,12115.976298655638,-2238.7273321009884,-236.51216030853413,0.0,0.0,0.0,-9549.349765299774,-6254.26487767148,15171.793293497372,-29.642309824251313,32.37210216184867,-403.7267891039137,0.0,0.0,SUBMERGED,UUV
1781496864.1706276,-4.271856148277459,0.31842273534909515,-8.341944590092671,16.80329245555056,4.626284543850439,8.643063812122776,-5.9825069872210435,31.984664274600565,-6.64313389997048,0.0,0.0,48.357119999999995,-5191.644542963766,-1899.6180452502588,21714.187679663184,0.0,0.0,0.0,-2733.908222675481,12377.991682636728,-15381.918529696095,-848.2238311436018,-10.425679280763912,-401.26744886847075,0.0,0.0,SUBMERGED,UUV
1781496864.5705993,-4.517932598027957,0.21405202642920665,-8.345618509163868,5.0880509901852715,-16.033910313681652,17.004803875596252,-6.095589291060732,30.038932292122837,-0.48072096299283157,0.0,0.0,48.357119999999995,463.3103466962752,11274.424310499062,-3624.6998219445877,0.0,0.0,0.0,8851.447386725764,-11764.553155092328,-7768.8620860789015,199.8019464487523,325.4560457021425,653.832504729351,0.0,0.0,SUBMERGED,UUV
1781496865.0205834,-4.375279717087141,0.15192318771678043,-8.46130628719183,14.698818219153258,-5.174101930687986,-0.10066398569811688,6.814057849725516,22.615086274740413,6.558195881783879,0.0,0.0,48.357119999999995,10984.261734429443,-966.0941055723159,-261.9716884279264,0.0,0.0,0.0,-13059.411907366699,-7920.405941164138,-13080.185221349151,4.60345613507697,-85.39417267067736,232.21607961163784,0.0,0.0,SUBMERGED,UUV
1781496865.4205887,-4.33714269855027,0.34960584092618946,-8.374184266858364,13.9525028967011,-11.428162472118885,-18.821167091979426,9.825271563774688,23.035697086710112,11.913818487599487,0.0,0.0,48.357119999999995,-8485.445534084423,-5795.4319728145165,-22752.28466776072,0.0,0.0,0.0,1744.6415158806553,14651.713518029632,19837.868264006247,-899.5522583397931,-397.7194164797977,726.8341207394838,0.0,0.0,SUBMERGED,UUV
1781496865.8205822,-4.456165214817376,0.27176455670504723,-8.221290967454106,-2.3143049245269545,-11.668562661062886,-8.594782270512207,14.366223243182684,25.81807182182872,17.28568866067591,0.0,0.0,48.357119999999995,546.5261984347703,10627.94793351007,2360.6626761913813,0.0,0.0,0.0,9047.19737881506,-5410.449608236365,9384.672674315114,149.35858439994132,295.6107830328717,-723.8057621129122,0.0,0.0,SUBMERGED,UUV
1781496866.2206519,-4.320972921662115,0.19528148442266716,-8.49450543386022,-6.091548222433891,-8.45302369403818,11.304154293680106,18.05282433718313,28.747630817385993,21.883461885498125,0.0,0.0,48.357119999999995,4901.439975160394,-1500.9693456904974,17706.44928004513,0.0,0.0,0.0,-14181.935338847034,-6697.561295762263,-23083.722195077735,146.12372015627935,-134.92238213437548,-110.14798016081527,0.0,0.0,SUBMERGED,UUV
1781496866.6206965,-4.480839785685385,0.38382912733765234,-8.434136611985073,-16.470216654584412,11.731708429745554,16.009325381070983,17.773692254819313,30.084588810917122,26.514687152382212,0.0,0.0,48.357119999999995,-11795.371016772368,-1377.4986764414778,-12210.034356078959,0.0,0.0,0.0,11625.750086287933,12525.319882733998,2147.3017011672296,-678.8969439930975,362.20759510348194,548.2695418684345,0.0,0.0,SUBMERGED,UUV
1781496867.0706053,-4.567093107774759,0.282350448822997,-8.46036468677921,-11.79394046202705,0.6540914821091481,-1.9669749353399053,7.685563892481109,26.223986114566525,28.148503725545265,0.0,0.0,48.357119999999995,1817.0225196416316,8222.750333805268,-5427.285916533561,0.0,0.0,0.0,6851.892934112864,-1606.2894701937194,-5795.670217980176,324.9550159701299,483.0615764302771,778.315938075271,0.0,0.0,SUBMERGED,UUV
1781496867.4705248,-4.25269010292984,0.24132647679188263,-8.443230343668843,-13.529867950391193,17.35372667534609,-18.946384396677992,4.99484452461927,24.302496564487342,30.240047925695556,0.0,0.0,48.357119999999995,2435.571156014077,-264.7077982470545,-10920.715544752347,0.0,0.0,0.0,-13704.18323254367,-9197.912416765634,22599.354281001506,166.16985710768452,148.10098479401128,55.91089990601046,0.0,0.0,SUBMERGED,UUV
1781496867.8705878,-4.483080658500073,0.36245673675294415,-8.398247714133989,-10.329005506455037,14.849903571330543,-7.541443236317911,5.466465618329275,21.116226463492573,31.725684626589583,0.0,0.0,48.357119999999995,-12222.75009539556,-5927.18110082174,10835.21044550588,0.0,0.0,0.0,11652.528184731245,13957.872834062111,-532.5973970393363,-562.3210337866285,-89.94914000015184,-658.4025261364244,0.0,0.0,SUBMERGED,UUV
1781496868.3205848,-4.519675989918915,0.3087940360905328,-8.347759911971297,-16.89883533900692,14.40940830033617,15.555504460798145,12.432474762001648,23.467744096686964,33.45693640775727,0.0,0.0,48.357119999999995,4161.683747916182,7635.510359272401,9830.17950988984,0.0,0.0,0.0,4101.009216382257,-355.7405357970961,1058.7228832785308,560.5116225378107,767.429417756478,-1021.3108836345821,0.0,0.0,SUBMERGED,UUV
1781496868.6706088,-4.303501685450148,0.2627045331853066,-8.561644959242113,9.080354559217808,-4.857573732865957,15.609044736587972,4.02952269511486,19.74827559631125,32.72718033163693,0.0,0.0,48.357119999999995,-1297.929584007305,-3088.579044489286,-21900.577537461737,0.0,0.0,0.0,-7364.953917347895,-5098.953748816054,16518.499161471547,-427.70660236013475,-786.9042611473799,373.9359498396409,0.0,0.0,SUBMERGED,UUV
1781496869.1206508,-4.5262253035806745,0.30444315884144896,-8.534712225329605,-3.8448484099759552,4.391963507823742,-2.557180750143491,16.717288346441123,30.495500334940477,33.94263001268025,0.0,0.0,48.357119999999995,-10287.466669501893,-9767.878542304066,-16073.029313593506,0.0,0.0,0.0,13690.511557167198,13896.160677943177,6754.104927463254,-675.5230660170115,-664.681253804473,1038.5161664862458,0.0,0.0,SUBMERGED,UUV
1781496869.5206103,-4.474502880962177,0.32424029359707557,-8.40275343436937,15.330442660538813,-16.16070130559702,-18.8977222126593,17.52408006213754,32.9333525767192,32.819424119569774,0.0,0.0,48.357119999999995,9075.618448685744,7915.627897743163,-201.34455748160642,0.0,0.0,0.0,-2852.9283688851706,-1171.0015275972983,14863.484548250462,-67.27261057614115,-18.21567931323921,-759.1626746606385,0.0,0.0,SUBMERGED,UUV
1781496869.9207833,-4.361817987921665,0.21063998219030833,-8.659892621548806,15.940245276932703,-16.431088816706158,-6.8569986649146415,18.25473471031031,35.78252408955127,30.42380192058457,0.0,0.0,48.357119999999995,-1540.7833863473716,-385.64689139230995,21331.949086229983,0.0,0.0,0.0,-6751.263290701481,-8346.280108473102,-15761.15727471969,-264.30582926271194,-217.99839246296645,-158.39239882970827,0.0,0.0,SUBMERGED,UUV
1781496870.3206348,-4.629310467036535,0.3145160145517861,-8.573254890088679,8.855822432820565,-4.044987577587169,10.828636782142812,13.19512095201066,34.162430724005134,25.802505765847478,0.0,0.0,48.357119999999995,-421.38969189940946,-3965.5172517940878,-4159.6370938629,0.0,0.0,0.0,11525.572816172204,14032.23928397374,-7087.222814763907,159.8639082504381,116.42745501081421,-157.9178989048556,0.0,0.0,SUBMERGED,UUV
1781496870.7707412,-4.526472357158413,0.29999519478807496,-8.68810752255077,16.979346447929505,-13.680519897580577,13.445403062121548,-0.9976978605617688,23.54221494457502,19.207481532345454,0.0,0.0,48.357119999999995,11140.091686142208,5811.88705518218,-661.8383804661926,0.0,0.0,0.0,-7190.663629117311,1519.5508781537194,-11847.195990238442,76.7512270683231,143.62633897310533,846.0980289625533,0.0,0.0,SUBMERGED,UUV
1781496871.1705837,-4.362149437412934,0.15832599906534067,-8.633303776948908,16.631136107123716,-9.004981487442286,-3.425614755222324,-5.495054089380459,25.347829586029594,14.423823457478784,0.0,0.0,48.357119999999995,-4483.060200531605,149.69761189257778,-21674.270444529924,0.0,0.0,0.0,-3365.978730340356,-10736.893357591774,20852.290941370644,-434.0043956702393,-43.35532976788998,186.1599840798198,0.0,0.0,SUBMERGED,UUV
1781496871.5705492,-4.564482355787558,0.31724468542652595,-8.512808598581879,4.142237555532525,11.63539224986471,-18.561701825685212,-8.000491380809965,29.364940913665766,9.013089421620741,0.0,0.0,48.357119999999995,495.8514518581895,-5863.363193970678,8003.58700884855,0.0,0.0,0.0,9005.1150045305,14056.468919672789,2749.4565641007157,456.4619580669991,39.78771549718604,-65.26949755683049,0.0,0.0,SUBMERGED,UUV
1781496872.0205557,-4.403880996280634,0.33747825200537585,-8.601120804668989,14.305010009033916,-1.0143405900157445,-4.153936774231737,-2.008410358239122,38.443678200290044,1.4762796229198416,0.0,0.0,48.357119999999995,10548.426192788267,3907.3262861085227,2410.2025465333577,0.0,0.0,0.0,-13422.624198526744,4305.764959636302,9262.781447975442,45.81468149587408,287.90360404449416,-474.86495802195753,0.0,0.0,SUBMERGED,UUV
1781496872.4206984,-4.515619970824812,0.10580160399238712,-8.73998458294823,15.924932219679349,0.7374097001437816,11.952422930677267,-4.067639497232505,38.47685817622914,-5.230572648466111,0.0,0.0,48.357119999999995,-8582.832672510962,1126.8948398428704,18688.756787404556,0.0,0.0,0.0,1693.022854820822,-11955.778607005795,-23238.40743075225,-286.4484330129369,149.29257300386246,-222.43779550925524,0.0,0.0,SUBMERGED,UUV
1781496872.8206136,-4.625481808238104,0.25749760497267776,-8.690225034660441,-1.4211756687231267,15.64623877637884,11.976478239496194,-3.872532339960327,36.282509405272464,-11.387260609606685,0.0,0.0,48.357119999999995,2408.344952438626,-10545.193317628477,-11690.384581234397,0.0,0.0,0.0,6041.662955526659,13147.860279572678,1301.0859935736335,580.4657537464667,-671.1261803422695,880.1703270041473,0.0,0.0,SUBMERGED,UUV
1781496873.2205849,-4.342741854433442,0.2164238274453307,-8.698930906627396,-1.5926306445598168,15.029321172797141,-0.627802373141062,-5.709054534514941,33.4366774986314,-16.787461913527892,0.0,0.0,48.357119999999995,181.15585952972083,9786.887945046592,-73.73054825158613,0.0,0.0,0.0,-11445.2677435794,-4039.3655828278297,14632.892304105066,-31.76807924918931,-19.008415596049286,-429.15801334205867,0.0,0.0,SUBMERGED,UUV
1781496873.6205304,-4.58771754217992,0.08661809808616798,-8.675816117854046,-16.385028938539243,-7.47047775426362,-18.144695849240737,-6.106144166931533,29.277600653609678,-21.56161723636525,0.0,0.0,48.357119999999995,-9552.292443989867,-1011.8405511202023,21997.76267316241,0.0,0.0,0.0,14376.231218813293,-7327.067994727801,-16513.940361109206,-553.9813876792658,-525.187325567863,-456.62451769087795,0.0,0.0,SUBMERGED,UUV
1781496874.0707083,-4.566610405945334,0.24793629788940477,-8.690923140196245,-10.714007516479443,4.154315375102096,-1.7934570751171608,-19.895362765846187,28.43549490223847,-26.81087501705291,0.0,0.0,48.357119999999995,5172.696167141011,-12452.561036558236,15590.026665038833,0.0,0.0,0.0,-1186.8287190981623,14276.949441567502,-14125.108185096597,810.9725111844989,-924.7283243899732,-1266.0950694007875,0.0,0.0,SUBMERGED,UUV
1781496874.470528,-4.502338995902373,0.17195351100546719,-8.929588696241007,-13.766430797294507,-15.650275151551337,17.667853842386226,-24.655208305744747,31.58504829599018,-32.35122820844561,0.0,0.0,48.357119999999995,-281.13842190285806,7095.631856935594,-642.0691276645005,0.0,0.0,0.0,-9206.353944292354,-169.00216469229963,-12044.884567679837,-107.48713869560271,101.86373624451635,455.15563647239196,0.0,0.0,SUBMERGED,UUV
1781496874.9205415,-4.671178071607996,0.09733869960384257,-8.80314653696646,-15.24096904013493,-3.6765484230477026,9.058281661610467,-22.454391467854073,35.24556662524988,-37.365818123866894,0.0,0.0,48.357119999999995,-11488.227750202099,2030.3516813908975,1288.5909843802385,0.0,0.0,0.0,13134.233648905163,-13062.64220020805,-17439.757031494933,-11.79820816457923,49.00703540041358,-102.12319659260511,0.0,0.0,SUBMERGED,UUV
1781496875.2705114,-4.501280144454673,0.24351542457389277,-8.726765869777513,7.150056543345316,-2.863272716234746,-6.720451689547266,-28.589712792933835,34.80289082937958,-40.02034987951212,0.0,0.0,48.357119999999995,11402.952241879775,-7715.145481125178,3434.948299517266,0.0,0.0,0.0,-7031.697897549125,14333.553659820034,7854.473025372922,340.1667621131896,40.15834531100556,-577.4672552213226,0.0,0.0,SUBMERGED,UUV
1781496875.6707118,-4.5213955963476185,0.14865685974801301,-8.927558276989854,10.287275322706813,0.6536440703323229,-17.32274731721394,-29.32590669458139,37.267717986100344,-43.84403450450085,0.0,0.0,48.357119999999995,-3117.603985153524,9200.713803249335,15255.592989091554,0.0,0.0,0.0,-4799.294843465519,-2616.0215331865993,-22970.78975727022,-63.802586701624726,115.25533575887137,-115.20493872115449,0.0,0.0,SUBMERGED,UUV
1781496876.0705743,-4.74352045908635,0.1409272791135146,-8.766214662796559,13.894714648261573,16.27134229230704,-3.9818836123227235,-27.065966865008683,34.99374459454223,-43.73879381000257,0.0,0.0,48.357119999999995,99.85993974488625,-1837.9115456190834,-14516.070243264321,0.0,0.0,0.0,9710.996032429723,-6780.238371659811,4524.9551216826585,494.7425159511192,-765.1268072384482,282.46794155920537,0.0,0.0,SUBMERGED,UUV
1781496876.520523,-4.627083758374418,0.1958777522251643,-8.921374587306964,14.918951649135007,11.596129471626181,18.422729793724447,-11.638207620768256,24.956181790786854,-39.81826083244018,0.0,0.0,48.357119999999995,11804.734859152602,-10703.811155680527,-7025.950079358498,0.0,0.0,0.0,-9829.9603083081,12742.860556493433,-3682.225739994561,462.71867225520566,-495.9636818188715,1216.6338157448351,0.0,0.0,SUBMERGED,UUV
1781496876.9705658,-4.551580074561409,0.18605309308911294,-9.021362261605182,0.10419731746412936,-1.381445569624712,8.07629584028715,-21.002498205907205,30.939625537341517,-42.24857151175605,0.0,0.0,48.357119999999995,-3042.4917162517913,3827.1150932011737,-6050.066244292148,0.0,0.0,0.0,-5278.11577511002,4355.704249305298,-5201.201702509492,-406.3129825482036,434.52245869845297,620.2886545164689,0.0,0.0,SUBMERGED,UUV
1781496877.3705695,-4.701708673210315,0.13052081117879225,-8.72892769870877,3.621755425065337,4.726657900396441,-11.993470166907908,-21.321772752533526,33.05227628082002,-41.68595714078466,0.0,0.0,48.357119999999995,-705.8240157864566,1129.896789838787,-9592.95091566644,0.0,0.0,0.0,12063.894822459082,-12663.667462687597,22496.432353906464,-195.95290026057836,164.2462291429082,99.1066641391254,0.0,0.0,SUBMERGED,UUV
1781496877.7705271,-4.559940126542543,0.15320050088741954,-8.858836158085884,16.676261416185977,15.77613524172265,-15.835079884806497,-22.905695337130854,35.96567091155382,-40.12364884763685,0.0,0.0,48.357119999999995,10337.618802879719,-12263.895942369065,11930.295463843786,0.0,0.0,0.0,-13625.20522718578,11857.551693096104,-1724.039279299028,398.2353061663996,-789.3530502247612,-1159.5447654947952,0.0,0.0,SUBMERGED,UUV
1781496878.2206092,-4.478809584667268,0.23091476759348056,-8.930196441836976,7.799869497601295,13.409074126889006,2.077668898626733,-17.019367299795764,34.63200355092176,-33.82730338598565,0.0,0.0,48.357119999999995,-6774.271604346849,3167.4072495852015,11068.756302249245,0.0,0.0,0.0,-819.9444757654906,5459.571717988841,-311.9808660870501,-727.2863565241289,644.5311544665357,-888.8202430441463,0.0,0.0,SUBMERGED,UUV
1781496878.6206064,-4.809621405000063,0.14670494672063994,-8.928452971818176,16.18577907476252,10.661828304980066,18.699444839662362,-12.034680940719403,31.860337879709054,-28.913300334391202,0.0,0.0,48.357119999999995,144.68453290043,2051.7917771397574,3449.863215311937,0.0,0.0,0.0,9374.61342549551,-12999.180884222722,-19534.465105853265,-116.09111531744686,88.23441911478515,-48.30238026669988,0.0,0.0,SUBMERGED,UUV
1781496879.0204933,-4.617655647684097,0.1677421350143246,-9.028402961792043,13.81624890307948,5.940974919063839,7.49649603222048,-6.577924650005373,30.005104607701607,-22.913915231642047,0.0,0.0,48.357119999999995,6027.989144013317,-12116.487361396546,-17397.482128052245,0.0,0.0,0.0,-14335.616838604623,9062.551899131176,8329.820402398367,283.1162994913525,-1098.003194967453,1062.0984244754316,0.0,0.0,SUBMERGED,UUV
1781496879.420539,-4.565290627715409,0.28770855027412695,-8.884533736433,-1.5371884136166425,-15.441793761898724,-11.197230510860859,0.37137394875817664,30.689778201814057,-17.474623769276114,0.0,0.0,48.357119999999995,-12037.071702661591,2715.0343737504018,-128.15168316107656,0.0,0.0,0.0,9394.371722184924,5617.4234971022615,14876.681503320968,6.457167676738921,-53.068426831210445,-437.0515692752373,0.0,0.0,SUBMERGED,UUV
1781496879.8205695,-4.749872478904914,0.12470845373854152,-8.927145117604077,-2.5075615564412783,-16.71630015859149,-15.044304507583048,3.8102854575928444,33.06838355596622,-11.30392726889129,0.0,0.0,48.357119999999995,5221.219312555146,1237.1451703368487,22094.82549852988,0.0,0.0,0.0,2594.951040586048,-11851.01314951208,-16315.0747754129,799.173168001587,-131.40055311290777,-344.9308860083234,0.0,0.0,SUBMERGED,UUV
1781496880.2206209,-4.623810587677245,0.264179355616575,-9.142504953781986,-16.513369983064113,-3.9960212920911338,-0.2334317277758597,10.01156208766595,35.704030019151496,-3.9979684967291025,0.0,0.0,48.357119999999995,-583.6168068914094,-10886.608966223723,-4130.007809965016,0.0,0.0,0.0,-8599.880520009716,12641.04314548375,-7151.663148672701,-289.1300076119692,-299.74725116022387,595.5223643945804,0.0,0.0,SUBMERGED,UUV
1781496880.670568,-4.776088692750239,0.34495946548929296,-9.066132318032091,-7.249855388115233,-14.57323836526334,18.743003665783622,3.936001281281048,43.314885411945774,3.6612156515760286,0.0,0.0,48.357119999999995,-10888.853293291533,1219.7203740681034,-441.82921679843514,0.0,0.0,0.0,13332.731220396632,7579.226108119202,-12646.016990006654,-30.02767089354849,29.62275517342134,234.29563188583018,0.0,0.0,SUBMERGED,UUV
1781496881.0705671,-4.716660672611506,0.15360386683644728,-9.005653446708953,-9.181682456995867,-9.146855214553156,5.751555743166689,6.118189849909371,42.50581009879266,10.40785810971139,0.0,0.0,48.357119999999995,8758.844648176755,5150.110575902091,-22609.779837918722,0.0,0.0,0.0,-2067.7975804638795,-14572.657582057593,20519.52825768583,737.0567200574848,447.5408080559632,650.9392395390292,0.0,0.0,SUBMERGED,UUV
1781496881.4705415,-4.524144706682253,0.2426998034388893,-9.06011326700423,-14.692098213720014,12.347618743170605,-13.898285954615293,6.277480695540558,38.039160233832895,15.661057757230452,0.0,0.0,48.357119999999995,-654.7739148392683,-11030.487088915954,2745.653156263015,0.0,0.0,0.0,-8891.292438172679,6311.992641545584,8850.346422384286,-258.65853583994556,-305.28513322579863,-754.1792558656691,0.0,0.0,SUBMERGED,UUV
1781496881.9207993,-4.743949768305031,0.35367473154456774,-8.926747475369822,-15.134716287938872,-1.5304165467720834,-12.24219913366822,13.345920162887543,28.912249358044953,20.81876005979436,0.0,0.0,48.357119999999995,-10130.481958198376,-119.23047597734777,52.56387461774441,0.0,0.0,0.0,13804.790613808795,11351.867740889033,14037.67734475352,54.293039571402865,169.12091579804002,27.716662464200226,0.0,0.0,SUBMERGED,UUV
1781496882.320562,-4.742384437660533,0.1958399022791966,-9.104871409651052,-16.103159891163912,4.195236106313539,6.543604537277889,17.433402651899936,30.604399027141486,24.77185422336541,0.0,0.0,48.357119999999995,11586.885012452445,7178.365674866803,20195.544346042585,0.0,0.0,0.0,-6558.5545595420535,-14624.600100794993,-23263.804195782533,503.5181352851629,320.87604060803386,-559.057889652676,0.0,0.0,SUBMERGED,UUV
1781496882.7205563,-4.691821007847469,0.28134819335106787,-9.256626346766412,-8.936041039096816,16.712439358756978,18.253854473399286,22.21828411695534,33.45409403218534,30.148630284169837,0.0,0.0,48.357119999999995,-2103.0550654844355,-9079.48895567242,-5820.248625443249,0.0,0.0,0.0,-6426.475322525743,2914.757813085927,-5320.500421823835,-395.5122568958535,-488.5751603144815,842.4323498865044,0.0,0.0,SUBMERGED,UUV
1781496883.1205707,-4.8037587312147245,0.3283209990139791,-8.96633010611389,-5.913698868003424,12.736742644217331,4.2324769033638185,26.338850121387065,34.08815221899781,33.60487822732819,0.0,0.0,48.357119999999995,-1781.245035423034,510.6000373791917,-10129.591316537388,0.0,0.0,0.0,13188.130602469459,8661.948260904952,22439.62987919409,-180.6491569907128,-135.79822555172805,44.73168799039418,0.0,0.0,SUBMERGED,UUV
1781496883.520573,-4.658650471564742,0.20776038130660227,-9.164728049767126,14.15046749575923,-6.075799832915852,-15.570882807605617,26.877683126188245,36.043120384932756,36.16058547258996,0.0,0.0,48.357119999999995,9475.450677279236,1767.0073239164478,18052.423480890764,0.0,0.0,0.0,-12215.594052312112,-13769.958988446306,-1345.9646661374927,498.73797131188866,-250.7163796526816,-280.55464591248506,0.0,0.0,SUBMERGED,UUV
1781496883.9705303,-4.605287440982655,0.27306939802317665,-9.166192593178831,-1.6504089809495173,6.062762466229405,-11.288632289547001,18.55042868153009,33.65675870726537,35.85374110252497,0.0,0.0,48.357119999999995,-4678.568010466057,-8355.737414237738,10290.004348143073,0.0,0.0,0.0,-3538.1742964716327,1322.7158392154051,516.9088088339379,-689.8494730679975,-717.2969117480062,-1090.8217266222182,0.0,0.0,SUBMERGED,UUV
1781496884.3705795,-4.955422200314342,0.3120227027696584,-9.16959701915323,-1.8723591441544745,4.407667023026873,1.4186126075543544,15.27377392519046,29.757660605506484,34.73936783375567,0.0,0.0,48.357119999999995,233.87352982944867,997.6162424331362,233.87485965276915,0.0,0.0,0.0,9283.007348668943,7759.605541808933,-15405.603878590962,-40.551251646688435,-31.99424550161536,122.47672475526213,0.0,0.0,SUBMERGED,UUV
1781496884.7706065,-4.696168235530897,0.2433125730368446,-9.24696828180165,17.281903416096675,-17.206418011933934,17.824489286716158,12.494997537956746,28.16277579646417,33.767944726402746,0.0,0.0,48.357119999999995,6203.840723537111,5261.193727858851,-21961.59197977459,0.0,0.0,0.0,-14576.50635218249,-14390.708612935716,16300.348641924156,356.97239816260196,445.047929562728,392.3478949401938,0.0,0.0,SUBMERGED,UUV
1781496885.170621,-4.698935038114798,0.2629702630966991,-9.129012055656432,16.548840025181605,-16.102972466296833,3.6969134739105036,9.879750565365365,26.763299350098603,32.222484379336024,0.0,0.0,48.357119999999995,-11781.967909005667,-11178.145527920398,1118.182888882819,0.0,0.0,0.0,8245.69325092156,6729.628084206011,11050.013480657024,-187.86411631625333,-121.51673582058027,-1094.8613975074077,0.0,0.0,SUBMERGED,UUV
1781496885.6205614,-4.868360500799308,0.33233311325611486,-9.040591197780577,16.334837257757915,-14.450932528930593,-17.21925362167924,16.235672395613776,33.94261291387656,32.629177444590496,0.0,0.0,48.357119999999995,480.8405222416084,-187.03337908333313,-401.2651967035252,0.0,0.0,0.0,8950.709776106989,11510.66257466749,15875.960111337405,-51.95100671502371,-49.7262337580907,-27.82740832803384,0.0,0.0,SUBMERGED,UUV
1781496885.970604,-4.707416394320238,0.19645253340701682,-9.360400532857133,2.489564931094484,3.645051730306617,-12.425643059168431,6.829614963519765,28.103975543640566,26.933795717681015,0.0,0.0,48.357119999999995,-372.4146655132235,713.5442325673268,-10254.236786068137,0.0,0.0,0.0,-9001.665758669467,-11889.015772543684,-218.37877678361906,-471.3142978413205,-360.91790527012427,-9.143242062354133,0.0,0.0,SUBMERGED,UUV
1781496886.4206543,-4.879719433664872,0.1972131138860414,-9.319997717191164,-0.19599630277883806,9.499096122180852,6.089547606682009,17.31434934724173,40.93554580213088,25.568733601220533,0.0,0.0,48.357119999999995,-11222.33068531215,-8846.264194544558,-3875.1472123876465,0.0,0.0,0.0,12300.386160852522,2626.2188050933096,-7344.108905333807,-292.6334359737569,-341.2703355859593,1036.941052569162,0.0,0.0,SUBMERGED,UUV
1781496886.8706076,-4.974053958420037,0.32811407342902543,-9.290008663310681,13.230647948066379,-2.9267746977816156,16.765040962989836,10.043718164239555,32.50780141809054,15.756237179113699,0.0,0.0,48.357119999999995,2557.888672689503,-623.4212589184549,-400.49946949731697,0.0,0.0,0.0,5698.782758889023,11732.016739196588,-12809.312242758542,57.430669779369055,29.95292372137085,129.4032154420616,0.0,0.0,SUBMERGED,UUV
1781496887.2205875,-4.675049479869967,0.17256918651610761,-9.30905435554021,-16.67925706707678,8.637218121106436,4.560194869162315,11.48074450370188,37.77048562270857,11.391193777687175,0.0,0.0,48.357119999999995,-1127.780132239662,5311.884552078152,8934.575137891614,0.0,0.0,0.0,-8049.10765636856,-13844.544338974792,1729.6010637919057,-451.98765245206727,-35.92779306944219,-120.60432224755422,0.0,0.0,SUBMERGED,UUV
1781496887.6705768,-4.8205871049743,0.13397127013063181,-9.189336520914914,-6.714209383659548,16.61049309239412,-17.90960019061677,-2.484217045480693,29.51268642674469,3.0001359652312014,0.0,0.0,48.357119999999995,-9059.095175076009,-4446.071573425927,2924.3568048113866,0.0,0.0,0.0,13922.42535861938,-3596.596099199055,8646.331622980291,-49.784497136207044,-253.08276763334527,-407.5943126113646,0.0,0.0,SUBMERGED,UUV
1781496888.0705633,-4.889012072115107,0.32316778614905284,-9.384990057183844,-7.743768420416187,12.868281228243271,-9.530104089268235,-6.75690657083015,30.52049446049463,-2.959465577565344,0.0,0.0,48.357119999999995,11869.908856413294,12.63297485267748,8218.08046734186,0.0,0.0,0.0,-8041.390071310179,9807.458548573875,-21873.192996004746,6.758832429685302,-60.77870496257468,-7.17710285866575,0.0,0.0,SUBMERGED,UUV
1781496888.4706151,-4.801552585850273,0.1263919451038415,-9.40871405757711,-15.020334595198783,-5.354929464822668,8.237992255926514,-11.764676750574155,32.394848128551324,-8.95394591942214,0.0,0.0,48.357119999999995,-6399.30049757254,6685.5684534821685,-19097.119919759218,0.0,0.0,0.0,-1090.796142922567,-14476.322858322605,10566.116923615784,-969.5736224059746,444.0690533073376,797.9707065942375,0.0,0.0,SUBMERGED,UUV
1781496888.8705997,-4.897289679621087,0.19206691171030868,-9.19537315344083,-14.559672855790136,-10.209142677020841,16.70936380017398,-15.575481882958389,34.163195971045496,-14.905755377459645,0.0,0.0,48.357119999999995,55.502649111421164,-10494.810480647297,24.94092099418855,0.0,0.0,0.0,10278.263744965898,5181.5210601255585,14024.551117595938,-31.001862397063093,-12.123321323979063,-512.2692088514226,0.0,0.0,SUBMERGED,UUV
1781496889.270824,-4.795361385923449,0.2704156580042143,-9.475605529662568,2.294363758021532,-11.631390160361905,2.381321951809939,-19.939621954352706,36.321497284709416,-20.26022916644803,0.0,0.0,48.357119999999995,7234.218979325873,1336.1598520852187,22252.850919072567,0.0,0.0,0.0,-14486.626272189631,6918.444552871353,-17895.08489654656,111.03087457009242,244.64656343539755,-137.07510959026513,0.0,0.0,SUBMERGED,UUV
1781496889.6706336,-4.943076642358449,0.08291191581499813,-9.439631768541302,5.992356604214329,-9.211916342018576,-17.82046631816578,-19.311341262595036,38.63659533573141,-25.697111675018892,0.0,0.0,48.357119999999995,-11774.622898342766,1689.7446277450897,-5318.497278294276,0.0,0.0,0.0,9317.168213942636,-12941.85220880692,-5651.626466471091,-427.4423097703624,-266.17568666365855,501.5799133720257,0.0,0.0,SUBMERGED,UUV
1781496890.120628,-5.047883758468698,0.17744457396441335,-9.431040452959348,-7.355224023088452,-15.263221725643925,-8.012041757904528,-7.452778801376905,30.320952681038353,-27.106498914870603,0.0,0.0,48.357119999999995,823.5236864058309,-7546.879742629404,-1127.2266940753325,0.0,0.0,0.0,8248.809963983525,814.5295672820866,-11184.841131735044,88.11830208988479,-167.30148969581316,547.3641780100253,0.0,0.0,SUBMERGED,UUV
1781496890.4706118,-4.717788247897712,0.22719544966136243,-9.459696913343832,14.951546462682803,15.690338485199476,8.33834519078357,-17.380841152146214,36.68122641815146,-31.530771931808967,0.0,0.0,48.357119999999995,-14.815185255610295,3694.5612622223853,10757.8193541635,0.0,0.0,0.0,-9999.910601477419,4838.634773957472,-186.2730823016568,-495.50282744402057,706.0344227454348,-406.97046835726013,0.0,0.0,SUBMERGED,UUV
1781496890.920604,-4.877103000212688,0.09154231501945313,-9.356600546855358,13.856714548242811,3.950546957814094,15.7510857349564,-7.158752696088859,25.402355340646903,-31.936040840180414,0.0,0.0,48.357119999999995,-12134.069808088447,6799.578148695104,4390.5275032196605,0.0,0.0,0.0,9660.91377099554,-14174.266946325895,6715.000483268969,-324.3108030435901,-4.599298865238847,-545.1217088506626,0.0,0.0,SUBMERGED,UUV
1781496891.3206115,-5.007956544391941,0.20094001757872323,-9.496443580454258,10.982837330328355,15.377326637571649,1.4309177705135698,-7.253229838875279,21.96521177328301,-32.18847140489355,0.0,0.0,48.357119999999995,7174.3022762482815,-11506.223336084779,4374.462296845473,0.0,0.0,0.0,-223.4761288219097,7420.809417830816,-19765.067369564946,-207.9020444995937,63.63730145497934,374.5474329018658,0.0,0.0,SUBMERGED,UUV
1781496891.7205567,-4.80300857155865,0.208948170980298,-9.580496627447046,10.069058772771028,13.366856001420926,-18.366377242401832,-8.818301337741683,23.820424620128712,-33.40065439706198,0.0,0.0,48.357119999999995,-610.7349923038287,2331.3465955231923,-16239.401849124732,0.0,0.0,0.0,-8519.175028490048,6108.107049218115,6676.703993347181,-571.9033675191404,860.5384243174342,403.0503224432815,0.0,0.0,SUBMERGED,UUV
1781496892.1705766,-5.002245240122435,0.1566474851391941,-9.527908875496033,16.155844343804954,15.447531846791529,-11.263480410590995,-22.787659780986044,34.998671490201204,-36.387548783529716,0.0,0.0,48.357119999999995,-11249.164705216435,10317.721013389815,-8505.443881925617,0.0,0.0,0.0,12377.719704806741,-13239.008646220855,-2006.5991042508551,-517.8971730024077,454.70062934398004,1093.713905195746,0.0,0.0,SUBMERGED,UUV
1781496892.5706408,-4.913714237542688,0.1574360094608865,-9.396069460775772,5.456824216132679,4.950555771881737,10.075270831547494,-21.605187332515886,35.29111945410006,-34.68061846798445,0.0,0.0,48.357119999999995,10888.985820948494,-10565.827630191243,-570.1951003307415,0.0,0.0,0.0,-5976.714397634954,5302.391482101135,15894.77498816586,-104.90157201684501,45.5526632967387,-765.124757659535,0.0,0.0,SUBMERGED,UUV
1781496892.971532,-4.84723257416577,0.24300543089959328,-9.611991708407572,7.651939543186785,5.363189145215269,17.950892100198033,-21.361301499413244,35.92936030131397,-32.3263765533159,0.0,0.0,48.357119999999995,-2724.558073022621,1419.1655484940907,20780.66019465505,0.0,0.0,0.0,-5432.874660875931,6869.614642024771,-14081.18523318057,-717.0981613054564,694.7542806275178,-410.5154038437395,0.0,0.0,SUBMERGED,UUV
1781496893.3706086,-5.1121760935451555,0.1422140843496509,-9.53133972059833,-14.486380573677646,-16.727311675925115,0.9638956630936496,-16.080001813337702,34.42517477640443,-27.77196170497666,0.0,0.0,48.357119999999995,-1078.7771438593716,4730.352543007006,-476.26899358922475,0.0,0.0,0.0,12325.64435064079,-14341.98609302011,-12626.57644163066,169.61128700820257,-151.86979972613838,-112.7886244894619,0.0,0.0,SUBMERGED,UUV
1781496893.8205833,-5.015579135508895,0.15120954687950963,-9.650897429734446,-1.119181678655702,-10.386321183189636,-18.575059502488276,-0.07345675552513765,24.28999280767142,-21.447570564659394,0.0,0.0,48.357119999999995,11767.652368362697,-7786.95922626973,-357.2820227156739,0.0,0.0,0.0,-9874.288040776184,1192.8892947533504,-12529.529747650495,27.285617226860737,-112.0761367549344,835.8750675434419,0.0,0.0,SUBMERGED,UUV
1781496894.220631,-4.851642252404808,0.30892345568393265,-9.60021151349969,-16.46409803645382,-12.446181333852113,-8.36643598003233,2.4777268496182425,25.34465365651772,-16.411491478968752,0.0,0.0,48.357119999999995,-6219.254290256484,245.1839302174804,-22063.43472400573,0.0,0.0,0.0,-1231.5555709952112,9097.884187747708,20107.407973490717,-694.8065412489374,230.67192232911367,375.14768412972046,0.0,0.0,SUBMERGED,UUV
1781496894.6206021,-5.046314923667798,0.12664279650726137,-9.466154746607895,-17.004793460169836,-9.3329714698296,11.81133887886804,5.4408012292679215,29.89886211977055,-11.49067911222647,0.0,0.0,48.357119999999995,1296.5988768922298,3265.810755527763,7182.153445412234,0.0,0.0,0.0,7808.994315980023,-13426.820400380868,3714.5040357276434,453.46308135164884,-206.8451959799375,-44.268633644889974,0.0,0.0,SUBMERGED,UUV
1781496895.070616,-4.85571954163303,0.13741332868495348,-9.57014091765537,-5.583143931654033,-16.425510502854767,13.171167748641183,-3.913014362487922,38.72284633831521,-4.521339922154719,0.0,0.0,48.357119999999995,8324.895187549731,-5664.189105018624,1946.3375564409334,0.0,0.0,0.0,-14273.42075981155,-2026.801224289976,9827.624910357019,-45.4591028062777,-262.5788176517765,-368.8916714270462,0.0,0.0,SUBMERGED,UUV
1781496895.4205678,-5.0120370032716615,0.34871024790166194,-9.673095130147859,-3.8721251844949114,14.939593314833791,-0.5418563427790412,8.420088930447736,35.753974650006136,1.8418679021380673,0.0,0.0,48.357119999999995,-12005.729184452199,1924.987013434854,-12424.248849230939,0.0,0.0,0.0,10985.109131431505,6711.236794561125,2066.7527311110484,-681.2845546789811,718.4852789094033,928.1964855851713,0.0,0.0,SUBMERGED,UUV
1781496895.8705702,-5.092419208830032,0.17049996712139381,-9.65848565764879,-15.144557215896164,5.576970367094754,-18.624223696816546,-0.3990098552813907,32.628625788401536,8.319868882196461,0.0,0.0,48.357119999999995,3913.421965544164,8028.247247970639,-11010.701392445699,0.0,0.0,0.0,4232.128991107386,-14188.39536949107,541.8958640214419,584.1901790603256,409.3561793323284,680.7440202635887,0.0,0.0,SUBMERGED,UUV
1781496896.2706313,-4.824205841717352,0.2723007815066966,-9.644595146668818,-0.1368924813915786,14.825301750875713,-6.599542731024753,1.9135905912966296,30.260597825088034,14.337073125939916,0.0,0.0,48.357119999999995,-171.87599118062516,-11756.332622598278,-186.28777299047064,0.0,0.0,0.0,-11680.381576672346,3885.158372695528,19329.239039035605,79.84337535703072,154.27618678238557,-240.6772623976464,0.0,0.0,SUBMERGED,UUV
1781496896.6706133,-5.0693324890786675,0.3547382831216047,-9.628279446692444,3.295104571904713,12.655458163734188,14.369679374347777,3.552947604326095,26.837781272025083,19.085149340953787,0.0,0.0,48.357119999999995,-6185.419699476327,2462.298005095567,21748.08394537786,0.0,0.0,0.0,14295.87274870493,5604.83898339447,-15666.074102321687,-378.6426349269012,703.297312431905,-416.61910258447404,0.0,0.0,SUBMERGED,UUV
1781496897.0706112,-5.038311176715565,0.17612279413437815,-9.788237725557678,16.97577206108993,-5.276822754373367,14.278545696371484,7.248781198280837,22.15634692032869,23.257874173457207,0.0,0.0,48.357119999999995,10810.072386852326,2837.015343568609,-897.2505148367288,0.0,0.0,0.0,-6360.040495625314,-13598.22723805093,-11539.894350147844,109.16946773644543,-9.428998195198105,406.20985054845454,0.0,0.0,SUBMERGED,UUV
1781496897.5207179,-4.959712172401162,0.26680806071536534,-9.880550281447254,9.23137206461103,3.960745938197248,-4.972187414435341,22.820891079672506,30.746169364777753,29.574265809297824,0.0,0.0,48.357119999999995,-164.21298485710372,-6591.764656727242,630.7595665025236,0.0,0.0,0.0,-9419.096488477868,-490.4298363190878,-15988.153348567748,6.128533123340134,84.15740724573105,314.18903677107295,0.0,0.0,SUBMERGED,UUV
1781496897.9211695,-5.121447021369484,0.3504408306294311,-9.63789547112754,8.193799035177415,4.122760793395839,-18.39347176240015,23.109717245371655,31.330099294913307,33.580407669061856,0.0,0.0,48.357119999999995,-3095.177205915592,886.1006315855128,-21772.81726109317,0.0,0.0,0.0,13717.335767010158,7917.259815453963,20664.242727017103,-257.83363269262156,266.21441411382364,139.61682649689567,0.0,0.0,SUBMERGED,UUV
1781496898.3206277,-4.9348603367526,0.20962709247241826,-9.707198783940576,12.624184994343846,-16.439605454000578,-5.172496128241523,23.950083593926305,31.683955395813296,35.921330551650854,0.0,0.0,48.357119999999995,11999.43718406444,4723.496094772031,3239.2829258639454,0.0,0.0,0.0,-11454.555983150749,-14139.153333624996,8088.933909761763,252.36601064039783,-141.50836332773378,-329.5137646196429,0.0,0.0,SUBMERGED,UUV
1781496898.770717,-4.852604907741228,0.28426675227527143,-9.73708978726994,16.02057025078204,-10.422729150683832,17.80362678457475,9.367769509988545,24.86943509300679,35.16364032817731,0.0,0.0,48.357119999999995,-1114.4788716729377,-4667.33198922043,201.40768213558488,0.0,0.0,0.0,-7949.034578634597,-3169.280183806974,13116.216609439316,-62.9962548709222,-35.7331596078116,-411.391643869409,0.0,0.0,SUBMERGED,UUV
1781496899.1205497,-5.198849140960341,0.3164962177546569,-9.7522361704148,-5.300790707383263,-0.5189823058869096,13.536928834488863,19.79925599627522,30.96951526495244,38.362617120560785,0.0,0.0,48.357119999999995,963.8165142945011,3410.219775533553,-14225.247170633003,0.0,0.0,0.0,7991.6436364795245,4808.872065328701,4001.369448800264,632.2591056113994,810.603140583148,527.8165174086946,0.0,0.0,SUBMERGED,UUV
1781496899.5705943,-5.027042514994117,0.24969659273695075,-9.894780604513137,6.123139769936653,-8.784415987545895,-5.314916461927944,7.17588778777197,19.184785270368785,35.185317083100244,0.0,0.0,48.357119999999995,10756.425389383656,8300.209954125192,-6976.65006974744,0.0,0.0,0.0,-12906.59032204495,-14140.599023778741,-3679.2009234836314,334.386603339082,275.7279249735217,716.7085000312698,0.0,0.0,SUBMERGED,UUV
1781496899.970545,-4.963128733647826,0.288342130647254,-9.776276606408283,-12.870155574764684,11.84742088255098,-18.332100513922473,6.071600873279437,18.959927383413326,34.94774872456526,0.0,0.0,48.357119999999995,-8899.04595152441,-9787.627728927353,-8019.3322909375,0.0,0.0,0.0,2440.449657274066,3830.2560892483148,21722.054332489308,81.44105017845988,121.02989345216139,-218.73838235557042,0.0,0.0,SUBMERGED,UUV
1781496900.370886,-5.187833665827924,0.32892780947520384,-9.744903249644118,-14.168142391182357,14.936200455155063,-4.683273958551284,6.915306176841206,21.155535307600978,34.01738216575407,0.0,0.0,48.357119999999995,1151.4551223133783,786.8901830132078,13327.889569431403,0.0,0.0,0.0,7687.0739935536785,8258.015498232464,-3160.2945722063796,612.1115678714586,727.2117349019433,-321.4404463698071,0.0,0.0,SUBMERGED,UUV
1781496900.820648,-4.968260720494683,0.2923654853576463,-9.843156441855976,0.9012375425735876,3.972691262607493,17.097467970046825,17.722119929739634,31.161116797527797,33.39254810460177,0.0,0.0,48.357119999999995,5541.606111920275,10416.856117109395,12252.528612703712,0.0,0.0,0.0,-13918.569948016735,-13706.293508123219,-2194.315427702559,33.36919859734948,563.0341668290544,-534.5470622802048,0.0,0.0,SUBMERGED,UUV
1781496901.2706008,-4.921177743166493,0.19998464322391274,-9.840900750944492,12.196650482368572,-7.041674721306539,8.950145363316013,10.559983191271659,25.194220722563813,26.373627814593767,0.0,0.0,48.357119999999995,-6560.345499659974,-2335.7432963845918,5527.046571965336,0.0,0.0,0.0,-941.5724326916102,-6453.759155033536,5714.915132361893,-446.47434372947066,-372.724200830668,-721.0282038818373,0.0,0.0,SUBMERGED,UUV
1781496901.6205816,-5.175299987707327,0.3545858781195355,-9.828567587158746,-16.830751505831216,13.536384251991324,-6.255869759600991,16.05783186928322,33.17629716885068,25.17485174291564,0.0,0.0,48.357119999999995,6628.371589786862,955.2055672506341,-22428.933930124447,0.0,0.0,0.0,726.2205058217282,7824.470969499625,18163.40469918317,819.374468398757,411.0968749064451,506.07559450081663,0.0,0.0,SUBMERGED,UUV
1781496902.0205793,-4.909789760139274,0.20585795478552793,-9.900868761885247,-7.269010229235736,-6.113292614423434,-18.163821146012666,12.730356911749427,29.655381735255197,18.347244023708523,0.0,0.0,48.357119999999995,-171.88848516185698,4897.201252977093,1717.171130034122,0.0,0.0,0.0,-9944.82955189376,-14265.42454066822,10311.158548543539,-118.47966038076979,-70.10087420889799,93.2345949718271,0.0,0.0,SUBMERGED,UUV
1781496902.470575,-5.063539663311021,0.15963860238592062,-9.813958474912102,-15.7012334588455,5.115159808216115,-2.345181254374163,-3.840174506516608,21.86998350493704,11.129709272915504,0.0,0.0,48.357119999999995,-11124.630303013235,-4537.020549145017,-115.5854674717402,0.0,0.0,0.0,13184.759253527936,-3286.8098449778267,14787.41256194648,-19.79660316852931,57.18596289873064,-234.8811787077796,0.0,0.0,SUBMERGED,UUV
1781496902.870627,-5.159586290683165,0.35117071058143984,-9.95214126491115,-16.228494292242324,1.7327402808371861,18.029006974775307,-6.741907694979843,25.027496212789057,5.59073731554333,0.0,0.0,48.357119999999995,8774.543299588473,-218.08716059795017,22140.488294000384,0.0,0.0,0.0,-1736.7546336327955,10381.736072493282,-16257.843679968537,944.330592375545,353.66311860373764,-550.8026052911289,0.0,0.0,SUBMERGED,UUV
1781496903.2705348,-5.0431150076297655,0.15824106129642646,-10.092778994039094,-1.8448624478779745,-16.907894431042,10.339667385844379,-9.504820901809145,29.794834534636056,-1.1254907765582667,0.0,0.0,48.357119999999995,-2005.6273676248306,9000.272067562102,-4095.423731871764,0.0,0.0,0.0,-6584.3083061883535,-14117.444364077033,-7200.031713238295,-332.9583786190831,101.83703631907673,380.3745081812367,0.0,0.0,SUBMERGED,UUV
1781496903.7205517,-5.226548331709515,0.13143682122685613,-10.028808534289862,-13.415001206454193,-10.995187561291475,-11.16298695012893,-1.7689181678319559,33.79339382208001,-7.276039794975242,0.0,0.0,48.357119999999995,-6826.929638032929,-2339.4772013548704,-457.97513392512997,0.0,0.0,0.0,14679.453231435931,-6007.531066970029,-12578.96588546829,4.228476625641758,-46.057239706100845,100.0117032619815,0.0,0.0,SUBMERGED,UUV
1781496904.1205919,-5.119175971585401,0.3132914406628549,-9.981303706112888,3.6031084823613684,-12.932045058334156,-16.364664536120497,-1.7258852588690008,31.189998971260408,-12.683363149025473,0.0,0.0,48.357119999999995,11448.065361360681,-2836.2137599334465,-22543.05975152884,0.0,0.0,0.0,-6321.063733463159,13615.874326691239,20563.060144777537,780.392100777593,-296.3740874825643,642.4866558089847,0.0,0.0,SUBMERGED,UUV
1781496904.520593,-4.963741947096399,0.17891299474801703,-9.986224950460977,6.0988600953821575,-8.349699286406961,-0.17098867349018998,-2.309947615309696,27.879781644249693,-17.462526928055247,0.0,0.0,48.357119999999995,-2337.1118666353864,12045.883304983523,2803.9378389743865,0.0,0.0,0.0,-6346.53768695329,-9684.7129094385,8768.110120720068,-283.86810227686124,278.9762207680474,-860.3442157861673,0.0,0.0,SUBMERGED,UUV
1781496904.9205685,-5.273008630250166,0.1589813095794428,-10.055574135639757,16.631486430561516,11.921031385260076,18.597594870094387,-0.5979772152859159,24.17057568860057,-21.295653371941103,0.0,0.0,48.357119999999995,-141.8987924038288,-5561.191239132534,7448.869402993092,0.0,0.0,0.0,10635.929452604272,-1801.223763034926,-21342.586031509578,-163.4247582083417,142.6718250575898,104.67632006749231,0.0,0.0,SUBMERGED,UUV
1781496905.3205855,-5.067339791173071,0.28733528811647013,-10.135454431378346,14.164993429373359,14.797363639825534,8.877405729522204,-4.1284282394504945,20.40102913744999,-24.291254582506266,0.0,0.0,48.357119999999995,9422.758330468425,-67.89466396977205,-13189.496800428424,0.0,0.0,0.0,-13978.460031176824,10613.327831691953,3296.593974029891,472.6912777735539,431.8647444149955,373.13763356805885,0.0,0.0,SUBMERGED,UUV
1781496905.7205586,-5.0822142474259575,0.12109160472344448,-9.99826748887377,15.301152062202448,15.608641503511626,-4.863035071224442,-5.122968119021902,19.390590199699897,-27.41287673232732,0.0,0.0,48.357119999999995,-10130.270707499998,10525.68159788131,-1807.990965897334,0.0,0.0,0.0,4501.533605513564,-14236.021775995072,17823.796285264427,100.94510706283688,31.96491062932435,-172.01794955796132,0.0,0.0,SUBMERGED,UUV
1781496906.1206117,-5.24623300796994,0.17728489645169215,-10.035421347141904,-4.389102340632757,4.814991536589057,-16.40597263559978,-7.543845737853074,18.659130361743685,-29.751823568135894,0.0,0.0,48.357119999999995,1999.9470130540687,-7718.9482395789655,19413.000924967033,0.0,0.0,0.0,6301.957108673219,218.37462972639605,-10778.690476607608,434.82288127711195,-1159.768090721255,-958.757463160875,0.0,0.0,SUBMERGED,UUV
1781496906.5205827,-5.056190875452734,0.23456607979102176,-10.25194648337223,-2.1467426762636066,3.270624437581421,-5.209286462792561,-11.25915946308635,20.67568088874838,-30.950170563954412,0.0,0.0,48.357119999999995,291.64623521822864,591.4183234040481,-2045.0790301528077,0.0,0.0,0.0,-11193.565709174196,8623.196353720268,-9986.654228293306,-122.41403771113214,176.29836766067515,48.19457736332823,0.0,0.0,SUBMERGED,UUV
1781496906.9705622,-5.2081307144575115,0.15737912063331017,-10.205082800516402,-10.232868627543528,-5.2510755745609,18.572536131124128,-19.555816793340167,31.223549621809564,-34.16007952520462,0.0,0.0,48.357119999999995,-11366.16030721939,11784.288502351992,19.372850536013786,0.0,0.0,0.0,7599.408155987302,-11790.42076233753,-14320.065725923618,-50.17760052507654,-59.67717057384752,659.8225412211686,0.0,0.0,SUBMERGED,UUV
1781496907.3705344,-5.269790633086992,0.15526572080352782,-10.079664640514496,-11.535818749813288,-9.434498761462768,8.488361631099803,-18.228280819043313,30.1551197401863,-32.99615805135442,0.0,0.0,48.357119999999995,4222.155606105899,-5492.5898552025255,-22686.09965618386,0.0,0.0,0.0,3703.574234474453,-2197.104600665824,17968.330984074808,660.1278773065291,-959.484993283211,725.5825872418177,0.0,0.0,SUBMERGED,UUV
1781496907.770565,-4.9855946954248145,0.24043716196354728,-10.150911986176206,-13.090285079116157,-12.862795007306744,-8.971994458994494,-13.43121956836973,26.859120710115693,-30.157292279319236,0.0,0.0,48.357119999999995,-253.4086484744223,201.61128213541946,5673.454999506316,0.0,0.0,0.0,-9701.515586941356,9905.32162187558,5546.531007534319,-323.1748339748907,347.99047166445683,-108.33364905554595,0.0,0.0,SUBMERGED,UUV
1781496908.1706035,-5.280048733251817,0.17869320599071195,-10.182343962114656,-11.119453110758354,-9.351385113326964,-16.308733645509985,-11.70619905154413,25.471908122908577,-27.969826663442284,0.0,0.0,48.357119999999995,-6082.21920707018,8297.779284205262,11708.96602026344,0.0,0.0,0.0,14517.246280830688,-14570.159776821765,-23417.52703234646,-198.963459205538,164.9741932738442,-276.7494477137907,0.0,0.0,SUBMERGED,UUV
1781496908.5705767,-5.256953747392118,0.15435831661984856,-10.243052658565514,5.850292934854814,11.0731273986969,-1.7711357544805684,-5.973682480649563,22.88050657707671,-24.3943581825301,0.0,0.0,48.357119999999995,11093.537782718011,-8014.7098974575,-11464.455192434918,0.0,0.0,0.0,-6416.464290162261,1036.7710358520349,858.179974330626,714.1265891755678,-815.3018577458796,1366.3228247949096,0.0,0.0,SUBMERGED,UUV
1781496908.9705298,-5.016618842155325,0.27547811855472987,-10.158485465795309,8.978948562647943,15.67067926403733,18.494396227524746,-2.1898421873373155,19.0442716363793,-20.185449003250955,0.0,0.0,48.357119999999995,-3121.416954899048,165.22993365036666,-2436.6287186795494,0.0,0.0,0.0,-4999.400112110513,9645.898635421934,18223.244286468376,124.06136330675957,-116.9627367867828,-166.77034519435443,0.0,0.0,SUBMERGED,UUV
1781496909.370603,-5.320301942033009,0.16932145921706837,-10.174268335461727,15.050051586677823,8.194179841625848,10.604713538679853,0.23463746734855068,17.747512335871015,-15.964768445457626,0.0,0.0,48.357119999999995,317.41820273225176,4010.7974390197815,22363.548571570904,0.0,0.0,0.0,8542.183983894129,-13667.081290938218,-17710.971145467538,295.3513458405973,210.5179210815718,-113.58938623204511,0.0,0.0,SUBMERGED,UUV
1781496909.8205132,-5.165792828502713,0.12524013346997165,-10.200458227963317,13.262212021229848,16.1603591075639,-11.006376192837793,0.22315767201885067,29.220446596399125,-11.341727594278359,0.0,0.0,48.357119999999995,11791.870649505761,-7282.585087798329,16544.620864617624,0.0,0.0,0.0,-12891.961440190176,-388.3316127981093,-6854.704332867514,604.2061812304948,-1142.2540518262988,-1239.6226395938174,0.0,0.0,SUBMERGED,UUV
1781496910.2205389,-5.172293952112738,0.34405021488953325,-10.389095892402562,14.63415784398189,12.544073677414016,-15.327635616854616,-0.9403032794762042,32.80858215668735,-5.041338590376421,0.0,0.0,48.357119999999995,-7314.548294177308,-107.99103905444336,317.1595728799137,0.0,0.0,0.0,410.13738216476486,10772.707141188888,-15458.619426491623,52.85209214954235,-67.69461321123944,280.57009479181016,0.0,0.0,SUBMERGED,UUV
1781496910.620527,-5.282512940414632,0.1731437895093755,-10.213955449658854,11.162732700097399,-6.111610097399668,-0.6954636237491179,0.9186506143471458,31.822485297180766,0.8925965325004649,0.0,0.0,48.357119999999995,2803.1664603626837,8423.589646143515,-21638.764733046726,0.0,0.0,0.0,5407.0649217069795,-15106.530296969628,21621.059228527585,113.8264142875156,573.420968720259,386.3512849561185,0.0,0.0,SUBMERGED,UUV
1781496911.0206156,-5.0501866074513035,0.20582539482411327,-10.265773845473763,10.504026640531682,-12.647548512794758,18.675906538003982,-1.1523754014176486,29.836967587281205,6.808075519100743,0.0,0.0,48.357119999999995,801.636154181957,-8968.624942052345,3603.182567786718,0.0,0.0,0.0,-12157.652233195888,2520.100168516392,7701.056753269167,-233.09759849521816,-387.5565918002718,-524.0181047439727,0.0,0.0,SUBMERGED,UUV
1781496911.420618,-5.268537362155747,0.3665611232758818,-10.346640994228977,-6.8634715501093435,-11.12503439568211,9.148110593221318,-0.421413203378063,27.88180547925363,12.690805764563091,0.0,0.0,48.357119999999995,-11369.962728027447,554.7667487556627,15429.984885644582,0.0,0.0,0.0,13573.449928080727,8118.507272516633,-23429.742444083367,-305.17265885562927,-88.0069954654939,-243.40673941393598,0.0,0.0,SUBMERGED,UUV
1781496911.8205643,-5.283304410979407,0.17446574815845875,-10.384419078854267,-11.788280517649461,-6.4768860310735885,-10.789817722009094,0.39702794761644894,22.979287542881625,17.150838088319407,0.0,0.0,48.357119999999995,6970.777179197502,7315.973716466389,-8019.959394035612,0.0,0.0,0.0,347.47059470866816,-14296.66769712118,-2734.596634061998,499.99561358402957,212.1828024023458,662.302399795248,0.0,0.0,SUBMERGED,UUV
1781496912.220637,-5.082100258962597,0.3161786256233261,-10.298009007872617,-13.635009195484809,14.383442572538543,-16.339666747463713,1.0940564587171981,19.07855024107842,21.604016852452386,0.0,0.0,48.357119999999995,-1496.965992570598,-12049.254675304343,-1123.829718721465,0.0,0.0,0.0,-7235.078742149947,9096.917309562246,16874.71311702496,58.987605170819876,68.32220704491333,-316.73230318812773,0.0,0.0,SUBMERGED,UUV
1781496912.620621,-5.3437461607903645,0.3410027893257174,-10.295178241997501,-11.15763686171907,16.327949944643958,-0.5504025451444237,3.628342794106148,18.29369962287328,25.40516952509753,0.0,0.0,48.357119999999995,-1516.2289503480451,3028.906639285927,20039.752525970343,0.0,0.0,0.0,12102.098622225152,5138.451502809438,-12212.742484409011,19.414046684851478,914.151217536536,-331.23898779529736,0.0,0.0,SUBMERGED,UUV
1781496913.0705984,-5.196090904359812,0.2178121961397827,-10.357229003380784,-16.74740882454007,6.929943843384352,18.824007284295448,15.305432243513918,23.512170353121768,29.696048456866063,0.0,0.0,48.357119999999995,12543.052917917834,5603.890908038812,18743.523745752653,0.0,0.0,0.0,-9363.116889056939,-14072.555352143005,-10031.203344011403,924.0473163619249,219.27615307853313,-858.1524223018037,0.0,0.0,SUBMERGED,UUV
1781496913.4706364,-5.20078939459482,0.3016002882650758,-10.546548911046806,-7.551782494740273,14.157445177037715,7.6818483582214006,19.91297606245177,25.80149366370783,32.795098341907234,0.0,0.0,48.357119999999995,-3570.983740321134,-9815.721371107691,-45.31120484956708,0.0,0.0,0.0,-4385.365551986288,4310.232194329748,-13632.491766508265,-56.99228145400206,9.77251305214104,666.2444904538775,0.0,0.0,SUBMERGED,UUV
1781496913.8706183,-5.380515847116214,0.3364216994408881,-10.339114093156095,-4.504620020196733,11.837580588676332,-12.143910577809649,18.655981804623703,27.820594285494444,34.82236875228868,0.0,0.0,48.357119999999995,-475.8935632585817,1488.9289222893997,-22153.19524220673,0.0,0.0,0.0,11387.341460076725,7100.793252979963,18272.646040399817,-17.757749662558666,479.73846459288967,116.10158420131741,0.0,0.0,SUBMERGED,UUV
1781496914.3211508,-5.272337010341674,0.2601252287475429,-10.483970244041537,-16.58242056330299,16.398300524001,-16.441586675943384,6.920771745335572,20.701339593721805,33.36053121459662,0.0,0.0,48.357119999999995,11826.847453660203,11575.36284833322,-17515.214049350965,0.0,0.0,0.0,-7618.378788449332,-12529.193806642063,8289.825235587095,906.5091711362579,968.3768087080499,1504.8898968847027,0.0,0.0,SUBMERGED,UUV
1781496914.7205904,-5.093954870292372,0.2803544249029839,-10.391955671933909,0.31749135736426937,2.7865722509633266,2.5372610410757668,3.238410114888515,16.72999611492398,32.8914458126897,0.0,0.0,48.357119999999995,-3159.1542241026877,-5485.023024956508,-35.16221278707291,0.0,0.0,0.0,-5096.97282498734,-2079.04826325659,14196.46175842683,-18.448368962529813,33.5624079800136,-504.5642978167164,0.0,0.0,SUBMERGED,UUV
1781496915.0705712,-5.419370456158043,0.32065652161636504,-10.481389270984144,9.732560806371277,-11.319877458095576,18.15601321599003,11.441514152675305,24.305760357499416,33.64045074187977,0.0,0.0,48.357119999999995,2974.26774111349,3839.8416315468708,-11814.71219656178,0.0,0.0,0.0,5334.40202984475,4312.269772944281,1123.5222511329505,639.3365792322372,720.0019291756206,702.25140236826,0.0,0.0,SUBMERGED,UUV
1781496915.520601,-5.187514135219486,0.25481505669204496,-10.59917614359721,16.76619099421582,-16.62523849113883,7.131904482891119,1.5454277097578504,16.086938215037016,31.0369907876696,0.0,0.0,48.357119999999995,6472.6529010771355,7099.48964328272,-5280.523874247744,0.0,0.0,0.0,-14374.863129836944,-14395.994727437757,-5594.241866899485,-35.179382730261004,91.56023619829612,67.55212091167667,0.0,0.0,SUBMERGED,UUV
1781496915.970532,-5.221525284071397,0.2309340636874712,-10.652872718453585,8.371093100469267,-12.73117263136445,-15.417880181568693,11.275970314469381,25.409455769954743,30.11554512007757,0.0,0.0,48.357119999999995,-6346.803176497565,-3657.293309784028,-1183.245759602353,0.0,0.0,0.0,-922.5355215118198,-4359.038633478752,-11007.86589647039,-171.11988821169956,-106.17318536539808,628.0998715767596,0.0,0.0,SUBMERGED,UUV
1781496916.3206172,-5.3926827398217965,0.34519010598869815,-10.408277866277635,3.6899441280812804,1.4518736266798447,-15.410447543815602,2.3515848491088853,19.695678010271518,26.354070086354024,0.0,0.0,48.357119999999995,3709.267168186066,1084.479619199969,11102.806844862758,0.0,0.0,0.0,4683.493290326583,8114.1891370212525,-387.72177949066645,625.7332087684374,674.9468038446125,-541.3488796459055,0.0,0.0,SUBMERGED,UUV
1781496916.7707522,-5.133667158690595,0.2678301059610081,-10.543245192879292,13.927760188071494,-7.546678461179159,2.4413833183073206,10.6826551093342,29.281479128875038,22.39277087326283,0.0,0.0,48.357119999999995,4069.265447396091,11662.619356202378,4627.179092997735,0.0,0.0,0.0,-13744.972214072131,-12253.97206246794,6393.983332221444,-274.9138653051908,328.11524164466033,-218.29908808996754,0.0,0.0,SUBMERGED,UUV
1781496917.170629,-5.319818910488576,0.19122725403617674,-10.636978379466404,0.2240444833316364,13.07815285581672,18.668728984478946,12.167642455290753,27.170172534650586,17.21304478441585,0.0,0.0,48.357119999999995,-11579.262373842947,-7425.019343007365,4407.5775294481045,0.0,0.0,0.0,13170.657161934578,597.8798821987602,-19869.993976248756,-105.70737466752884,214.42713336691247,106.61560796055599,0.0,0.0,SUBMERGED,UUV
1781496917.5705974,-5.388959291614778,0.3575339066324422,-10.590079618768284,-1.9171345472244499,15.502003001489136,6.653646967597779,7.364764878897061,23.281732974892027,10.709712227606332,0.0,0.0,48.357119999999995,7421.709459897335,224.45278269381845,-16258.937350489326,0.0,0.0,0.0,-141.04570589355353,9344.792251554056,6621.607521756803,886.3178778354733,589.696480470602,638.0306979839904,0.0,0.0,SUBMERGED,UUV
1781496918.0206072,-5.203980561998888,0.2524538188721047,-10.716858447292758,10.914533655605226,6.798082640562534,-16.01414459224351,-6.516427983007891,17.942086631947426,4.021310593876498,0.0,0.0,48.357119999999995,562.9288372140579,11573.970224848837,-8204.683037596862,0.0,0.0,0.0,-11648.3085957922,-8547.526042528778,-2410.3428912093887,-312.8781564145194,660.8409262733749,712.741140305345,0.0,0.0,SUBMERGED,UUV
1781496918.420585,-5.311617916163696,0.15182905038930136,-10.495460292017631,-6.850595563752574,14.468552392016878,-12.91412007347764,-9.977112756510916,19.74840916832346,-1.841703109658355,0.0,0.0,48.357119999999995,-7192.087541488093,-5094.982428576268,-1101.5841623037202,0.0,0.0,0.0,15145.019327970112,-2545.426245608746,16838.603739925882,-66.86852085581395,124.74144875275923,-103.81348547277011,0.0,0.0,SUBMERGED,UUV
1781496918.820631,-5.3048681179570565,0.3515966939014729,-10.616778882908706,-8.854413970480103,11.20374298223334,4.703029760203177,-12.455594760921906,21.741590958948994,-7.085743271584946,0.0,0.0,48.357119999999995,11956.559513777858,-101.81511550634322,20229.24121953848,0.0,0.0,0.0,-7216.293708691683,10077.912213091702,-12396.644965204176,958.5011193952294,540.3179561471815,-695.5498098285474,0.0,0.0,SUBMERGED,UUV
1781496919.2205708,-5.252208713694376,0.14950780467376132,-10.783195033981706,-15.40878228690449,-7.744854735381973,18.57835363167121,-13.168754296188101,25.07787084938402,-13.287174084742874,0.0,0.0,48.357119999999995,-2290.474229493961,11242.260513849156,-151.62434994889375,0.0,0.0,0.0,-6058.506222802132,-12990.94604959682,-13388.61572611495,-85.25310523290938,-9.816716560373003,329.5552896865312,0.0,0.0,SUBMERGED,UUV
1781496919.6706278,-5.442324910778773,0.1415297859301057,-10.726339226577979,-13.599734251144916,2.8743343653784965,3.1588583566070567,-3.3416270287325034,25.48921625125343,-18.05705967684794,0.0,0.0,48.357119999999995,-2796.115067637585,-2727.2549211047804,11.629305713903417,0.0,0.0,0.0,13579.810150620178,-5406.682622884494,-14417.612765184402,-18.308260739579513,20.63976804175239,96.53514601825603,0.0,0.0,SUBMERGED,UUV
1781496920.0705864,-5.269959283215876,0.29350923944917595,-10.70845489219232,-16.6697600904207,-2.4236394488209934,-17.683588055417875,-1.8788717872723815,21.232515090411344,-21.79225378531294,0.0,0.0,48.357119999999995,12798.556371365421,-2156.6046115492472,-22540.549942830887,0.0,0.0,0.0,-10494.463258409316,13095.270977549251,17526.440375086037,847.1171655438345,-195.1849018998266,681.3212930181406,0.0,0.0,SUBMERGED,UUV
1781496920.4705966,-5.1961238042820055,0.14258055428678473,-10.641275066092842,-8.73272485811805,-16.17231817489369,-11.398931581461179,-2.3001415316248637,16.91431238777083,-25.27451619369832,0.0,0.0,48.357119999999995,-4670.679454185839,12021.04706031993,1478.1697572060993,0.0,0.0,0.0,-3308.436013216612,-11055.767465136516,10549.703744610959,-200.20337159418574,136.73143000222106,-797.5843024586804,0.0,0.0,SUBMERGED,UUV
1781496920.8705783,-5.462079634210833,0.17388363725688957,-10.754590620948225,-6.1834539768067,-14.42492993994355,6.771518099481398,-0.619629436791425,15.421304201768564,-28.120747804205898,0.0,0.0,48.357119999999995,508.4299367084932,-6545.947234924892,10989.032460914601,0.0,0.0,0.0,8330.652036690535,-633.9402309950651,-22416.132077386043,-161.03252821260287,79.73307550525654,90.2640401088182,0.0,0.0,SUBMERGED,UUV
1781496921.2706301,-5.206188712518568,0.24092580925895207,-10.843337001573849,12.882586263160695,1.6109450219140609,17.95056174439084,-3.4913951161178014,13.300925162852344,-30.335010803596216,0.0,0.0,48.357119999999995,5068.911147377171,22.44950725707223,-10581.948507955238,0.0,0.0,0.0,-14166.240088115055,10136.89713368798,263.77521226889144,40.392183595150435,449.1206810965191,37.2203632391541,0.0,0.0,SUBMERGED,UUV
1781496921.72057,-5.30468714306087,0.16599076975371874,-10.884589325048108,-1.5327359848562352,-7.315013775072672,1.8771075361006897,-16.54694057694194,21.581353314339392,-33.29134865096796,0.0,0.0,48.357119999999995,-7049.243903134212,11082.301406876442,-4247.286984083071,0.0,0.0,0.0,-110.79317332558094,-7041.845566974612,-6915.981184536072,-383.19012870796945,383.32135421208613,1131.918791476004,0.0,0.0,SUBMERGED,UUV
1781496922.0705688,-5.437348572726894,0.15984142441704205,-10.685726724230664,10.894383678928472,14.819737423790047,-15.764549944705466,-7.195096587791161,15.192558319166391,-33.2451495850035,0.0,0.0,48.357119999999995,4500.078349884961,-8277.765059711486,17096.514269301275,0.0,0.0,0.0,3647.9505980568047,1003.1406747798915,-7341.773986495364,798.6899577767524,-1149.2781406922793,-1174.225185696493,0.0,0.0,SUBMERGED,UUV
1781496922.5206244,-5.174195994744564,0.22762388086241284,-10.833194777946916,16.579671215172645,16.084709341595342,-10.517140645742193,-17.574895792177426,24.45682768915309,-34.210354005589146,0.0,0.0,48.357119999999995,1159.170503597617,-199.00597977845106,16330.397591891617,0.0,0.0,0.0,-11806.709789414173,10410.583684327037,-7269.6278626119865,-244.56236667122675,512.0782796638526,102.93386424856588,0.0,0.0,SUBMERGED,UUV
1781496922.9206216,-5.414238747271904,0.1698287642469237,-10.88237568680171,16.472080050930785,16.23006012751826,2.1769743890258426,-15.08139851689512,23.885051735853185,-32.87912305006753,0.0,0.0,48.357119999999995,-11676.885729044086,11347.939946944267,458.32949601959285,0.0,0.0,0.0,12518.69292681698,-13032.151531152145,-15940.215107146523,-52.33497061361173,-74.73385367044324,128.96509844839466,0.0,0.0,SUBMERGED,UUV
1781496923.320585,-5.4454948011235595,0.15215919936780423,-10.815102502280904,5.051428647571061,3.9736515443899236,17.57403707267789,-12.95986480614595,22.82427640079716,-30.577256055516507,0.0,0.0,48.357119999999995,7235.071557588474,-6251.76239760906,-22029.132323399946,0.0,0.0,0.0,-15.252938553860986,-1253.1881538284993,15138.729366972859,983.7712207186121,-1102.987468709391,1113.0291106282368,0.0,0.0,SUBMERGED,UUV
1781496923.7208343,-5.151570376239962,0.2428693175010229,-10.81317827994296,1.7252341328826029,-1.674970090566781,2.9589983596472424,-8.225965356617932,19.983538571066838,-26.82905727033759,0.0,0.0,48.357119999999995,-1481.51424945732,363.11073437761075,3908.9974141951084,0.0,0.0,0.0,-9811.612787521495,11647.888096201776,12046.968193639692,-80.22483991927771,78.3020971109884,-1.9560677652552911,0.0,0.0,SUBMERGED,UUV
1781496924.1705368,-5.393488782970755,0.2031834849425085,-10.759680406557026,-0.6747703749224736,-7.660345218309088,-17.21970551924215,1.9269765646453874,12.724021224428755,-23.540632340411175,0.0,0.0,48.357119999999995,-7663.068633040906,11972.40306314769,549.8871218363515,0.0,0.0,0.0,14488.632898505235,-11614.981102926276,12307.058234238993,0.8855069061180352,42.02154256694796,-226.69400225226187,0.0,0.0,SUBMERGED,UUV
1781496924.5705347,-5.427902340327541,0.13261334760451537,-10.882404158039549,-1.397899087981015,-12.147110126370206,-10.31938438340698,3.612747354406621,15.677839079457524,-19.48542739775015,0.0,0.0,48.357119999999995,11468.556718488637,-4635.391575647181,22219.75889547643,0.0,0.0,0.0,-6119.794628688916,-3111.029466411304,-20693.894909553354,663.1668007097604,-627.907750790599,-740.2591297946803,0.0,0.0,SUBMERGED,UUV
1781496924.9705288,-5.26208950202843,0.30676208430968105,-11.016742905408874,-16.835274754145225,-10.990268067702988,6.493011865131859,2.9111850637604677,20.786742657725554,-14.831901049547165,0.0,0.0,48.357119999999995,-4468.423152450546,13.229834383121844,-7843.501524123314,0.0,0.0,0.0,-3569.1102710359205,10255.630860904363,-3106.203859688354,-488.95245423246814,412.80026061623886,368.1673113999098,0.0,0.0,SUBMERGED,UUV
1781496925.4205475,-5.475087426070932,0.2604292675985581,-10.981220280501573,-4.827339212173324,-17.23465396176137,16.162042695075208,-8.573116609720257,24.543617477450585,-8.856824893878178,0.0,0.0,48.357119999999995,-2372.1423754704633,10864.380860300449,-2464.189193895509,0.0,0.0,0.0,13371.59658743208,-6609.483808910139,-9127.622300912806,78.72888111079655,274.99949100661445,526.8894971908427,0.0,0.0,SUBMERGED,UUV
1781496925.7705648,-5.275850521103464,0.1373093375289896,-10.911587737362721,-4.609492763522269,12.717162882806486,3.607872412692689,1.7316982614455123,24.426697629805425,-3.7029982459452246,0.0,0.0,48.357119999999995,6863.441694492648,-7653.348459375985,13795.39061107122,0.0,0.0,0.0,-14190.055130654477,176.1827064943227,-3656.341000688508,111.18300865210992,-995.5372031124474,-802.1949816213307,0.0,0.0,SUBMERGED,UUV
1781496926.2206712,-5.278913257576169,0.37129352784225184,-10.92946159098835,-15.74705738952909,2.943893181456314,-18.26160262949982,-5.412322757815369,19.385709382022572,3.3975491292253683,0.0,0.0,48.357119999999995,-6061.107206932934,-2285.9010177608006,6350.318178891758,0.0,0.0,0.0,2627.2798944369392,10925.323312670394,-1837.4997457654063,-434.8437262311165,182.83022461665576,-316.53580366110054,0.0,0.0,SUBMERGED,UUV
1781496926.6205645,-5.478791516966561,0.21279793049463924,-11.035475964921389,-13.220648853064407,6.88450704341845,-8.69981105736786,-2.2970022438384023,16.282448581614812,8.896418667844902,0.0,0.0,48.357119999999995,897.235105999792,11876.34364528024,2758.5800683900866,0.0,0.0,0.0,7813.281171291204,-12324.010135057371,-18814.638133787645,-170.41373731631762,10.040667216571695,70.3789261416186,0.0,0.0,SUBMERGED,UUV
1781496927.0205338,-5.259289532009486,0.19516071858461187,-11.070874346408928,2.390047056001671,13.932211331488348,9.381317169220994,0.7674814089093678,13.552057059147723,13.645205198874478,0.0,0.0,48.357119999999995,3496.8066948044734,-4937.346983950566,-18038.968059793006,0.0,0.0,0.0,-13690.621020290073,-2903.042580159169,9069.908296777787,112.64805130804294,-997.6167994279244,549.5968269091053,0.0,0.0,SUBMERGED,UUV
1781496927.420665,-5.416230573622794,0.37373231917054756,-10.901053667679959,3.905319939077473,11.595501749634796,16.102777473098772,4.141534533147683,12.614759928426006,18.48996172525311,0.0,0.0,48.357119999999995,-10197.141226025582,26.219354266327358,1211.2491173171973,0.0,0.0,0.0,11115.435317407562,12656.729513040496,15213.612160128878,5.717885078950746,-4.639294248807335,-59.09713133587685,0.0,0.0,SUBMERGED,UUV
1781496927.8205345,-5.412849481547956,0.20975407615450803,-11.038187954064814,16.329733274992744,-8.9483084217566,1.3648515839708097,6.619272993750532,14.091681799371603,21.803265479858194,0.0,0.0,48.357119999999995,8804.696414298884,9576.063318322967,21691.16883169007,0.0,0.0,0.0,-1971.6540728334826,-14448.550957482039,-22267.79240430294,528.7806462516016,495.6004167089736,-648.6905929836805,0.0,0.0,SUBMERGED,UUV
1781496928.2205713,-5.2815389266151405,0.2697506392249578,-11.193751607176933,15.551474748592154,-15.046420906637469,-18.685519058836697,10.238402987933327,16.992507815396497,25.792591292208417,0.0,0.0,48.357119999999995,-595.0789889869976,-7120.037735308422,-4450.521672569744,0.0,0.0,0.0,-8572.182961353705,23.096915490383708,-6892.664576035472,-297.59309318469883,-394.26552632224474,601.7693761852635,0.0,0.0,SUBMERGED,UUV
1781496928.6706042,-5.488422997569309,0.3526601857620723,-11.133728900967943,13.814719584660141,-1.7732411068919611,-7.045995626755781,12.161774771444808,25.604003161627638,29.324895568264044,0.0,0.0,48.357119999999995,-11215.276185020623,-1796.9994677804384,-566.3500533669365,0.0,0.0,0.0,12823.298834672163,13007.451488010342,-12370.471927836852,-54.249708117386895,230.2571429039587,38.73607973729729,0.0,0.0,SUBMERGED,UUV
1781496929.070698,-5.384150789944974,0.25269358066457065,-11.047710307295844,11.175437105270518,-16.88352012308624,11.599191400943912,9.456927233868953,26.346935620199513,31.014184034717857,0.0,0.0,48.357119999999995,7960.51504839237,12965.285177019245,-22637.284733245437,0.0,0.0,0.0,-5339.234768342491,-13897.625564252427,23734.813230328466,252.23948854252188,492.94138925865656,625.2038476115263,0.0,0.0,SUBMERGED,UUV
1781496929.4705555,-5.218397153229355,0.2749508286452563,-11.089038952835645,9.79430689644512,-14.81001442694021,14.841594450677754,6.7683267340165445,22.66537546067454,31.531491108521966,0.0,0.0,48.357119999999995,-1836.1186223419224,-6186.868886777015,8247.766055510932,0.0,0.0,0.0,-7134.220803397362,-1576.331368690363,2764.557058277619,-529.6052668730024,-599.9558580398958,-748.8365105829524,0.0,0.0,SUBMERGED,UUV
1781496929.8705688,-5.55575944695981,0.3251190134429075,-11.16280967879884,-9.609943941298532,3.7388181209445093,-0.057772483886540216,3.7808386407355936,20.702061237422253,32.05348479928897,0.0,0.0,48.357119999999995,-2603.539771009162,-187.72453057143318,6869.133335124855,0.0,0.0,0.0,13386.370610894668,10752.651114013439,-21553.826049141662,-117.32490012945289,-140.9066919109521,-87.98144429128001,0.0,0.0,SUBMERGED,UUV
1781496930.3205342,-5.465915203383501,0.28169660581040173,-11.169611103471762,4.469077377554505,-8.122369963106449,-18.534129630810334,1.5394351781311395,16.81695882531642,32.557463912285115,0.0,0.0,48.357119999999995,10254.197977196542,12484.101989062443,17862.08723544105,0.0,0.0,0.0,-4251.647355929435,-8704.073611241118,-23516.452840178223,231.0163273931637,545.7169351914152,-619.8986798421022,0.0,0.0,SUBMERGED,UUV
1781496930.7205565,-5.306717781251249,0.24520804784277012,-11.279461661145945,-14.970456757505831,13.412719480849857,-7.777972967816691,3.924490598439385,19.810865174247425,31.688062328715926,0.0,0.0,48.357119999999995,-3517.2724589299614,-4482.901033835032,-13554.572373116085,0.0,0.0,0.0,-4639.502883091832,-3536.819887424221,3092.6852440218618,-696.3546131237724,-821.0117790383451,795.7885760479713,0.0,0.0,SUBMERGED,UUV
1781496931.120554,-5.530134493993855,0.3389932901867351,-11.049022662139294,-16.181448116664527,16.32853650096083,13.23116046319327,4.914415890434674,22.918415399477812,30.621968148600786,0.0,0.0,48.357119999999995,-771.3138318421143,-1025.8088381285997,-1671.4594147506207,0.0,0.0,0.0,12403.7789797363,12848.2061990758,17933.97358489325,-100.34239581126178,-78.17530962361323,125.9122392595739,0.0,0.0,SUBMERGED,UUV
1781496931.5207088,-5.347134045284717,0.2623008798700849,-11.236940129834078,-9.281307239422187,7.616302268474067,15.691172254479216,6.423371459922745,27.052803108900335,28.10648498356568,0.0,0.0,48.357119999999995,10850.595801205694,12498.270784994373,19451.635071469602,0.0,0.0,0.0,-13696.822638553862,-12438.518650830043,-11067.486128739802,595.357049174949,993.6779897954151,-1216.9949402755778,0.0,0.0,SUBMERGED,UUV
1781496931.920576,-5.418814374328154,0.20968931108891656,-11.34540981178549,-6.003978008958506,1.7410580144527676,-0.4077295788062358,7.625250254171248,30.91645706629609,25.262852990477217,0.0,0.0,48.357119999999995,-10491.48291894978,-7223.430184315851,-2476.841730064976,0.0,0.0,0.0,5551.006157947948,257.08109030939977,-9062.69768179208,-286.9601647229782,-223.54559650950506,1013.5414031967487,0.0,0.0,SUBMERGED,UUV
1781496932.370571,-5.599222932150636,0.3063367700758292,-11.286593415553998,-16.42368876874176,12.357511989247824,-18.843845118351155,3.9146405599324323,24.579823593677634,19.155806276120963,0.0,0.0,48.357119999999995,114.70486615655896,-1586.8529987675513,-4.314318194120311,0.0,0.0,0.0,9670.536912362862,12726.624678929382,-14453.693786755299,-7.899918662453741,-1.0293383899555453,-53.17977327540212,0.0,0.0,SUBMERGED,UUV
1781496932.7705116,-5.3715661587767025,0.2688989898871443,-11.309249155106432,-2.855219193418348,-6.978891449592896,-7.038545828101536,-1.3308266423559028,23.988787881639915,14.108244594352996,0.0,0.0,48.357119999999995,6518.727638374247,12768.612200073105,-22765.803167234084,0.0,0.0,0.0,-14656.740912263593,-10081.708148101608,17974.55439348393,368.0333623332588,1119.390437852539,1010.9040206114046,0.0,0.0,SUBMERGED,UUV
1781496933.170532,-5.345879391451034,0.15524504658136368,-11.193795562323862,-0.5122703553010634,-12.629915259315062,13.981308140390107,-6.289049953333976,22.037920869125077,8.750488537590938,0.0,0.0,48.357119999999995,-11633.434320904777,-3222.062871982124,1678.1036505712186,0.0,0.0,0.0,7914.3795383009,-5108.865052680538,10289.6887836672,-208.40398970743067,-147.18966805927593,-799.103606631393,0.0,0.0,SUBMERGED,UUV
1781496933.5705886,-5.548182810516059,0.3109156465872582,-11.312087731562265,16.582318644512313,-11.392122038550202,14.590986901118612,-9.685986223166365,20.010119407033077,3.653487797036463,0.0,0.0,48.357119999999995,4172.723135805378,-1529.9700883186563,19556.79536599467,0.0,0.0,0.0,3571.3377246931686,12320.288580297572,-22739.36987283497,129.88965397166584,-83.3864750920884,-78.81392564604731,0.0,0.0,SUBMERGED,UUV
1781496933.970544,-5.36892909115513,0.16958439308387918,-11.427189726679035,16.697632586731366,-5.904970116321435,-1.958045709609679,-14.63080771474307,22.67310238644129,-2.3716514396684305,0.0,0.0,48.357119999999995,-392.9621686202268,10969.662392812701,-10586.024342065679,0.0,0.0,0.0,-8977.85221254398,-12682.836251460794,138.29134241067663,-507.1772204669652,647.0774321849009,736.0429925924938,0.0,0.0,SUBMERGED,UUV
1781496934.420597,-5.5278113322056495,0.08693475220090002,-11.395124296706346,6.653856671160223,-14.95186096501319,-18.149463544729436,-11.254582505324676,34.439390621167774,-11.03399556214204,0.0,0.0,48.357119999999995,-11359.246498323655,-1506.6644409020728,-3860.049125826912,0.0,0.0,0.0,12121.91869470612,-7305.7689707780955,-7537.000816436641,-273.5644307739226,-275.55089235790416,646.9813425220264,0.0,0.0,SUBMERGED,UUV
1781496934.820617,-5.461480586100282,0.2972188995545166,-11.306782435947316,15.560324761760327,2.540012780434619,-5.098116216125639,-12.532442968660435,33.77410874923004,-16.709422710426697,0.0,0.0,48.357119999999995,8108.014875920695,-5137.151162314819,-15021.77988557148,0.0,0.0,0.0,-1226.1258279317126,14979.107159531079,23547.502171341766,7.469107055863102,-321.73552595690506,187.33230039240752,0.0,0.0,SUBMERGED,UUV
1781496935.2207031,-5.308651763410616,0.18059133144968326,-11.369990269085443,15.549626261942581,9.116652528980492,16.434459734373743,-9.832025906426924,29.520794991006966,-21.24455721755873,0.0,0.0,48.357119999999995,-595.4287186120611,11305.227851937174,8235.118741358263,0.0,0.0,0.0,-8904.671424242224,-6432.5655017517865,2592.505057226465,-497.17692619580595,665.8625347045405,-897.6193635653962,0.0,0.0,SUBMERGED,UUV
1781496935.6709518,-5.496972051330726,0.07852242121249604,-11.274246483743184,13.183976489538733,-3.5007332476003072,10.21445049401357,-12.964844724309263,20.48505139124826,-25.686339456242855,0.0,0.0,48.357119999999995,-10836.68006371412,36.76947427052693,2545.815716127697,0.0,0.0,0.0,13050.051722676882,-11039.751129029357,9198.731529563049,-95.05643149786376,-162.6183878450927,-193.4057410321007,0.0,0.0,SUBMERGED,UUV
1781496936.0206068,-5.437178051536326,0.2608110216234343,-11.467514434967052,-4.160457093135292,9.380043427343999,-4.701061550095498,-9.73757167220459,24.8039540905664,-29.443693862316334,0.0,0.0,48.357119999999995,12471.943893218997,-1286.9666779237448,-20065.85821551341,0.0,0.0,0.0,-11125.878346002239,12343.95490184743,12305.664705515534,860.0947586690172,40.11256757680264,655.841597153948,0.0,0.0,SUBMERGED,UUV
1781496936.4705803,-5.419760532538682,0.13965528513896663,-11.551732254177116,9.525817680620229,16.591485733029533,-17.104625876129774,-19.209385836270513,20.89217876713401,-33.52548841308171,0.0,0.0,48.357119999999995,-1844.156347263843,9304.34774607824,-12520.78518494061,0.0,0.0,0.0,-6712.989618288518,-2931.9711696619875,1990.640349527963,-632.5512336929289,862.2473298388741,959.2567550556822,0.0,0.0,SUBMERGED,UUV
1781496936.8705997,-5.579665901019294,0.13299095664316157,-11.275078846097543,-9.067668328813582,1.775333863713095,-3.2001210551578163,-22.52893434094129,23.39167331133661,-37.19295185678121,0.0,0.0,48.357119999999995,-525.4622645808884,-2064.41775265869,4.983458959703321,0.0,0.0,0.0,12125.383237063646,-6510.845080996933,14278.959750081081,0.1416474246113315,-1.374696977700728,-115.67372767519296,0.0,0.0,SUBMERGED,UUV
1781496937.2706184,-5.434258365463311,0.2001691840445158,-11.50731578947676,-12.704565698323544,-2.82261255565073,17.54976017960967,-23.628313859080148,25.886111769386446,-40.45237836105318,0.0,0.0,48.357119999999995,10786.375932035467,-2333.2992143131783,22693.600008171015,0.0,0.0,0.0,-13905.818522757218,12771.815624810653,-18000.148933935274,587.3012153747384,-16.894830063062543,-400.2842976186573,0.0,0.0,SUBMERGED,UUV
1781496937.6705937,-5.529683470221452,0.11511204854674442,-11.601860589728489,-12.716013516894098,-16.314127055136492,11.608466630645403,-27.952334038143192,27.969714435210417,-43.329826762212235,0.0,0.0,48.357119999999995,-7948.136919663472,11434.255598896681,-1764.8188552898189,0.0,0.0,0.0,1262.7623827944467,-8254.02199611505,-9987.483383905077,-232.873168277981,193.3980169552405,1049.1113089362252,0.0,0.0,SUBMERGED,UUV
1781496938.1205883,-5.7180110223543865,0.13063247939096395,-11.513157977738858,-16.436321826970996,-13.761153938380183,-9.204296091156055,-16.878344655992652,25.641121183654157,-42.16771885929908,0.0,0.0,48.357119999999995,53.700205330084785,-1076.4472518895143,-1145.896694916168,0.0,0.0,0.0,9942.139986341499,-7826.846147575071,-11377.656143529723,93.76139403532568,-124.92950946614772,136.28473214914314,0.0,0.0,SUBMERGED,UUV
1781496938.5205653,-5.430439042558122,0.1703718870138987,-11.55176663525215,-8.765849712680414,-11.153951113772784,-17.605752802073386,-15.366068451667985,24.324645539427713,-41.508256808577485,0.0,0.0,48.357119999999995,8476.667725838906,-5240.98775119189,-21161.361916607668,0.0,0.0,0.0,-15077.567472762628,14700.44605624484,22577.466540723453,375.61867065056435,-420.20115630828104,432.22527000726626,0.0,0.0,SUBMERGED,UUV
1781496938.9706745,-5.473173179654267,0.15113290507278657,-11.55800924287191,-16.19171434136337,-16.32375679272574,-1.0287707134928867,-11.127395280969385,19.925903277470738,-40.36353370478407,0.0,0.0,48.357119999999995,-9414.643408513119,10006.86071094189,-21939.254263122144,0.0,0.0,0.0,3119.390051308629,-3980.3697560841097,21863.68546671071,-744.9740100879804,880.5385867565252,1055.3221437400464,0.0,0.0,SUBMERGED,UUV
1781496939.37056,-5.657398014198564,0.11761141485936388,-11.389677675636865,-16.511246933640525,-16.194678331853574,18.782475207918708,-14.318552259123646,24.092809683359867,-40.289021693352026,0.0,0.0,48.357119999999995,1048.0905752046433,-559.7371972929999,4096.221727668504,0.0,0.0,0.0,8194.426730665498,-9181.401535723071,7442.681565016273,279.9462890434626,-306.73506374738025,-235.11575974610795,0.0,0.0,SUBMERGED,UUV
1781496939.7705395,-5.482633153580948,0.1639501199023099,-11.674894665032351,-2.3091048627850603,0.9402025234008288,9.875341640909946,-14.863675644208412,28.222527884660593,-38.24046440388693,0.0,0.0,48.357119999999995,3280.92180722408,-6724.4111554139245,14754.012410694502,0.0,0.0,0.0,-13586.806389741963,14592.663594999838,-23773.29463227313,159.22961968573435,-207.14897055946054,-207.89489973496097,0.0,0.0,SUBMERGED,UUV
1781496940.170637,-5.584615155593533,0.20810020416576208,-11.674851045673465,0.6939095922663481,8.40142523906043,-9.630241061273786,-16.58174492098986,31.571323926621673,-35.8710667587521,0.0,0.0,48.357119999999995,-11882.574129397623,9139.621736558716,-9240.256700278687,0.0,0.0,0.0,10204.01971082828,-2801.7202205261,-1429.5009361970665,-613.6835033366679,663.1268060507311,1348.0706116576293,0.0,0.0,SUBMERGED,UUV
1781496940.6206238,-5.727671772325279,0.11201657819319484,-11.60917743993961,-11.942674768026441,-4.8218954779036505,-15.091822775723042,-16.022732034642406,28.831259200656792,-28.593893288944052,0.0,0.0,48.357119999999995,3511.4985759334013,-117.09949404860576,-8471.2976188311,0.0,0.0,0.0,4711.397488037456,-9725.605552517722,-2454.845543870122,515.4486262096369,-400.11242340247077,355.82732269164813,0.0,0.0,SUBMERGED,UUV
1781496941.0205755,-5.421558942386497,0.18376174244452514,-11.630997225749095,4.019617813209738,15.701216346697487,0.09200012341576402,-10.66562855408159,28.275299112511963,-22.708068687856827,0.0,0.0,48.357119999999995,385.5309216027741,-9956.974601982805,-6751.553743566429,0.0,0.0,0.0,-11579.48901691724,15239.376127701496,21401.21245716893,100.9503482530914,-161.01917897589692,216.694370172023,0.0,0.0,SUBMERGED,UUV
1781496941.4206772,-5.5590164191030675,0.2677418411547145,-11.580292987857026,6.689739579144518,17.329353799087272,18.878621574463487,-5.549157019139533,26.662313276035995,-16.130906513943117,0.0,0.0,48.357119999999995,-9138.056115359726,8646.810541779627,14020.917204878666,0.0,0.0,0.0,14065.77663735632,-1642.1023822317443,-3894.8547975763586,-487.195316029426,885.3121236020836,-1068.1866676959708,0.0,0.0,SUBMERGED,UUV
1781496941.820593,-5.654461621951399,0.0965911998707058,-11.756375253906388,15.868184745940521,3.3322744571274168,8.59304564462444,0.49994110667993685,23.95162501812138,-10.102494111583246,0.0,0.0,48.357119999999995,11418.977223315514,-958.5252390319065,-213.03473659510664,0.0,0.0,0.0,-8065.388058623664,-7917.372314454916,-13170.761374660387,37.034920191741705,-73.67660384369883,552.8552729261182,0.0,0.0,SUBMERGED,UUV
1781496942.270619,-5.5392083440436215,0.24009356712602145,-11.821914650820833,11.964173089540253,12.817833452606354,-13.844452448230442,6.667222095804168,34.47123707437088,-3.3158052733011147,0.0,0.0,48.357119999999995,-556.7480895924022,-11262.236507710386,2329.222994125287,0.0,0.0,0.0,-8443.057219083383,13515.78279116328,-18398.158380562323,52.1662756918346,-4.726794965773671,12.617463504702656,0.0,0.0,SUBMERGED,UUV
1781496942.671311,-5.683110180493423,0.29758179794405637,-11.684011764753548,9.82246573228116,11.582749560882158,-16.90020375677195,7.220665953933283,37.45626497818908,3.428157510698008,0.0,0.0,48.357119999999995,-4350.267076008995,5945.706686403821,-18477.5509904376,0.0,0.0,0.0,14050.945639261368,1762.1858624921038,9571.11736170969,-210.70846981738387,1070.429517630339,685.1049547588776,0.0,0.0,SUBMERGED,UUV
1781496943.0705853,-5.491788686092945,0.0987329610988055,-11.682247230703359,11.759175589146048,-12.302703616746593,2.0980371625954177,7.537476167764929,37.30281199260854,8.878587027468388,0.0,0.0,48.357119999999995,10772.48817541648,-196.2290570730315,1470.681056509359,0.0,0.0,0.0,-13404.271766126716,-10014.21283942058,10698.685600100218,36.08743243236025,-163.75964569670057,-156.08903562407698,0.0,0.0,SUBMERGED,UUV
1781496943.4706688,-5.566649716638906,0.29928300260686935,-11.790344358386628,13.967833569904403,-13.96164774477837,18.150197881174382,7.505462824389238,35.56552468581275,14.619964748770213,0.0,0.0,48.357119999999995,-8502.636463512905,-8495.327814678652,21220.873061232567,0.0,0.0,0.0,-2164.123636305467,13431.488099811328,-16531.39252227459,-523.052207479869,-433.31055865483614,-588.6343998301911,0.0,0.0,SUBMERGED,UUV
1781496943.870559,-5.767047609448425,0.25951538364507587,-11.775540070990669,-6.838659287499159,-6.711331980852893,6.886614250826338,6.2797454744523495,32.89102236303432,18.749551721861348,0.0,0.0,48.357119999999995,481.45140738678055,8019.03770650306,-4763.329765345922,0.0,0.0,0.0,8839.451464011332,-1323.8029160312462,-6520.566011887733,260.22298651500404,436.35054876251564,644.995856480607,0.0,0.0,SUBMERGED,UUV
1781496944.3205826,-5.599083303055126,0.15971205502614472,-11.893382356481714,5.373445277143864,-15.638039439019545,-15.444751243418114,7.125117969112269,23.261132125995147,22.65589924684616,0.0,0.0,48.357119999999995,11236.254487257293,975.3752985130621,-718.3557159752314,0.0,0.0,0.0,-12487.143148582394,-12199.48593142151,-11988.880236870751,50.05690822136061,-34.78231646241816,183.9270885542989,0.0,0.0,SUBMERGED,UUV
1781496944.6706126,-5.593571713322054,0.332894853104186,-11.727378060926974,-13.523163263150014,16.53508416423267,-14.66240410391196,5.667020085392033,24.587894851613537,25.087679300316562,0.0,0.0,48.357119999999995,-11912.610122959206,-6240.872285353902,9777.25845794482,0.0,0.0,0.0,7732.436337147109,13999.02098146501,703.7772224455813,-622.666702604293,-82.66617762732515,-749.128910035809,0.0,0.0,SUBMERGED,UUV
1781496945.1205666,-5.715241894722498,0.27680253272188965,-11.664464574875716,-15.068563357498904,6.750361265624848,4.3811945648071635,13.862684887290968,25.51271061952816,28.552259808455254,0.0,0.0,48.357119999999995,1952.9748644242854,7265.546582223163,8652.7632834626,0.0,0.0,0.0,6878.261110008507,98.83272797574364,2322.4920280577035,460.1303571070475,690.0636903480985,-832.2961397452633,0.0,0.0,SUBMERGED,UUV
1781496945.520571,-5.565765329648453,0.20370056816037113,-11.96853977691367,-10.500752290382552,15.596876580489248,18.75685215925656,16.774108881387797,27.868935026860953,30.83424768364036,0.0,0.0,48.357119999999995,2112.78844714973,8.50068809711898,6004.408756997663,0.0,0.0,0.0,-12997.979701428303,-10050.944965708426,-21018.215144818052,94.05829500862893,95.07497277258065,-54.85438589338544,0.0,0.0,SUBMERGED,UUV
1781496945.9206135,-5.70738199423744,0.28744392996379103,-11.876066630886456,-7.697651850247944,10.850015719880542,5.99285434467566,19.226362923356483,29.48030698004932,32.09337143404678,0.0,0.0,48.357119999999995,-12029.555778856997,-9997.22631447291,-14805.552152510414,0.0,0.0,0.0,11256.527794186211,13724.898199779283,5146.365158839795,-808.1598996510365,-651.3557686111452,1244.2749476128165,0.0,0.0,SUBMERGED,UUV
1781496946.3208156,-5.693133590575372,0.27831538177637527,-11.70700984314035,12.12605105478923,-9.521623211443954,-13.53152246681757,20.557846994687342,31.828445483859955,32.977646969552794,0.0,0.0,48.357119999999995,5776.703145694432,7746.282845240078,-505.2825051165194,0.0,0.0,0.0,1704.3307466319186,-925.247985569566,15594.66550850193,-92.53708332120354,-56.14195331984907,-624.0707789659282,0.0,0.0,SUBMERGED,UUV
1781496946.770556,-5.47414499897892,0.1983394813940915,-11.870062193252423,-3.6960877008229565,3.8418927370318747,-13.079796666469322,11.288955742389868,27.076233926432362,28.971313466781233,0.0,0.0,48.357119999999995,478.3485693962638,461.5810531733637,-1205.743030861199,0.0,0.0,0.0,-11991.10068297468,-12025.284895363842,17259.787373772702,66.68552143375376,80.28739737793248,86.88205851329393,0.0,0.0,SUBMERGED,UUV
1781496947.1706042,-5.6948050316802155,0.2512910159777742,-11.840181825705615,-0.6040304659734461,-1.6273392209150057,4.791466293848418,7.105642915710223,23.35604633193085,26.9497423337825,0.0,0.0,48.357119999999995,-10103.572366553832,-11888.68037106682,20067.31914587757,0.0,0.0,0.0,14168.384327342925,13203.721901256396,-12049.949497315345,-628.2134633003783,-861.348470172391,-1085.2174102573565,0.0,0.0,SUBMERGED,UUV
1781496947.5705955,-5.797907835673691,0.2834236050805625,-11.981909426070171,16.73606301691314,-17.31156874128635,18.687515872860413,3.2644482701482294,20.497859291928293,23.718527431517582,0.0,0.0,48.357119999999995,8742.465447884717,5549.409241669873,-465.2279483206302,0.0,0.0,0.0,-2544.5244669800813,1847.110647563677,-12258.159401973782,56.42000475882793,115.68538498935727,761.8390489000117,0.0,0.0,SUBMERGED,UUV
1781496948.0205388,-5.603601747765387,0.18335114296585558,-12.071817461412282,3.023852535594288,-10.75680755831443,3.9762451456319923,4.433350849450455,29.002037231790936,21.364670492098984,0.0,0.0,48.357119999999995,108.23536428291587,3690.4767052355282,1814.66033917117,0.0,0.0,0.0,-10648.385359793034,-13939.459947204241,-18049.746745854423,79.64129989432497,54.28504859099964,-95.04745899636366,0.0,0.0,SUBMERGED,UUV
1781496948.3707607,-5.755976763577306,0.2554734097274569,-11.818619145116603,6.435119144971564,3.2353858805642997,-13.085782882445043,-1.7211449891005317,22.620786788037666,16.583024770384306,0.0,0.0,48.357119999999995,-1375.2618706627827,-9826.452734935401,2956.2885904513555,0.0,0.0,0.0,12622.471989042904,13815.02860268448,8534.501501661662,163.88984419519022,-74.41302399856359,-32.17204192088336,0.0,0.0,SUBMERGED,UUV
1781496948.8206196,-5.658535148427686,0.3177047429030983,-11.864473547388315,16.1255989651047,-7.859715766169384,-12.341286779623351,5.874238422798915,32.50269292524319,11.458446086856274,0.0,0.0,48.357119999999995,12128.016002417944,3776.3006396363235,2264.100730503553,0.0,0.0,0.0,-10219.58861364081,4463.210046760571,9458.140111529621,188.16470718669314,270.4269724958105,-816.348156700958,0.0,0.0,SUBMERGED,UUV
1781496949.1707077,-5.672158196686701,0.09633432401417663,-12.05542785829057,-12.735935165397075,13.384689482758201,1.5560264246650104,-5.087466328772342,29.164062786583447,5.579757742710116,0.0,0.0,48.357119999999995,-9913.763438709726,-732.7493995656547,-13101.894597349317,0.0,0.0,0.0,3846.310329384203,-8429.92308073731,2787.8375750259415,-775.7914385537931,-691.7846686504729,809.7666389062884,0.0,0.0,SUBMERGED,UUV
1781496949.6206002,-5.82259487614608,0.23642518624565712,-12.003830152768945,2.578224285485686,16.866023242089945,18.12880563634587,4.859269410641468,32.18040827270038,-0.9532976223398905,0.0,0.0,48.357119999999995,50.81024049282097,-11656.381248628893,-5872.572115527086,0.0,0.0,0.0,9985.74452562881,10104.808907494647,-5133.84054809164,518.5086668884126,-669.1525432448869,767.5204329922223,0.0,0.0,SUBMERGED,UUV
1781496950.0206828,-5.596634723841303,0.2778593545605533,-11.99309325468213,-0.23938774507445437,16.496390552732034,4.050334287757072,3.4135967156158196,28.305965067817407,-6.780433001671064,0.0,0.0,48.357119999999995,8163.593273183057,4163.8040378756095,-10446.440580705566,0.0,0.0,0.0,-15425.618479471435,3645.4899621845657,22489.189702476113,58.82093113490134,-140.54646015955404,-152.68196395841284,0.0,0.0,SUBMERGED,UUV
1781496950.4206753,-5.7045133452020895,0.05176655584282417,-11.999165599575916,-17.30052978924606,0.5523798914286293,-15.462549501956087,2.0294278075194896,24.48182000963449,-12.444820426674166,0.0,0.0,48.357119999999995,-11018.973394165081,530.7721907955311,11006.049883036168,0.0,0.0,0.0,10078.752612483542,-9275.983245629148,-8282.765850269154,-697.7696878764625,-341.6746828776001,-626.9207753595281,0.0,0.0,SUBMERGED,UUV
1781496950.870618,-5.783575244329614,0.17896596403892379,-11.927601087740324,-5.0837299695705855,10.458278607210728,-10.597860890480908,-12.37353993974338,23.446916296136127,-17.88625920980201,0.0,0.0,48.357119999999995,1260.933280658884,-11844.498332095225,9294.501152781213,0.0,0.0,0.0,7793.636875193155,7644.0021700774305,1476.7515987801596,461.140949904732,-752.1985406691405,-1003.5482088175197,0.0,0.0,SUBMERGED,UUV
1781496951.2705986,-5.651291319920721,0.2249507729415925,-12.210394826750896,-8.3085434009222,6.729658623002209,8.206244380419584,-15.389078462442091,24.658064498268395,-22.36896774245234,0.0,0.0,48.357119999999995,3176.7018798679183,2147.991965124011,4694.9643259522,0.0,0.0,0.0,-13600.377201897394,5966.630565367732,-20081.35059840713,50.78102906548256,-99.01965809920868,23.83614646460576,0.0,0.0,SUBMERGED,UUV
1781496951.6705627,-5.783236946209067,0.0610492213636123,-12.114736037630578,-15.580708776950123,-14.241302915160853,17.403373075203945,-17.258866367267157,26.283442214062255,-26.792110651268107,0.0,0.0,48.357119999999995,-12168.24443025245,3181.3362510722914,-15386.801321985606,0.0,0.0,0.0,9485.03267477445,-13563.2874633216,5866.853003969916,-869.0405555545859,-87.05317924780391,723.9092412947301,0.0,0.0,SUBMERGED,UUV
1781496952.0705595,-5.727837641681923,0.21832142813397698,-11.989750869159929,-12.721611079422631,-16.247266089761165,2.500230838648682,-18.475011868502296,28.88285338027575,-30.13547797196473,0.0,0.0,48.357119999999995,7109.359814664676,-11370.923036934306,575.5165936714634,0.0,0.0,0.0,49.840165981289374,13016.06009823152,12147.284944522396,89.67314715189089,-33.50497124112931,-538.9443090251814,0.0,0.0,SUBMERGED,UUV
1781496952.4705858,-5.620605674411831,0.16559109173879957,-12.214038213631863,4.193458523464301,-5.817843937010297,-16.532571814927017,-18.391829682596917,29.877208621271894,-33.087153031396774,0.0,0.0,48.357119999999995,-564.9026419233873,6083.309997325183,21433.483748103998,0.0,0.0,0.0,-8104.290390339414,1537.00189457902,-20687.402693386084,-268.80577037329465,571.2514378628122,-331.1650631457038,0.0,0.0,SUBMERGED,UUV
1781496952.8705745,-5.906221316597861,0.09933276972021496,-12.153995458346415,5.738335747500079,-2.0976178476367844,-11.079560034443489,-16.25923889684722,27.52541529662511,-33.96541718318412,0.0,0.0,48.357119999999995,-4658.122359791324,209.53633492019787,-3325.4707202831023,0.0,0.0,0.0,14264.207442350196,-11122.159835859402,-8164.280155703619,75.76243937150964,-214.31128305581416,-134.68124531277164,0.0,0.0,SUBMERGED,UUV
1781496953.3205717,-5.866553481729093,0.16277745208324904,-12.231461462941287,9.415892489594949,3.5642647651105506,8.373198375411224,-1.9241398555981992,16.860770744773227,-32.93647460986295,0.0,0.0,48.357119999999995,6545.047341154339,-10201.772838750494,-335.93604395963604,0.0,0.0,0.0,600.018987958063,5165.850724023041,-12563.503524358068,39.32061135224353,-92.96678987394554,851.3758121824128,0.0,0.0,SUBMERGED,UUV
1781496953.6706045,-5.62377711359037,0.15051550748458928,-12.15821065309082,15.188979282137637,16.910413674204996,17.727367725555528,-10.492220407415642,23.47507911490317,-33.60352641273399,0.0,0.0,48.357119999999995,-3618.4988186547657,6249.749254583002,8163.695345550635,0.0,0.0,0.0,-4828.891830301622,1481.8481812531231,2857.401367072579,-567.2152499812752,582.4319095920865,-869.7418401828938,0.0,0.0,SUBMERGED,UUV
1781496954.1205754,-5.894992812582595,0.0986721388317745,-12.078081073869342,12.293444203477469,13.397419585277879,3.421497167125064,-2.434409945639725,14.397352215213894,-32.46375950097735,0.0,0.0,48.357119999999995,-1413.5597445812987,666.4222962523131,7672.15576763365,0.0,0.0,0.0,12244.725264649114,-11633.38211171487,2995.3052407440855,268.6776173534041,-319.68819585138556,191.98104816943976,0.0,0.0,SUBMERGED,UUV
1781496954.5205445,-5.774191794721923,0.15841162057051644,-12.272372681944303,11.51749312125669,11.390869793490014,-17.14909581648075,-3.4216359197453716,16.43392150266911,-31.227621784164587,0.0,0.0,48.357119999999995,11972.74964743971,-12211.87618993813,8281.43392858183,0.0,0.0,0.0,-12404.632899467355,12247.645420309304,-22108.981013685334,44.61520945196644,-154.5212326375594,-241.3969289895734,0.0,0.0,SUBMERGED,UUV
1781496954.92058,-5.70632363585995,0.1954646101021971,-12.292310972880669,-6.199148747441399,-9.457333941438256,-12.108062127908513,-5.170779658690924,20.60927304504695,-29.325559588303122,0.0,0.0,48.357119999999995,-9458.749397166854,7570.314857597257,-19968.872038325288,0.0,0.0,0.0,2994.5218523036874,-339.40085750376056,11380.191220267858,-1003.6167961276808,1154.4938343718118,1364.3271358493466,0.0,0.0,SUBMERGED,UUV
1781496955.3205888,-5.88315175631366,0.08636440116280826,-12.08730576098297,-8.24645099108755,-13.660407271097217,6.497436543824202,-6.233308141685673,23.06523695478157,-26.86384163211402,0.0,0.0,48.357119999999995,1377.1031907738009,3.0904598360413313,185.87337637251215,0.0,0.0,0.0,7503.205164972584,-10833.090585468606,13456.654407773945,36.51291500218675,-29.444759051039874,-125.64520473081168,0.0,0.0,SUBMERGED,UUV
1781496955.7705612,-5.652707068044731,0.17671565623749602,-12.2188052957649,6.541084184261613,-1.0776419930361674,16.755171662976675,-12.736424799785857,25.580720334367403,-21.530036236432508,0.0,0.0,48.357119999999995,4465.035641468157,-11205.443937454824,44.08975787817178,0.0,0.0,0.0,-14560.990771677563,13106.30413907006,13936.636700295,-7.241945305190878,-2.493800502973742,60.88787505398087,0.0,0.0,SUBMERGED,UUV
1781496956.1705732,-5.739531424290159,0.2561756362317048,-12.286078872335823,-12.003050974207346,-16.46276958464991,2.8336358389811145,-8.578831344945915,24.214694074931913,-15.962097115693748,0.0,0.0,48.357119999999995,-12777.113447273503,6462.053151207051,22731.020718620442,0.0,0.0,0.0,10095.026235364901,1181.791629865126,-17920.788948930498,-934.5342635471889,876.6323194580966,-1137.1871892337629,0.0,0.0,SUBMERGED,UUV
1781496956.5705764,-5.91434526344525,0.09185008266887486,-12.357231917507375,-15.256701018446151,-14.885235978163278,-18.08342365312059,-4.692401097241726,19.43783836433906,-9.908220312418074,0.0,0.0,48.357119999999995,4173.12429050011,192.29270733948255,-1787.9007006438446,0.0,0.0,0.0,3726.18862748132,-10987.350189107254,-10296.931840812113,177.84008525592904,-103.33094333735673,254.55432657735534,0.0,0.0,SUBMERGED,UUV
1781496957.020549,-5.716243760208795,0.19869541609813723,-12.445548088919255,1.0873883775638258,-15.972822498116559,-8.181487804853598,9.154586581052381,18.253736725429683,-3.832709457872828,0.0,0.0,48.357119999999995,458.10783179252485,-11609.211679993357,-1191.4540401456243,0.0,0.0,0.0,-11492.775275656393,9232.835160052822,-11059.708319533038,-116.08000813742879,-177.86439047437662,540.5562683533469,0.0,0.0,SUBMERGED,UUV
1781496957.4206388,-5.81550713256733,0.30008748704887234,-12.291427543170613,-16.38437730830024,-6.681437039566233,9.86588980748525,9.906769260401836,21.2676400741658,1.946302295752243,0.0,0.0,48.357119999999995,-11408.561497622697,3958.8628516483363,-21235.68223690184,0.0,0.0,0.0,14232.300675651586,4019.3859935632545,22049.090908425274,-566.2339908482181,312.27236007340053,534.5465183164088,0.0,0.0,SUBMERGED,UUV
1781496957.8205905,-5.797256824851666,0.08833456944441982,-12.256277773324754,-17.160519790166347,-3.417492636584401,15.456908191694996,10.069180055568538,25.510611025530732,7.918847561994007,0.0,0.0,48.357119999999995,8608.932481985365,1171.676873522474,4229.3641390455505,0.0,0.0,0.0,-1874.3038880125878,-12567.871268625873,6995.610475304431,384.2150704566561,-256.0618580386017,-429.7896583010095,0.0,0.0,SUBMERGED,UUV
1781496958.2205682,-5.736465932587651,0.27808081738464685,-12.483994459274411,-5.7708437772955845,16.516660562642876,0.9419399028390749,10.638737059954748,26.566575066369957,13.508395378467771,0.0,0.0,48.357119999999995,-2851.562649419754,-10973.999695717908,5205.707940177076,0.0,0.0,0.0,-5165.92584947768,13858.046737028428,-20371.648245091426,91.93736765744748,-47.759101422659796,-3.7690777215236295,0.0,0.0,SUBMERGED,UUV
1781496958.6205692,-5.944352887394809,0.27879034493230626,-12.381745986048404,-3.956447157548413,16.781870663102087,-18.57603903331968,7.891638606945511,25.759886930076632,18.31482748950859,0.0,0.0,48.357119999999995,-717.4116057583116,6177.447729170465,-15430.10418628579,0.0,0.0,0.0,11774.161368807523,1518.589340301749,5600.708717389409,248.17469357406497,950.0289534879271,536.6782200481165,0.0,0.0,SUBMERGED,UUV
1781496959.0207083,-5.652535541991098,0.14999441581574333,-12.361763338404424,15.152362506150824,1.0734643038732554,-9.28559527636844,7.408150744538368,25.738726733710084,22.265950862018894,0.0,0.0,48.357119999999995,10720.896308173009,237.4270367412725,-879.6350576730489,0.0,0.0,0.0,-14044.336077317079,-11618.056729734799,16715.197339961298,20.54878054778889,77.46987588034698,116.83736522182937,0.0,0.0,SUBMERGED,UUV
1781496959.4205737,-5.784948342634608,0.32076725199123035,-12.433390861874576,16.426848131587796,-4.862337037171151,11.157050129786212,5.133778611376476,22.1487036725183,25.873617504371328,0.0,0.0,48.357119999999995,-11688.319013938382,-7795.636072560524,22954.546185051455,0.0,0.0,0.0,6290.395564581342,14617.140658231616,-20057.78072669942,-859.6730926873391,-483.5850726916447,-872.751904708068,0.0,0.0,SUBMERGED,UUV
1781496959.8205194,-5.95786773414713,0.24056266659182046,-12.502160442461753,9.09611182408307,-16.38485557252157,16.574759240384903,2.792888285149687,16.855728612351786,28.183645629440168,0.0,0.0,48.357119999999995,1819.664848663912,8760.030587345032,-2948.810411087617,0.0,0.0,0.0,6846.088313854523,-2572.61476955229,-8630.417791509222,204.10880712867976,324.8768092806701,735.820589033637,0.0,0.0,SUBMERGED,UUV
1781496960.2705543,-5.709455642531923,0.20157646459049214,-12.584821659454636,16.59171035406017,-13.724652706381246,-0.8300172016845826,5.559986325147899,12.617873249596595,31.114794752151976,0.0,0.0,48.357119999999995,3802.2067935607893,-40.26254172123005,-2132.8723548284706,0.0,0.0,0.0,-13975.314900463789,-9987.104831827637,-9743.21330535238,-72.58147276402167,-155.0833593136386,-86.61222462545247,0.0,0.0,SUBMERGED,UUV
1781496960.6705117,-5.825991545656506,0.305438183123909,-12.446699354167672,17.130507168973168,-15.834036550635027,-17.416920392609235,7.718382887934908,13.773640021219993,33.11050782568646,0.0,0.0,48.357119999999995,-12595.562489437429,-10820.258409638034,-19589.55905547478,0.0,0.0,0.0,9749.851967474147,14820.259567072864,23477.81319181317,-642.8163608502101,-468.49214463587583,846.6505570282978,0.0,0.0,SUBMERGED,UUV
1781496961.070547,-5.91657834093998,0.2647691332989708,-12.359472917557234,1.1799207747989988,-5.527310965505392,-8.409974290497479,11.132000570959645,16.1790101188235,33.85786432083219,0.0,0.0,48.357119999999995,4289.505300620397,7721.910110733842,6472.2340713301755,0.0,0.0,0.0,3868.966833240213,-580.0769937892519,4669.73080383281,421.8423298459503,571.8215620171444,-961.5932060954278,0.0,0.0,SUBMERGED,UUV
1781496961.5206218,-5.6512873949265625,0.21712842483966424,-12.496515906529764,12.198863373268829,-14.522208979640821,13.473201870002843,12.942369916935746,22.12379000484684,34.02849324582194,0.0,0.0,48.357119999999995,1076.0603309491614,142.2538778994151,5683.5466869327565,0.0,0.0,0.0,-12196.8962660439,-11090.792055321606,5262.472320379525,-231.99912812050567,-333.1218075819343,133.84469961451467,0.0,0.0,SUBMERGED,UUV
1781496961.870582,-5.938547501482996,0.28637484893762416,-12.519112926591324,-17.094078238177154,17.222485670380127,15.925509201340383,14.022761279429686,20.88356521707504,33.89039519946894,0.0,0.0,48.357119999999995,-6653.2750431035365,-5594.50357712553,-18852.911522537743,0.0,0.0,0.0,14474.438996575584,14325.557564474639,10581.386283100994,-456.15108725663947,-329.6166386285904,435.9127873119591,0.0,0.0,SUBMERGED,UUV
1781496962.3206336,-5.965173933867898,0.28399618174572144,-12.590636135815231,-7.838042354839701,8.982125035254208,-1.5588478383273252,5.9926065182068795,15.06520463682442,30.166984697411237,0.0,0.0,48.357119999999995,6578.282694447875,5779.990275556841,-11626.764495145815,0.0,0.0,0.0,960.8335019241413,1966.7941852563379,885.7836008711706,696.4990687773554,770.0394780548847,1042.670232264159,0.0,0.0,SUBMERGED,UUV
1781496962.720611,-5.658378568350704,0.19518761878318358,-12.50814422442391,-15.876650083078104,14.264651697500291,-18.796653234052034,3.951084957409563,12.891460211276105,27.285833416484493,0.0,0.0,48.357119999999995,-161.64524514767848,178.99187678741532,-2521.6337219577044,0.0,0.0,0.0,-9658.419209148506,-11287.02060115082,18540.212476413686,106.80249374772603,111.21424049547426,2.4228121947661876,0.0,0.0,SUBMERGED,UUV
1781496963.1205535,-5.9038569403075485,0.2405128171095497,-12.518698591954227,-13.528080499017275,9.526430417325246,-8.077928281597304,0.5010228007887451,11.806725246518548,24.656500540842817,0.0,0.0,48.357119999999995,-5193.675927268132,-11106.43684215171,18046.86688409596,0.0,0.0,0.0,13966.377197002119,13657.758918203437,-9198.509636569388,-223.56170783460436,-764.8048362916504,-704.0043224458846,0.0,0.0,SUBMERGED,UUV
1781496963.5205624,-5.857870211140708,0.28278260773407765,-12.70329315319318,1.3667778446189331,-9.765230803037978,10.424082197051757,-2.892233704572444,9.372070134276047,20.78827495935548,0.0,0.0,48.357119999999995,11520.994039392588,8928.487333790992,-1659.0508742879192,0.0,0.0,0.0,-11503.98144713396,-2904.121046512862,-10145.01389988239,119.03133656140591,247.259924776041,947.7974801755793,0.0,0.0,SUBMERGED,UUV
1781496963.9705596,-5.749102191141075,0.14395473388003877,-12.74971582725993,-12.123643703799468,3.0190286513694846,14.660650121818904,1.1815859201525747,19.19725049036148,16.30460012663469,0.0,0.0,48.357119999999995,-2031.910046661792,757.0592620826919,194.78834301540465,0.0,0.0,0.0,-6322.480356478568,-11947.663600723976,-15242.549100966071,36.969911000341966,33.15372907298874,74.23160160221929,0.0,0.0,SUBMERGED,UUV
1781496964.3205476,-5.951895255381051,0.2914024751348799,-12.523618165912696,16.765833124720473,-8.409635136350806,1.3792257930211909,-6.148130471873387,14.198094426178677,11.707185622492949,0.0,0.0,48.357119999999995,601.0597826986652,-5345.278779117275,5247.0977315170585,0.0,0.0,0.0,8935.85459152046,14112.902834972276,5892.99661545878,347.75441590024224,101.78879461090385,-3.0615043862208466,0.0,0.0,SUBMERGED,UUV
1781496964.7705386,-5.759607508675494,0.30841093834520755,-12.570532878817046,8.14891752139999,-16.601009993328272,-18.87063695552064,4.845456055338435,22.68709133206026,5.819728701544127,0.0,0.0,48.357119999999995,10098.99319105807,4072.7006463225252,976.7554907130917,0.0,0.0,0.0,-13761.744030104848,4013.4352590569983,11359.935974889806,-11.824746128935962,167.55273546306276,-329.2188932401894,0.0,0.0,SUBMERGED,UUV
1781496965.1707065,-5.826553412219323,0.09272720287402957,-12.738155747343583,8.887615531487217,-12.63577521272908,-6.885677637277662,3.859310107647459,20.770117644172807,-0.01581305772785037,0.0,0.0,48.357119999999995,-9697.70775923245,678.359592706722,21642.46014438809,0.0,0.0,0.0,3069.5406432193704,-11287.802579668905,-21737.817796233303,-262.2292717005366,138.62545360264232,-234.44568227071935,0.0,0.0,SUBMERGED,UUV
1781496965.5705178,-5.9571978337903175,0.24963759992957948,-12.735409528480956,14.70254152570185,5.776364629292781,12.530544724067193,5.36555286799038,17.016656155983284,-5.497107543085114,0.0,0.0,48.357119999999995,2650.732918748049,-9967.107585237965,-8624.390895644203,0.0,0.0,0.0,5772.795421440309,13421.880879164597,-2100.702099639133,468.7280844314526,-491.63927238890085,775.4852877184005,0.0,0.0,SUBMERGED,UUV
1781496966.0206034,-5.760763119052915,0.26503543647852523,-12.83033190182589,13.836583999476225,-6.304765670871122,13.063061317502463,-4.637001206571589,10.261673858116323,-11.653449736910769,0.0,0.0,48.357119999999995,6232.739058378298,2217.3017999100343,-2734.309367710971,0.0,0.0,0.0,-14434.063991477838,6286.2411729308815,-8886.290349825586,-45.57497820412265,266.44778997387016,167.81203963082575,0.0,0.0,SUBMERGED,UUV
1781496966.3705285,-5.876711827639902,0.055831341872134184,-12.669430865262973,-3.836054437290694,11.558723237796745,-0.6932091413753568,3.548392065821584,11.189740592543671,-15.54435730121901,0.0,0.0,48.357119999999995,-11530.293225800735,-220.78350332774883,14147.10360807429,0.0,0.0,0.0,12988.682824448204,-9045.37748264006,-4338.2345977601935,-614.3549542060924,-558.7227084583221,-601.9307391227152,0.0,0.0,SUBMERGED,UUV
1781496966.820564,-5.912225085910783,0.2124968528419462,-12.655352088406485,9.600335536272237,17.22871129898664,-18.5825839543399,-8.87757933613935,12.989922641216431,-20.067776941737485,0.0,0.0,48.357119999999995,5708.916359930205,-12046.809795332687,12607.111929620653,0.0,0.0,0.0,2212.516261834552,12477.336129622301,-2220.850387537002,719.3427662502945,-769.5956411584937,-1215.7844811893278,0.0,0.0,SUBMERGED,UUV
1781496967.2205532,-5.7444651008097525,0.19509153597230244,-12.901932252078536,6.260318117613949,15.257412595582135,-5.010419448716042,-12.249881690290243,16.430782273596964,-23.56040168218559,0.0,0.0,48.357119999999995,59.899393958602495,5019.359511790469,1793.972430895918,0.0,0.0,0.0,-10474.766060841033,2479.804712181497,-17606.756245624605,32.74038594944904,-115.55547449347932,198.22320231232317,0.0,0.0,SUBMERGED,UUV
1781496967.6205533,-5.953457092601451,0.06700011890928771,-12.780417527012027,-12.19993356634244,-0.42965731258900797,14.440725818508769,-11.559614084594742,17.704721324492855,-26.806204652329196,0.0,0.0,48.357119999999995,-8927.610257985274,283.461894230531,-18837.570364955747,0.0,0.0,0.0,14358.1644518134,-11063.321676048761,10616.750786450531,-573.2128547006964,-408.11062982029415,344.6581346056681,0.0,0.0,SUBMERGED,UUV
1781496968.070573,-5.968978871437429,0.17029001562385626,-12.85435710694094,2.547140574106803,9.953344663008298,11.84625031199282,-1.885790395903635,13.874719833659205,-27.59378859518235,0.0,0.0,48.357119999999995,4712.6537904211855,-10418.254493582283,-11307.079303377257,0.0,0.0,0.0,3305.579425720219,5026.542507918023,644.4695447769004,636.0275160907183,-834.2266338723712,1191.0479224713768,0.0,0.0,SUBMERGED,UUV
1781496968.4705403,-5.679649461850863,0.17066114338657506,-12.738619163655734,2.293636850046676,8.23047567323688,-0.5567160599290437,1.556971356356422,11.78980994971437,-28.927269292339396,0.0,0.0,48.357119999999995,-325.06603182028323,3121.0229553153,-63.217309218355695,0.0,0.0,0.0,-9388.821143440458,5099.924106748825,14544.191392940935,-4.730433746316997,-23.13119020420829,-257.7157047713887,0.0,0.0,SUBMERGED,UUV
1781496968.820561,-6.02668344991523,0.10709453139437931,-12.874149265037957,-8.962876737279421,-13.0960952860121,-18.766803184935636,-7.578145558225126,17.372336173872217,-30.235381781437326,0.0,0.0,48.357119999999995,-243.8615264152185,-560.115401835554,-5856.880917750127,0.0,0.0,0.0,11197.217437404826,-8695.17850464612,-5313.150886018689,270.5715939235407,-360.4650630784624,53.89745770034304,0.0,0.0,SUBMERGED,UUV
1781496969.2705963,-5.888893131246641,0.1814426929241868,-12.947631432383064,-16.008428566863124,-16.41942891564303,-4.270798872657964,4.40725796799981,4.884759696310489,-29.544981708811562,0.0,0.0,48.357119999999995,11050.601949505804,-11604.553888298373,-1433.2942597975136,0.0,0.0,0.0,-6920.069894026053,10598.360519382906,-10495.538058186394,150.19506296379188,-204.3638225213343,1080.0945151290612,0.0,0.0,SUBMERGED,UUV
1781496969.6705675,-5.729485010686558,0.17663359054216782,-12.850925300728347,-3.499175775543302,-5.062766182272409,14.240362906119088,4.320635111120989,5.596795692244657,-29.168409619350367,0.0,0.0,48.357119999999995,-3924.6035521760414,5233.9271182704,-19754.73678416836,0.0,0.0,0.0,-4024.995242684408,2437.839571070325,22370.549257143084,-149.6438327470342,267.23222267120315,196.0386570404075,0.0,0.0,SUBMERGED,UUV
1781496970.0705824,-6.015284235976572,0.09648567366037626,-12.804344255190989,-2.0242784467372568,-1.6800469050247544,12.77766647262208,3.0659052444320096,6.979551258119406,-27.861067132377322,0.0,0.0,48.357119999999995,265.1177680743671,-196.78219299627995,10825.652341145807,0.0,0.0,0.0,9165.207866516805,-9429.485568915556,-382.3940888430309,492.77513853080035,-571.9685149134637,-122.54906751535114,0.0,0.0,SUBMERGED,UUV
1781496970.5205703,-5.8334128198409205,0.13180729380786588,-12.816963158748594,1.441804841073096,5.242440063439674,-5.1255162804908965,-8.145694576875604,16.604812870610274,-25.631363611720097,0.0,0.0,48.357119999999995,11562.838699511653,-11975.370548862027,4477.907742482181,0.0,0.0,0.0,-12300.314999743065,8834.855713762821,6603.999105978375,214.5547355866292,-474.0203570397601,-1143.0049912981478,0.0,0.0,SUBMERGED,UUV
1781496970.8705728,-5.822886063322858,0.22319904316593442,-12.98337021347777,17.196929436075106,16.13126779307275,-18.62204946925006,-1.0086234362440183,12.45091821395935,-22.506869079141346,0.0,0.0,48.357119999999995,-11352.93529016331,8167.6872723356455,-17199.81090771379,0.0,0.0,0.0,6453.779631318966,-1052.0430541804662,7606.252938261058,-947.2655764961589,1050.3125835041146,1461.838095956839,0.0,0.0,SUBMERGED,UUV
1781496971.3205383,-6.003582485361911,0.08662820355514467,-12.947464295828308,16.325686840042025,12.323027366197799,-5.292269465251477,-7.553779421334223,16.671391390342137,-18.133645150196216,0.0,0.0,48.357119999999995,442.41785003247526,1690.729333500533,-10007.273451167093,0.0,0.0,0.0,8905.854214232833,-12783.931907828695,-496.06654935019037,438.3435531149385,-243.6768991021301,-14.994148673845814,0.0,0.0,SUBMERGED,UUV
1781496971.770543,-5.817332063479729,0.14540525106290583,-13.050731823243089,8.421491182681773,16.800399081795742,17.663193624049782,3.8034324048109145,4.880690379521535,-12.088208121883516,0.0,0.0,48.357119999999995,8474.275754577886,-10553.747838904006,-8650.987695397755,0.0,0.0,0.0,-14105.969262678882,5545.655059741066,-1932.9194715956742,236.01873394354814,-705.0280648490776,1007.8490748241237,0.0,0.0,SUBMERGED,UUV
1781496972.1205785,-5.859175300664463,0.27770665593817456,-12.945772027483283,3.9719109010016966,-9.91708723917555,13.494191761733507,-3.2831793795364113,9.048712333199115,-7.3719376586807215,0.0,0.0,48.357119999999995,-12218.477691853988,7419.4733168226285,21438.827963913933,0.0,0.0,0.0,12635.485313613048,150.45753296137855,-14146.919247613918,-875.5995544997311,1071.6815979132714,-1258.537198559759,0.0,0.0,SUBMERGED,UUV
1781496972.570556,-5.960433889386166,0.1032694827934641,-12.933090591062342,14.637944812814334,0.3350502902219479,-6.369576355746325,7.814263172930011,8.146002415842784,-2.19500402032398,0.0,0.0,48.357119999999995,3107.033889782601,3137.524103086056,14703.116171866563,0.0,0.0,0.0,5338.769633529442,-13133.693601306588,-4815.185946093454,785.4437566902441,-154.43133985077017,-275.93200737619566,0.0,0.0,SUBMERGED,UUV
1781496972.9705691,-5.766100318291783,0.20387466345672284,-13.131064791818604,13.260203222526341,-4.69289602974896,-17.315914621567856,10.046489291432902,11.234465535256165,3.6835197873018917,0.0,0.0,48.357119999999995,873.8108350105776,-11060.236259232857,1248.8894369053717,0.0,0.0,0.0,-12000.390417142986,6583.56923439164,-17159.547742413546,10.852250941152015,101.93585822744429,322.1274491101672,0.0,0.0,SUBMERGED,UUV
1781496973.370622,-5.906752968705302,0.3212586844735551,-13.046915983762045,-2.4911754512521886,-15.010864859386933,-3.707083208110263,9.159373785732482,12.974889119304022,8.97591555763629,0.0,0.0,48.357119999999995,-11472.523704730478,2088.847017230512,-19826.562010037782,0.0,0.0,0.0,13255.680212865787,6440.202185881259,11787.485445617898,-746.5695137967025,914.6042150955593,833.0660412985999,0.0,0.0,SUBMERGED,UUV
1781496973.770564,-5.853133124336159,0.10467886390266047,-12.953414899139881,-6.057501921059787,-13.472372637944236,17.40381384757723,7.133534511690085,15.725140589490918,13.97211157360326,0.0,0.0,48.357119999999995,10491.301862156583,964.2565079684998,2236.6591216185793,0.0,0.0,0.0,-5052.201976221632,-12696.704372891036,9495.027176403635,251.21267348052223,-169.5916029295142,-464.7976469706732,0.0,0.0,SUBMERGED,UUV
1781496974.170559,-5.760294563171662,0.2694852981013387,-13.13241569945132,-16.11021864769298,5.212213473768088,11.652107121766234,6.9564643919783675,18.480317504903702,18.961601259665574,0.0,0.0,48.357119999999995,-2348.377563611385,-12728.89177778633,18759.61142577215,0.0,0.0,0.0,-5722.641994144644,11899.682649668233,-22995.432811865692,-148.69287899541243,-502.8843666313058,-456.2912897379981,0.0,0.0,SUBMERGED,UUV
1781496974.5705836,-6.0116175768514895,0.2912523777735383,-13.143836646231605,-15.302203593409686,12.602848105145794,-7.215188872374212,2.2189679046368034,15.260303429936473,22.659727743993532,0.0,0.0,48.357119999999995,-1083.560558995077,3634.132251604221,-5981.477951918477,0.0,0.0,0.0,12374.415069565668,4599.825962963187,-5151.379476770115,214.1335716202004,442.2677557025864,253.48906676742604,0.0,0.0,SUBMERGED,UUV
1781496975.0205572,-5.837515433541031,0.14903298099615528,-13.192056380034732,-14.719842814127757,-0.7320074664527372,-16.070793949002418,-2.5555791033645425,4.158303954154646,26.77716994469477,0.0,0.0,48.357119999999995,11509.33409414664,2779.6078513311404,-4980.522835430902,0.0,0.0,0.0,-8287.050697680868,-13532.366353915524,-6020.93081494414,372.6936448386133,-89.54476172463274,510.1825284671354,0.0,0.0,SUBMERGED,UUV
1781496975.4205725,-5.797824582976359,0.32554295417834567,-13.050873110051832,-10.299864942092086,16.43007912743581,-1.8505744467769691,-2.848048155141979,3.714970715760242,29.96889131963977,0.0,0.0,48.357119999999995,-4327.213248894315,-12387.349289815658,-12296.933952527954,0.0,0.0,0.0,-3494.574668219758,9419.657255288721,22889.523113369174,79.48370069192853,-284.3758879285015,237.18006682270365,0.0,0.0,SUBMERGED,UUV
1781496975.8205707,-6.013675449104605,0.2826830420512437,-13.078414267195791,-9.102367293437872,16.501533761466835,18.324511021867725,0.31453596478364076,3.104312905235108,32.448206313218286,0.0,0.0,48.357119999999995,468.8030416301425,5734.889683914834,16636.141804323655,0.0,0.0,0.0,8424.976622754803,2281.8273576866604,-7042.854423252395,526.273410915582,1038.4036817176648,-665.2857680482318,0.0,0.0,SUBMERGED,UUV
1781496976.2705162,-5.795240151533304,0.1911364972519725,-13.101523483990029,-16.660196660259974,9.903179763337038,11.665075073702887,10.274435991242582,13.24177007138134,33.709935980863925,0.0,0.0,48.357119999999995,11934.973409166918,4418.346353270119,9100.613560991704,0.0,0.0,0.0,-12105.233316815425,-13705.601415141315,1387.9370063398778,513.1285202591736,-157.88738758250776,-478.95376686889097,0.0,0.0,SUBMERGED,UUV
1781496976.6205707,-5.857086055891916,0.30278387545243823,-13.208661985740703,13.536554553611435,-7.127574133877377,-9.417182843773984,4.09474266119297,8.277438778589232,34.75206556707852,0.0,0.0,48.357119999999995,-11577.661852485822,-12255.116196995243,-21615.166893633566,0.0,0.0,0.0,6616.434424688403,12430.655604603213,14599.563349144348,-1058.278759521159,-990.3672482293621,1487.8749161601536,0.0,0.0,SUBMERGED,UUV
1781496977.0205755,-5.985797123184865,0.2808018943879751,-13.056792500191039,12.354254631318497,-15.127408007410285,-17.453586824090074,7.995098403954299,10.48645464517184,34.98952306380461,0.0,0.0,48.357119999999995,2604.7179215568144,5055.969168636957,904.6177951798586,0.0,0.0,0.0,5832.306594259161,2745.1618442143254,11538.70402927184,101.71487068582803,144.04627156632256,-560.1196487318359,0.0,0.0,SUBMERGED,UUV
1781496977.470581,-5.746820242529613,0.23198338093846396,-13.143426576174472,16.35657737606467,-14.986175767255869,-0.7262932271554634,4.911800589372178,11.889176727642303,33.22052795074211,0.0,0.0,48.357119999999995,6850.128055439621,4668.362121691402,-753.4932465329869,0.0,0.0,0.0,-15195.675237496023,-15102.750023264296,16589.916810997216,25.148077496960124,60.32241505652253,252.80366497575912,0.0,0.0,SUBMERGED,UUV
1781496977.8705714,-5.86066851017881,0.26416236880697963,-13.233586118510317,17.3065688392294,-17.25966952286142,18.848989347470457,3.900080635692992,10.416390315549869,32.008796049435375,0.0,0.0,48.357119999999995,-12845.945438853727,-12779.776569909647,22836.16451845658,0.0,0.0,0.0,11137.961204193261,11767.49817490245,-20843.87489612392,-794.8800775613146,-768.0016870939334,-1146.193128697269,0.0,0.0,SUBMERGED,UUV
1781496978.270553,-6.003932602005964,0.29225014946417216,-13.341221439024979,5.88527820281592,-4.73976028817886,9.820839047139234,-0.9301807869173031,5.684349051731274,29.810203635041198,0.0,0.0,48.357119999999995,4495.747545898085,3513.819104211646,-3509.2972763207795,0.0,0.0,0.0,3418.5009300325937,4638.909419233852,-8046.807552176455,277.1423803520918,316.9793406975558,633.3081339677573,0.0,0.0,SUBMERGED,UUV
1781496978.720538,-5.758609416561319,0.21993646532627265,-13.363375176300902,15.987978111659555,-14.052460677504468,-11.413222518218124,-4.7754813821268876,3.2277263661647555,27.572780652462896,0.0,0.0,48.357119999999995,2629.839674687066,5968.583680379783,-306.2404637865181,0.0,0.0,0.0,-13413.975783315644,-14600.74845877321,-13006.02913562761,-53.450409623605125,4.13016951243327,-167.37547194801175,0.0,0.0,SUBMERGED,UUV
1781496979.1205468,-5.8897826695163,0.22383577629025697,-13.24457200130566,1.975529841792365,5.247823106360048,-16.180147085823375,-4.132418776177798,6.197521390206982,24.19687826576677,0.0,0.0,48.357119999999995,-12878.326141965337,-10653.842289976521,-22951.46537207784,0.0,0.0,0.0,11141.490892387517,4881.391634180851,20084.88029639753,-837.0912609500801,-1060.1834125275057,1318.6699651445642,0.0,0.0,SUBMERGED,UUV
1781496979.520572,-5.9512803144169055,0.3365123894161566,-13.202744477811638,-0.6338645986143476,9.91718661573424,-0.014756690768533406,-1.5432451872629325,9.782753366646974,20.431524764615922,0.0,0.0,48.357119999999995,8764.599432056151,2658.164238933766,7452.367539416736,0.0,0.0,0.0,-2055.5752820567504,6112.261752697648,3619.867026776693,525.7907254742333,564.2413164226547,-893.2611296450223,0.0,0.0,SUBMERGED,UUV
1781496979.9205956,-5.753250519383971,0.1482451341622323,-13.434423578324763,-16.874708003536554,13.62176084505897,18.399866786973647,0.7250006168948301,11.600108545199971,15.281604640027211,0.0,0.0,48.357119999999995,-2881.5399963250866,525.6847816332034,1398.7191583164963,0.0,0.0,0.0,-7322.390786514234,-13340.580346955003,-21523.51338308919,137.5904966685914,133.4515406985111,-25.079360447560703,0.0,0.0,SUBMERGED,UUV
1781496980.3206034,-5.984118508528558,0.22156586524432612,-13.347465678916228,-16.841348124704734,8.729965335001069,9.027702873943705,1.5914795306219915,13.379409126390849,10.18090320448665,0.0,0.0,48.357119999999995,-600.5855973669545,-12136.465012740886,-19578.43483606034,0.0,0.0,0.0,11569.506824023876,12069.167684136275,11511.32474011182,87.8418928593378,-1017.111808804438,772.1075762950661,0.0,0.0,SUBMERGED,UUV
1781496980.7705736,-5.881814471698156,0.32220861234380843,-13.425615965816242,-7.825454701593307,16.446579647528242,-13.339805317755312,3.656182335826971,5.505485917557727,3.048278735958607,0.0,0.0,48.357119999999995,11534.354239297141,1349.6334747445976,-11885.966094821331,0.0,0.0,0.0,-7698.404067165548,7412.8577056825,1394.9868340517503,750.5813958378977,597.5804178221472,917.9419531773233,0.0,0.0,SUBMERGED,UUV
1781496981.1705997,-5.741949650822557,0.11590405452054932,-13.293264980195673,-15.573119356104268,0.3932952581175291,-15.096130639802935,0.6227086007116888,1.8929213549614634,-2.5355256164999314,0.0,0.0,48.357119999999995,-3764.5825499742787,5666.56129524442,-2922.5658259034535,0.0,0.0,0.0,-4174.996112230909,-15315.86521918236,18843.54871603642,107.68053566850408,72.54382516151185,-20.202895864056387,0.0,0.0,SUBMERGED,UUV
1781496981.5705953,-5.971816156875449,0.2000943714592765,-13.37637409121952,-13.999559599501675,-5.133906207978417,1.5713648060034566,-0.7388666905309665,0.10760193991614994,-7.494160200211104,0.0,0.0,48.357119999999995,447.19525860225326,-12888.856735647654,22307.329847533856,0.0,0.0,0.0,8279.08345275467,10732.652453366158,-16780.579579336612,275.7711556281891,-1045.9215550836402,-811.6619195736462,0.0,0.0,SUBMERGED,UUV
1781496981.9706166,-5.753598629736054,0.2594358851211469,-13.524760509352484,0.32598202485297767,-16.132235275523808,18.753327526950283,-4.545062286681922,2.436351993150322,-12.486358775498838,0.0,0.0,48.357119999999995,4987.855143695459,2699.4821431039686,-1058.5154754527043,0.0,0.0,0.0,-14342.311756856885,5572.596496512291,-11327.153036591659,-60.64505809879056,160.69768994423674,130.09049928150958,0.0,0.0,SUBMERGED,UUV
1781496982.4205751,-5.808548526056781,0.09624282170845519,-13.539038980233565,-10.742424445846632,-14.661513180578748,5.703318804421727,-6.970871870986006,14.342387062468559,-17.396356606369718,0.0,0.0,48.357119999999995,-6581.774254662287,7919.089032954094,557.6854235985638,0.0,0.0,0.0,-594.2305559811566,-14755.643519840505,-15957.882442531121,35.262281012910535,-12.299148703117746,194.40493765118984,0.0,0.0,SUBMERGED,UUV
1781496982.8206027,-5.961867622705048,0.1810261052007223,-13.416912683461515,-9.298002744316632,-17.40480165910946,-15.464572847066483,-4.786185577428616,13.397420417049691,-21.182012344237087,0.0,0.0,48.357119999999995,1787.8735157412127,-11880.996304208398,-22080.72480294762,0.0,0.0,0.0,6654.021630405574,7104.281040307257,20942.406965362083,149.78614081049122,-973.1735405396257,737.7594135981853,0.0,0.0,SUBMERGED,UUV
1781496983.2205822,-5.6851857471989025,0.23108650517216467,-13.399901409406233,10.246101255381012,-4.389918761338345,-13.57208411640398,-2.16543812129922,12.565631271554464,-23.95357257137912,0.0,0.0,48.357119999999995,2012.1460409037138,1550.8139738296352,3183.034346619016,0.0,0.0,0.0,-13153.844010825767,7526.3777768750015,8349.341078784766,-163.988876174032,291.27255859934957,-69.27199036914308,0.0,0.0,SUBMERGED,UUV
1781496983.6205947,-5.886766030612871,0.08506940190442462,-13.523816023233527,12.509582287686689,1.0752163242959563,4.503338423411254,0.9628724192760806,10.352297034010002,-26.941334361110492,0.0,0.0,48.357119999999995,-12670.141683847614,4190.232196332917,17700.609384006628,0.0,0.0,0.0,11683.609883310633,-14002.990687389174,-23857.321989121687,-391.3991274252081,235.48000328425155,-435.4443074432113,0.0,0.0,SUBMERGED,UUV
1781496984.0206137,-5.945480138637483,0.1827613457120209,-13.586400724221079,13.49797415054464,17.392898367425413,18.761097159796954,3.3300717869373098,4.729408112450356,-28.85666226641783,0.0,0.0,48.357119999999995,5032.790262781975,-10913.794893209777,-7700.1246394516465,0.0,0.0,0.0,2890.7246732894955,6454.254474838661,-3223.315162432766,483.8066135202414,-642.3458057569359,1149.6017559556217,0.0,0.0,SUBMERGED,UUV
1781496984.4205317,-5.69013433143439,0.18676990507983923,-13.436449572902209,9.69431223947603,14.846679232699664,5.716078040181379,6.008056207963103,2.5803407838482393,-30.250931721483294,0.0,0.0,48.357119999999995,102.79693362942007,1747.6213493937178,-6589.293994476795,0.0,0.0,0.0,-10912.246084778086,6719.666988543141,20853.50979947452,131.9015251865508,-155.17864523135472,-64.16747611756314,0.0,0.0,SUBMERGED,UUV
1781496984.8706427,-5.913309786708265,0.10072589976995609,-13.475620625489562,16.38010198764533,12.758587486447357,-12.247353476970476,0.5753036896449892,2.651922262947071,-32.14434420052241,0.0,0.0,48.357119999999995,-11551.719145149425,7148.984498896374,-9980.609660630867,0.0,0.0,0.0,10955.368784337847,-14751.32999560317,23586.29029552794,-280.10134454659516,149.86933081455982,424.5772524916396,0.0,0.0,SUBMERGED,UUV
1781496985.2705193,-5.935221870979033,0.14879390425065972,-13.473620970896965,5.747119259894209,8.72978809298844,-12.702745074513176,-2.302305531337077,4.808633444117817,-31.635609327268533,0.0,0.0,48.357119999999995,8264.121579469602,-10731.86418020482,12483.147508743808,0.0,0.0,0.0,-1217.2526632000436,5012.587566310553,-1943.6187394630924,727.7923215337346,-950.748134010222,-1452.5036158567955,0.0,0.0,SUBMERGED,UUV
1781496985.6705627,-5.7140923852054595,0.19161169402437728,-13.689990839229132,2.407905509297401,4.059513024133023,4.859027036088701,-4.0714687149871756,7.7720207902952545,-30.939793602551045,0.0,0.0,48.357119999999995,-352.3275703705895,862.1334687329552,1804.0007558551197,0.0,0.0,0.0,-8855.840749488221,7876.073190751713,-17731.66058720006,65.16827390728545,-107.75322260560006,97.89372119651549,0.0,0.0,SUBMERGED,UUV
1781496986.0705292,-5.957367902481691,0.12729958628960364,-13.606335380859647,-15.94313440932769,-16.078594890430324,18.540805240561966,-6.148556614330706,10.133625341240572,-29.641372335921183,0.0,0.0,48.357119999999995,-5597.135209760559,5811.098096127931,-19056.12713163088,0.0,0.0,0.0,14353.689109159848,-14367.003630754534,10907.350643500058,-376.28422300947335,362.4348548075017,390.0444797127765,0.0,0.0,SUBMERGED,UUV
1781496986.5205836,-5.918667868417902,0.12667881240058043,-13.659037778121139,-1.9328403823367544,-4.319456214137054,3.5826747656802493,0.002939516794375396,4.06083828273947,-26.271004394135005,0.0,0.0,48.357119999999995,10417.714071158842,-8803.298180860758,-18311.450187308736,0.0,0.0,0.0,-4537.7619498275635,2011.8492562332317,8937.585480393078,977.9029690280303,-1125.6658604920806,1483.9887119630916,0.0,0.0,SUBMERGED,UUV
1781496986.9206238,-5.690328233372245,0.23387102283717284,-13.520752274690347,-17.237235179553295,-16.268347784196024,-15.914568689354166,1.816363644598204,0.8203267684584861,-23.098417906359366,0.0,0.0,48.357119999999995,-1728.0520991453318,311.62846212416554,-9.782326557457646,0.0,0.0,0.0,-6959.615008339566,9436.10124003428,14318.563987396043,1.023571874401103,-8.746648764875893,-182.1429530256222,0.0,0.0,SUBMERGED,UUV
1781496987.3205714,-5.971517491521333,0.1332856991020263,-13.676107394474405,-16.082458668754494,-12.46242837288184,-12.111166030980632,4.138696979780554,-0.2431672611108418,-20.162001796183205,0.0,0.0,48.357119999999995,-98.35681118443826,3847.1933060699353,20204.3105526446,0.0,0.0,0.0,10228.936678054506,-13772.383903523569,-22917.881007385447,-37.14579954206949,220.31427172866452,-93.4376400955981,0.0,0.0,SUBMERGED,UUV
1781496987.7205591,-5.779190228725552,0.14590672550914888,-13.754088097094098,-3.170893512616462,5.509394193852292,3.9976441243374072,6.929508468504462,-2.23232986838046,-15.981965455776665,0.0,0.0,48.357119999999995,8616.711431297506,-10992.273835894737,-5335.151440584727,0.0,0.0,0.0,-14129.45026881904,6877.064353775506,-5577.013803051306,103.2737895175848,-511.22457763875894,875.3195268296613,0.0,0.0,SUBMERGED,UUV
1781496988.1705387,-5.740044383195278,0.2915690059382505,-13.794018718130161,-15.54042457350429,-6.401003133672488,17.600767944514743,2.6570830135203978,7.797577037598415,-10.903929605133776,0.0,0.0,48.357119999999995,-4885.193489837744,3.426999033414715,-1022.6332135739574,0.0,0.0,0.0,-2839.2330400292103,10271.562510026819,-11439.703810403696,-123.8771364072184,83.54925176055292,295.67330557540475,0.0,0.0,SUBMERGED,UUV
1781496988.5205693,-5.951375652550258,0.09551014524872622,-13.63416498061295,15.307075762694701,11.4321250190752,5.784500672387563,8.773269726979668,3.504807978280901,-6.764928489442072,0.0,0.0,48.357119999999995,2781.110903740566,2225.2701937636475,10680.437861483862,0.0,0.0,0.0,5833.692941874376,-12743.308609524513,-158.8672851949184,635.6206793866422,-293.41022593971735,-183.1012508272218,0.0,0.0,SUBMERGED,UUV
1781496988.9705794,-5.720542233381957,0.1287710359773736,-13.644758244556602,2.954845824379384,17.50028121570026,-17.189937537693464,-2.903672617941667,13.445504671485084,-0.9366915301783575,0.0,0.0,48.357119999999995,5761.733573958603,-6756.223578074818,4002.168493268557,0.0,0.0,0.0,-14165.360003466298,-676.4906804233333,7213.530302615791,-109.38766659890868,-419.67525793876035,-419.99675291192375,0.0,0.0,SUBMERGED,UUV
1781496989.3708878,-5.850311593706062,0.3210725380850362,-13.825180027941128,3.840289870125414,14.841755980219105,-10.751805869028184,-3.353271879502992,12.408668489082846,4.4173884163897785,0.0,0.0,48.357119999999995,-12090.727194834915,-6.666530803305884,14897.23030136248,0.0,0.0,0.0,7757.59809983955,9825.667514724391,-23431.309399320093,-296.4729289671631,-134.8242296660061,-264.23037397407785,0.0,0.0,SUBMERGED,UUV
1781496989.7706773,-5.875145831579778,0.1206067732508972,-13.776082371297457,16.433090909933682,-1.9677541314833455,6.667482061106123,-5.034987802806268,10.440396605231106,9.3470215116745,0.0,0.0,48.357119999999995,5411.46844851061,7093.654425727276,-14559.98281760312,0.0,0.0,0.0,2409.4688836386817,-14338.31350902436,4637.247840297671,750.6935053182003,440.3469855336023,743.4473809323351,0.0,0.0,SUBMERGED,UUV
1781496990.1705916,-5.683323938685739,0.2636932727188957,-13.701305535273908,16.109514780256465,-6.109460105358535,17.30991470877827,-5.254624976050203,8.858653242552943,14.477478726461905,0.0,0.0,48.357119999999995,-643.6738662077304,-11997.369915461899,243.97276243577107,0.0,0.0,0.0,-8761.286766646734,9228.111807972937,13089.531000663632,-80.69121931380458,-43.51630619225892,-551.2614316789594,0.0,0.0,SUBMERGED,UUV
1781496990.5706105,-5.927460957344777,0.31917926482379005,-13.803870719957345,0.40023057588511657,-14.014933020143115,3.5883257264057136,-6.17752582820575,7.020098091064563,18.764218907542826,0.0,0.0,48.357119999999995,-4599.712704250771,2996.497495134862,22346.685664382087,0.0,0.0,0.0,13976.344980109434,4922.923115824113,-19449.782012117415,-284.19377673769657,517.8202092709727,-302.2993425565578,0.0,0.0,SUBMERGED,UUV
1781496991.020805,-5.839861942728129,0.16680062370322923,-13.811330512988723,12.488699685209852,-16.74120624503205,-18.537461062884894,5.838798118182713,8.028025984735601,22.970201032349003,0.0,0.0,48.357119999999995,8779.506862688244,9766.7047454554,18466.031655172817,0.0,0.0,0.0,-6285.867998936012,-14302.656942724208,-17735.058253626565,985.1064350364607,650.3737135982032,-1125.2597871529474,0.0,0.0,SUBMERGED,UUV
1781496991.420591,-5.73952291673513,0.26347235126898355,-13.979658805911019,9.214415650190634,-16.34823359068319,-8.70877304712897,9.355713756955677,13.865647129855102,26.23943655688838,0.0,0.0,48.357119999999995,-1713.4687919469225,-9838.161638924379,-1588.5852761029055,0.0,0.0,0.0,-6921.1724144905465,4394.9721504237805,-10382.011136826735,-187.40826092996588,-194.1578278369191,714.9373019070736,0.0,0.0,SUBMERGED,UUV
1781496991.8205595,-5.956562295513304,0.321501360908416,-13.795201992576253,-8.701173611437255,-2.675197911628709,9.108249057074817,9.557628618163093,16.041579721893896,29.215095076128602,0.0,0.0,48.357119999999995,-2397.4350399119917,1190.8181092642292,-19526.077699761874,0.0,0.0,0.0,13410.137125240708,7447.586411921015,22573.260718126956,-233.8294278726462,98.51665507478637,98.909566005367,0.0,0.0,SUBMERGED,UUV
1781496992.2205973,-5.7542585972038225,0.18118353486394123,-13.818693061645508,-11.677591109039685,0.44074392293106524,16.318132035593948,9.957572132993784,18.296800495248558,30.77972743548337,0.0,0.0,48.357119999999995,11952.127184940404,3735.120044592341,5295.867796767691,0.0,0.0,0.0,-11718.246430690748,-13695.193014420136,5638.190320470729,363.0703855450657,-203.30035640019724,-384.9789565993391,0.0,0.0,SUBMERGED,UUV
1781496992.6705718,-5.6900308451424255,0.2792482059675904,-13.833403309625144,-14.084344646084984,6.899314779566282,0.15170824398570315,-3.141238510016481,13.861215697114117,31.42951123062825,0.0,0.0,48.357119999999995,-3480.440210739546,-8484.438018881408,4171.7628598320225,0.0,0.0,0.0,-4910.246560221014,1756.0386730452992,7137.081150726783,-375.2045514695751,-373.550175007401,-881.7633740299182,0.0,0.0,SUBMERGED,UUV
1781496993.0205836,-5.989566647829185,0.2826721449638738,-13.92913160071614,-11.22927905401105,15.350362276257,-18.220680934895157,6.078827937424385,20.272464859946055,32.52601254038975,0.0,0.0,48.357119999999995,1079.6226638716778,4176.8384955050915,-17264.84552091175,0.0,0.0,0.0,7785.924352876755,3866.7863928515044,7793.461857126849,666.1882650814144,953.1220029750077,599.978597982934,0.0,0.0,SUBMERGED,UUV
1781496993.4705946,-5.749416349932579,0.20448033019525239,-13.99815573400088,-7.796637096610354,10.897554586716,-9.228215609296988,-5.5550514501821295,9.728369476817639,32.0422709629717,0.0,0.0,48.357119999999995,11004.252161094355,7429.262391025841,-9453.591274259941,0.0,0.0,0.0,-12781.12354018153,-14269.291425270794,-930.4601993565859,397.5684936159279,133.3208125876256,341.9163262399678,0.0,0.0,SUBMERGED,UUV
1781496993.8705451,-5.8413686886512926,0.30095454762692486,-13.871811601531329,-5.554266998139667,7.690176290750586,9.44085610116149,-6.263292754847529,10.115310710938962,31.902452239133897,0.0,0.0,48.357119999999995,-12141.291781909,-11519.193236757166,671.4397532675938,0.0,0.0,0.0,10165.022117287906,12482.98590682615,12016.9897160949,-97.71440754511201,-29.354155492214314,-618.738479662434,0.0,0.0,SUBMERGED,UUV
1781496994.3205235,-5.969411118519959,0.31309136289358075,-13.84582654160683,-15.850712984539673,16.006497568858293,14.293071287759705,4.121590154554315,19.438844491992665,30.364079261428152,0.0,0.0,48.357119999999995,665.0119465094369,645.1739608988163,-808.9704857454186,0.0,0.0,0.0,8534.264124061308,8628.560515022247,16475.963037214384,-68.3984676416509,-81.5891700464426,-135.7199022213777,0.0,0.0,SUBMERGED,UUV
1781496994.6705997,-5.7146024576025605,0.19058308238273797,-14.09602727393949,14.772028392471611,-15.55028687882178,1.4589096578775678,-5.592725402173406,12.758466828512264,28.395187978911586,0.0,0.0,48.357119999999995,-501.9247470676301,-203.9131539379744,-8891.563903241708,0.0,0.0,0.0,-8752.704268008136,-9487.086573352732,-1940.4383071552338,-417.86605319814555,-462.74921526865194,141.3830304758471,0.0,0.0,SUBMERGED,UUV
1781496995.1205852,-5.906026328362702,0.20858539237255225,-14.102861848566683,1.9029507001379267,-6.845517203451714,-18.576237582810784,6.7671914614515485,24.75244093157488,25.094463701275266,0.0,0.0,48.357119999999995,-11160.152372706469,-11457.415019248258,-3038.017914809994,0.0,0.0,0.0,12393.429459189387,8496.700471028009,-8312.791292979653,-248.8728780378229,-291.15377630518253,1080.6264576786548,0.0,0.0,SUBMERGED,UUV
1781496995.570588,-6.008522116081333,0.2916342857056939,-14.125666293005171,-10.184487598648584,5.075048279872604,-5.7198903785188,-3.8464357525497297,15.6722160345397,20.08448279653106,0.0,0.0,48.357119999999995,2354.4738278723466,179.49276622478519,-165.90900188030318,0.0,0.0,0.0,5943.448434947164,9464.393920717243,-13494.774087962833,31.645144541227555,34.995827736619255,198.5883050125725,0.0,0.0,SUBMERGED,UUV
1781496995.9205701,-5.686697925005157,0.14904060705396138,-14.03276742183646,17.01538167235499,-12.068497068270322,11.09973931980097,3.6143353882870497,21.21728532523946,16.11521293118148,0.0,0.0,48.357119999999995,-876.426945181639,912.9975408975206,7934.715097557471,0.0,0.0,0.0,-8458.791057597327,-11839.827353340945,2847.3646840293068,-413.3575943407587,-309.21308857787375,-29.272178937525467,0.0,0.0,SUBMERGED,UUV
1781496996.3707185,-5.901410432438834,0.17960015414529032,-13.971106094077417,7.449063632781041,-17.055459741986393,13.767089233963246,-10.403378870230995,13.23080118478105,11.002655632936651,0.0,0.0,48.357119999999995,-9679.55666653551,-8644.415303509226,2381.010658869716,0.0,0.0,0.0,13781.496014536662,2096.3520022303946,9245.966175309057,-15.494494211914798,-538.8554425539627,-723.4860072865321,0.0,0.0,SUBMERGED,UUV
1781496996.7205584,-5.846290427712053,0.2772736283624931,-14.152905259040981,2.448002336960987,11.681324382074267,0.1287514084535602,-3.4222132912023344,17.794282649130828,5.4416886798731,0.0,0.0,48.357119999999995,11536.320752294418,6897.505456036541,-19805.617665726786,0.0,0.0,0.0,-12966.849297820267,453.6735571309546,11367.03813330776,790.1123451525466,1102.4266746196988,1221.2992036654027,0.0,0.0,SUBMERGED,UUV
1781496997.1705248,-5.779150281539753,0.06734243034171321,-14.15832647193113,14.518762028163705,0.5003610261514928,-18.66860179798561,-14.87511049109887,16.88161392373677,-0.5735605229619346,0.0,0.0,48.357119999999995,-6081.607475141276,1090.3996631793177,-18486.165269089688,0.0,0.0,0.0,-1508.0992518513892,-12163.941916118769,9725.32390407598,-928.2336306742694,-258.0098490092391,458.47555125815387,0.0,0.0,SUBMERGED,UUV
1781496997.5705297,-5.940583045999942,0.23557979876426724,-14.011733290771218,-0.8655158422109757,16.279392107902527,-7.24918832786858,-16.960437472491662,19.457492501714434,-6.2438359712273925,0.0,0.0,48.357119999999995,35.80354656518138,-11994.222184928178,-54.346858187027635,0.0,0.0,0.0,10386.647913851366,12243.905897095017,14743.638207007276,-29.199850329105292,4.166185300071083,-136.38839633989778,0.0,0.0,SUBMERGED,UUV
1781496997.970573,-5.787237810350574,0.2476748872456641,-14.187923198560405,-4.144454172499957,15.59100962054484,13.91094785845317,-16.398397588276666,22.619071031633425,-12.504732318857517,0.0,0.0,48.357119999999995,7037.857039363759,5326.091065845495,22249.751521168502,0.0,0.0,0.0,-14456.761666500304,2559.641936966741,-16544.84763684593,269.06711877877797,1067.5868494117142,-648.3116736794705,0.0,0.0,SUBMERGED,UUV
1781496998.3706112,-5.896011643100145,0.033881356915110385,-14.256422933577264,-16.86312238493464,-1.0212644143797611,14.658047399328503,-16.303482975590185,26.003804297422555,-18.975521938059526,0.0,0.0,48.357119999999995,-10493.62382228467,764.136060990282,-1071.165494075242,0.0,0.0,0.0,5475.735424718275,-12043.856551612316,-11279.991086318678,-147.05333410203716,-94.27057325781162,428.5681194523797,0.0,0.0,SUBMERGED,UUV
1781496998.8205576,-6.021312064518588,0.1379968615959339,-14.250904401752852,-10.177788325143732,7.002573755685778,-4.237774013832004,-3.63485926132914,16.597125142398873,-22.30593204214384,0.0,0.0,48.357119999999995,42.658373862162485,-9045.721528902312,522.7284723362856,0.0,0.0,0.0,9927.485100498729,3062.3027259163937,-15896.413385211536,-78.1294055696152,76.04055009104212,387.38055449627234,0.0,0.0,SUBMERGED,UUV
1781496999.170597,-5.705063059390026,0.1838040319501354,-14.185494453123264,-0.8942491275917819,-14.655636846342505,-18.746554912272877,-11.917785104555136,22.98157106223831,-27.322851721377734,0.0,0.0,48.357119999999995,782.3520620052541,4365.926240730925,4092.03610716779,0.0,0.0,0.0,-12126.53675681019,3789.407004597806,7222.404778168486,-237.52111268585904,381.400146545571,-298.3193496625054,0.0,0.0,SUBMERGED,UUV
1781496999.620558,-5.895198024764182,0.029249304127418076,-14.12848256541219,-11.631553745102128,-16.02430671814745,-5.2290783676471415,-7.228418568910861,12.941593709110988,-30.436215364902257,0.0,0.0,48.357119999999995,-12094.529919467435,1984.5733530498198,3088.5398551038998,0.0,0.0,0.0,5884.640261742006,-14586.07819162284,12506.130588130349,-242.5362438639461,-117.33883362956243,-405.2168358267606,0.0,0.0,SUBMERGED,UUV
1781497000.0205686,-5.983879433759727,0.1563367053394998,-14.265185510504026,-10.352440413413483,-17.20134317944146,15.943324322592254,-8.939608155935817,9.875442432624176,-33.2245024295826,0.0,0.0,48.357119999999995,4804.781840414232,-12695.355861213537,16527.178990109907,0.0,0.0,0.0,2810.0887657105804,10137.121827989951,-23343.667287162043,-67.97303068026565,-454.0173314755144,-356.5568255554031,0.0,0.0,SUBMERGED,UUV
1781497000.4205847,-5.782454914008263,0.13386862591995088,-14.395271823025114,6.944625883325498,-3.5634481567471297,13.415124201276669,-13.24257400430836,12.55804004166012,-35.974673421891886,0.0,0.0,48.357119999999995,48.53063814492795,2814.236130684179,-7534.970004040939,0.0,0.0,0.0,-10565.567566130208,5567.958093553051,-3456.772182657267,-325.88019227079786,506.8309060668384,283.13396357489177,0.0,0.0,SUBMERGED,UUV
1781497000.820593,-5.9981713601061575,0.06685298624305502,-14.14687919726715,11.388412230990992,2.6923239353039357,-4.725401481344382,-14.264858345831595,14.784376847801251,-38.92313198189374,0.0,0.0,48.357119999999995,-5757.457076304812,424.51650366138153,-1718.7617595743307,0.0,0.0,0.0,15161.222073714394,-11921.903072817102,17975.13959666274,-77.99862067637429,70.75076449824888,182.57559107428432,0.0,0.0,SUBMERGED,UUV
1781497001.2205918,-5.901199372180647,0.14696743601766227,-14.257738706077314,13.824988998956467,16.86956701609956,-18.776161574293262,-17.295474663043468,16.59781545950993,-40.14818077356997,0.0,0.0,48.357119999999995,12283.24170773041,-11785.263568794757,19473.480882609187,0.0,0.0,0.0,-8353.901094568135,13358.831026343767,-10942.048384552092,927.7181769409119,-891.8641698751827,-1403.087317619565,0.0,0.0,SUBMERGED,UUV
1781497001.6205754,-5.850805143403132,0.11006798920674836,-14.471398567708137,10.79865101213128,13.904800014365414,-5.7677834438979065,-19.674502311273276,20.06910832155875,-41.60057726317064,0.0,0.0,48.357119999999995,-2790.0053111135057,5730.850053128177,-224.11734655255174,0.0,0.0,0.0,-5395.041477121564,1639.6663671827214,-12978.574812761286,-79.00937737430898,23.616515654818667,511.33430517901905,0.0,0.0,SUBMERGED,UUV
1781497002.1205904,-5.980422084432175,0.07855223404103584,-14.253552957429395,2.257627674861297,-0.3497901935212502,17.50414858782463,-6.5618859199834105,12.97273370861493,-39.30516181708128,0.0,0.0,48.357119999999995,-8917.457897293596,6147.492283356693,11434.642769574211,0.0,0.0,0.0,14089.833235811631,-14009.01442754847,-1239.8866533162436,-289.17261577445316,121.75609752033407,-339.10720824424965,0.0,0.0,SUBMERGED,UUV
1781497002.5205503,-6.013598377870766,0.10915048464726862,-14.429314239849305,16.897124536531955,16.865219763533386,10.921721492899838,-3.228976048918697,10.49904888690421,-37.7486476730629,0.0,0.0,48.357119999999995,9343.388815760809,-9429.132335069844,2605.1848111016457,0.0,0.0,0.0,-3364.7179296518784,3565.472121156771,-18314.231680269208,-174.8508042513976,116.41157612934876,575.0274344165248,0.0,0.0,SUBMERGED,UUV
1781497002.8706346,-5.773820022542666,0.14250085753233208,-14.30757399697973,-11.561584191517284,-13.017552250709132,-3.2050271023394634,-7.718240078875856,14.594174129251918,-35.951750336128676,0.0,0.0,48.357119999999995,-5423.962547012825,4298.215764734005,1990.9477029852665,0.0,0.0,0.0,-2345.2742649311876,3747.150986410245,9831.155219229237,-237.69987167266157,186.76664190679108,-693.0648479549145,0.0,0.0,SUBMERGED,UUV
1781497003.320624,-6.049255518927709,0.08914600767240292,-14.254671589396347,3.6276040810845256,-0.9863069906778904,-17.87286380828797,-5.490284511532162,16.899162953881966,-34.45893214233407,0.0,0.0,48.357119999999995,-274.6856655277068,2077.0987758963365,1388.693711987045,0.0,0.0,0.0,11667.0086285248,-13533.807528053687,10888.88739299934,116.68513601165075,-94.33562252572219,165.10944474790642,0.0,0.0,SUBMERGED,UUV
1781497003.770617,-5.881915840794726,0.06521975013955586,-14.3266394616573,13.827308865889353,8.184569800317306,-2.1977131371590914,-15.923766819688353,25.255841283156656,-31.789224841096722,0.0,0.0,48.357119999999995,11013.456550407307,-10344.47185572463,1096.2676857795086,0.0,0.0,0.0,-13017.194430263471,4992.692796445253,11067.112368307473,-2.9545784284834227,-212.50732661875173,-708.2893950868088,0.0,0.0,SUBMERGED,UUV
1781497004.1206212,-5.916192802311545,0.20977181124622715,-14.524103697000978,-16.158142230040745,-15.803780577915617,16.19313657410233,-8.1989902727626,22.568401021147068,-26.939947358600975,0.0,0.0,48.357119999999995,-11423.455015607396,5291.571987548223,-10523.677358379815,0.0,0.0,0.0,7312.210516908461,2631.28267535908,-168.75913863569053,-691.4791707603333,677.1240204329381,1183.9318023824083,0.0,0.0,SUBMERGED,UUV
1781497004.5705426,-6.100250747143197,0.08816862282693563,-14.475117275064957,-1.8566499082600942,-15.056189687228025,10.538861275372145,-11.961642374321725,22.93611239433321,-20.463156353689083,0.0,0.0,48.357119999999995,609.1601720760752,4376.189991045661,-4217.244293721845,0.0,0.0,0.0,8573.410372847618,-14138.45843559911,-7080.924495391378,217.09176068574396,-76.27134918028761,-3.0193873670054643,0.0,0.0,SUBMERGED,UUV
1781497004.970561,-5.838740949086979,0.10876043497328886,-14.457059551641152,-5.7813720275579294,-16.981737437691013,-8.908165057931825,-10.155228280418743,21.14304557768763,-14.057821485486087,0.0,0.0,48.357119999999995,4818.387028337739,-11754.050383103795,-14591.361506062853,0.0,0.0,0.0,-14740.526776035273,7486.138806194246,23569.339844929636,212.98817562208896,-356.8842901058806,434.05165010881353,0.0,0.0,SUBMERGED,UUV
1781497005.3706217,-5.923683329247838,0.26750947711321255,-14.430219592715627,-16.537146336819678,-4.382500144785472,-17.30260686655218,-4.8309424790569775,17.45738997318089,-7.359965412733942,0.0,0.0,48.357119999999995,-12200.420922834537,1810.5771955964133,8565.298378833018,0.0,0.0,0.0,9706.73872325126,7174.254011892732,2277.5588722339876,-686.653166854173,819.3435577223652,-1018.7337778934227,0.0,0.0,SUBMERGED,UUV
1781497005.8205466,-6.02512113502645,0.09002194596168403,-14.397023085925154,-9.141037983243708,-12.134201705673009,-0.39896712255547734,6.577502367387332,19.84220525290744,-1.8115898378226314,0.0,0.0,48.357119999999995,3217.182407745822,6608.391913387063,7636.821865687796,0.0,0.0,0.0,5283.7408796534,-14175.782176906418,3240.076786068393,513.8980969102483,-9.68987025116375,-314.44633988915166,0.0,0.0,SUBMERGED,UUV
1781497006.2205167,-5.871969331362426,0.13867483185616714,-14.641138010986742,-15.365119988504976,6.6039764598743105,18.450730509074337,9.404183110611925,23.89907134002213,4.244344461227567,0.0,0.0,48.357119999999995,761.2421623985988,-9206.781049115405,8170.752873900916,0.0,0.0,0.0,-11769.212087255844,2910.689303483905,-21779.502133695732,59.95312657337637,122.08014807443891,112.54980171034052,0.0,0.0,SUBMERGED,UUV
1781497006.6205227,-6.009109716939311,0.2937295350208626,-14.580062695397302,-12.865808276919745,10.863909895105543,8.82684301501216,8.757341455465422,26.089563753901725,9.550965104881923,0.0,0.0,48.357119999999995,-10957.678152466755,582.7569960397142,-12690.19622239206,0.0,0.0,0.0,13100.059489119794,8698.73065329479,2530.00105871949,-575.1541357996762,672.9553749550129,653.569201601135,0.0,0.0,SUBMERGED,UUV
1781497007.0216007,-5.954022661185201,0.1100779389264161,-14.461877773530503,-14.118333845650369,13.259834166837743,-5.249566251412304,7.3441575273951605,26.520855111082646,14.122424462126476,0.0,0.0,48.357119999999995,8678.647665772452,7695.822105253519,-2073.50155884968,0.0,0.0,0.0,-2156.2592654168348,-15580.195902932726,18098.340715535665,-165.62323199897327,100.7900760340047,-152.66880764100128,0.0,0.0,SUBMERGED,UUV
1781497007.420553,-5.845805776648014,0.19727425941887947,-14.620399935010488,6.9948891372232564,8.017574663126377,-16.15618491821063,7.391608886216937,26.877734311210027,18.381793652843733,0.0,0.0,48.357119999999995,-2844.1067470327757,-12734.87503391036,22410.45575821161,0.0,0.0,0.0,-5227.248815288587,8760.33264974114,-17566.710201882346,-641.2220341905615,-1050.0904185169006,-990.3151277727566,0.0,0.0,SUBMERGED,UUV
1781497007.8204956,-6.117430354910503,0.24941577083396324,-14.634703534479572,15.154435459575817,-12.73606302903336,-1.5380507343935155,3.6132229913799394,24.23878735177749,21.44490671088911,0.0,0.0,48.357119999999995,-59.42528453532669,3980.6097745647808,-5384.797057689027,0.0,0.0,0.0,10667.535628279875,4142.0661756986165,-5886.503146845215,253.53404487075753,420.1075760773286,339.53426684841367,0.0,0.0,SUBMERGED,UUV
1781497008.2705476,-5.960437756984889,0.12295688263187277,-14.71025102265528,13.069152148978354,-0.5759294514000266,18.696485538236445,-0.12161331286200203,11.312437904915946,24.38722357380601,0.0,0.0,48.357119999999995,11536.677478427526,5439.550405019482,-1108.0000340359645,0.0,0.0,0.0,-8565.809716392687,-14462.231740149266,-11117.158980913893,106.91173264636322,18.051151462942805,423.59236632914286,0.0,0.0,SUBMERGED,UUV
1781497008.670521,-5.866509991228348,0.218436014366939,-14.638006018212588,14.320101178202746,-5.322666252122734,7.386712296469502,0.925801319704541,11.348198854660769,26.405667424321933,0.0,0.0,48.357119999999995,-4777.371958564193,-11064.68853709426,-21246.79518452787,0.0,0.0,0.0,-3009.581459676758,5800.86610824661,22054.734608060724,-303.7714153465844,-844.8390994083663,734.1707938605846,0.0,0.0,SUBMERGED,UUV
1781497009.07052,-6.100935753133567,0.27463362793485785,-14.519461488662426,10.08313104077565,-15.468245506344957,-10.894213615068944,4.220414096473459,13.619878317923293,28.55103498669666,0.0,0.0,48.357119999999995,-108.60104665039135,1115.7274798654755,4394.976777487573,0.0,0.0,0.0,10981.491603914455,8196.996570665206,7021.509193377817,237.07458202079428,329.0987054525171,-128.8148288086114,0.0,0.0,SUBMERGED,UUV
1781497009.5205855,-5.889376573746778,0.16027781621763967,-14.607205382316721,16.73935855435769,-15.681081176235173,-13.796019418377481,13.17328554898367,21.84339615239013,29.12012095234484,0.0,0.0,48.357119999999995,11204.346752440191,7396.1267383800705,3930.9680789347426,0.0,0.0,0.0,-12852.7170799026,-14280.499729582552,7239.651946472179,206.23079543551017,-43.85556755361789,-295.6983259009121,0.0,0.0,SUBMERGED,UUV
1781497009.8706176,-5.972135886100348,0.21908610300100984,-14.748045173481549,-10.375996618548662,6.872119273358073,-0.39584390476795905,7.691423197219304,17.032194836665244,28.91768194953311,0.0,0.0,48.357119999999995,-11335.054022767736,-12128.740465285624,-15831.352731755487,0.0,0.0,0.0,6526.581590881455,9383.170623025095,6107.560278487222,-927.5613008577137,-980.8760496725689,1617.560013733941,0.0,0.0,SUBMERGED,UUV
1781497010.3206127,-6.144723657671993,0.2595986002173621,-14.723187342793283,4.113426803664614,-4.713165742454081,18.370844015403524,9.586529161889231,20.138230176958107,27.481443180348602,0.0,0.0,48.357119999999995,370.9701221681134,490.2471939290876,-9023.505053366944,0.0,0.0,0.0,9055.896925722234,8827.78612253141,-1811.4583508307862,438.9373061713073,476.06517213187584,171.2086479592342,0.0,0.0,SUBMERGED,UUV
1781497010.7205644,-5.827124724550187,0.16454587881142682,-14.664804430924876,1.5211765328052187,0.03969959007379764,6.721227892390771,6.170353892347211,16.563494920174755,24.887480668571573,0.0,0.0,48.357119999999995,2532.0111734376733,3955.6894370290784,-813.6698576400439,0.0,0.0,0.0,-14041.29108117618,-14859.280265689535,16760.658515593153,36.83346600993023,59.112758025734365,214.06049528328896,0.0,0.0,SUBMERGED,UUV
1781497011.1207795,-5.968771262650241,0.17051897580663763,-14.700600090125535,-16.650974261503162,17.124101045426535,-12.110077250478984,3.9867497014937077,13.287899801619586,22.223426627266058,0.0,0.0,48.357119999999995,-12630.301491367818,-12578.73373579782,20961.638976573406,0.0,0.0,0.0,11893.008834093527,8701.837195937618,-13307.412873069767,-937.925910731913,-1078.427024006805,-1532.5674327582567,0.0,0.0,SUBMERGED,UUV
1781497011.5206392,-6.084572385085697,0.2563426485965574,-14.840226223702953,-16.754051917678964,14.986099341300546,-14.78147688047954,-0.27420722413315735,10.880245915663213,18.967007691884916,0.0,0.0,48.357119999999995,8510.881018902295,3967.6734361888257,-3460.652363191788,0.0,0.0,0.0,-2091.523672262927,4055.270419759243,-7995.302828532402,299.87709518202104,327.57608979274386,834.2531449105155,0.0,0.0,SUBMERGED,UUV
1781497011.970572,-5.873948799600798,0.13188303238585278,-14.888325910098196,-0.9965626797778413,11.075999380785625,-1.3551418361762477,-4.129471138723365,12.873516144689551,15.261789345258306,0.0,0.0,48.357119999999995,89.5546212305071,5460.932774493738,-218.87159929131047,0.0,0.0,0.0,-10622.228671202634,-14549.616479298744,-13319.668566459928,-53.1311923863947,-11.425114289753566,-105.87435726957258,0.0,0.0,SUBMERGED,UUV
1781497012.3705742,-6.056696179035961,0.15356235805371363,-14.732440724689779,-16.97297161009881,9.61925619585234,18.75463589353133,-3.6899343137916945,14.159888921205866,10.403966130837288,0.0,0.0,48.357119999999995,-5441.4889966430355,-12821.360452894754,-18156.342674569245,0.0,0.0,0.0,14876.244272159645,9900.555559917213,23665.706666230217,-344.43800369725705,-561.1022587256518,645.5244899437503,0.0,0.0,SUBMERGED,UUV
1781497012.7705863,-5.987907946669858,0.2889950088680695,-14.712887808421057,-16.823392570981547,7.7197531709408205,10.001072064322493,-1.789035052592276,17.627507820430253,5.575474553243717,0.0,0.0,48.357119999999995,12161.599763088405,2769.231132531723,6808.66461970117,0.0,0.0,0.0,-9099.402265076807,5967.404235964093,4234.488222936484,465.33271015015055,545.8011910690984,-962.6504276097771,0.0,0.0,SUBMERGED,UUV
1781497013.170558,-5.909059892339327,0.06367391300189516,-14.920555238623692,-0.7896448479847996,-16.772382147672197,-13.667174718522254,0.2976046158593216,20.704672459570588,-0.21919116556847706,0.0,0.0,48.357119999999995,-4549.011584683317,2585.2136099617283,8871.169987103178,0.0,0.0,0.0,-3116.9978936781317,-13343.122478075637,-22006.441605450822,135.94456661587603,155.48243366165894,14.643162445320982,0.0,0.0,SUBMERGED,UUV
1781497013.570765,-6.097588003555402,0.1800526247159992,-14.84779245510174,-3.916420982675808,-16.75056935423061,-16.968572242159755,0.6291444192754518,17.866243599204367,-5.400217501021412,0.0,0.0,48.357119999999995,12.028189329740394,-11652.297253183635,-12274.156430165358,0.0,0.0,0.0,10183.671748277757,8035.515121670164,2010.530204418596,423.698187117103,-873.948056679711,847.8146097422582,0.0,0.0,SUBMERGED,UUV
1781497014.020603,-5.942466935481553,0.24219787598559994,-14.932994134595317,3.365541220734854,-14.382581306144205,3.895443176023162,1.748968472426264,5.689112670523172,-11.815101505019696,0.0,0.0,48.357119999999995,11116.251479254553,1277.4740500500416,-10812.648398740736,0.0,0.0,0.0,-12568.918015078634,7523.287344984725,316.98896195237694,568.9942128802016,559.92851934126,749.6469372479276,0.0,0.0,SUBMERGED,UUV
1781497014.4205523,-5.927689416157342,0.03135702501021109,-14.795806744134941,5.312788619182178,-12.813978567940524,18.27350330165163,-1.1957575961400382,4.241088025906361,-16.629389123798866,0.0,0.0,48.357119999999995,-8304.156048453306,5934.082370630199,-4174.177593707407,0.0,0.0,0.0,1678.9781572701836,-15373.456213804442,19892.430460519106,122.16036268270688,78.12658825791536,-81.18090344128376,0.0,0.0,SUBMERGED,UUV
1781497014.820553,-6.080432415341049,0.14830566950075946,-14.857925864963596,15.759763764134705,7.144853662265991,5.379012378430119,-2.7974861616805033,3.247953937462727,-20.424851657335648,0.0,0.0,48.357119999999995,2618.2848491367336,-12893.263406752167,21713.207219196334,0.0,0.0,0.0,5467.25509563321,10585.057903009327,-15064.774366228776,544.6232544427395,-1105.713707991728,-1012.6791238302209,0.0,0.0,SUBMERGED,UUV
1781497015.22056,-5.860582665908143,0.14186842495103125,-15.0217903079364,15.170045922330104,14.258838724905576,-16.078316844686515,-5.928705210994698,4.374625714288955,-24.251549613130287,0.0,0.0,48.357119999999995,82.60185675787693,5117.82792434639,-3860.4522663363514,0.0,0.0,0.0,-10669.156505625793,2635.482643481431,-7581.6504018987,-221.9628692317814,349.4699909986771,382.6978776655971,0.0,0.0,SUBMERGED,UUV
1781497015.6705725,-6.066578936092846,0.025540866773153044,-14.999129641942993,14.631407072148601,0.5917509564813681,-10.531275943063571,-8.527587078061634,14.416343845471198,-27.687250054451283,0.0,0.0,48.357119999999995,-11515.966253586974,1173.9573334782099,-2855.354233174121,0.0,0.0,0.0,11831.122922721539,-12534.27004176869,-8677.561261431121,-231.00465789246735,-190.74992480230617,364.8622334448169,0.0,0.0,SUBMERGED,UUV
1781497016.070543,-6.032050037785307,0.13783242943309548,-14.892302473612329,10.451424415041481,16.749478612492158,6.074610080659402,-6.054846732146431,13.452545359089022,-29.858084963856996,0.0,0.0,48.357119999999995,7524.819911534761,-13012.194052702242,-17211.79139228648,0.0,0.0,0.0,-448.12095345889793,11652.230977394407,23541.55153929697,86.70272220207991,-556.2990746836035,531.9792767249203,0.0,0.0,SUBMERGED,UUV
1781497016.4705484,-5.815427952332843,0.13273578235127909,-14.896308656307491,9.577791210622374,15.696758727372067,17.466006885271433,-3.394697642004686,9.258686332655392,-30.89467212026426,0.0,0.0,48.357119999999995,-309.0775989695152,4108.038860979326,7436.649383551159,0.0,0.0,0.0,-9537.375697144453,4239.899959621477,3633.897852833962,-430.12876987596826,542.4718871413437,-467.3188149052221,0.0,0.0,SUBMERGED,UUV
1781497016.870562,-6.13455258840104,0.056920514058658445,-15.055465899089777,-9.756937537909561,-2.224066583374094,4.005311868055712,0.031431885826254516,8.204217478007031,-32.13882566476861,0.0,0.0,48.357119999999995,-2842.767552578992,53.03247205364498,1822.149353296647,0.0,0.0,0.0,13545.902954725898,-10466.750228350847,-18104.45617632506,-63.310979196775996,97.51199164910844,-92.12005753330826,0.0,0.0,SUBMERGED,UUV
1781497017.2705688,-5.96882303386715,0.13551251825107424,-15.0327291470106,-14.296240498543037,-8.520745214405338,-16.98766862980272,1.564455674229984,4.4113830926976005,-32.338990831016915,0.0,0.0,48.357119999999995,12457.82617964432,-10435.052997684932,-19602.038894526693,0.0,0.0,0.0,-9885.562061570277,13816.717881453847,11319.088078377974,899.8494136354291,-876.7538615261981,1329.5425011495417,0.0,0.0,SUBMERGED,UUV
1781497017.670549,-5.866285375173681,0.10957761015615734,-14.896310356785968,-11.586251512386298,-13.751412029299878,-12.57289372835513,4.77950246693345,-0.47248485117446115,-32.083144060353554,0.0,0.0,48.357119999999995,-4488.721290099206,7046.310355967868,199.6018735805837,0.0,0.0,0.0,-3452.2960994725045,50.89044514562056,12969.70163345855,-83.82907237049606,17.391778259561818,-663.319815469174,0.0,0.0,SUBMERGED,UUV
1781497018.1205413,-6.143149348860793,0.05554890815332043,-14.920511544297383,-16.426909810518932,-15.703024529836494,7.790690789073823,-0.0024328431030302125,2.568545720122453,-32.1175306402884,0.0,0.0,48.357119999999995,-965.6520784337,515.5573166260233,-4.892428555468126,0.0,0.0,0.0,12729.819294288081,-12271.283339621084,14553.930521172508,-5.127102301832451,-4.2366902341095205,128.3532211829771,0.0,0.0,SUBMERGED,UUV
1781497018.5705283,-5.949253732948563,0.1021465277378672,-14.955519436651135,-3.2119613126350366,-4.205030873031797,16.331366400440285,-8.62585099677754,10.097477324081208,-29.697965775189168,0.0,0.0,48.357119999999995,11946.916867325654,-12193.072750975442,-41.31333517491179,0.0,0.0,0.0,-11652.735506875044,10916.216456488266,14520.639486256263,-23.513006639872405,-12.153769947811828,-376.4890647680724,0.0,0.0,SUBMERGED,UUV
1781497018.9205728,-5.933108677126083,0.14010395170177714,-15.165169755499456,-5.648601691157418,-2.836158581291104,3.651018635529262,-4.0141019014613315,6.531911468698803,-27.871830555907806,0.0,0.0,48.357119999999995,-10154.6510046702,7901.693371954253,-5988.812043040685,0.0,0.0,0.0,4721.424355719658,-1052.8047990234495,-5028.865553348686,-490.7297291802653,462.87748277000014,1176.1802733817872,0.0,0.0,SUBMERGED,UUV
1781497019.3705595,-6.1345583660983,0.06085585171361704,-15.162897992445387,-16.139968903559314,-13.19673858553211,-18.235470505615684,-5.392365754188936,4.408967065181529,-23.365395989581792,0.0,0.0,48.357119999999995,53.7335448085361,1054.9022043174916,-1410.636705010094,0.0,0.0,0.0,9924.644509630456,-12319.04785428568,-10925.083146116647,101.29562139423291,-87.81299553749223,-62.31717365818609,0.0,0.0,SUBMERGED,UUV
1781497019.7705371,-5.907521756621432,0.09588469587907004,-15.08049801800469,-2.068793189945379,6.039715039894373,-10.79461106967277,-2.3429273329738276,2.088827943414212,-19.228159368105754,0.0,0.0,48.357119999999995,8027.570968502889,-13011.73230488605,-21117.72060311006,0.0,0.0,0.0,-15065.00106905881,11570.3494586177,22774.585584499866,363.7235880838232,-790.7483195908956,826.5433337905253,0.0,0.0,SUBMERGED,UUV
1781497020.17062,-5.910412976301843,0.21736030593330433,-15.013462322569364,0.699807845131079,11.244424477098653,8.634405813278175,-0.03810052026160802,-3.272790246271565,-14.38768616149606,0.0,0.0,48.357119999999995,-11137.229569925643,4202.79762805604,5002.131245507887,0.0,0.0,0.0,6365.278857062861,3986.7403056747426,6203.592780902253,-447.4739552712037,357.10269835529635,-1002.4408428899117,0.0,0.0,SUBMERGED,UUV
1781497020.5706198,-6.0683241880152226,0.04061171286918693,-15.229323378502714,17.036290464653636,12.72975057103726,17.46824770934628,2.3261844298259757,-6.165909531443927,-9.771061305498849,0.0,0.0,48.357119999999995,5415.4160547489155,32.17423964188344,3509.6587469501396,0.0,0.0,0.0,1991.089425978309,-10261.59540952776,-19228.635464434377,-143.50746748129305,79.25453609023081,176.3524080585955,0.0,0.0,SUBMERGED,UUV
1781497020.970596,-5.840071766158904,0.17281255088943756,-15.190106759414894,16.72679056869057,7.2587379605554885,2.5063568639441733,3.9642061582995236,-3.816032425642062,-4.407768349313003,0.0,0.0,48.357119999999995,-232.4106506591656,-10318.925981087663,-16334.173403572697,0.0,0.0,0.0,-9251.86630676573,13601.478191603088,7136.191267149243,-537.4416068072773,-767.753993817071,649.3957503561921,0.0,0.0,SUBMERGED,UUV
1781497021.4206004,-5.97685332240755,0.25641900979980503,-15.250023231968648,7.759604938616817,15.947016731122154,-18.751750752111228,0.5486521992599087,7.0706538500335006,1.122507577960804,0.0,0.0,48.357119999999995,-11712.982068916888,2332.919885787478,-8528.087098890921,0.0,0.0,0.0,11462.802316737749,6221.47351893742,-2271.6587798651026,-517.6516144808121,539.8600400808355,875.6258646014942,0.0,0.0,SUBMERGED,UUV
1781497021.8205886,-5.980970267196061,0.038466888606140476,-15.082281349138105,15.381451761638113,-1.0034487190792503,-9.136599770156256,-0.8781844395784877,7.415332993296438,5.9728874992641385,0.0,0.0,48.357119999999995,10142.238119457548,986.6346763424625,-937.2897530058244,0.0,0.0,0.0,-4440.719441145278,-12883.09109842914,16741.877348599697,-99.754568165639,88.48742069095124,-272.8492832203784,0.0,0.0,SUBMERGED,UUV
1781497022.1705937,-5.894779353383309,0.26903608239100185,-15.297203878273276,-14.648408721628202,-5.851526475333133,6.378556618454519,4.41363005688596,3.9616106554328483,11.534676048126936,0.0,0.0,48.357119999999995,-5245.620398448611,-5647.5331041473755,-3371.905042671863,0.0,0.0,0.0,-2500.8751904593905,14487.801380448964,-8012.169082161796,-325.66188360263055,98.32221384086378,282.57843132789435,0.0,0.0,SUBMERGED,UUV
1781497022.6206856,-6.0670897517800615,0.2216806539423103,-15.324979124780619,0.04338805321286676,-15.117644302202281,16.217545617157302,-7.039393011697814,5.256575595096475,16.313377844799742,0.0,0.0,48.357119999999995,-2103.18192764998,4204.086204739999,-188.61333005476502,0.0,0.0,0.0,13184.04773029542,3567.4531092801753,-13324.835754672915,-0.3901138171652221,28.498757641302575,180.8460375703284,0.0,0.0,SUBMERGED,UUV
1781497023.0705805,-5.916202577480581,0.08370959540069574,-15.329041031503872,10.349933098980449,-15.569119260597404,-1.4805548562992572,-6.410425557021086,-6.325831974325913,22.809216469026005,0.0,0.0,48.357119999999995,11231.840857130832,1948.162880595797,1.184266091366831,0.0,0.0,0.0,-7400.10002165721,-12996.463733666733,-14277.323330773479,-7.114539209301532,17.005491334266196,345.8117396598425,0.0,0.0,SUBMERGED,UUV
1781497023.4205666,-5.915329464347311,0.28312106855119185,-15.171598720041573,-17.039581540662457,9.913981447764886,-18.47369944481237,-9.504519212711296,-2.288386465886443,25.37786236694882,0.0,0.0,48.357119999999995,-8350.459589999082,-8023.811444178884,6316.134685772298,0.0,0.0,0.0,1395.197912621797,14074.220453025267,4597.191264019397,-465.00944821059153,-93.49017586246835,-640.775964475829,0.0,0.0,SUBMERGED,UUV
1781497023.87057,-6.094149130102777,0.22079232884340577,-15.183336355699398,-9.736792722091192,-3.11969841327637,-7.2805888047874365,-1.683866330024087,-1.355835518747576,29.205569003109183,0.0,0.0,48.357119999999995,114.95236480302981,5575.219662477086,5180.298467958242,0.0,0.0,0.0,10009.140214045441,2231.1763514378054,6101.065732039955,270.1888872627512,452.8666571331906,-498.57622812443526,0.0,0.0,SUBMERGED,UUV
1781497024.2204854,-5.786025034394413,0.16467245435418587,-15.303848378149624,-0.08131921591951619,9.677455706307569,8.652034740156303,-10.19568000158659,-5.0466867282930625,31.797967370744697,0.0,0.0,48.357119999999995,1594.9669110661425,-1737.5405757252652,-18212.104288801544,0.0,0.0,0.0,-12616.001510569122,-6859.596615383833,9560.292502092292,-78.92431293018237,-832.6333017715505,216.62019065797227,0.0,0.0,SUBMERGED,UUV
1781497024.670552,-5.923608601897245,0.24273181130509877,-15.388287812107114,-12.456561383195561,16.90824212565787,14.897312922019356,2.4747764349052095,2.6554621869750346,32.96319702070058,0.0,0.0,48.357119999999995,-10080.73861288534,-11101.464813838662,-10151.636012549365,0.0,0.0,0.0,4318.064427377669,12539.091165854778,-321.90222330673294,-703.6146558444344,-602.1010837552219,1320.6324600253106,0.0,0.0,SUBMERGED,UUV
1781497025.0705662,-6.048676405728387,0.20142622286586923,-15.212254718937652,-8.980621778065803,14.653650913513944,-1.2190832178829225,2.549984924691087,5.316755712137846,33.997891999719364,0.0,0.0,48.357119999999995,3675.1427462526144,9321.451100025697,-186.38714909801743,0.0,0.0,0.0,4382.0266934371575,-3219.3659520127703,14886.930873107569,-66.96024832066598,-25.311501296956408,-638.7345229130558,0.0,0.0,SUBMERGED,UUV
1781497025.4705381,-5.7690088491440985,0.1703322542558365,-15.343369398359878,9.603543195718691,-3.7621721662450027,-18.552092233972203,3.8531574195537575,5.294626338975783,34.303236527650476,0.0,0.0,48.357119999999995,112.49010107142772,-823.6039321196035,21516.29896961133,0.0,0.0,0.0,-10171.829054219541,-7632.782161138014,-16144.9921599532,-277.4991458555505,-590.968918957541,-88.14688258572824,0.0,0.0,SUBMERGED,UUV
1781497025.8705716,-6.024662977178178,0.23458897121239888,-15.450050230517569,11.732710585428867,-7.345754603389848,-7.835618646612448,1.0528648874376951,4.400249485439281,33.770812850845495,0.0,0.0,48.357119999999995,-9760.950480473735,-6017.409822496191,-935.873702101157,0.0,0.0,0.0,14047.073218600717,14587.418699610753,-11520.692837873456,-57.24201739505905,87.1839076256517,-37.642922036546366,0.0,0.0,SUBMERGED,UUV
1781497026.3205857,-6.017551841193549,0.2068781737905523,-15.501098322744058,14.370863197656563,-12.747078370664777,13.451098822580398,-11.051704021617718,-6.005010630499809,33.43338913516713,0.0,0.0,48.357119999999995,5598.847858614465,6863.826585995993,-730.0725232059269,0.0,0.0,0.0,1866.1430749626957,112.39119210266563,-11731.113839180605,82.05077696562212,135.98729709847447,726.3670430582027,0.0,0.0,SUBMERGED,UUV
1781497026.6705222,-5.772766601942487,0.1628863915688751,-15.296884435662665,11.456584384928643,-11.56446070699833,15.618013346774491,-2.859796277735648,-0.599285622460666,30.953436504268815,0.0,0.0,48.357119999999995,-2937.7704897018734,-2983.208102627028,9498.961677006688,0.0,0.0,0.0,-5692.766748006099,-5700.814360158183,1444.171984225427,-590.5813132652586,-591.1753618686241,-633.8428044213707,0.0,0.0,SUBMERGED,UUV
1781497027.1206017,-6.044523901758052,0.21978644465397185,-15.345222517078996,7.886051112336249,-6.3320452093379895,-0.21836536540199805,-12.468560592857047,-10.195039751649775,30.46748096882014,0.0,0.0,48.357119999999995,-5921.116518877758,-7761.086285068638,3861.3385698636134,0.0,0.0,0.0,14149.477799107237,14229.620308267793,7357.373815845191,87.40139368791088,-8.59967408277857,97.04503972112727,0.0,0.0,SUBMERGED,UUV
1781497027.5205936,-5.911750323414091,0.20810829241159312,-15.497821188935202,7.011765397305748,-2.9133476392275965,-18.394177301708744,-12.003876374929717,-8.763887815579173,27.271567016118787,0.0,0.0,48.357119999999995,12284.978239018898,11155.333878640175,6232.224579859437,0.0,0.0,0.0,-11106.458130544273,-6410.4005050620435,-21028.279801584635,-9.584307744255995,-51.902513619844136,83.54723134708713,0.0,0.0,SUBMERGED,UUV
1781497027.9205945,-5.7796896938827125,0.11884699479760699,-15.474215377383228,-12.346507083376132,16.270734556589375,-8.621813063843609,-9.930270654766353,-6.063600820706271,23.542044413576193,0.0,0.0,48.357119999999995,-5510.3780475573385,-1760.5697031601562,-15006.639371168874,0.0,0.0,0.0,-2245.910132983745,-6884.569901100274,4913.541538876846,-778.4142017280877,-805.6065431653703,713.7494127615105,0.0,0.0,SUBMERGED,UUV
1781497028.320601,-6.060467940660117,0.2259288852653672,-15.378529683264222,-13.631257087462764,16.941999246289193,11.853430671679202,-6.27955778568195,-4.80330271856227,19.433496746266158,0.0,0.0,48.357119999999995,14.562149218933888,-4554.491853551022,-973.9540342263028,0.0,0.0,0.0,10420.995557266642,15145.637992811158,16992.43535459875,-100.4105541462792,-53.86216877188466,121.17751136671335,0.0,0.0,SUBMERGED,UUV
1781497028.7209642,-5.850787514428122,0.22124048775303656,-15.433369074011214,-12.289326376786368,2.8104428917151356,16.20200694845611,-4.011733666490857,-2.6106065356271144,14.273591294003966,0.0,0.0,48.357119999999995,7070.3913904016945,12375.83924371954,20513.90036088517,0.0,0.0,0.0,-14329.130490819658,-7885.342157355375,-12658.856139427346,266.9483589218163,1234.3606489027668,-1091.7517414521074,0.0,0.0,SUBMERGED,UUV
1781497029.1209505,-5.834854850592799,0.06086547972645956,-15.588559727325388,-9.469474844542905,-3.9232579015514095,0.0017446782290330108,0.6276246034247698,0.6721202445902565,9.324466026237342,0.0,0.0,48.357119999999995,-10753.810959150052,-1386.204942897462,-280.8141387414939,0.0,0.0,0.0,6042.840681308943,-7301.0704890889665,-12923.778396797105,-72.63287829982703,-1.162940408479578,577.3192376785305,0.0,0.0,SUBMERGED,UUV
1781497029.57054,-5.973342761470583,0.22169231260736394,-15.61347819281279,-17.231330247065603,7.72035411786189,-18.715713876285587,4.620231784064072,-9.829868156456689,2.4454689965618672,0.0,0.0,48.357119999999995,1225.8485097370362,-6507.984936612352,-28.98156217402564,0.0,0.0,0.0,7486.4334693329,14608.069600932908,-14130.838493731397,-30.710845867818858,-13.437094047872105,30.513165283001825,0.0,0.0,SUBMERGED,UUV
1781497029.9705198,-5.777042778270375,0.18820862373253222,-15.50308627572166,-6.0011977070781475,-14.131149144141558,-7.097663217996182,3.634532971943211,-12.914227390529751,-2.9270853612566077,0.0,0.0,48.357119999999995,2869.1533523075123,9988.07577078466,-22613.74238689198,0.0,0.0,0.0,-13522.78346001918,-3889.072407972707,18180.89197821859,197.24413366029535,1126.6946748128314,796.0305152052401,0.0,0.0,SUBMERGED,UUV
1781497030.3705406,-5.951005108319731,0.018769256257926956,-15.458734852312812,-4.182908836116926,-16.700820791699503,13.933166061421682,2.9546904721081675,-13.487862449278719,-8.912168592080352,0.0,0.0,48.357119999999995,-9197.058870028419,-2133.9440550917743,5437.44016645862,0.0,0.0,0.0,13828.540728087579,-6718.277034237656,5747.567772293343,-138.98186088092672,-366.22319846564056,-403.6034280739168,0.0,0.0,SUBMERGED,UUV
1781497030.7705684,-5.877272883268252,0.22055142632138044,-15.61344111017464,14.72771987970597,-6.247984354803681,14.50377190004836,1.2012853795697953,-14.379427643231539,-13.25457977208206,0.0,0.0,48.357119999999995,9158.198362435858,-3442.3572308228254,12291.487410700835,0.0,0.0,0.0,-2814.8358828914074,13735.089972318467,-23191.501432851583,-30.579256698149837,-127.07750911367177,-38.53898799525957,0.0,0.0,SUBMERGED,UUV
1781497031.1705592,-5.732325712947862,0.09945234831855737,-15.620688342999804,15.814891583973784,-0.3423601878244753,-2.464745535126458,0.24950428451046075,-12.281227721889094,-18.12308378207507,0.0,0.0,48.357119999999995,-1237.687116211365,11270.4410869019,-10293.658361601441,0.0,0.0,0.0,-7554.591226044049,-7094.596245697457,-348.13782192616657,-539.4321499744663,764.2725633497423,966.7069374039144,0.0,0.0,SUBMERGED,UUV
1781497031.6205437,-5.924319564730585,0.020749667249806238,-15.681825117269252,4.231841624746162,-10.962158389417475,-18.094336439880724,0.9496701329478904,-2.026007789147481,-21.35373795409181,0.0,0.0,48.357119999999995,-10349.34240269496,-35.437718292324654,-3735.8175176916716,0.0,0.0,0.0,13466.08662143017,-10104.103812267931,-7658.588212427796,-172.77795667780248,-251.99337198940827,308.92774708038496,0.0,0.0,SUBMERGED,UUV
1781497032.0206077,-5.841222187969669,0.17603563349205797,-15.520056875380488,16.083445629932275,9.089050149484265,-4.9321352369797955,4.17952077112614,-1.851310583153385,-24.197263201613655,0.0,0.0,48.357119999999995,11553.512916604332,-6991.7995384371625,-6400.8345900271115,0.0,0.0,0.0,-7090.85612520795,15635.977168032625,21277.77534774824,-46.83450467502927,-198.39447838242214,143.31062822378982,0.0,0.0,SUBMERGED,UUV
1781497032.420598,-5.732316787401115,0.08565970336896173,-15.530920085601764,16.256128693162616,14.328606177984962,16.63362146627019,7.51848147779738,-5.835163165915233,-27.60842340861535,0.0,0.0,48.357119999999995,-2951.2674871868558,10907.573908695002,14510.128929319579,0.0,0.0,0.0,-5641.53927590937,-5195.684350323063,-4294.342850693452,-829.2844282050103,965.5701022328406,-1180.0491514854677,0.0,0.0,SUBMERGED,UUV
1781497032.8205194,-5.956924949762696,0.057563442780725095,-15.759321809609027,1.2212755972874398,9.906813227554638,13.050469647333184,10.842361094005827,-7.7423112373215215,-30.140333906212593,0.0,0.0,48.357119999999995,-1529.632784494809,-786.7775768256694,1125.3019810535152,0.0,0.0,0.0,12711.324277346248,-8041.836860723383,-17127.981923293886,-64.6289536160933,92.97446514136988,-0.644660928396064,0.0,0.0,SUBMERGED,UUV
1781497033.220591,-5.746251752928589,0.14484008507690793,-15.613776741498986,-3.5760864142368396,4.571752595476174,-4.527804258214322,13.521702181308523,-9.857424848172052,-32.18065482070604,0.0,0.0,48.357119999999995,10682.850425086746,-2560.626969275159,-22540.791555858712,0.0,0.0,0.0,-14394.745290404559,13421.115871634076,20034.16302262279,575.4607263018236,-260.6455346690884,469.06778526927087,0.0,0.0,SUBMERGED,UUV
1781497033.6205513,-5.804763840476583,0.049043358523476605,-15.54849479626365,-17.05502610276917,-15.77253940866894,-18.68309005611263,14.82069829010982,-14.618390081302639,-34.27548506570281,0.0,0.0,48.357119999999995,-8709.496445947678,12084.306273057718,2642.353019812416,0.0,0.0,0.0,2073.745948146647,-10412.05202206884,8869.2305143126,-317.0341130221607,228.74498704779558,-1108.744219727706,0.0,0.0,SUBMERGED,UUV
1781497034.070533,-6.0141257353726845,0.04639933576421814,-15.620985771040205,-8.926232312261428,-3.077503476909286,-3.67114974518772,8.410683228413971,-11.640632314973612,-34.92527556324357,0.0,0.0,48.357119999999995,-466.4292737602695,-246.8037369425705,47.00812454345754,0.0,0.0,0.0,12038.162272534362,-9666.228203166498,14117.248193546631,11.104276083363954,-14.277414891464487,7.179591861395551,0.0,0.0,SUBMERGED,UUV
1781497034.4205675,-5.658509211893644,0.1258568712201617,-15.714427341205191,-0.948846494408784,-4.635694776286364,13.12914892946612,15.220812932928343,-16.505841680967833,-35.17307062642532,0.0,0.0,48.357119999999995,3601.512358039973,-871.7424571650367,-7231.838273596898,0.0,0.0,0.0,-13803.366125907307,12127.9870314547,-3437.476552193996,-123.86654723271681,254.81008782300654,-165.802420116987,0.0,0.0,SUBMERGED,UUV
1781497034.8705812,-5.75422871542978,0.08907229807436752,-15.795142712609643,-12.891457105897633,-13.770249771896296,12.300347444328867,3.3645798210728755,-8.136972563250746,-32.7003966111287,0.0,0.0,48.357119999999995,-10567.53720235106,11012.634763839349,-6244.839730075256,0.0,0.0,0.0,5525.951464523916,-6721.152785076494,-4637.174720008599,-509.50388373018967,503.59020180888285,1340.673801263605,0.0,0.0,SUBMERGED,UUV
1781497035.2705579,-5.975024666836741,0.05064561050261266,-15.67080162460646,-10.056449955263696,-9.525494013634878,-4.946073539680078,1.243413136798361,-6.620122727514915,-31.059110609069073,0.0,0.0,48.357119999999995,2241.4239438223244,-1907.7256735072037,-8199.368723222246,0.0,0.0,0.0,6062.6839014906145,-6491.569205727528,21378.23280186906,-154.39289692224395,153.78658351103587,-147.326955403128,0.0,0.0,SUBMERGED,UUV
1781497035.6705303,-5.638618073841089,0.14105521097151175,-15.68768857517913,8.229694111055851,11.01541106816508,-18.38008063638008,-0.10293311201741362,-5.99605602148244,-28.121630966882766,0.0,0.0,48.357119999999995,-13.205188815110619,-281.3737282937637,18789.032314820037,0.0,0.0,0.0,-9585.648083767308,10504.748961997513,-10709.07324009845,-435.60913792385855,407.28737073180736,35.56822886703989,0.0,0.0,SUBMERGED,UUV
1781497036.1205873,-5.820885246360078,0.12106421281857781,-15.707583133186853,-5.763741635949628,-1.8784834761017564,-3.129273706476323,9.06307274668751,-17.59794432742532,-25.54351839716331,0.0,0.0,48.357119999999995,-11551.855542448473,12649.492645471524,17090.25178072702,0.0,0.0,0.0,13262.082405515623,-9658.65633983201,-7757.993847127931,-754.2163656262529,982.3369970795334,-1440.8728065575497,0.0,0.0,SUBMERGED,UUV
1781497036.5205574,-5.83783752455479,0.041924198049927815,-15.908860453156922,12.802819086357408,16.84351689079621,16.86907650880474,10.332571470435159,-21.33772318788164,-22.059468443755087,0.0,0.0,48.357119999999995,7274.151817358284,-2717.820226173481,39.50041843643962,0.0,0.0,0.0,-429.6601386337152,-5378.284657114341,-14301.015707692619,-28.920661401311662,-16.560171321061254,512.7964566110763,0.0,0.0,SUBMERGED,UUV
1781497036.9205499,-5.636762408118117,0.1741209555824278,-15.734647208258274,13.988335718892206,16.32985195550925,11.51485019142183,11.161807440499448,-21.1229931097933,-17.67729050129918,0.0,0.0,48.357119999999995,-899.6287392031885,-2223.3321659027615,-21794.48483983452,0.0,0.0,0.0,-7898.28242835733,13103.912437266734,16683.6013654435,-394.15534995261953,-125.73260090238517,108.7234893049017,0.0,0.0,SUBMERGED,UUV
1781497037.3205733,-5.902140893288461,0.09766441323834334,-15.758375990015441,10.793990681730628,0.5003890481966549,-4.469818596740456,9.361234622303929,-20.729616855271548,-12.643876822947554,0.0,0.0,48.357119999999995,-666.8557218948226,10319.383685465778,4657.8801971285975,0.0,0.0,0.0,13771.123745994606,-11097.39183979266,11159.385268773069,228.0667449350474,194.31338124774058,-215.67774153949063,0.0,0.0,SUBMERGED,UUV
1781497037.770553,-5.819055448704196,0.01550421841791744,-15.718690533729804,16.80422758995403,10.968883629715734,-17.159181969294757,-0.7653098529066897,-11.060241477866501,-6.456665285184343,0.0,0.0,48.357119999999995,11570.746258424666,-1415.9686717247134,716.7965162636759,0.0,0.0,0.0,-7501.30866860258,-7573.351845664696,11920.825189186444,102.26734323433969,-112.81129612912422,-639.5096163860017,0.0,0.0,SUBMERGED,UUV
1781497038.1205652,-5.660457871529528,0.2505686157859759,-15.881900063728027,-7.444829876833558,-15.154833432109797,-4.941729245643422,4.795293897615753,-14.77758193732711,-1.0928236389251622,0.0,0.0,48.357119999999995,-7783.846611032601,-24.021212325854197,-9218.493126729907,0.0,0.0,0.0,701.0114007444299,10534.588947376345,-1501.5629542827617,-597.1917325303363,466.6620411907353,530.7378668552523,0.0,0.0,SUBMERGED,UUV
1781497038.5706866,-5.814099128099059,0.1588471398168205,-15.967399522581967,6.265129144606991,-14.740990593238417,17.610341562559757,-10.0403429265871,-12.181377428272436,4.719118873584589,0.0,0.0,48.357119999999995,-379.12661921072504,10488.92378976053,-3153.8068103504806,0.0,0.0,0.0,11452.442056392596,-5703.6825599188305,-8298.594465275823,142.91775547602543,335.99944062872254,589.7013838409429,0.0,0.0,SUBMERGED,UUV
1781497039.0205524,-5.65492650554978,0.0410249222362772,-15.936460466332798,15.603228686259893,-2.330415828537081,8.291755237279187,-6.906523273094968,-23.229608915984493,12.837762357738862,0.0,0.0,48.357119999999995,11604.376957597782,-452.97205516326636,-2228.101533244328,0.0,0.0,0.0,-11023.628771902975,-8857.2564941768,-9571.590412816502,198.47030873855914,-179.5618665512917,550.7133970542693,0.0,0.0,SUBMERGED,UUV
1781497039.3706548,-5.750785150322399,0.28668157735585115,-15.867006616673493,-15.277810957285324,-3.7967022074853913,-7.576451346749636,-15.604507149163272,-17.87970256517742,16.636497437061326,0.0,0.0,48.357119999999995,-11410.217736239289,-670.2460248027184,13163.12979882095,0.0,0.0,0.0,6274.2136875918295,11253.753175344817,-3102.8533606123883,-780.2685918767053,336.3970795329545,-650.6768103401117,0.0,0.0,SUBMERGED,UUV
1781497039.8206258,-5.846724717599048,0.1566728224675381,-15.857125052570792,-0.7025175743972567,-13.4297809758024,-15.58742767960847,-5.573499203502966,-18.52959108179526,22.45991869159978,0.0,0.0,48.357119999999995,1405.7191717648077,11863.45644781008,11265.435925768486,0.0,0.0,0.0,7525.920866411501,-7494.094709441736,-691.4077817900568,538.1285452617171,861.3568777944802,-1052.828466125696,0.0,0.0,SUBMERGED,UUV
1781497040.2705767,-5.598678170340534,0.10663256038695218,-15.807727367091966,10.343478694968255,-16.40748302283802,2.5487436263344954,-6.849839023608457,-9.479392214596368,24.958964059140612,0.0,0.0,48.357119999999995,5483.00195307507,-1015.608217957887,10213.315423640119,0.0,0.0,0.0,-14000.889841179556,-8262.499325231965,312.4106737475239,-50.86248878736414,-644.7734933371165,-148.8257524944584,0.0,0.0,SUBMERGED,UUV
1781497040.67056,-5.685908545396981,0.2509589380817195,-16.009249185118346,-7.255186636562511,-6.780329170585322,18.563867459440374,-8.827963118149396,-8.419609558517028,28.592153428898293,0.0,0.0,48.357119999999995,-11270.401026577229,-5831.496627388021,4991.866959692592,0.0,0.0,0.0,6542.281197125974,14525.750804947122,-20558.295235385718,76.64770316738948,-77.30400456195558,33.32966877343753,0.0,0.0,SUBMERGED,UUV
1781497041.070567,-5.778956873445536,0.16968704680569535,-16.028443413551763,-9.818250293165837,-1.786529900547833,6.440424861886954,-13.857052955821842,-9.844350046010973,31.341129064963543,0.0,0.0,48.357119999999995,2698.3126088213885,9968.350999978995,-15934.082262415266,0.0,0.0,0.0,5678.164963273879,-3866.1207597294297,6001.039606722133,741.8634106992748,1051.0383873186456,1104.3879834175887,0.0,0.0,SUBMERGED,UUV
1781497041.4707184,-5.57182569986923,0.1664186882872473,-15.803299964386417,-14.220337136442488,17.15701627490812,-12.604296276511663,-17.257060250793216,-13.428517174308313,34.466264692582754,0.0,0.0,48.357119999999995,1626.1673927167258,-777.2821430559865,-532.0024183308675,0.0,0.0,0.0,-13444.721412107494,-8410.68081666774,16080.640285001182,37.04893906348646,56.72311867881386,-0.970005807879275,0.0,0.0,SUBMERGED,UUV
1781497041.8705406,-5.757038382744826,0.2405831504282785,-16.0200511832398,-11.311194219305602,15.826920385930823,-14.355450368479902,-18.655986094789956,-15.420918811487118,36.87480820067754,0.0,0.0,48.357119999999995,-9819.200824360012,-2092.506346877099,22482.575980218604,0.0,0.0,0.0,14440.638666143277,12680.12544177187,-21203.484084225052,-477.21085925279823,-146.1376825522708,-348.79760642425043,0.0,0.0,SUBMERGED,UUV
1781497042.2706945,-5.675013395289217,0.15921719804572962,-16.09662708371063,6.007356620567819,0.2564206409807377,0.993757155178325,-23.128788768156777,-17.943809360612736,38.99958679202204,0.0,0.0,48.357119999999995,8525.836341840411,11492.10695789213,-3521.1306340006126,0.0,0.0,0.0,-2077.571745655154,-8838.183829739526,-7742.961722567454,296.70977561375986,377.10984309344934,1174.5527267522084,0.0,0.0,SUBMERGED,UUV
1781497042.6706204,-5.577695131216351,0.20403168955896517,-15.86282299157831,10.08603515263933,-3.692935970600355,18.757046363180738,-23.251480605979186,-20.385319637905862,40.11765101320358,0.0,0.0,48.357119999999995,-2603.372153946571,-6445.8057580630675,-5531.329824428701,0.0,0.0,0.0,-5658.872669423794,-818.8286804945383,20166.882016579006,116.72087031269238,187.60601284571572,-280.3026559710878,0.0,0.0,SUBMERGED,UUV
1781497043.0705783,-5.827932481993821,0.22594077221985157,-16.05663648744189,13.857830196616195,-15.591221206095595,8.322954954913959,-23.857357210739607,-21.587701221902925,40.5243303279298,0.0,0.0,48.357119999999995,-601.1548136583536,19.655169467078608,15071.324593491456,0.0,0.0,0.0,11148.957678775334,9644.071646214417,-5547.530359568027,320.36455433152395,580.3288963685438,46.08801467716691,0.0,0.0,SUBMERGED,UUV
1781497043.5207112,-5.724061834427253,0.20098759934877225,-15.958192322076437,15.624700344908106,-15.056847237347558,-14.38969683904859,-9.67417284434462,-11.526775685646873,36.37263343638872,0.0,0.0,48.357119999999995,12450.012932533042,12509.482470515586,12958.486672647943,0.0,0.0,0.0,-6139.221190105111,-7080.239063460003,3742.1199874403987,490.16611332393404,653.5059966445988,-1448.9347748823984,0.0,0.0,SUBMERGED,UUV
1781497043.9205632,-5.488870093484874,0.1600113325607492,-16.111665394950496,16.30076129735406,-16.531453718281075,-13.633315135834781,-7.3311693755772245,-10.448085029762332,34.10126654369608,0.0,0.0,48.357119999999995,-4913.547730460715,-4108.663610445735,1042.0930076982534,0.0,0.0,0.0,-2657.9899146634384,-3598.5915884165897,-16453.495922994316,47.08974406273531,130.94403780211286,391.9355357765055,0.0,0.0,SUBMERGED,UUV
1781497044.3205595,-5.785015532705385,0.22078922840233994,-16.12948964118048,7.832454582684896,-5.015025319223964,1.0536671344208075,-6.43792402510609,-11.919453440926867,32.01471552360268,0.0,0.0,48.357119999999995,11.087991004951563,-816.1862653703976,-19979.78690437301,0.0,0.0,0.0,10005.906388841076,11837.619447368106,12574.394711890129,276.7220818414075,163.0739207664959,-26.76133113746518,0.0,0.0,SUBMERGED,UUV
1781497044.7705467,-5.605876848717581,0.21326849516180837,-16.15246461159565,17.18100841116646,-15.462562702415966,18.49800419983182,-14.090804242388852,-21.79269230700125,28.974663802980068,0.0,0.0,48.357119999999995,11971.903845022127,9895.852343481058,-12387.472349286008,0.0,0.0,0.0,-9888.288656010383,-3987.190739978118,2020.1252301478185,707.7406396324654,889.6150733389638,1473.0080644664122,0.0,0.0,SUBMERGED,UUV
1781497045.1706924,-5.536423001652814,0.11185360850189521,-15.9341728986658,15.71208041671542,-10.632402023173565,4.846797788174724,-15.9243048263211,-25.580609005778843,25.774144474479748,0.0,0.0,48.357119999999995,-5127.036529657817,-803.3656436496703,-1844.9579216198301,0.0,0.0,0.0,-2505.3699585861095,-8261.600813015415,17563.268150865264,115.14828231463312,117.44519348730304,-275.15738119553424,0.0,0.0,SUBMERGED,UUV
1781497045.5705914,-5.721757405149352,0.21985946296079792,-16.174377978419432,1.512148745986952,9.504051630383273,-14.32577093787502,-14.247340812459836,-28.437955138879346,21.597305473332817,0.0,0.0,48.357119999999995,1178.4218385110858,-1590.4900606997371,22327.40069466703,0.0,0.0,0.0,7145.608802348766,12208.67227928757,-18572.721795057892,350.01340428274466,-0.21466580735295615,-72.75673238712774,0.0,0.0,SUBMERGED,UUV
1781497045.9705503,-5.4623149354095935,0.17673415453404084,-16.161621825491565,0.8301884789411702,13.948986434064901,-12.931502266578972,-14.930806732932014,-26.146407344592454,15.477180541013373,0.0,0.0,48.357119999999995,2680.3674542443155,11567.949524903488,-1640.1859581941842,0.0,0.0,0.0,-13488.143943979589,-9113.367705902634,-10274.496036083692,-105.47277743866543,228.16788792786645,510.8881392958132,0.0,0.0,SUBMERGED,UUV
1781497046.420712,-5.498715735155208,0.04415558612952753,-16.21703579629563,-2.038482666527168,16.356851729219876,5.293970026467607,-1.5054050687526495,-14.723708427415339,8.423073012028063,0.0,0.0,48.357119999999995,-8935.921117138947,-148.03713755474348,199.86415578998609,0.0,0.0,0.0,2744.053893669947,-9539.44117139529,-15117.006794663579,34.49541053067928,72.49338116711183,373.4279988502299,0.0,0.0,SUBMERGED,UUV
1781497046.7705903,-5.652305291255148,0.2656950837473705,-16.107171735623382,-17.207432688068735,6.951631088538856,18.446027269453044,-7.834186987281846,-21.077859170639094,3.1697104906173914,0.0,0.0,48.357119999999995,9080.358830094407,-10.905579143474583,10594.601057484184,0.0,0.0,0.0,-2396.5164721260016,10225.545220630629,-39.500765725658766,698.9477852157993,573.2309506037191,-632.6538585490529,0.0,0.0,SUBMERGED,UUV
1781497047.2212405,-5.475407278041989,0.16181903252009,-16.02234620602592,-1.9135028671120875,15.899002016377455,7.429306084350616,7.343516130122292,-19.129656735589425,-2.798524969551448,0.0,0.0,48.357119999999995,242.20173251512173,10906.656474947067,3910.1332818134197,0.0,0.0,0.0,-11440.700511920377,-5950.547357662205,7370.3513971043885,-267.7616238504992,410.61046121831555,-647.4466146923943,0.0,0.0,SUBMERGED,UUV
1781497047.6206055,-5.5837802344235055,0.041897830255046425,-16.284746791138872,-16.232869864125398,-4.974045667237767,-16.59177669218054,12.392560327969374,-20.124851818661774,-8.788125789919418,0.0,0.0,48.357119999999995,-6112.414279264509,-3431.334705744778,5773.4547025844795,0.0,0.0,0.0,14549.755242806292,-4366.082002605675,-20708.5263294583,-133.78581275520247,176.51783736680915,-3.842207722392729,0.0,0.0,SUBMERGED,UUV
1781497048.021739,-5.513868267095466,0.23874119028085317,-16.228370023501792,-15.933066303632533,-5.192938317247389,-14.89976858963402,13.55603797673419,-22.611664736413793,-14.329676964027243,0.0,0.0,48.357119999999995,10950.36248783739,-1338.6926570535938,-14503.662615959121,0.0,0.0,0.0,-5778.787983449056,12431.382696573888,4661.083119524038,821.6107367434163,200.93439572932,647.0094398869685,0.0,0.0,SUBMERGED,UUV
1781497048.47053,-5.39075496502134,0.09520008338338252,-16.22476818623682,-12.008348130895374,-13.801866273061385,8.039664343359743,7.105823117073885,-23.78758162183593,-20.62666644909248,0.0,0.0,48.357119999999995,-1339.4581364364922,11130.345888148382,-12726.241706380737,0.0,0.0,0.0,-7411.148344281021,-6435.8585288241575,2319.529659819314,-626.2720298523188,890.9966523077026,1010.3282684314104,0.0,0.0,SUBMERGED,UUV
1781497048.870529,-5.682743367918064,0.05242805344914327,-16.169619818721333,-11.18984232672617,-17.097921131967087,16.43014654402749,5.14399096730479,-18.94017438196257,-23.649931262487605,0.0,0.0,48.357119999999995,-3684.106727168148,-1558.8324934999032,-2278.807682447618,0.0,0.0,0.0,14580.553850078162,-7090.623699865107,18334.13392549855,-87.5911262770494,123.62424255381761,12.915523172674312,0.0,0.0,SUBMERGED,UUV
1781497049.270559,-5.4372674416207465,0.18242892034733207,-16.21161928814438,7.6669216424864475,-5.060195906938954,2.2894385726418407,6.1187558883241255,-14.947598092205189,-26.050859474758937,0.0,0.0,48.357119999999995,11641.494448815727,-539.9416345689516,22566.09841960396,0.0,0.0,0.0,-13338.092441330466,10995.120966095448,-17902.787809171125,646.6267337904909,224.0976376041076,-424.35327145724887,0.0,0.0,SUBMERGED,UUV
1781497049.6705267,-5.415644873328096,0.04421325969360371,-16.345068093391323,11.95707453609673,-0.45833143656683273,-17.942352665286986,5.021246372101019,-10.699318506888037,-28.48274569316157,0.0,0.0,48.357119999999995,-6807.243046572651,11614.933891281215,-1548.0015743168203,0.0,0.0,0.0,-337.87838255459883,-11261.171751535101,-10371.874491719085,-217.83783381891826,141.45255054445872,903.4452919677425,0.0,0.0,SUBMERGED,UUV
1781497050.1205692,-5.594336578221643,0.06863531581161203,-16.426795824468645,-2.809483728155671,-9.993409161211309,-7.765461074717414,16.356260194792803,-11.24288054119358,-29.980897697592816,0.0,0.0,48.357119999999995,-79.68918841706632,-2198.8065477369587,-929.6106088109401,0.0,0.0,0.0,10695.230042949512,-6222.898588618777,-11706.193153935628,69.04518568180004,-115.52808172533793,174.15392006897986,0.0,0.0,SUBMERGED,UUV
1781497050.4705846,-5.340845360242518,0.12625531771456724,-16.192186075353405,10.659752826378233,16.029212298456414,8.062065602686598,8.702144571734507,-5.596333271149697,-30.43563143481567,0.0,0.0,48.357119999999995,1919.4172806379338,301.6427062050602,10621.653821531943,0.0,0.0,0.0,-12555.707449458347,9251.231212509843,-286.4076746741671,-254.0514006049002,596.2712448735588,19.065325144589494,0.0,0.0,SUBMERGED,UUV
1781497050.9205437,-5.451420044374817,0.050256635745795156,-16.201002329536117,17.15890995786663,13.812476374658504,15.278913573364209,20.77851119642617,-15.60589285412281,-33.84157090524948,0.0,0.0,48.357119999999995,-8917.136840639387,12070.66605894342,4019.134045391496,0.0,0.0,0.0,2301.668676978095,-9638.04054368446,7173.8811325617235,-410.91133996948946,336.9817544012526,-1222.6320479722203,0.0,0.0,SUBMERGED,UUV
1781497051.2705674,-5.557488138770288,0.08541595811071324,-16.413948939489124,-9.840398391257503,-4.783858806840095,2.4944356762143767,14.412978134076615,-7.996123279497972,-31.71620244773714,0.0,0.0,48.357119999999995,5249.194718608719,-8500.119803298665,-16910.097300794867,0.0,0.0,0.0,2571.1657058051114,1565.9477694103102,7111.459488836334,856.1442468755563,-1064.8426157777308,1197.8583896275322,0.0,0.0,SUBMERGED,UUV
1781497051.7206154,-5.290853591253319,0.13316808970376656,-16.323095224624367,3.2139252986635687,6.7166939302457545,-18.074282303424525,21.74973506339667,-15.446352386363357,-33.916777456088475,0.0,0.0,48.357119999999995,1060.5648006204476,-31.232778256795033,-15661.454438359297,0.0,0.0,0.0,-12161.919101240266,10399.075487382079,6387.193847340221,-226.95890316803963,493.83470911653455,-65.08169450935134,0.0,0.0,SUBMERGED,UUV
1781497052.1705742,-5.389868325273767,0.10864393894251377,-16.44593649067739,15.655954220977815,15.903375841169055,-10.945364345397918,10.19275917521129,-6.398149481286031,-30.38995195006695,0.0,0.0,48.357119999999995,-10588.274316142164,10912.480101249732,-8052.587983727208,0.0,0.0,0.0,5469.752945147339,-6309.1074831912265,-2703.9080909397285,-602.2102333573403,610.8010672554167,1400.170916422801,0.0,0.0,SUBMERGED,UUV
1781497052.52056,-5.555322964001923,0.0609303528046384,-16.3909277984327,-16.5267855376837,-16.701529121368562,10.105322158703972,18.19435576430281,-12.227922016876704,-30.57335920018366,0.0,0.0,48.357119999999995,8449.086956469115,-8272.194049081656,21501.528004094333,0.0,0.0,0.0,-1271.6233177740178,914.4210885815842,-13930.063896590495,921.4373923841597,-1302.7430957946565,-1346.7772314883314,0.0,0.0,SUBMERGED,UUV
1781497052.9205577,-5.2594036989977475,0.1665912478288755,-16.453368306571306,-8.373611172847253,-6.483379207792668,17.077830518168426,14.54513356677315,-8.261214629355184,-26.739479075141524,0.0,0.0,48.357119999999995,-333.9838267245667,6.432311354726074,-531.0301918795604,0.0,0.0,0.0,-9084.374924347127,10214.819645479693,-12546.991799402533,-60.28746665253386,56.9974724715874,49.454095172563164,0.0,0.0,SUBMERGED,UUV
1781497053.370616,-5.440202834665817,0.14116252945523733,-16.50887133104372,-16.566541705061624,-13.654296290319872,0.37891352214227336,5.131334312325297,-4.265390888317599,-22.449784321386186,0.0,0.0,48.357119999999995,-11016.575487004342,11617.094815797978,1069.2182823055666,0.0,0.0,0.0,13549.99259805938,-8221.265797767546,-16940.271713795006,-63.514905694438866,-141.8665886106447,291.7654851007577,0.0,0.0,SUBMERGED,UUV
1781497053.8205624,-5.498775254735197,0.0670797127025163,-16.577478415866427,-11.011592855224086,-16.749599013515187,-18.757322468859726,15.96374774176512,-15.643684007735237,-19.773805304515847,0.0,0.0,48.357119999999995,4790.739977339814,-835.598847821043,1357.1129995360766,0.0,0.0,0.0,2773.307538360199,-7914.843010880179,-17091.495130559757,-109.16874786594444,61.83509862512874,265.9845713734281,0.0,0.0,SUBMERGED,UUV
1781497054.1705866,-5.287408662892301,0.20242261957759675,-16.31619809031864,-1.6435734231349202,8.898240858294116,-8.969310825999957,7.374143084847724,-9.290257529406173,-14.030083835437802,0.0,0.0,48.357119999999995,-2079.786970884858,-272.9864323917793,2621.675634230409,0.0,0.0,0.0,-6651.327158607389,11691.73063688559,9140.703047898223,-213.6767209830629,164.18676223946184,-143.82799215875647,0.0,0.0,SUBMERGED,UUV
1781497054.6205823,-5.490843919149812,0.1664018750876194,-16.38279877021464,-12.91702353168754,-2.6882472648475755,12.746267565824207,16.604154689470512,-14.597662595652668,-9.856035664001375,0.0,0.0,48.357119999999995,-6610.217689836307,11100.262087432448,42.20510111784702,0.0,0.0,0.0,14747.595382147985,-6447.169032444391,13881.696538024962,-39.484208350914486,-18.754715940507424,-360.8924845451073,0.0,0.0,SUBMERGED,UUV
1781497055.0205352,-5.395032220917589,0.05868083776312821,-16.538846887386345,2.144503277060975,16.910596782080596,14.99645825664384,17.046424506752395,-12.732498042223613,-4.12452554026204,0.0,0.0,48.357119999999995,12608.545191902023,-3642.45975613916,19349.46961253315,0.0,0.0,0.0,-11194.552535633185,-4155.975559926522,-22855.182247025314,395.2374293549284,-290.65489770818573,-433.3102368542341,0.0,0.0,SUBMERGED,UUV
1781497055.4206636,-5.314819525463129,0.2928314007016002,-16.541812417686014,5.973425016657544,16.685029973292302,-2.04572829580773,12.66421764509014,-7.675447919814873,2.0312539978792827,0.0,0.0,48.357119999999995,-4881.212832345943,-1261.9549288102382,-5297.172153049803,0.0,0.0,0.0,-3024.304575822,12604.812291652484,-5849.8005782162045,-395.66669652467635,254.6924437127742,260.5096467613248,0.0,0.0,SUBMERGED,UUV
1781497055.8206038,-5.48925419906097,0.10860466263452725,-16.450011293533237,16.578575511706788,0.6427382939767505,-18.6862713352511,10.283105733196509,-3.9880694472212594,7.761440087559636,0.0,0.0,48.357119999999995,546.5706068483588,11336.191919856645,-3821.067801940564,0.0,0.0,0.0,8731.200474189674,-14295.121288455368,19639.65374441218,-177.61629965062176,90.89406027292095,100.2037104561831,0.0,0.0,SUBMERGED,UUV
1781497056.2205617,-5.260606360591415,0.10858310291452719,-16.487415335774678,14.631559786221795,-3.7162177647664976,-6.876162550439001,6.5096661644796585,-2.9932628074605705,12.743405655288402,0.0,0.0,48.357119999999995,3161.55389858393,-6950.2709416465805,16736.182602034245,0.0,0.0,0.0,-13188.798085636503,-833.1705869016414,-7257.285895462544,-138.87167324061605,-1102.0468137989724,-633.2742223790259,0.0,0.0,SUBMERGED,UUV
1781497056.6705096,-5.344246542802488,0.31535980533188573,-16.471593842409906,13.67784227619664,6.242462495146747,15.801817066662847,-5.1894608411630765,-9.220720640905693,18.882145964055635,0.0,0.0,48.357119999999995,-8439.600992303687,-3255.534910275361,8660.200498464677,0.0,0.0,0.0,1486.7026108252562,13239.292431265769,1995.0400565642535,-566.3320019695371,142.72456466473253,-470.0702577516752,0.0,0.0,SUBMERGED,UUV
1781497057.0205133,-5.428258844484044,0.14511706617496667,-16.604748653833276,-1.7015422414903862,-13.282343185894316,14.372493280442043,-0.5875431752399942,-1.282331686419826,22.242162979015237,0.0,0.0,48.357119999999995,4843.144476123699,11688.630990652851,-21381.874360653856,0.0,0.0,0.0,3020.5955751600604,-13176.400812232085,14161.45890101498,844.27470529851,995.3490407033199,1105.495880311149,0.0,0.0,SUBMERGED,UUV
1781497057.4706812,-5.21624404276411,0.18861315606469253,-16.5955794999076,8.701060848434365,-16.64424419382991,-4.707810933430303,-5.414194754128581,-11.816505479225468,27.91884670071204,0.0,0.0,48.357119999999995,1769.9378557196387,-4433.176611283222,-20211.114698079407,0.0,0.0,0.0,-12759.136312921468,-3483.5194961949232,12425.640208488094,-6.894111905426389,-1027.900864648501,459.06173188136205,0.0,0.0,SUBMERGED,UUV
1781497057.870674,-5.456976223426948,0.29911998658640737,-16.52310738687988,-10.423677261943782,-5.6508654015319895,-18.409726917600093,-2.940240606421208,-11.974316574516722,31.771107118645634,0.0,0.0,48.357119999999995,-11398.610655970362,-1082.8980835703828,130.11282669526395,0.0,0.0,0.0,12652.437292659088,12985.309790081363,13671.67301553959,-6.429033959160268,31.89586055575017,35.90777500975426,0.0,0.0,SUBMERGED,UUV
1781497058.2707233,-5.370915632525155,0.17119256793598275,-16.662818903064654,-12.194939112748571,-0.7777988930021769,-4.6687237140663465,-2.7850987484038696,-9.489038232789515,34.08916769615022,0.0,0.0,48.357119999999995,7304.284299920256,12594.402385988953,22986.84364470119,0.0,0.0,0.0,91.8882203404446,-12285.38205786377,-18824.211871866566,371.6534580111947,422.312108310092,-558.050385140713,0.0,0.0,SUBMERGED,UUV
1781497058.6706083,-5.210792689762683,0.25036959109678736,-16.729475672067387,-12.201234819131566,17.13231101445831,14.890367102014883,0.3892799820504204,-6.3348072659306816,36.47683803354131,0.0,0.0,48.357119999999995,-1100.829908970982,-6611.907562882874,-6210.938854307126,0.0,0.0,0.0,-7764.4761254422665,-757.7272454714512,-4966.8983788310925,-381.21473820037204,-490.7285102610472,653.6136684974584,0.0,0.0,SUBMERGED,UUV
1781497059.1205568,-5.445811712905155,0.289969969221788,-16.760222184774413,-16.56081273721725,8.56618185009139,11.584927654049142,2.858552544157693,2.3807523084282294,37.26936053416059,0.0,0.0,48.357119999999995,-10430.509965943915,-2197.421628219162,-1448.6046217952205,0.0,0.0,0.0,13529.942990291931,13311.11451014344,-10702.254751116798,-77.44519485601529,122.93014537619,68.1438831777041,0.0,0.0,SUBMERGED,UUV
1781497059.520578,-5.354664010385567,0.21155233597697862,-16.6315997315985,-16.973696284178967,14.710405309475192,-7.425283252401057,0.3821313837789472,3.0488326734077904,37.9714748338085,0.0,0.0,48.357119999999995,11378.502969936639,12449.263737997782,-12379.061129934404,0.0,0.0,0.0,-6634.822609148344,-13541.355316407902,23280.209920801168,132.5953436570548,346.16730488806934,469.6129761173304,0.0,0.0,SUBMERGED,UUV
1781497059.9205759,-5.1966805241374345,0.24049709580786602,-16.61750531186576,-5.512461819487435,10.07149799272835,-18.057331774054013,-2.198444576155035,-0.6898507754555971,38.16217365550706,0.0,0.0,48.357119999999995,-2450.792341764876,-5872.677308333862,10594.819743226186,0.0,0.0,0.0,-6319.577221593885,-2065.7726301261673,232.52732968586088,-641.8160374156939,-708.7864993124597,-809.9332261317741,0.0,0.0,SUBMERGED,UUV
1781497060.3206165,-5.481471801623564,0.2650069287654748,-16.82240532942162,-1.739792874754875,4.905696362651804,-3.3678491845461296,-5.813192242205477,-2.7648443717125755,38.28841335158385,0.0,0.0,48.357119999999995,-1946.006484934921,-334.9553077994121,4195.542058297969,0.0,0.0,0.0,12994.084858405726,11169.69683291686,-20130.614415642434,-97.32336358970505,-120.53657662142504,-93.47103066232278,0.0,0.0,SUBMERGED,UUV
1781497060.770625,-5.379809139398415,0.23759764457226556,-16.79777979717831,0.9097101523719342,1.6265605936621796,16.77952586990762,-9.474570254194129,-7.655419334087953,38.64934639981224,0.0,0.0,48.357119999999995,10525.698335346824,12051.984009734986,14193.199415163042,0.0,0.0,0.0,-4848.33317569344,-7810.276623017939,-23427.415782831013,54.692795228045334,320.30683808627646,-337.694084490764,0.0,0.0,SUBMERGED,UUV
1781497061.1206045,-5.259774043978502,0.2364324345062262,-16.634234655527152,16.986757279258534,-16.906620005546056,11.665014063155693,-10.010857185450345,-7.569599160890548,36.519151791620274,0.0,0.0,48.357119999999995,-8470.85721716192,-8787.900568895453,1056.661523782851,0.0,0.0,0.0,1811.1727371918569,2391.94946012073,11072.309700100337,-193.12713617455205,-111.97635170409632,-956.5524411683998,0.0,0.0,SUBMERGED,UUV
1781497061.570871,-5.514632895851171,0.2730480367981971,-16.691105787951916,16.72936485141781,-16.475574667858638,-6.077731198327505,-5.105716534203736,-3.037790598341973,34.70003824080237,0.0,0.0,48.357119999999995,-546.7908137257775,-1289.6730157138288,-618.0533591903545,0.0,0.0,0.0,12130.118868035664,13216.397233710819,16451.187070709755,-65.14067719637937,-44.328754328793785,131.4475856307052,0.0,0.0,SUBMERGED,UUV
1781497061.9706278,-5.246388630066056,0.23548735384637648,-16.800276310085433,15.704659003693681,-13.866314826239313,-17.574875221003992,-2.7546375410389397,0.5099240088075754,31.09553355145585,0.0,0.0,48.357119999999995,6781.205029326399,10294.749578001863,22614.643380369365,0.0,0.0,0.0,-13934.502279200844,-12139.321038463206,-14002.980818543154,309.72661056775553,585.6078295117482,-549.2704922503477,0.0,0.0,SUBMERGED,UUV
1781497062.370531,-5.25915092383102,0.18083432868125865,-16.916017426261533,15.778634453710378,-12.26569168914229,-7.15274122803119,0.20069979453294048,3.434623562289208,27.77184414145464,0.0,0.0,48.357119999999995,-10748.446850454562,-6631.4277513256475,-3637.7416308963925,0.0,0.0,0.0,6063.559143130505,-622.7817258542177,-7661.383031409967,-357.2772809563381,-301.11101178480607,1044.2787533554892,0.0,0.0,SUBMERGED,UUV
1781497062.8205743,-5.453455119337207,0.2653769497402978,-16.937635430022553,13.648059973699683,-6.5568833819344245,17.492928203645707,1.4814489201607095,-2.7711105301230994,22.457187433373925,0.0,0.0,48.357119999999995,173.37754279358398,-2026.2366301693405,-281.4880365663722,0.0,0.0,0.0,9504.143830417544,13081.837607420868,-13212.013806809564,25.38038876027035,22.734981933614204,-54.472917097710805,0.0,0.0,SUBMERGED,UUV
1781497063.1705277,-5.172874283434992,0.2001219311836744,-16.781243397890925,-2.10124887970054,13.79227568765709,11.197838497139536,3.4390877901231347,4.528109675844137,18.744526687129987,0.0,0.0,48.357119999999995,281.6363105048027,8298.8540315966,8420.776501826522,0.0,0.0,0.0,-10992.096923629659,-14068.864983873613,2117.700830787955,-332.96514404740475,187.6036170675713,-134.86516227952453,0.0,0.0,SUBMERGED,UUV
1781497063.620601,-5.254076075310538,0.10845130754129623,-16.757335889215437,-6.386436055185811,16.763624359609107,-8.069936732128578,-3.330567365419121,-6.315455484122391,12.472292763725402,0.0,0.0,48.357119999999995,-11626.75455851097,-2918.2043350443523,2540.068735756389,0.0,0.0,0.0,7849.8577624156815,-5549.478374418386,9128.38207761533,-270.69665075579286,-204.1576761712692,-826.6921376391278,0.0,0.0,SUBMERGED,UUV
1781497063.9705615,-5.338030401100267,0.3050197033430974,-16.91374554352714,-16.384855971915037,5.751463383861375,-17.66553083619985,4.997253922711117,-1.2860180536222396,8.116282428028347,0.0,0.0,48.357119999999995,11557.14289577933,1610.197577056818,-20119.756406310004,0.0,0.0,0.0,-6704.532496064501,7004.088116360885,11995.907921183554,1007.9714509784341,763.9274618619447,947.2650547437456,0.0,0.0,SUBMERGED,UUV
1781497064.4205873,-5.170302296160371,0.1650037624600912,-16.959963964081624,-14.626504292444684,0.46747362822621596,-2.6450482856712356,-6.737816043252658,-5.907620923936293,2.040286694000388,0.0,0.0,48.357119999999995,-358.8233293587713,11329.661604456727,-12154.623007329192,0.0,0.0,0.0,-9042.403710179584,-12273.763313776833,1927.0437263206315,-547.2975151866746,746.7492369728578,791.7615230188138,0.0,0.0,SUBMERGED,UUV
1781497064.8205264,-5.3667870644577045,0.10038796391659519,-16.82548547037357,-14.80397004554952,-4.740770113570999,18.143413104962583,-7.633121324245862,-2.0437062794869894,-3.612538729840437,0.0,0.0,48.357119999999995,-6103.782776528513,-5586.937189681764,-2650.0041996366613,0.0,0.0,0.0,15279.732421098448,-1916.0630970021637,18589.11803433854,-106.72097141332915,169.11216897860564,-85.47850912775598,0.0,0.0,SUBMERGED,UUV
1781497065.220559,-5.28414640684297,0.3005531195687373,-16.909323597016222,0.9865972927822271,-15.3420756178731,10.472174824098506,-8.141340518727416,0.807491924679873,-8.420507208015893,0.0,0.0,48.357119999999995,12260.358299326737,-50.51514556909386,17893.08705138648,0.0,0.0,0.0,-11983.878859549324,8200.005326254239,-17029.34394650432,716.4317255457357,610.3486603556403,-601.2739856386854,0.0,0.0,SUBMERGED,UUV
1781497065.6205747,-5.216132197193329,0.06968524867953105,-17.058541215114296,5.476415176815915,-12.810409763841513,-8.76151606379371,-5.683223623741326,3.64528063757363,-13.4426144431945,0.0,0.0,48.357119999999995,-5315.733306649006,7603.611138432457,-1199.1381662291783,0.0,0.0,0.0,-2312.935529961024,-14648.556544254476,-10988.801931980472,-188.71401201631556,-53.81577550948664,280.61766306668915,0.0,0.0,SUBMERGED,UUV
1781497066.0705647,-5.392033625477511,0.09935262761328054,-17.083603328048934,-8.281591828564236,-16.750456980033082,-15.001253839297249,6.3426288413981275,3.561761560460739,-17.72076030631688,0.0,0.0,48.357119999999995,-2309.957228343719,-3104.551139909792,502.9789974212754,0.0,0.0,0.0,13269.135846968808,-4861.478411269886,-15973.232962560345,-52.09575186328096,78.91832824599531,98.25133565503178,0.0,0.0,SUBMERGED,UUV
1781497066.4705648,-5.22497914592224,0.24718765571462112,-17.009586314418996,10.773251579226267,-3.7064450641434656,0.20125540913257084,8.323142253485214,0.626799102097516,-21.551321645558613,0.0,0.0,48.357119999999995,12615.737328076584,-1744.645530747684,-21085.619325467054,0.0,0.0,0.0,-10438.85788303908,12739.470347585997,14030.988968015521,889.9632990625256,-67.56745799664611,692.6849131481355,0.0,0.0,SUBMERGED,UUV
1781497066.8705382,-5.228266002111436,0.0558998574645624,-16.921395528023368,14.404902644228994,-0.5165789226676538,18.678648664374727,8.718007501774606,-3.0223073371005684,-25.634196881154963,0.0,0.0,48.357119999999995,-7664.841762758744,9675.411172065706,3213.401201229723,0.0,0.0,0.0,540.6114091646523,-13749.666719141978,8169.771328427052,-295.18623001232646,79.25770284286733,-609.4070209244737,0.0,0.0,SUBMERGED,UUV
1781497067.220558,-5.364747841776672,0.16254055324436323,-17.091618476885202,-2.5373193301502197,7.654818431763524,10.105818250784425,3.9997752872655283,4.564609435432712,-26.81708444864706,0.0,0.0,48.357119999999995,4131.073904053789,-11254.911304006946,-15025.941224611148,0.0,0.0,0.0,3945.380599444258,6517.255784550234,4943.17262217007,758.7398102444575,-1019.7717412673059,1251.2912957137858,0.0,0.0,SUBMERGED,UUV
1781497067.6705449,-5.124182811783335,0.1865354195147906,-17.1132192239259,8.23749618959095,15.951018053453428,-11.24886843782419,8.043839341707411,-3.9849601068410303,-30.883386730203746,0.0,0.0,48.357119999999995,5360.535768973166,40.761700228804294,-7545.25892677423,0.0,0.0,0.0,-14252.708134027718,10042.909879967177,-3198.5914891622333,-15.223105508443993,358.2175479086429,2.608266281399583,0.0,0.0,SUBMERGED,UUV
1781497068.1205692,-5.235496596232116,0.09677784342651144,-17.165547081899877,16.40781430159567,15.156614725032826,-13.468566437470344,-4.4554240765382795,4.410761143182872,-31.749384205980704,0.0,0.0,48.357119999999995,-9359.950760970389,11611.736623306379,-6278.267030884118,0.0,0.0,0.0,3267.7501164894775,-11059.61939552134,-4589.425551056465,-509.70308954754887,470.31881446394283,1269.5443238436503,0.0,0.0,SUBMERGED,UUV
1781497068.470558,-5.3696946327127275,0.13064937592009182,-17.04762773671477,-13.008610605227103,-5.721187573803437,0.169932542778261,4.6547525722466645,-1.9465494496656381,-32.878597096735376,0.0,0.0,48.357119999999995,6533.573026626369,-11423.18508441211,19642.644640818533,0.0,0.0,0.0,1185.6078021273097,5903.7005533903,-10868.66343064254,899.1628636561632,-1261.832276996714,-1444.7100586046972,0.0,0.0,SUBMERGED,UUV
1781497068.9206057,-5.099396469472062,0.17280820127431368,-17.062601226360666,1.284759614072188,5.7491613127408865,18.416581910660167,-4.2045360838014,7.489148036788741,-32.170730072944096,0.0,0.0,48.357119999999995,2086.0992149583512,-121.68662519732203,12450.206604008661,0.0,0.0,0.0,-12603.83010152988,10422.831670146114,-2484.045460534275,-218.06059272959814,536.8625678061626,122.35273786592288,0.0,0.0,SUBMERGED,UUV
1781497069.3206127,-5.334097994367831,0.1012121245596343,-17.21222760176745,-16.438540412591035,-14.710770161046119,7.74518999662382,-2.1608365208205726,5.845282973201083,-31.497977821821536,0.0,0.0,48.357119999999995,-10582.630691752467,7885.494590533603,16.813630705343776,0.0,0.0,0.0,13759.705323787075,-14673.72647872223,-14471.73693965724,-47.927703114253504,-54.80070895068652,-61.72265958662045,0.0,0.0,SUBMERGED,UUV
1781497069.7206106,-5.340717727476782,0.1149691848376107,-17.151033130278815,-17.086890910943684,-17.200862761602565,-13.148485465805813,-0.12066772165287294,4.553437710926612,-30.338861072650644,0.0,0.0,48.357119999999995,8414.68774129863,-9364.347647374843,-22934.24629444586,0.0,0.0,0.0,-1594.7736394592016,2922.1672053102766,17844.600872243205,940.9007748438981,-1144.6484626589506,1265.2469812585164,0.0,0.0,SUBMERGED,UUV
1781497070.1205497,-5.088978038341087,0.17940459917775428,-17.057120144373094,-5.139280492284076,-4.765570164189365,-15.606206075269837,2.323326079824758,1.329662447578106,-28.142447774392043,0.0,0.0,48.357119999999995,-2034.1757377624808,1842.158222520512,5567.795371351531,0.0,0.0,0.0,-6830.502242919665,7153.481494145385,5758.710907842713,-388.70567700388176,383.7550137883944,-437.40819053824737,0.0,0.0,SUBMERGED,UUV
1781497070.5706997,-5.386892597831422,0.10140786652827714,-17.11466400508516,-14.38454104286831,-12.646709848308802,2.025509955592633,11.511323848417712,-7.446089469054395,-27.511553798317312,0.0,0.0,48.357119999999995,-7090.606065974363,9545.635904123099,1339.2223948239207,0.0,0.0,0.0,14418.275128250933,-14005.361458412593,10808.717344072122,47.46478499106749,12.099198142601162,82.53832946964636,0.0,0.0,SUBMERGED,UUV
1781497070.9714086,-5.310210322548388,0.10145778180314427,-17.219884180367202,-16.336884737520894,-13.644251288865139,18.1154580787494,10.099210593279599,-5.14289314762508,-24.06247084783141,0.0,0.0,48.357119999999995,11492.668395740682,-8128.194001479885,21146.32204916001,0.0,0.0,0.0,-6241.399829795524,1035.5322598612906,-22347.0790493439,523.7984835608822,-641.5688169534374,-764.3286886788512,0.0,0.0,SUBMERGED,UUV
1781497071.3706143,-5.105203123742914,0.22713648216600804,-17.26975187501893,2.0372842046588917,9.483158082237011,6.885805067300205,8.200566218347467,-1.4453924202871447,-19.977583051767805,0.0,0.0,48.357119999999995,-2087.9685169343907,48.59206556798992,-4657.406821106475,0.0,0.0,0.0,-6466.324260424632,10023.117938482188,-6728.178462168682,-575.9738557531391,565.962694897857,528.4936423695624,0.0,0.0,SUBMERGED,UUV
1781497071.820531,-5.334286459499722,0.1704274063421352,-17.312688552222713,-10.873695246054641,-0.39763641213339085,-15.171665481745235,-4.8681197600246096,3.105755284142381,-15.03302181535592,0.0,0.0,48.357119999999995,-2793.1819025189466,11484.299071988069,-3848.589340633517,0.0,0.0,0.0,13561.351718403534,-11126.258101185273,-7357.335071145998,94.42418380167274,338.83256051327965,521.1589903813427,0.0,0.0,SUBMERGED,UUV
1781497072.2205408,-5.2403316351692855,0.0845221202336525,-17.190277400729943,7.382801477638805,16.63547738221261,-13.40763773415853,-4.945877319163259,1.184242004913004,-9.787509438006241,0.0,0.0,48.357119999999995,12724.4916677265,-5609.205073746346,-14753.535915178665,0.0,0.0,0.0,-11375.854275072308,-1928.5432874053545,23280.221412621046,329.61022034748385,16.685691789009034,292.19221813220656,0.0,0.0,SUBMERGED,UUV
1781497072.6205332,-5.117128607712191,0.29425675687466696,-17.179577832492907,9.268536796311572,15.615536782320573,4.561571079519432,-4.445221791065922,-2.026505006772783,-4.049672723301053,0.0,0.0,48.357119999999995,-5716.698193579109,-187.69487052338,8345.694376651618,0.0,0.0,0.0,-2143.2584649797345,10849.785878458593,2445.779809335262,-544.2494594770567,349.2331085435816,-402.3706892378262,0.0,0.0,SUBMERGED,UUV
1781497073.0205252,-5.310867729449882,0.1282791687612948,-17.374571639470766,15.508858573079708,0.49894156229801584,18.581806570734262,-3.8878371900206545,-5.977198512679073,1.4869969080923222,0.0,0.0,48.357119999999995,727.5286530809575,8425.238014650591,1251.3910096123727,0.0,0.0,0.0,8157.150031754751,-14559.988833368898,-17288.247633417,-121.3355216571172,33.66503750160602,-4.221674231536674,0.0,0.0,SUBMERGED,UUV
1781497073.4205642,-5.108351276350119,0.14167970379441083,-17.312225095333968,12.62904446943216,-4.987564304655184,5.00425084883322,-1.3826670283837696,-8.959569027223033,6.73031511912439,0.0,0.0,48.357119999999995,3929.186968733975,-8387.751175956177,-20002.503795602694,0.0,0.0,0.0,-13888.907358858934,1472.4002915375554,11951.584059327115,196.6837562450232,-1158.0265028738245,813.0532251587,0.0,0.0,SUBMERGED,UUV
1781497073.8205862,-5.253372001259375,0.3269136924363316,-17.208366353181848,-4.057304510807985,-15.687995468236455,-14.48001643528697,-0.4143747617297079,-9.689338748520184,12.553468029388654,0.0,0.0,48.357119999999995,-12017.315820661703,98.87078088070528,96.59794406304806,0.0,0.0,0.0,10866.723351978393,10151.4678505614,13786.75356824295,-13.183469387703296,18.92328238333191,-251.0714959060926,0.0,0.0,SUBMERGED,UUV
1781497074.2205498,-5.269658976104282,0.14425238051759154,-17.32576190794689,-5.940979794509833,-11.581512468850987,-12.744507142921725,1.65013251486518,-8.520913509889333,16.78380183746475,0.0,0.0,48.357119999999995,5778.726922396962,9220.359698282144,22824.886756549266,0.0,0.0,0.0,1903.8140905016116,-14538.762553533452,-18337.19174640811,707.5262845025588,593.2107876746353,-709.5016112439976,0.0,0.0,SUBMERGED,UUV
1781497074.6705732,-5.069279940558443,0.16096302086279415,-17.300477484291473,6.849475224528959,-16.982710226667827,7.354248615126644,2.312903176689753,1.0807006531835155,21.03306787332393,0.0,0.0,48.357119999999995,2719.5616364178436,-4058.2433099955247,17913.416767414645,0.0,0.0,0.0,-12967.001774768853,-4272.387136989082,-8897.91479402944,-146.75950366803013,-1061.8941824288436,-429.762705368222,0.0,0.0,SUBMERGED,UUV
1781497075.0705912,-5.236183687107167,0.3211723803022083,-17.456893796774914,-12.361408626666329,-4.860518130509574,17.68262175334143,0.13947999182694273,2.337524939235006,25.06100466999229,0.0,0.0,48.357119999999995,-11992.637863171676,-1536.2352752391726,201.42401534546394,0.0,0.0,0.0,9553.070446987616,12750.218974455971,-15348.313460820267,26.467692566373497,-14.859361736396673,223.70063258766913,0.0,0.0,SUBMERGED,UUV
1781497075.4706202,-5.234622380739413,0.1842640846589131,-17.35959357438812,-14.227833627380557,1.067589863714474,2.7466833980771903,-2.8283170065344674,1.821480361667481,27.867452981018186,0.0,0.0,48.357119999999995,7900.806180999037,12265.740432812177,-21819.68176147684,0.0,0.0,0.0,-898.1050892402322,-13705.65272461681,22141.5982463736,541.1765794480324,782.7288322851138,890.6337055432821,0.0,0.0,SUBMERGED,UUV
1781497075.8705812,-5.049150797705182,0.23986164881613553,-17.276187529152544,-11.013127281264321,17.285994258412835,-16.744192014614875,-6.925668182356511,-2.759905056292398,30.923244903525806,0.0,0.0,48.357119999999995,-347.88742415782235,-6005.127125910721,4234.750093923528,0.0,0.0,0.0,-9554.615597514057,-1669.1927221286824,7171.400133781058,-309.7377062863516,-384.4208947497489,-537.6909283914281,0.0,0.0,SUBMERGED,UUV
1781497076.2705784,-5.3131461967398295,0.2823387332975579,-17.512782048499254,-7.639661433443699,14.356165862016075,-11.10746719192001,-8.582713832754328,-5.158856025518119,33.26316749305207,0.0,0.0,48.357119999999995,-2796.057172743372,344.2464929998015,5303.098935089755,0.0,0.0,0.0,13519.85844831773,8743.898662002164,-20655.408916860295,-117.45450537216252,-145.80515208566084,-51.61974271618601,0.0,0.0,SUBMERGED,UUV
1781497076.6705956,-5.139610287706694,0.1953337803341329,-17.468280459983717,11.208456066401384,-2.4604610823001254,6.086157030678854,-11.717305015567758,-7.67584381661672,35.16789221874528,0.0,0.0,48.357119999999995,12165.261228885736,7628.957635971008,-15294.235068074122,0.0,0.0,0.0,-9748.05811414544,-14336.929965635387,5702.859185471176,797.6631129295955,523.6876361222769,1062.2901467226038,0.0,0.0,SUBMERGED,UUV
1781497077.1206365,-5.023632587294528,0.2444865229670743,-17.504042476814817,-3.3402684948110553,9.482356181564242,16.962657497705063,-4.84942773123964,-9.167041836977415,36.92641509062702,0.0,0.0,48.357119999999995,-1176.7687295352926,-4217.943456253542,-7984.0180218352725,0.0,0.0,0.0,-7643.757105923249,-3896.6282318068634,-3060.6695727358506,-436.03553907643095,-550.3096365325586,545.6040934327972,0.0,0.0,SUBMERGED,UUV
1781497077.5207934,-5.357383908090242,0.28450144261578153,-17.38709011067141,0.7208986826198268,3.8645024713626523,1.3886132286391202,-4.304769847359476,-7.632750676123725,37.00741274125283,0.0,0.0,48.357119999999995,-4396.695692981136,-910.474184879566,-7238.130100545732,0.0,0.0,0.0,14784.690355940906,12461.733932936153,21719.500495025277,-176.67183977662455,-129.7959732218906,177.11498050020958,0.0,0.0,SUBMERGED,UUV
1781497077.920603,-5.138454162760055,0.233148733743137,-17.430857204159423,17.338883625258443,-16.729142332812962,-18.0915561746513,-1.9824646897631872,-5.1114706584983844,36.1527176547852,0.0,0.0,48.357119999999995,11900.483340224251,9705.511495751369,19986.52032884459,0.0,0.0,0.0,-12897.89993513397,-14308.0534961056,-11896.423213105027,716.1610184527431,660.0285067601399,-990.6430318877048,0.0,0.0,SUBMERGED,UUV
1781497078.3205986,-5.061716655285353,0.2446715392982127,-17.590231629505432,16.285705317797195,-16.423217113973124,-10.207098517069966,1.1561442661481687,-3.250690211105446,34.88516527114606,0.0,0.0,48.357119999999995,-6723.199176118477,-7483.120530162198,-376.5570000309367,0.0,0.0,0.0,-385.89648037527013,709.8748991729508,-12422.279195617095,-107.77714762065747,-35.4725808646023,745.7269628956167,0.0,0.0,SUBMERGED,UUV
1781497078.7205722,-5.339190469260186,0.28729948156731655,-17.500724633103445,3.2803961894136426,-2.8061142633067773,6.26348328633556,1.5344585478665338,-3.3044363349368346,33.36510712411304,0.0,0.0,48.357119999999995,288.8125469177126,149.80783854846484,-21569.12996340646,0.0,0.0,0.0,9013.971060200533,9376.740201535125,20222.209640091885,88.91055592424138,148.1552250910471,17.412312470722636,0.0,0.0,SUBMERGED,UUV
1781497079.1206286,-5.048162375436164,0.22471744460489784,-17.42185937677099,2.157288789785636,0.06806254004701462,17.404944181950643,2.551966888249913,-3.5437821736199284,30.332296916002417,0.0,0.0,48.357119999999995,4721.075938219193,6974.407626472106,2951.046693406951,0.0,0.0,0.0,-14081.041775670143,-14318.520180274285,8440.48399345187,-71.73437946477652,-59.15242454046302,185.7313801498027,0.0,0.0,SUBMERGED,UUV
1781497079.5706925,-5.095065319377397,0.19502360654815404,-17.404858105876453,14.830309372926312,-11.585354601035288,5.37473450107669,-9.203839393666893,-16.158335664226367,27.376237824151247,0.0,0.0,48.357119999999995,-9539.107682361151,-5948.523544482772,2165.988359903523,0.0,0.0,0.0,3468.5196060709654,-1644.2732943024657,9519.241364271862,-273.1412307454842,-196.41449933418804,-940.9885268613057,0.0,0.0,SUBMERGED,UUV
1781497079.920599,-5.249726909404553,0.3050718964550136,-17.632771453906077,-17.343599000765956,15.613681577448293,-17.087157191680518,0.9719460500067832,-11.363306332929309,23.639423252860194,0.0,0.0,48.357119999999995,6123.772766657465,2188.9118911834926,-13689.580857306859,0.0,0.0,0.0,1536.778854876079,6294.145888303961,3280.25701202668,789.6631913538475,719.0439986925468,784.7890133871388,0.0,0.0,SUBMERGED,UUV
1781497080.3706052,-5.0004198242574525,0.2248706501487221,-17.608116891598634,-5.422279752115552,15.385476024149579,-9.489873055236458,-10.190193510656382,-17.382041096053438,19.337574251036237,0.0,0.0,48.357119999999995,1447.0405502905573,10238.0739092253,-6159.594241357597,0.0,0.0,0.0,-12623.766144357434,-13235.187010340118,-4638.667158019654,-234.32427432034183,384.1361700867361,391.2309970077698,0.0,0.0,SUBMERGED,UUV
1781497080.7705736,-5.192261055900965,0.178990378245193,-17.507033682383728,-16.03907225774511,7.92484016672468,7.400087007286974,-8.762414233109437,-16.628798375798148,14.311805702489416,0.0,0.0,48.357119999999995,-9020.882832189915,-10617.95439052502,-2638.6792518636244,0.0,0.0,0.0,14971.984160358104,5290.743895909061,18717.776779253876,-121.59527394420886,176.824820506644,-136.15908671719203,0.0,0.0,SUBMERGED,UUV
1781497081.1706057,-5.1942526686805595,0.3287709351360847,-17.57287907375602,-16.021620702402934,5.1129156033700625,16.727428039709945,-6.425576434514458,-14.771755405245107,8.691193541208065,0.0,0.0,48.357119999999995,11068.504700693467,1300.693277819034,18145.00733876641,0.0,0.0,0.0,-5430.6824557575555,7242.686949838095,-9099.928645826636,930.4255382893866,931.2057233295648,-940.0742308698148,0.0,0.0,SUBMERGED,UUV
1781497081.5705917,-4.9937177986623995,0.11911631430962356,-17.686556398642487,-0.6657675656765971,-15.711472455145758,2.5885289430662954,-3.066163093050681,-11.277683855781428,3.0436994816144733,0.0,0.0,48.357119999999995,-3703.6935772153815,2206.5484725417937,-1291.751488140918,0.0,0.0,0.0,-4352.353305742891,-13327.945334743692,-10960.799071996371,-149.9604864238543,-88.10460092861918,149.35589330934386,0.0,0.0,SUBMERGED,UUV
1781497082.0206156,-5.161173953082117,0.1477705856957727,-17.750926048185917,-13.266691415051342,-7.602291977697046,-18.621185405107184,12.289088042253631,-10.64454617441586,-3.028488673148122,0.0,0.0,48.357119999999995,-3588.05438294026,-6906.9343981684415,390.42284155522725,0.0,0.0,0.0,13928.235099341087,-35.05098906473586,-15637.280296246168,-54.85389173062706,82.8643336333094,224.1531659459399,0.0,0.0,SUBMERGED,UUV
1781497082.4205706,-5.077284495075921,0.3199016559618712,-17.641308996897553,3.0881708182147887,-14.061428545085453,-9.273250852227532,12.809154913902418,-14.568497796941038,-8.986784606352659,0.0,0.0,48.357119999999995,12539.463455675983,74.49887270764131,-21288.165542209794,0.0,0.0,0.0,-9514.50037971661,9668.477569707708,14518.870051842869,937.6604970095389,370.822817687873,719.4609753809214,0.0,0.0,SUBMERGED,UUV
1781497082.8205655,-5.0624630985686085,0.06205744520433032,-17.564201863213324,7.077620355488872,-11.201503957752822,10.777866477454802,15.32701888759106,-18.16049485446674,-15.55983327595764,0.0,0.0,48.357119999999995,-7046.297348055694,4421.875902171919,3390.447662461411,0.0,0.0,0.0,-277.53286330220317,-13958.908752849671,7961.100054882389,-282.3053418372416,-80.81166794791078,-322.5511503444343,0.0,0.0,SUBMERGED,UUV
1781497083.2205966,-5.174832336287445,0.18758054935418547,-17.756105791911832,16.1842904713454,7.333329413018051,16.297361166795156,15.265855504358775,-19.159975848623244,-20.883301654699352,0.0,0.0,48.357119999999995,431.4137329271811,-11542.49545118745,16191.228168124213,0.0,0.0,0.0,8405.417239320119,6516.873227927064,-23372.50486919777,-139.84439519218327,-365.7938820379053,-284.48008259371113,0.0,0.0,SUBMERGED,UUV
1781497083.6205773,-4.925396088150964,0.242462277577563,-17.71187617732524,13.898266453833484,12.626408822228573,0.2497716488301549,14.030573217357489,-19.323881070995405,-25.3273501310342,0.0,0.0,48.357119999999995,5468.348632454773,1344.9869188629118,-7530.7841386894515,0.0,0.0,0.0,-14245.720894629063,7425.78731055971,-3296.1810623323618,-0.688743598620758,449.7031826233446,176.88501033229852,0.0,0.0,SUBMERGED,UUV
1781497084.0706484,-5.030891314090027,0.08989867444561205,-17.78850728757342,15.413254218150293,1.7241163609968009,-18.630200620160313,4.800842598136754,-10.72011921720895,-27.705553149135238,0.0,0.0,48.357119999999995,-9456.939920795883,8457.274315532439,-6209.7514314256905,0.0,0.0,0.0,3414.648461918586,-14202.013575491459,-4645.094752567873,-517.7518522086407,134.66195707036945,799.2649523694657,0.0,0.0,SUBMERGED,UUV
1781497084.4206028,-5.15221515366057,0.19977628774469025,-17.699850001856476,-4.243818026951737,6.356432251818438,-8.808463983121003,11.372435829397011,-16.63590734680792,-31.54842357493526,0.0,0.0,48.357119999999995,6691.840999490434,-12847.013082636053,19215.104643467148,0.0,0.0,0.0,987.6922172509298,10854.324792717729,-10373.56119420236,918.6189252126961,-1110.9388254865296,-1417.4651722019034,0.0,0.0,SUBMERGED,UUV
1781497084.8705654,-4.914841451788691,0.19790539863894216,-17.634834045273717,7.714252437798605,15.192083134467023,12.924472259168194,8.5645309519663,-7.2040757385012455,-31.573094577529695,0.0,0.0,48.357119999999995,1972.908335627922,698.8478296815044,11895.766591390477,0.0,0.0,0.0,-12560.704725439677,8521.488399366855,-1690.2526001648641,-258.63371603742826,677.2898332417888,-46.29863539531189,0.0,0.0,SUBMERGED,UUV
1781497085.2707767,-5.064473112739182,0.11542258067871423,-17.843155847744168,-10.48259306124448,-1.1889321566981064,15.336866622260898,9.911940137471154,-8.799944080117895,-33.48457057370533,0.0,0.0,48.357119999999995,-12315.081917591822,6825.087278781934,3112.593155816829,0.0,0.0,0.0,11425.44830183834,-14658.17685180133,-19317.54985008527,-34.775243490109816,28.067821030709275,-114.31625102921512,0.0,0.0,SUBMERGED,UUV
1781497085.67058,-5.099778020815693,0.17225862204221373,-17.80213283840144,-13.830344565925731,-7.986288421168099,-1.547725174276671,13.855747163502436,-10.485028064863677,-34.49658261842268,0.0,0.0,48.357119999999995,8375.20297173136,-12193.93269779532,-22736.957701337848,0.0,0.0,0.0,-1491.748004042202,7874.396283000083,16914.941475712396,940.4975946727376,-1202.153100309542,1415.5454605925102,0.0,0.0,SUBMERGED,UUV
1781497086.070638,-4.911725786067597,0.16717427153664394,-17.617662575328183,-11.66769126342834,-14.870958209048634,-18.747955892350955,16.481735843478344,-14.179430788509013,-35.56590772130115,0.0,0.0,48.357119999999995,-422.9690065705788,2206.9019925876123,1429.8782887592254,0.0,0.0,0.0,-9331.405489581302,6464.244029130277,10831.131502841516,-147.69629098484836,157.90429225679938,-276.9895158446331,0.0,0.0,SUBMERGED,UUV
1781497086.4708555,-5.128167185377061,0.13052690797610755,-17.9066689234329,-8.233674984018386,-10.268455025093148,-7.916450302287657,18.536891211986475,-17.707440803530975,-36.42520408816254,0.0,0.0,48.357119999999995,-5457.191261242438,2829.403840816502,21027.038494808246,0.0,0.0,0.0,14366.380428128745,-13239.021785913452,-22875.768396041865,-153.8275619742648,139.52203484233408,-88.61785040143764,0.0,0.0,SUBMERGED,UUV
1781497086.9205709,-5.0705822092731125,0.1505599287149688,-17.846183117304037,-17.016165138565164,-17.20128507710978,14.825037572689618,19.999876339795264,-20.26456642378382,-36.899591517569405,0.0,0.0,48.357119999999995,11098.18950396762,-11937.95641182796,21945.053865888833,0.0,0.0,0.0,-5467.360091511469,6829.002481329437,-21998.77940666445,572.2976721067716,-918.1085729715871,-1060.3074791069876,0.0,0.0,SUBMERGED,UUV
1781497087.320605,-4.828332931705257,0.20199854286018537,-17.849888502115306,-4.862709517133802,-4.2122480846976496,14.641329577434302,15.33361828776094,-17.58396517119993,-33.74619016495688,0.0,0.0,48.357119999999995,-1674.2181874168516,1237.875798702172,-4385.311539478999,0.0,0.0,0.0,-6983.0315405061065,7633.836148108216,-7069.717574195037,-291.02028273721476,305.21464285308565,326.4840351202892,0.0,0.0,SUBMERGED,UUV
1781497087.7205348,-5.144586130272076,0.13884960616108163,-17.83595564039643,-1.6025959961582195,2.1533040320571715,-2.100710092923571,13.393672558460112,-17.155028190092878,-31.115457831826674,0.0,0.0,48.357119999999995,-2246.6676921406965,5734.184724032472,-13727.418595148816,0.0,0.0,0.0,13507.020978154997,-15161.060372795411,23618.66974592207,-264.36266583099365,239.5379091861656,251.21759197624664,0.0,0.0,SUBMERGED,UUV
1781497088.1206706,-5.028808968685135,0.13402807313178527,-17.772552846972278,16.784398676780075,17.15191417272633,-18.944022398081508,7.706151415624882,-15.658804453655364,-27.083803800821627,0.0,0.0,48.357119999999995,11995.432290356715,-11281.656618290119,9540.885343125898,0.0,0.0,0.0,-11875.781842701852,6229.123439181009,1077.1681078218148,465.9816072354104,-803.0506561763725,-1389.6741615867645,0.0,0.0,SUBMERGED,UUV
1781497088.520576,-4.840909322139124,0.2455365838731712,-17.91467556520534,16.52073479979593,14.070932933511543,-7.284357347176003,4.506566186436494,-12.768045643351345,-22.580178135248342,0.0,0.0,48.357119999999995,-6366.628038324473,1539.5889539425207,3914.7371440018187,0.0,0.0,0.0,-863.102060976235,6780.320863233876,-19270.76480923317,112.90008517569787,-173.23057096995151,250.3200501799847,0.0,0.0,SUBMERGED,UUV
1781497088.9709337,-5.040852562740498,0.18007138423829386,-17.958542148538275,1.3492259062015386,12.184523193164345,9.810704016003603,5.388345254999769,-25.110987283324125,-18.067088809568595,0.0,0.0,48.357119999999995,-1480.1346952231052,10323.444967353787,16084.170019516312,0.0,0.0,0.0,12428.453536773906,-14083.254679440153,-23887.293626537088,-196.07056118795484,297.7325077211671,-288.914178846531,0.0,0.0,SUBMERGED,UUV
1781497089.3706055,-4.890869455890977,0.13336384011607597,-17.923484504649192,16.49498956918884,8.478258195250518,13.622241096957872,6.7481282180183495,-28.855415312942643,-12.736653487029194,0.0,0.0,48.357119999999995,8954.623026305995,-9330.694267519226,-14501.747627962715,0.0,0.0,0.0,-14111.210081667075,2920.9874496333587,4550.434868695678,455.46274483923787,-982.5125564790898,1124.759127056529,0.0,0.0,SUBMERGED,UUV
1781497089.7705774,-4.949171833692787,0.31203552309870597,-17.784646164590974,15.80514577727285,2.8855085108791454,-3.5954407312706707,6.2388119303461425,-29.91121138974044,-6.714132490876708,0.0,0.0,48.357119999999995,-10782.630275135854,477.3141548086268,-1063.3869766477176,0.0,0.0,0.0,5771.100871985926,8922.9847280637,16851.22457204735,85.92073588067029,-89.73819023708431,-359.75329197509586,0.0,0.0,SUBMERGED,UUV
1781497090.1705961,-5.038360500992423,0.1473341563844811,-17.93424360721605,1.3767665814856855,-16.879139293397674,-18.56955031233436,4.35716916834718,-29.16792359429987,-0.760166820110099,0.0,0.0,48.357119999999995,2839.432501790507,6566.216813397353,19993.176680495188,0.0,0.0,0.0,5333.2956791372035,-14305.952213846338,-12024.06262657688,756.4210805480409,368.38419061940675,-473.32587211075804,0.0,0.0,SUBMERGED,UUV
1781497090.6205719,-4.840534150007925,0.14290853557726244,-17.852608269398306,12.523361651249216,-6.371696513851255,-3.989161385288195,0.011875312777118478,-19.670684041823336,4.8847765945880495,0.0,0.0,48.357119999999995,2856.8996227198154,-8320.759726997547,18765.251443950234,0.0,0.0,0.0,-13035.076332511668,937.47520988105,-9966.967923542945,-133.9370333314065,-1202.4721366982606,-730.7494346702005,0.0,0.0,SUBMERGED,UUV
1781497091.0205636,-4.892782379084672,0.3380960694228366,-18.04657538681048,-3.6871517554742512,-15.206295373883297,15.788345063963513,-6.466766689202727,-17.59454693313869,10.310610572893609,0.0,0.0,48.357119999999995,-11964.838567523117,-6.209492457982881,64.8878943074865,0.0,0.0,0.0,9690.827810932511,10328.23417887271,-14789.789269863986,13.805403091070579,-46.62203811725246,316.5425832455618,0.0,0.0,SUBMERGED,UUV
1781497091.420526,-4.958927055752884,0.17254912683292636,-17.98920680082081,-5.21156404117675,-11.357197789604964,11.91505505261142,-9.879648506407836,-18.26975766597935,15.355958504903946,0.0,0.0,48.357119999999995,5387.047671037363,10725.295599504045,-22513.709871689738,0.0,0.0,0.0,2350.056527611819,-14156.375843465465,16896.671232043496,797.170984520465,873.7040182033356,963.3616753389512,0.0,0.0,SUBMERGED,UUV
1781497091.8205864,-4.811458068893867,0.24640826990143258,-17.81942680479684,-16.207948987202446,9.497687677106077,-4.738785086583394,-15.897669989381853,-21.563896830348938,20.754084047152165,0.0,0.0,48.357119999999995,-557.5076463460165,-9945.848377933526,4577.140799217927,0.0,0.0,0.0,-9099.841013588997,4079.947886434805,6700.376204236129,-340.26991283959455,-435.9033125258103,-759.3666590431396,0.0,0.0,SUBMERGED,UUV
1781497092.2705498,-5.005630985670781,0.34531191300189534,-17.944331517985734,-13.219102065335973,-3.565830457875689,-17.16053903946434,-16.47932314677405,-29.041004020612064,29.206317119600925,0.0,0.0,48.357119999999995,-10799.870649705552,-441.1613464004981,634.6223175812585,0.0,0.0,0.0,13189.103714673181,12125.741473603633,12260.834577279944,-10.895665488570813,66.95605866062841,3.6376731905906396,0.0,0.0,SUBMERGED,UUV
1781497092.6205437,-4.824279899922962,0.1626467306336986,-18.044901365033596,1.2549734939128065,9.158250143717778,-4.93431734742697,-21.85436315199772,-25.35888594269671,30.408866639189895,0.0,0.0,48.357119999999995,11196.364056930928,5554.6835271480995,-9515.192976919565,0.0,0.0,0.0,-6832.754190474363,-14235.04652124353,-959.9310333898205,595.6402275554118,117.18380342007349,730.714467297449,0.0,0.0,SUBMERGED,UUV
1781497093.070593,-4.7129192681426355,0.2665941646091473,-18.0305799678117,-10.538258188830973,17.20843184714986,17.533739108113537,-14.539238604813617,-24.36031147295522,34.45626579573952,0.0,0.0,48.357119999999995,-1705.5905314218608,-7838.111058819797,-8157.391071452658,0.0,0.0,0.0,-6914.531422729115,873.5365776655717,-2815.7362631014676,-239.01266874665652,-307.0774679359452,445.7674099767144,0.0,0.0,SUBMERGED,UUV
1781497093.4705656,-5.028884728126562,0.30656652267508494,-18.018870713501638,-8.063601062887065,14.426198609615456,10.213573910992869,-12.326637589317007,-22.20478580535041,35.6255128403797,0.0,0.0,48.357119999999995,-3137.9861186388607,127.12203490289916,-6728.053213766532,0.0,0.0,0.0,14197.120443722131,9701.083965219274,21307.807321562123,-153.16928460430768,-139.90289493328646,87.48827998320667,0.0,0.0,SUBMERGED,UUV
1781497093.8705943,-4.848097542765865,0.21701381314232726,-17.969586071285484,11.84441970610171,-3.653355747309047,-7.203757020387576,-12.544640654233167,-18.72514344303431,35.831540427276785,0.0,0.0,48.357119999999995,12526.649684366814,7264.661934536385,13992.903996603463,0.0,0.0,0.0,-10692.56746514334,-14242.344158935535,-4078.15740862395,754.272078440631,270.8351019150491,-895.774348203574,0.0,0.0,SUBMERGED,UUV
1781497094.27053,-4.703905012102532,0.27627723963904743,-18.107779201525297,14.45197333121023,-9.081344266230357,-17.246306173813014,-9.14830711679204,-16.25824977645766,36.246361284817596,0.0,0.0,48.357119999999995,-4865.9430862827785,-8773.567711358115,893.956328093699,0.0,0.0,0.0,-2722.941804653517,2538.4015608803625,-16225.993768849316,31.643824778516596,132.39914464434543,543.8372390775365,0.0,0.0,SUBMERGED,UUV
1781497094.7205348,-4.915226417292479,0.29799885133903786,-18.22648716459468,0.3510418980958646,2.940612183142544,-0.3577772622010742,-20.9352540819999,-23.367152273371932,37.5426633767746,0.0,0.0,48.357119999999995,-1017.5728542127845,-51.23277226198732,2090.4386632677074,0.0,0.0,0.0,12231.368230607852,10439.401371438167,-18374.34526162326,-79.15673226299334,-97.5552336879666,-63.40859860031008,0.0,0.0,SUBMERGED,UUV
1781497095.0705864,-4.7320475297503295,0.2352862446279784,-17.942178325081457,9.117130597328929,-11.040734507391129,16.499866702657965,-11.620532483587889,-17.59038274377149,35.40534314795661,0.0,0.0,48.357119999999995,4026.112165140053,2245.2554025106156,2760.6276084343826,0.0,0.0,0.0,-13970.59789424056,-13318.965516034561,8719.351277343714,-87.33434129715681,-167.39635774494184,257.2318473689479,0.0,0.0,SUBMERGED,UUV
1781497095.5205271,-4.785776678860662,0.248611744006182,-17.936985831883337,16.678499411193997,-16.676387276140428,9.299698652281908,-25.28036033945003,-29.9410629324582,37.813579584946204,0.0,0.0,48.357119999999995,-6947.480541448432,-7080.296305706585,122.53864851838652,0.0,0.0,0.0,-244.24160322744183,1.3834615163723356,13221.279205608425,-71.55363008184861,4.553435216146347,-739.5936765490491,0.0,0.0,SUBMERGED,UUV
1781497095.8705392,-4.878872717552594,0.3040741008761235,-18.253339636199964,-12.784636452296184,14.043450786013494,-5.772605797620981,-16.175148828638562,-26.05955891951617,33.96879789320041,0.0,0.0,48.357119999999995,3477.396876779061,2632.8386442827573,-7353.522944897141,0.0,0.0,0.0,4783.767668723749,5796.060097190928,-3781.6031099165148,468.3621403514783,486.0106526370541,593.6268720450387,0.0,0.0,SUBMERGED,UUV
1781497096.3205674,-4.633619955119302,0.2238157348007964,-18.096795514561258,2.414476121879361,1.6656926929501072,-16.929730646026176,-22.978941658016005,-32.08149167273067,32.9201151165361,0.0,0.0,48.357119999999995,1567.2262696627233,4804.540939797092,-6442.337596619893,0.0,0.0,0.0,-12715.619763208062,-14193.876032616274,-4308.432383372772,-239.95004861319964,-47.057518682295694,-152.03447898737392,0.0,0.0,SUBMERGED,UUV
1781497096.7205799,-4.871377409634919,0.2508153647015359,-18.089346947105366,-15.928754762691643,15.988131456719112,-3.308209757160217,-21.986711875811597,-32.176127210099885,29.08107081851906,0.0,0.0,48.357119999999995,-9312.861288785665,-12343.619149339147,-2445.8511078265487,0.0,0.0,0.0,14850.684742177436,11301.66426769467,18623.173906313863,-102.494191409103,20.060010776894742,161.46560447648136,0.0,0.0,SUBMERGED,UUV
1781497097.1206143,-4.866854064511251,0.32462220727270497,-18.150975097887418,-16.798837893351774,15.591005867289342,17.837361700532327,-15.61817277441187,-31.133547298017156,23.76512975267885,0.0,0.0,48.357119999999995,10683.812927729357,4622.660069074831,18760.833820684882,0.0,0.0,0.0,-4723.702662701394,3587.5590325405356,-9604.685335042295,929.5494849106681,1162.2313058763755,-1240.7646376772436,0.0,0.0,SUBMERGED,UUV
1781497097.5707283,-4.644357421569515,0.17966581086470831,-18.05839861243299,-16.86450849037588,11.288053450345947,10.12955858393082,-1.4359307026474204,-24.339761994057167,16.122502386876725,0.0,0.0,48.357119999999995,-22.124369280439605,6765.642467864892,10930.669009320978,0.0,0.0,0.0,-9881.781841290103,-14071.010830355805,-672.2796210946819,-435.3679455727008,136.30547965191735,-114.60336045044775,0.0,0.0,SUBMERGED,UUV
1781497097.9708428,-4.7591502260785,0.20731526117958027,-18.286261418799686,-16.788701322316943,6.500746781061423,-8.879325485387358,4.278155679664003,-27.301355291246743,10.750508032158782,0.0,0.0,48.357119999999995,-7730.583696721489,-8883.677661179989,3883.1557348712636,0.0,0.0,0.0,14666.781061190344,2669.199011572026,-19635.175791743546,-119.28143857910267,206.07138787363482,146.86612119591888,0.0,0.0,SUBMERGED,UUV
1781497098.370598,-4.732900739839193,0.331407356464505,-18.187468006835758,-17.114135879153825,7.167785317636764,-18.46038634562575,6.680996505701327,-32.09616608038451,3.9977137275268433,0.0,0.0,48.357119999999995,12570.913485201028,2412.9310582751373,-21908.803385516167,0.0,0.0,0.0,-9595.791262075945,5935.07920935708,15469.519598584808,950.576680354087,737.0499794522435,934.2397982499425,0.0,0.0,SUBMERGED,UUV
1781497098.770518,-4.691209439648077,0.10405422453644048,-18.058205477502085,-1.3577074618703924,-16.340629859115474,-1.3836251159042101,8.805043123628291,-35.75742540086381,-3.304681923184639,0.0,0.0,48.357119999999995,-4283.898040061992,2961.9118515113096,799.6933121334408,0.0,0.0,0.0,-3715.617414740067,-13946.85682188079,11744.34926074342,-99.29012870776496,-49.233030610626656,-150.65862458921066,0.0,0.0,SUBMERGED,UUV
1781497099.2205648,-4.843250664019187,0.1412571727652727,-18.17173284735844,-14.128590786501244,-7.307587206997731,18.84951310603074,1.0609659659194197,-32.83296368361726,-10.1166914306324,0.0,0.0,48.357119999999995,-3540.4143563602747,-6740.979893008291,-971.543902200884,0.0,0.0,0.0,14518.557469933898,-433.2525008577886,16689.571553221358,-76.61357497634341,120.64027144042478,-191.7949081609022,0.0,0.0,SUBMERGED,UUV
1781497099.570558,-4.560777810073005,0.29221614296295023,-18.23225259301929,16.753813671316777,-1.8841614875104595,9.531454853514795,10.856490426796958,-36.27031254464413,-16.648236472433997,0.0,0.0,48.357119999999995,8378.7880362276,1906.1442466777587,-3316.23758654758,0.0,0.0,0.0,-14284.85658944189,6705.0972517471555,-8156.408100205952,30.558827199560213,292.1332097418692,266.6711561791328,0.0,0.0,SUBMERGED,UUV
1781497100.0205586,-4.596238898751971,0.09276156581149328,-18.291103001746507,6.687220962038637,-11.183677254618079,-12.142177063778039,7.774959950208139,-26.63182699917834,-20.237262299740607,0.0,0.0,48.357119999999995,-7389.492111460614,5924.020134807723,-2502.6195304428093,0.0,0.0,0.0,395.583451558884,-14552.615368357427,-9063.615053520349,-286.6018822292453,-96.3652034935085,357.89607295967005,0.0,0.0,SUBMERGED,UUV
1781497100.4705834,-4.716201667418137,0.15553684375274887,-18.402673909791826,-7.210003590897408,-16.36791988534089,-12.992078200770752,22.07276301633613,-27.507010538128092,-25.48509146696086,0.0,0.0,48.357119999999995,-826.9174990327298,-4127.607420681146,-4.703613543959853,0.0,0.0,0.0,12044.070367584078,-3626.8029297439134,-14220.592891811493,-20.27730076963704,7.007762734790889,190.72316671638131,0.0,0.0,SUBMERGED,UUV
1781497100.8705647,-4.59233404067435,0.2528764212847247,-18.152751091841424,11.879917483194403,-1.8652214480274378,3.1408838620023274,26.41630197386436,-28.71808480729538,-30.326697931444944,0.0,0.0,48.357119999999995,9460.709708672328,2.950735606577903,-19810.32198128736,0.0,0.0,0.0,-15049.009636674466,10090.851130589224,22732.297874271262,406.4554432572366,-55.405286896181934,273.9832028002084,0.0,0.0,SUBMERGED,UUV
1781497101.2705338,-4.688837947468863,0.08144092932078743,-18.190437494094578,15.05879631459842,1.299022302585862,18.51937860563565,29.647053638535603,-32.11394919820275,-36.698366077664005,0.0,0.0,48.357119999999995,-9941.12069128925,7975.633201610827,5211.228177675485,0.0,0.0,0.0,3921.9471548691386,-14099.165610044549,5810.112426143051,-412.2991186131029,56.5831701692468,-646.4795564293454,0.0,0.0,SUBMERGED,UUV
1781497101.6205542,-4.673978563104939,0.20968428655590757,-18.357824604996996,-3.6024066256024634,5.780490580276863,7.982327928212541,23.65161271367654,-25.644415633224195,-35.14349178154107,0.0,0.0,48.357119999999995,6294.143587738922,-12127.756878149545,-18144.7355886199,0.0,0.0,0.0,1299.147911578585,8752.845402304029,8886.4723725877,899.2131316634557,-1133.1361977796673,1422.8854427518934,0.0,0.0,SUBMERGED,UUV
1781497102.070558,-4.479421473754038,0.18458251563043668,-18.213598993851694,7.902512545866618,14.997531557862107,-14.05274423712717,32.29115795880485,-32.35114783267965,-42.92249774768182,0.0,0.0,48.357119999999995,453.3634295473473,1731.7869718752336,-16967.979254662223,0.0,0.0,0.0,-11363.894381066337,6879.899698798693,7854.713597574593,-260.0336266155778,827.6058644779205,209.113450794186,0.0,0.0,SUBMERGED,UUV
1781497102.5205786,-4.570602504093905,0.13125359995060257,-18.37127266130988,16.224935641719632,16.005762687020617,-11.665129890377619,17.68575656199435,-24.33886648884146,-39.87429360904511,0.0,0.0,48.357119999999995,-11342.385224274836,11048.204425202468,-9086.720441993059,0.0,0.0,0.0,7201.731532967744,-12528.279666865878,-1437.230747193446,-649.4628711237341,552.0644628635395,1329.560493313746,0.0,0.0,SUBMERGED,UUV
1781497102.8705943,-4.685690062742828,0.1756942775205338,-18.342869558954515,-13.291820036215528,-7.956483866501863,2.6361609539768827,28.590352595847246,-30.671920540303258,-43.891584092577304,0.0,0.0,48.357119999999995,9356.494301198049,-12499.702377969845,22185.91850374854,0.0,0.0,0.0,-2564.4965086405314,8227.628657997553,-15372.388362501111,913.9099166314835,-1245.9489314178177,-1493.611595723734,0.0,0.0,SUBMERGED,UUV
1781497103.2705162,-4.405987049045051,0.18318989247502318,-18.316540912417963,-12.267412816775504,-15.010533497845804,18.85666233011569,23.332940511290886,-27.611171912867274,-41.89233793064679,0.0,0.0,48.357119999999995,-594.7956552711086,1596.7493613186386,-941.6156767426759,0.0,0.0,0.0,-8575.368831004707,7055.813473622789,-11657.960206542815,-108.89752470752698,102.84826767797762,225.88378777874604,0.0,0.0,SUBMERGED,UUV
1781497103.7705767,-4.626713260157947,0.15876135718843692,-18.28708797426849,-2.101266837912654,-1.205207424837727,4.100375756818145,29.99399744468987,-33.137330116572215,-42.285639690295504,0.0,0.0,48.357119999999995,-12589.0667006445,12413.705111173409,14008.813539655219,0.0,0.0,0.0,10956.124080365302,-11662.074209971086,-4028.032116073615,-802.3778115987259,801.5197865131,-1496.8571407833974,0.0,0.0,SUBMERGED,UUV
1781497104.1705792,-4.585035838195805,0.1454889443523124,-18.51091922348852,-6.175258047685702,-7.233969454464125,-16.51436596226488,32.209348235337806,-36.29652906905922,-42.024609174714655,0.0,0.0,48.357119999999995,5048.184967257826,-4438.035132008653,566.9662466310626,0.0,0.0,0.0,2469.4073129939834,-3172.761097448384,-15731.645989251832,-89.55486462641792,44.75457819313004,450.5179050498664,0.0,0.0,SUBMERGED,UUV
1781497104.5210223,-4.488070379847073,0.22074395606552902,-18.175655886749627,-5.413288651162391,-2.9659343925717176,-14.094206592101184,20.48786896461824,-31.80178329580864,-35.68763437510289,0.0,0.0,48.357119999999995,-2169.1045805374897,972.1206005879192,3689.2869960814073,0.0,0.0,0.0,-6583.642655821688,8414.09713699236,7889.870884060476,-290.4884834406293,268.22280804103906,-347.6865055590348,0.0,0.0,SUBMERGED,UUV
1781497104.9706168,-4.693334961595254,0.15577004106801182,-18.392314257336977,-14.980554011036183,-11.402436461186005,4.424584504324662,29.876264987592506,-39.713702763744365,-36.648770132723214,0.0,0.0,48.357119999999995,-2683.5639442836673,7701.369508112595,3228.6273689475197,0.0,0.0,0.0,13326.301931812064,-14300.985521783306,8153.815922847315,157.64924343263476,-9.97876865951551,158.69068940205088,0.0,0.0,SUBMERGED,UUV
1781497105.3705962,-4.526153642629339,0.13658171660312862,-18.425702892940727,-1.2853364493752268,6.980657383994156,18.531289053129363,25.273911516528138,-39.74483526224782,-30.67083590846038,0.0,0.0,48.357119999999995,12556.292747377578,-9315.494504451419,17055.816373328646,0.0,0.0,0.0,-11067.967535737085,2799.0133378791825,-23574.673967612718,262.92761966292784,-301.00547385261257,-439.63398644006793,0.0,0.0,SUBMERGED,UUV
1781497105.770598,-4.370588979175897,0.26866509522503684,-18.373074278426913,1.0479174640578222,11.688775168384815,4.913537056970401,18.339678991037488,-35.73424791928609,-23.18198861283137,0.0,0.0,48.357119999999995,-5062.5212946949105,361.43452811492,-7448.256622099686,0.0,0.0,0.0,-2833.918808027681,9119.657045242422,-3582.6660398639888,-476.27229471633103,425.75225856439783,465.72733907580573,0.0,0.0,SUBMERGED,UUV
1781497106.170674,-4.6648987075944826,0.1353720515535905,-18.39900549382791,17.159433672385305,11.666893542788362,-14.566550084305252,11.528563738031973,-34.654131131179575,-16.99597762804061,0.0,0.0,48.357119999999995,-2.4446540613821615,9063.249277483868,-8193.866933015506,0.0,0.0,0.0,10367.92342172304,-15653.451990322199,22055.63825055567,-225.27717113089125,185.81487584036782,195.23747900341547,0.0,0.0,SUBMERGED,UUV
1781497106.570555,-4.439581519326975,0.15465746186209522,-18.319631443777148,16.545475329388584,7.192801479820711,-12.865988790468057,4.951972532105083,-34.68289105182241,-9.954962026636737,0.0,0.0,48.357119999999995,2597.3365730207897,-12258.710644463128,19386.93937070851,0.0,0.0,0.0,-12862.388091204966,7670.015373256276,-11006.677143664527,-117.57735374746784,-1197.3692399498004,-893.6885118710628,0.0,0.0,SUBMERGED,UUV
1781497106.9705646,-4.412525015758667,0.31132030176129694,-18.505781106747733,16.693759885950293,5.153183307391775,-0.2977589199257965,-2.9773116804201494,-33.06377184359672,-3.4709266830128933,0.0,0.0,48.357119999999995,-11982.291103214327,1319.9167742684874,-29.13381055100263,0.0,0.0,0.0,10352.3740520489,7353.66470643795,-14045.100259630763,-21.617152783070118,-39.14842468178624,427.63212779685637,0.0,0.0,SUBMERGED,UUV
1781497107.4205327,-4.478117499928635,0.16912700075138104,-18.55317892603071,15.90196286570292,-1.4887826547720495,17.78015268524028,-12.149186555600403,-42.87411293036645,6.737842795961809,0.0,0.0,48.357119999999995,1147.4312371815095,10300.992721755965,3397.1083450560923,0.0,0.0,0.0,7398.861804285463,-13999.996890615581,-19360.607445050045,-169.83928422763302,52.66656483828736,-0.37494956173070193,0.0,0.0,SUBMERGED,UUV
1781497107.7705708,-4.404872499620371,0.25613075425904747,-18.28550328471124,4.296912261189394,-16.76255253024968,8.632852820676723,-15.3751964842235,-36.66848476216421,10.44581277182429,0.0,0.0,48.357119999999995,-953.3117169372545,-12078.338667716409,5167.4372014245155,0.0,0.0,0.0,-8385.308511641257,11011.372418144583,5990.279866101936,-364.8777752287688,-422.6951954147654,-801.4775313443308,0.0,0.0,SUBMERGED,UUV
1781497108.2205322,-4.5545136973218625,0.35112747424550633,-18.43615622997252,-3.2665831171507334,-14.583660852963712,-16.673128143294836,-16.77901263258997,-41.93568552455853,20.964345594612304,0.0,0.0,48.357119999999995,-9760.032617399209,484.1369005536326,897.1235980781671,0.0,0.0,0.0,13825.701660147348,9178.161600609259,11715.998681172832,4.5936207525296,94.85703029342451,-50.85727509849851,0.0,0.0,SUBMERGED,UUV
1781497108.6205943,-4.3890122031506085,0.14862962808862298,-18.497326659448397,-4.699707243606151,-10.058516373319767,-10.743618853283063,-16.237229073226203,-37.56700606686,24.200265315036763,0.0,0.0,48.357119999999995,11646.48885424016,3368.184940807371,15570.144496982906,0.0,0.0,0.0,-6894.3982909978295,-13667.35626359791,-23712.452406147502,275.35760706496535,136.33242312481022,-294.9407419997504,0.0,0.0,SUBMERGED,UUV
1781497109.0206115,-4.261850970236697,0.2704350903643892,-18.487270567832468,-15.89405773047581,9.152337926529295,6.408915677164271,-15.909120591380518,-32.08562092611286,27.30131794641291,0.0,0.0,48.357119999999995,-2333.5269731757676,-11281.425265505444,-8419.978534701664,0.0,0.0,0.0,-6136.1635749453235,7340.883330056825,-2421.500289449754,-512.3817732810609,-655.1107658560853,1014.8992568181236,0.0,0.0,SUBMERGED,UUV
1781497109.4206266,-4.557693793754213,0.31032602517890084,-18.50685881467749,-15.439899537538167,14.619361275589586,17.373772362729433,-14.976775634885048,-28.07302530860658,30.0261712221642,0.0,0.0,48.357119999999995,-1914.1638736567509,2082.873046177324,-6263.365684917701,0.0,0.0,0.0,13402.705322202535,6290.178503172507,20911.589145474543,-153.66571752026684,-158.59127705010013,-6.541935970119894,0.0,0.0,SUBMERGED,UUV
1781497109.8205624,-4.356728598949589,0.16955990813176436,-18.42622544652956,0.9292025937197477,9.010074447583035,3.784334308075448,-15.225177389172442,-22.802031068602844,30.437729116958536,0.0,0.0,48.357119999999995,12218.756996661099,1698.069146999714,14237.404534881322,0.0,0.0,0.0,-12078.842719667398,-12255.018119402064,-4458.477024637617,699.7545473475388,-349.62756702748567,-527.6913236754006,0.0,0.0,SUBMERGED,UUV
1781497110.2705905,-4.3031056030725985,0.28914239298548267,-18.404243068135923,-11.37546293209163,16.91570388785276,-18.24217332729926,-26.031513852472404,-22.605247436537645,32.86786472576823,0.0,0.0,48.357119999999995,-4412.441137124466,-10985.921753362627,12512.922762339287,0.0,0.0,0.0,-3897.6420427292383,5475.463858189522,-1993.9974961412338,-783.9374739576857,-860.5384008334179,-1246.8117859998983,0.0,0.0,SUBMERGED,UUV
1781497110.6705596,-4.419426771581438,0.2742249074992058,-18.711311574393086,-7.859081815318781,13.437681156298027,-9.262867979260175,-29.088376015517614,-24.232649259724123,35.57171758721312,0.0,0.0,48.357119999999995,-506.50353452747044,1027.4350439730545,2024.7192373013963,0.0,0.0,0.0,11566.518499773909,7591.987487047392,-18131.772289414686,-90.3416810915271,-111.47085928687616,35.4595657734209,0.0,0.0,SUBMERGED,UUV
1781497111.0705662,-4.253948481251694,0.21451883926505383,-18.48707409398069,10.584048869138405,-3.997232236739293,8.950713921135494,-31.769448170360974,-23.916706493099372,36.68319145564881,0.0,0.0,48.357119999999995,7813.312064802663,2061.132008719326,-22474.96073457167,0.0,0.0,0.0,-14823.29306500046,-13041.574469825835,18403.207848726048,429.90277995336896,184.80438686636364,297.84786774243014,0.0,0.0,SUBMERGED,UUV
1781497111.470507,-4.355435391017094,0.3125131790174433,-18.476341750587807,14.000376446430629,-7.914283946985757,16.640001348897453,-32.81487090855968,-25.445770786787456,38.46112721455115,0.0,0.0,48.357119999999995,-10616.871425998906,-11972.562674855926,1771.5442332772832,0.0,0.0,0.0,5302.541804231002,11303.253660244136,10058.841550684549,-240.27430036973809,-139.95173810424006,-1015.4378856043825,0.0,0.0,SUBMERGED,UUV
1781497111.920528,-4.515666871001012,0.3053822046758414,-18.591740248527213,0.0460102015859889,2.5183695793085676,-0.754137803164095,-23.420514430424962,-19.988110789778474,35.52117280390721,0.0,0.0,48.357119999999995,-2.3963110710613367,379.6301022759136,-94.64395517222044,0.0,0.0,0.0,10619.701949432914,9272.487985477015,14963.801678105516,-15.679236246456,-20.707168287206297,-54.4727940819104,0.0,0.0,SUBMERGED,UUV
1781497112.2705476,-4.142825457128557,0.2096895996651519,-18.5573142775785,9.713409002312316,-11.088753518710767,-17.60916974277091,-31.442320472533805,-24.452994076526576,36.592406018489704,0.0,0.0,48.357119999999995,64.70550528454818,-59.72882708744758,-11500.884354492538,0.0,0.0,0.0,-10606.87901289043,-9947.816929008886,1217.9325630320277,-402.72587608437095,-519.9342266802983,4.223392855194948,0.0,0.0,SUBMERGED,UUV
1781497112.7205505,-4.281093780875426,0.2367244366358141,-18.69772235649687,16.355334488956665,-16.48852688275852,-12.300194370047329,-16.978274348651738,-14.593494698822004,29.70443134405808,0.0,0.0,48.357119999999995,-11557.313663271565,-11180.07450551988,-4860.9957563251255,0.0,0.0,0.0,8407.203964215947,7328.140367187627,-6144.586812093989,-428.4725677630393,-416.01297768035937,1313.1087033780673,0.0,0.0,SUBMERGED,UUV
1781497113.170506,-4.364175507551966,0.2748160104093788,-18.798040883426406,16.506727983708927,-14.833729976362875,11.684665421736987,-20.66022252222655,-20.556687890046703,28.252474663341744,0.0,0.0,48.357119999999995,2133.394724017975,998.3637789847577,-4150.562109190437,0.0,0.0,0.0,6433.00945866547,7950.657480700188,-7368.436026340269,295.09321820239785,287.3182017807435,338.20168014056725,0.0,0.0,SUBMERGED,UUV
1781497113.5205224,-4.133142531293519,0.16385969757879204,-18.58059653011602,6.6242209951335465,-2.181382876912375,18.25796154818104,-11.581434859004904,-13.261106752937474,23.300972926387473,0.0,0.0,48.357119999999995,-610.2106685408831,145.23648853324104,16951.5918967218,0.0,0.0,0.0,-8220.445222082104,-10234.621476347413,-8049.039870792023,-594.9839883327057,-475.4595983792085,-65.62762600234393,0.0,0.0,SUBMERGED,UUV
1781497113.9705815,-4.322983193607071,0.20880114437653563,-18.624662872965548,-0.292574145807434,7.879200551346963,-0.05782929619114727,-22.569801841078814,-23.953248347068214,21.94825152814347,0.0,0.0,48.357119999999995,-8596.66921755092,-12618.89790593518,15125.72466372504,0.0,0.0,0.0,14252.677280308737,9946.600117011301,-5397.035146282426,-440.5762002969316,-922.2569482936822,-1156.2058856009069,0.0,0.0,SUBMERGED,UUV
1781497114.3705988,-4.244237131131975,0.2686151228175341,-18.813186027976855,-2.8169735531139564,13.55050522760101,-18.604888351058186,-23.00282073516821,-27.9347326622733,18.429093543442388,0.0,0.0,48.357119999999995,9809.99805297841,3159.6905420971448,454.5831388602,0.0,0.0,0.0,-4246.426857828479,4772.558251661578,-15569.436616691553,-86.59837319106762,-18.75862355224045,538.8411784431366,0.0,0.0,SUBMERGED,UUV
1781497114.820611,-4.093420750326789,0.0960247489057985,-18.726754010937753,9.840534779200667,0.4443542947868483,-5.792320782458152,-17.074795473555294,-18.018402405452733,9.421842324068827,0.0,0.0,48.357119999999995,-639.239119208363,3715.9852349091243,1370.1957545176415,0.0,0.0,0.0,-8321.660165402918,-13971.203744469405,-17433.964127162577,82.98632990157728,49.42096871390414,-31.27030719742134,0.0,0.0,SUBMERGED,UUV
1781497115.220609,-4.321877199870835,0.18259434820743675,-18.738403067035716,-6.983510179762699,17.198573053291106,14.01272444568428,-11.397289917398565,-14.831459784356722,3.4019949982200153,0.0,0.0,48.357119999999995,-1253.7990901008438,-12982.992486184192,-22777.743352221052,0.0,0.0,0.0,12412.005026727962,11013.03444160166,19182.90722587324,-180.45550731197534,-1013.913749503871,788.0572235910662,0.0,0.0,SUBMERGED,UUV
1781497115.6205935,-4.185240000122703,0.2904522281270852,-18.623361321776592,-8.150092533833835,15.11108904030128,13.584381366178944,-5.895533057586695,-14.494653826216236,-2.1298389836730935,0.0,0.0,48.357119999999995,10237.963599801767,3663.9692554798658,2218.3310894687006,0.0,0.0,0.0,-13624.270233027757,4611.616834882528,9524.687992447116,23.038324467825134,273.405852037307,-411.84958555938044,0.0,0.0,SUBMERGED,UUV
1781497116.020626,-4.146187763865388,0.05738179306033678,-18.744312189059844,-14.759549780715293,-3.4610900981900086,-2.010039654190212,-2.182128501494936,-15.034779664716725,-7.705700838425128,0.0,0.0,48.357119999999995,-8928.473183024553,1285.5529444338529,19324.43167337651,0.0,0.0,0.0,2130.196721136732,-12105.84836219861,-23144.552061705494,-371.58431202986134,154.7400898330859,-282.6732988423812,0.0,0.0,SUBMERGED,UUV
1781497116.4205675,-4.259247483295406,0.20279963934080567,-18.85248727283223,-13.566081961987436,-9.45860642439599,-18.682184409052816,3.2281263083168175,-16.58056163997526,-13.240988447025622,0.0,0.0,48.357119999999995,2474.787208856483,-10650.429167521595,-11191.456649245854,0.0,0.0,0.0,5965.386153460241,13015.819813852624,744.668583794097,563.6603798194807,-662.2150268104288,891.5220927966348,0.0,0.0,SUBMERGED,UUV
1781497116.872097,-4.045740145570802,0.20473460323645962,-18.830106991901122,-13.101088916488358,6.34831113029615,-7.87051506653523,-0.9317008094823306,-23.960951730579104,-19.846279464360965,0.0,0.0,48.357119999999995,7520.5624561387385,1929.487335420645,-4345.635995067137,0.0,0.0,0.0,-14409.43158542439,6680.274621700857,-6928.200050991099,14.90461924011048,340.70372533187384,239.7183934449954,0.0,0.0,SUBMERGED,UUV
1781497117.2206168,-4.261938041512483,0.03516843689087548,-18.79852673686201,6.989236140630315,-10.165623781619137,14.29107155351247,9.433294031756153,-20.57985292101266,-23.881615652708685,0.0,0.0,48.357119999999995,-9612.370247202958,-992.5552602373581,21706.75894584929,0.0,0.0,0.0,14342.676258394327,-7366.416145152821,-15712.0759332575,-552.4795359095203,-558.217605584455,-465.2086047588009,0.0,0.0,SUBMERGED,UUV
1781497117.6706178,-4.268749340653068,0.17985323758037544,-18.77519994268651,-10.516910748274746,-17.028965793643966,15.070114721587082,-1.1570416787498303,-18.7885359321327,-28.790689630881392,0.0,0.0,48.357119999999995,4949.720395342562,-12449.382643456187,14849.698909260358,0.0,0.0,0.0,3166.7129627772583,11936.371335768737,-4823.634069846002,784.6580378724054,-905.0234505186645,-1255.3546828643348,0.0,0.0,SUBMERGED,UUV
1781497118.0706015,-3.9972833545480255,0.11567065018851627,-18.89231584725512,13.016040929255572,-1.1936646380100924,-5.295916254506271,-2.1912495281746125,-14.193115749900576,-32.035465884746756,0.0,0.0,48.357119999999995,278.629493886836,4444.56873234162,750.8618880505295,0.0,0.0,0.0,-11132.426360400352,3194.041106099233,-16294.860318559655,9.04170642337602,-72.56841489252908,191.48298917398327,0.0,0.0,SUBMERGED,UUV
1781497118.470631,-4.25252290466387,0.026781381934374945,-18.87612031013725,15.562481753169603,3.419212277997127,-17.78970559274514,-1.3434530005249365,-11.687759269599766,-35.0542205304533,0.0,0.0,48.357119999999995,-10466.138241300101,638.429769735652,-20408.591851161942,0.0,0.0,0.0,13958.427507409719,-11620.206041174177,13091.753483869086,-709.8841382980139,-255.5966531917456,457.5562646893587,0.0,0.0,SUBMERGED,UUV
1781497118.8705773,-4.158474124815115,0.1870232809420979,-18.769246479340858,9.01013795183294,15.646464051030836,-4.786923772687016,-1.210852440397671,-8.054952700829757,-36.41607005046309,0.0,0.0,48.357119999999995,10936.629519554981,-7925.759304532537,2865.995583097485,0.0,0.0,0.0,-5982.678427854388,14361.46769190719,8573.702690127546,304.880069408761,36.95671575981576,-555.2808297091157,0.0,0.0,SUBMERGED,UUV
1781497119.3205855,-4.0142301961411215,0.09698091938190827,-18.72931407269603,16.51712056259277,16.39660398938042,18.767804951956627,11.764919040977004,-11.819894238591154,-38.159639618514355,0.0,0.0,48.357119999999995,-6.930846348301904,2658.4165230720496,73.18063427453394,0.0,0.0,0.0,-10636.477127382346,5740.710456971818,13759.506406276818,-31.725786162497887,20.764569002838147,-206.36340359342853,0.0,0.0,SUBMERGED,UUV
1781497119.6706903,-4.280531217719275,0.0684847837360088,-18.99709709004789,-14.62142532503971,-7.328426113794569,9.022279685345703,2.891927434539609,-6.270486003612434,-38.87908574756213,0.0,0.0,48.357119999999995,-27.43225040425597,-1717.5220525919717,-13292.68479439034,0.0,0.0,0.0,12341.11404322524,-9119.510889252495,-3792.2862670684144,248.2335401777186,-408.5602794620878,-12.705688488774797,0.0,0.0,SUBMERGED,UUV
1781497120.1205914,-4.100353581251044,0.12434131836409335,-18.995385467177236,-2.994453969895245,2.3491576824010334,-12.800352857741919,15.744532375880551,-15.858664728191945,-40.732712445054915,0.0,0.0,48.357119999999995,11483.590293859097,-10798.782599261396,-5979.363917057057,0.0,0.0,0.0,-8016.635762830464,12617.101305894521,-4873.578757038216,432.7567016150322,-441.8132180951891,1204.1057951352423,0.0,0.0,SUBMERGED,UUV
1781497120.470579,-4.065488971254286,0.0693306750155831,-18.867423011496115,-7.6167047973887225,-10.681610068181948,-16.50720512439637,7.8880189072944225,-8.409276092452375,-39.026683113988526,0.0,0.0,48.357119999999995,-10088.643637228944,12297.991018841958,18997.63030560631,0.0,0.0,0.0,3607.79379696888,-7942.099334317841,-10063.268673988987,-1098.2472286686216,1075.2486828153167,-1631.8624012812143,0.0,0.0,SUBMERGED,UUV
1781497120.920568,-4.302835781945484,0.063983045158698,-18.947516580597362,-15.671273269535336,-16.32942478465241,1.0081370209555727,15.115869539045269,-16.43833489692953,-40.310849087854066,0.0,0.0,48.357119999999995,-133.3833495919259,-72.46298588237512,12041.606903779555,0.0,0.0,0.0,10438.819327012861,-9633.480953545773,-1886.6739792804003,420.20304120099553,-565.9443065394685,3.6853986974105197,0.0,0.0,SUBMERGED,UUV
1781497121.370586,-4.120443649836572,0.08818162782429732,-18.889645349040098,-11.7710729723347,-11.949453319430116,18.522327944199326,2.642031085847565,-5.339702681983233,-36.80951249200236,0.0,0.0,48.357119999999995,12063.742880020935,-12222.83035255838,10285.399845825446,0.0,0.0,0.0,-11762.041042270364,11717.480890163912,156.96503798833874,526.8209112193454,-724.70171119247,-1353.2908676529223,0.0,0.0,SUBMERGED,UUV
1781497121.7205694,-4.048733465751643,0.10880226868981507,-18.988892792318403,0.06527553446490691,1.5530233903775452,8.002219284543653,9.766527837302085,-10.247334152516402,-35.405472040171325,0.0,0.0,48.357119999999995,-11610.821936988636,10740.004226641788,-22759.700271138776,0.0,0.0,0.0,6648.490887052416,-4939.68155818557,16986.773164456623,-1018.4289236092354,1189.3876066852158,1508.3731005872621,0.0,0.0,SUBMERGED,UUV
1781497122.1205037,-4.276481935923464,0.04271471859403697,-18.9269981099134,16.92124489161733,16.854941965201014,-10.23380761017647,7.125874293407216,-7.577639006651087,-32.4193468572572,0.0,0.0,48.357119999999995,2745.9250140921627,-893.2152524899105,1559.496029383596,0.0,0.0,0.0,5699.146872782101,-8478.962294245968,10655.017356748504,162.40261869353827,-165.86919972754674,-345.90333061159265,0.0,0.0,SUBMERGED,UUV
1781497122.5705667,-3.978973381995868,0.12279331181498312,-18.915418500001287,5.929159839301459,13.226938536143443,-14.67011381996257,-1.6509388138812282,-4.8853117213801704,-27.39131770179979,0.0,0.0,48.357119999999995,2398.1234491342507,-7661.781618047655,1110.0206482894534,0.0,0.0,0.0,-13578.497167694813,14476.229698056804,11179.361583538574,-56.84060704816022,36.34153613675033,192.47083095957782,0.0,0.0,SUBMERGED,UUV
1781497122.9705255,-4.056157354278016,0.161935618146912,-19.045387257997373,7.9501249085763135,15.740558945270669,2.59017965411685,-0.2930645113601754,-6.180508099888173,-23.01609163240572,0.0,0.0,48.357119999999995,-12589.058979583855,9838.734977208767,21979.142638571302,0.0,0.0,0.0,11910.923517211557,-3270.438979940429,-21924.237998954013,-712.2415486022338,689.697669754653,-977.7993209743854,0.0,0.0,SUBMERGED,UUV
1781497123.3707259,-4.1661089086973675,0.02888382640745906,-19.16813873767303,16.06957209091035,7.883497922786015,18.684527938756915,1.1922616131657637,-10.676116830022625,-18.473777546766964,0.0,0.0,48.357119999999995,5307.924568580951,-367.04511502360486,-4210.826463555578,0.0,0.0,0.0,2389.534640597545,-9027.187876127817,-7235.749518680093,337.6704628451806,-252.7395283300782,445.4561326692285,0.0,0.0,SUBMERGED,UUV
1781497123.7705743,-3.9532381513705688,0.1882556512017526,-18.960317350323397,13.524608642330346,3.0237403927657205,6.7536019179089015,1.7785857918336352,-13.814307611176524,-13.014174514236762,0.0,0.0,48.357119999999995,-839.6926656978611,-4753.294280802275,-5363.0167228740775,0.0,0.0,0.0,-8108.634580472508,15035.009340510773,20548.2327363795,112.22579567656977,-128.27136860518408,79.13711218174936,0.0,0.0,SUBMERGED,UUV
1781497124.220713,-4.101939159908722,0.2040278293569798,-19.0495278882559,15.56569110957193,12.86281428264137,-16.270688337660005,9.220286881448724,-8.197754255385123,-7.557864554094445,0.0,0.0,48.357119999999995,-10470.075399477248,7261.184986868826,-17185.460825789334,0.0,0.0,0.0,14922.59850583844,-75.86133695790795,23594.692989642535,-416.53411154654555,136.37825110340194,405.04614996383737,0.0,0.0,SUBMERGED,UUV
1781497124.6207547,-4.081540802946803,0.01802811848993437,-19.051913505265798,10.655031989336191,-7.331852510586367,-13.058433066375787,5.773084115184206,-4.041822771031321,-2.0829696517952727,0.0,0.0,48.357119999999995,9605.149972216646,-1.9075636400155287,7171.6100037874885,0.0,0.0,0.0,-3300.9924553472197,-10501.498286161579,3753.5831317757015,538.744730837557,-447.9101021150098,-624.9064403168184,0.0,0.0,SUBMERGED,UUV
1781497128.0281084,-4.12903650664322,0.08084722706996891,-19.23033187682477,-5.344014734449898,14.672171167477854,-0.711239488366041,-6.527245328891306,-9.118532584302342,2.432104422593908,0.0,0.0,48.357119999999995,650.025004251584,-11362.380053189638,-21621.771107879216,0.0,0.0,0.0,-13371.56673462316,1479.7298507275395,6903.9311652506785,-37.45974410442152,-1044.494115359935,716.1481096065982,0.0,0.0,SUBMERGED,UAV
