{
  "KT": {
    "theta": [
      0.6096274046773096,
      -0.33186602272083887,
      0.27022034187002036,
      3.517330696955149,
      1.8174891458616538,
      0.5603647398222218,
      -3.6646854868867322,
      -1.5007058398806654,
      -1.0475421266644445,
      0.8105506978189049,
      2.574528466163357,
      -0.21920833999670977,
      0.6332720339692396,
      0.02394769471852045,
      0.6023660132948354,
      1.1402148283864295,
      0.3612766511033066,
      -0.054789048337012994,
      -0.1976456004816745,
      2.8062097228962717,
      1.7662636422220888,
      0.640640332166155,
      -5.099156642661222,
      -3.3683515396372554,
      -1.3803651474963374,
      -0.05049299404501658,
      5.1410118290788915,
      -0.16295268532286214,
      3.2586587214414315,
      -0.059629427591420536,
      1.69036313404974,
      7.117545100697019
    ],
    "boundary": 0.5,
    "sr_formula": "compiled"
  },
  "KQ": {
    "theta": [
      4.042575728718052,
      1.9396101935957746,
      1.0106400634399033,
      4.179270457398534,
      1.9642086463796147,
      1.0448105104281256,
      0.21572783188766476,
      0.3206251088000831,
      -3.1717480886645175,
      53.03150895551269,
      30.12242750028136,
      14.933525027324775,
      50.41476923064436,
      34.21678900898759,
      16.169062099521188,
      5.093453455002298,
      0.4877398311750427,
      -0.8681634085554291,
      -1.9581520423391,
      2.8264921127496336,
      -2.782191777394485,
      -1.925470779823444,
      -0.46862250713202647,
      0.5716532237529751,
      -1.9142250970663715,
      20.461821609216603,
      7.466734965959755,
      5.806434929850759,
      18.9411121932511,
      7.495695713859385,
      4.50992223394272,
      6.725578832458338
    ],
    "boundary": 0.5,
    "sr_formula": "compiled"
  }
}