{
  "KT": {
    "theta": [
      -0.5776046971447962,
      0.9574255116909369,
      -0.15485087987899493,
      -0.7421318742853418,
      -1.3041692156689189,
      4.28596760598315,
      1.4519558417737919,
      0.676536640676771,
      -4.131193226118194,
      -1.3470531455261954,
      32.25624104078115,
      -0.2052395578530969,
      4.063885704571977,
      -0.14986350029629594,
      -4.1229333267068675,
      2.648504852753926,
      -1.6876529215396838,
      -0.41010091595608983,
      -1.7067854586154825,
      0.4285077021556875,
      0.5986237594832181,
      -1.6966075383105397,
      1.8878753050607628,
      -3.034987860626785,
      3.4682978862410123,
      4.246657467919177,
      3.7302125247000393,
      1.9281689899456658,
      1.6928947064165898,
      -1.1625525153143736,
      5.754108234857255,
      4.6184039410154725
    ],
    "boundary": 0.5,
    "sr_formula": "compiled"
  },
  "KQ": {
    "theta": [
      0.013065595025706426,
      -0.0072013233844210505,
      0.0029847555800297477,
      10.582706093344559,
      -12.725745922130288,
      0.9435121522872748,
      -1.0729686609462359,
      0.8442948708591623,
      1.143701690028531,
      319.44518987473793,
      2.7492728708872357e-07,
      0.016442045348151135,
      86.1674543194182,
      -0.20222612800712741,
      -0.02838448234021317,
      4.6232757639452355,
      -3.107521150152746e-11,
      40.676825873989294,
      2.415225649536476,
      -0.19716842178482805,
      0.028450572044036997,
      0.7581834601911126,
      -0.9669217014471928,
      0.9700185947898586,
      0.06748336932384558,
      54.05424645167547,
      2.824186173969856,
      5.694990731127548,
      -1.3331625968329226,
      -0.38234868654053333,
      8.113757803167097,
      5.484060755076208
    ],
    "boundary": 0.5,
    "sr_formula": "compiled"
  }
}