{
  "KT": {
    "theta": [
      0.6600433922466223,
      0.7708052659646667,
      -2.175032830075802,
      2.785301896635572,
      3.2458513214340967,
      4.759094229534617,
      -3.8270086802848,
      -3.6376611613370446,
      0.02269804472485608,
      2.583615788237275,
      11.560552209780706,
      1.721660564946969,
      0.9154147804204279,
      -0.022951097013417993,
      -0.6158353311376128,
      1.0652217925737626,
      -0.16210660909710395,
      -1.0850742278728984,
      4208.1221794988505,
      0.41587289558741686,
      -0.16539155581327547,
      0.4141854023332489,
      -1.1713613737058608,
      0.016060286137479052,
      4.65775656711209,
      5.760786593741336,
      52.174563545507446,
      1.2868673077254773,
      1.4627333714006636,
      0.4583198047836204,
      -0.19931206964366333,
      0.12319686136361947
    ],
    "boundary": 0.5,
    "sr_formula": "compiled"
  },
  "KQ": {
    "theta": [
      -15.135450975543339,
      -3.8126077492718182,
      57.1157498754665,
      -9.626176837605568,
      -1.0425155087670641,
      58.51460249062306,
      5.789223707796519,
      0.6721225090476561,
      -26.28825505819428,
      46.39666251505468,
      25.417960533372316,
      11.64379049931272,
      45.46381279431205,
      24.491439838490255,
      11.392198693311176,
      6.3952503879636,
      1.8032758776367008,
      12.109973206592972,
      -2.030097385376671,
      4.336282651291433,
      -0.19983312697054229,
      -8.263840053109815,
      -3.084429451601015,
      -1.8704627268990974,
      -4.503811094321316,
      8.783723077469395,
      -0.08498030336586511,
      2.3226529084444625,
      3.9549851821180835,
      -0.7610571727249782,
      -4.412643511511471,
      4.814844270467503
    ],
    "boundary": 0.5,
    "sr_formula": "compiled"
  }
}