{
  "KT": {
    "theta": [
      0.27946548581617625,
      4.170071996761467,
      1.353321534821032,
      -0.3490193760968478,
      1.0708297701548237,
      0.05687592369788343,
      0.11949743678110791,
      -4.672115337204707,
      -1.4157353896797353,
      0.9565656459713477,
      -0.05846643786175776,
      0.002040035438339356,
      -7.446895962636338,
      26.027916081523735,
      1.3540457051570498,
      1.2876518984522765,
      8.861615531851458,
      429.824067658662,
      -13.459454206854758,
      0.6496086050826452,
      -0.6317747493531214,
      0.11206019921199323,
      -0.22722582671657934,
      0.5938279935619716,
      -0.033631391185560716,
      9.656543968720305,
      35.56476770833263,
      0.19688230056771966,
      0.8996789478524415,
      1.3419059452945588,
      0.2653236407226983,
      2.457124892872923
    ],
    "boundary": 0.5,
    "sr_formula": "compiled"
  },
  "KQ": {
    "theta": [
      3.149438828645721,
      -3.1091312205169688,
      0.5349694603716912,
      3.203083602749368,
      -4.424967212829785,
      0.3301955505823406,
      -0.9204233585169219,
      0.6928252357676443,
      1.0262885939623434,
      78.08133961833371,
      1.884322797532028e-05,
      -0.026108741306642202,
      70.92268063293693,
      -0.08025729885318322,
      -0.040006728574336355,
      4.056189876336934,
      10.499513456845643,
      5.681976317370105,
      -0.1613164440288715,
      0.23082155700723775,
      0.27247132110922523,
      4.007676741189642,
      -6.404904161889814,
      0.5536265881881939,
      -1.118621836500851,
      8.00032808283428,
      1.0851222585516174,
      4.083470961353489,
      2.1342579003595477,
      -0.121771098369719,
      2.0570487886483826,
      6.089253033797019
    ],
    "boundary": 0.5,
    "sr_formula": "compiled"
  }
}