{
  "piecewise": {
    "boundary_on_z_over_l": 0.4112672070690474,
    "theta_len": 22
  },
  "theta": [
    0.7929644428771909,
    -0.3098648585851812,
    -1.415063985034593,
    0.7573157890922879,
    -0.30922624778698576,
    0.07092518251466855,
    17.36042117674686,
    1.8978406824881493,
    5.634196548555283,
    8.324511980187136,
    -2.4600802227818113,
    -1.47522882888946,
    2.5545100185474405,
    5.497061027329338,
    0.11297697666936793,
    -0.7157264684737672,
    0.15993741976267273,
    5.358060765685733,
    4.770184637049191,
    9.245145909446519,
    2.2933865091301913,
    -0.3866263643090884
  ],
  "equation_residual": "x0 * tanh((sin((sin(((((tanh(x1) / x0) + -3.4316888) / x1) + x0) - -0.9588871) / x1) * x0) * 1.6672747) / (exp(exp(exp(x0))) * x1))"
}