{
  "piecewise": {
    "boundary_on_z_over_l": 0.3953641455851612,
    "theta_len": 22
  },
  "theta": [
    -1.018971628070637,
    -0.1440494130542636,
    1.4618941839205628,
    1.4066967839710678,
    -1.2808501643169679,
    -0.421237779207085,
    16.329645424661933,
    1.7642599608525744,
    10.831640536335136,
    -7.474776217633549,
    1.0165820103530756,
    -5.40035316025345,
    6.229434635034443,
    2.4741266664750006,
    1.4157537889005145,
    -1.7298077783185086,
    0.3415169568941028,
    8.054664007690546,
    -4.375262996022987,
    3.5650509718189647,
    2.8576010428474787,
    0.9141143964508393
  ],
  "equation_residual": "(-0.0006767123 / ((sin(sin(sin(x1))) * 0.016891954) + (x0 ^ (x0 ^ -1.0004065)))) * ((x0 + sin((x0 ^ sin(sin(sin(sin(x1))))) * -16.845467)) * sqrt(x0))"
}