{
  "piecewise": {
    "boundary_on_z_over_l": 1.44,
    "theta_len": 22
  },
  "theta": [
    0.5112030733504698,
    0.3452524363036782,
    -0.3647893448451167,
    -0.42256894182496746,
    -0.4228301060394371,
    0.19632623383655948,
    -0.09861720537728685,
    0.678570902109868,
    0.4399797707971689,
    -0.2796027627957736,
    -1.3460534753282103,
    4.104204639483049,
    4.707440282428973,
    4.214338867834253,
    4.771075015325967,
    -1.0051956568778067,
    -0.00030013015776233625,
    5.0930186135440305,
    -0.7089727557259233,
    5.125435977813695,
    -0.7417892068130224,
    0.004146219963269673
  ],
  "equation_residual": null
}